fold,r,r2,rmse,mae
1.0,0.5524681526511662,0.3050762154091442,2.5548418515557887,2.0270582407067685
2.0,0.3798370290545538,0.08601727083308441,2.7386063510188845,1.9721735558840858
3.0,0.6537349300975157,0.39639632904310595,2.668709450136334,2.115109157720275
4.0,0.5548350911521652,0.28689781366183664,2.46227314862237,2.042385890804832
5.0,0.5827834704914211,0.3389035846676307,2.504849154924119,1.9483100692224888
