{
  "6": {
    "fit_time": [
      6.188480854034424,
      6.069188356399536,
      7.412759304046631,
      9.803784370422363,
      6.1559367179870605
    ],
    "score_time": [
      0.020426511764526367,
      0.023879289627075195,
      0.02052617073059082,
      0.020865917205810547,
      0.019156217575073242
    ],
    "test_r": [
      0.5894365423296881,
      0.3581494603869994,
      0.41372876304106976,
      0.5487049645771924,
      0.4018679956786472
    ],
    "test_r2": [
      0.32540955650681447,
      0.11827626739945551,
      0.15885240478318807,
      0.24970053112130808,
      0.14607088705643445
    ],
    "test_rmse": [
      -0.0788559841440843,
      -0.09535726462400239,
      -0.08327058914893871,
      -0.09258654492098288,
      -0.08979687358218766
    ],
    "test_mae": [
      -0.05604061311398234,
      -0.06820615234460149,
      -0.06171549664906093,
      -0.06759250038980363,
      -0.06815447224625595
    ]
  },
  "13": {
    "fit_time": [
      7.143013954162598,
      6.804952383041382,
      7.00244665145874,
      7.1224045753479,
      6.634409427642822
    ],
    "score_time": [
      0.01996779441833496,
      0.03141355514526367,
      0.02356863021850586,
      0.02100372314453125,
      0.019823074340820312
    ],
    "test_r": [
      0.3926670014043596,
      0.49896623663198036,
      0.5015728361445191,
      0.40653498971687696,
      0.5414412088938452
    ],
    "test_r2": [
      0.04801419411796215,
      0.21805767325181546,
      0.19456660061992503,
      0.15683017076669092,
      0.2604002275192332
    ],
    "test_rmse": [
      -0.10154879175491743,
      -0.08536639443952958,
      -0.08041712004867117,
      -0.08747888527641047,
      -0.08779061711715812
    ],
    "test_mae": [
      -0.0708019999733993,
      -0.06270110019147396,
      -0.06271547470092774,
      -0.06579875930322182,
      -0.0634445909276739
    ]
  },
  "42": {
    "fit_time": [
      6.939830780029297,
      7.543075084686279,
      7.122932434082031,
      6.69243860244751,
      6.805912256240845
    ],
    "score_time": [
      0.02603888511657715,
      0.019673585891723633,
      0.02073359489440918,
      0.02685999870300293,
      0.01973724365234375
    ],
    "test_r": [
      0.48288417540292744,
      0.5209762583810151,
      0.339401566840179,
      0.46239089446781584,
      0.46615232002267964
    ],
    "test_r2": [
      0.1955946329156707,
      0.2564599679571148,
      0.07108161767051413,
      0.2064215127985738,
      0.17511516097281832
    ],
    "test_rmse": [
      -0.08615899647473145,
      -0.07100531076777708,
      -0.10847841914934594,
      -0.08090777401592368,
      -0.09781625414534319
    ],
    "test_mae": [
      -0.062368348749194835,
      -0.0544602322263377,
      -0.07438394869140216,
      -0.061409184973948726,
      -0.07039130050985663
    ]
  },
  "69": {
    "fit_time": [
      8.282950401306152,
      7.304298162460327,
      6.735752820968628,
      7.585035800933838,
      5.741909742355347
    ],
    "score_time": [
      0.021961688995361328,
      0.022886037826538086,
      0.02588176727294922,
      0.022170543670654297,
      0.019824981689453125
    ],
    "test_r": [
      0.4585307079636873,
      0.48099862600112564,
      0.3867741528822017,
      0.4922270296460364,
      0.4818491712698511
    ],
    "test_r2": [
      0.18905654897868718,
      0.20605418584777047,
      0.1074603325708463,
      0.2114823196756258,
      0.1953236249255026
    ],
    "test_rmse": [
      -0.07975159188828042,
      -0.09135471857574166,
      -0.08498224726570301,
      -0.09411824011135697,
      -0.0931747216089474
    ],
    "test_mae": [
      -0.06252490218537196,
      -0.06470717492146151,
      -0.059937381151744296,
      -0.06574246396674766,
      -0.07319254360413767
    ]
  },
  "420": {
    "fit_time": [
      6.906040191650391,
      6.163905382156372,
      6.2505810260772705,
      8.871629476547241,
      6.463270902633667
    ],
    "score_time": [
      0.020725727081298828,
      0.023532629013061523,
      0.023218393325805664,
      0.025240421295166016,
      0.018948793411254883
    ],
    "test_r": [
      0.5001587819828506,
      0.39181106113103764,
      0.5266697052430425,
      0.5231018718376954,
      0.43102237094478285
    ],
    "test_r2": [
      0.19103241946285365,
      0.14808970507434538,
      0.26710785443194074,
      0.24721546715116915,
      0.14001634198431412
    ],
    "test_rmse": [
      -0.08674374842201527,
      -0.08634903823310743,
      -0.08131354126757573,
      -0.08221170102748682,
      -0.10319145919759573
    ],
    "test_mae": [
      -0.06466299382533346,
      -0.06290911177396775,
      -0.06181517615871771,
      -0.06109543413256739,
      -0.07079956268619847
    ]
  },
  "1234567890": {
    "fit_time": [
      6.172218322753906,
      6.027743101119995,
      9.002391338348389,
      8.344070672988892,
      5.955229043960571
    ],
    "score_time": [
      0.020610809326171875,
      0.023466825485229492,
      0.02056121826171875,
      0.021135807037353516,
      0.019376277923583984
    ],
    "test_r": [
      0.4837997491333568,
      0.4875384175652557,
      0.5093046328476009,
      0.44222790069498,
      0.49453818625559526
    ],
    "test_r2": [
      0.21976585466723042,
      0.20196515343975208,
      0.18131952059223155,
      0.17900669506093314,
      0.22263635765734802
    ],
    "test_rmse": [
      -0.07590670841477477,
      -0.09747647219341725,
      -0.10535756505089733,
      -0.0845704463217501,
      -0.07258922428368152
    ],
    "test_mae": [
      -0.055461676509039735,
      -0.06948333564868994,
      -0.07802119656162602,
      -0.061410509685997504,
      -0.0543099673374279
    ]
  },
  "473129": {
    "fit_time": [
      7.846610069274902,
      7.653798580169678,
      7.071735620498657,
      6.7989935874938965,
      5.73659348487854
    ],
    "score_time": [
      0.020256757736206055,
      0.020992755889892578,
      0.02387404441833496,
      0.026320219039916992,
      0.019408464431762695
    ],
    "test_r": [
      0.5381430803905558,
      0.4516525226639015,
      0.46914787150114184,
      0.5085801575446802,
      0.4796169326055882
    ],
    "test_r2": [
      0.23769197595470326,
      0.1633240358251028,
      0.1774190178667704,
      0.21967078907131565,
      0.19699264075853218
    ],
    "test_rmse": [
      -0.08829224902840258,
      -0.08247685975090156,
      -0.09922319574815679,
      -0.08619428832572613,
      -0.08117511161773822
    ],
    "test_mae": [
      -0.0606160468914679,
      -0.06366705021347319,
      -0.0696699124123369,
      -0.06360010602323858,
      -0.06357211850398296
    ]
  },
  "r_avg": 0.4703590898292789,
  "r_stdev": 0.05605617239009411,
  "r_stderr": 0.021187241656336314,
  "r2_avg": 0.19095663561298556,
  "r2_stdev": 0.054358120896844504,
  "r2_stderr": 0.020545438518547694,
  "rmse_avg": 0.08809396994123603,
  "rmse_stdev": 0.008863255570977868,
  "rmse_stderr": 0.003349995721030747,
  "mae_avg": 0.06449665254813342,
  "mae_stdev": 0.005403736130538429,
  "mae_stderr": 0.002042420278859878
}