{
  "6": {
    "fit_time": [
      0.03213620185852051,
      0.03426003456115723,
      0.03189897537231445,
      0.035696983337402344,
      0.03218984603881836
    ],
    "score_time": [
      0.014587879180908203,
      0.010331153869628906,
      0.011160135269165039,
      0.010565042495727539,
      0.011185169219970703
    ],
    "test_r": [
      0.40894120799843836,
      0.28059062920244937,
      0.3620434000771767,
      0.4316359432330254,
      0.4505623363391282
    ],
    "test_r2": [
      0.03472158543658965,
      -0.2473060215925973,
      -0.48876914028877727,
      -0.017102584144259136,
      -0.06702844747392755
    ],
    "test_rmse": [
      -9.43280510273356,
      -11.341592230683325,
      -11.078200283909913,
      -10.779855443513608,
      -10.037794614399454
    ],
    "test_mae": [
      -6.888354718688684,
      -7.962903206844307,
      -8.173135189660739,
      -7.396490077757703,
      -7.6573265160092685
    ]
  },
  "13": {
    "fit_time": [
      0.04226374626159668,
      0.04165816307067871,
      0.040766000747680664,
      0.05141901969909668,
      0.04891014099121094
    ],
    "score_time": [
      0.022909164428710938,
      0.02306199073791504,
      0.02295994758605957,
      0.015445947647094727,
      0.01684880256652832
    ],
    "test_r": [
      0.31789418151951726,
      0.31669031893476596,
      0.45956169794039325,
      0.5360576761258773,
      0.43325022450005335
    ],
    "test_r2": [
      -0.17398502555671147,
      -0.4470989512277228,
      -0.08505139437586884,
      0.0763097968299884,
      0.12154208707160197
    ],
    "test_rmse": [
      -11.276927870914681,
      -11.613114074222297,
      -9.333807786567158,
      -9.156065271783172,
      -9.567758330079611
    ],
    "test_mae": [
      -8.216016886162217,
      -8.278093594752525,
      -6.86858934946431,
      -6.630192671375347,
      -6.848378339036732
    ]
  },
  "42": {
    "fit_time": [
      0.05338287353515625,
      0.052757978439331055,
      0.0563199520111084,
      0.05082225799560547,
      0.05083608627319336
    ],
    "score_time": [
      0.02226424217224121,
      0.021677732467651367,
      0.020457983016967773,
      0.019021987915039062,
      0.019214868545532227
    ],
    "test_r": [
      0.45165852120349126,
      0.3717577305576417,
      0.37751997770999723,
      0.3243045687064555,
      0.40514125013145924
    ],
    "test_r2": [
      -0.03499913056505344,
      -0.5582092566016776,
      -0.025211095268953043,
      -0.6136754065042052,
      -0.008832703583286694
    ],
    "test_rmse": [
      -9.773118048932789,
      -10.27901606012068,
      -11.396230320375688,
      -11.53727912348236,
      -10.817426250568628
    ],
    "test_mae": [
      -6.901913480358138,
      -7.018023227701981,
      -8.288547291231513,
      -8.249930182844754,
      -7.652203551633244
    ]
  },
  "69": {
    "fit_time": [
      0.043678998947143555,
      0.04630780220031738,
      0.044738054275512695,
      0.04712319374084473,
      0.041542768478393555
    ],
    "score_time": [
      0.021893739700317383,
      0.023116111755371094,
      0.0243380069732666,
      0.023162841796875,
      0.019513845443725586
    ],
    "test_r": [
      0.42003928295294524,
      0.21539643806207875,
      0.4059894667573672,
      0.5369659283987961,
      0.32986641162395536
    ],
    "test_r2": [
      -0.13578268694293794,
      -0.3095993909298509,
      -0.2951047937665019,
      -0.0010810075613760795,
      -0.339180156733079
    ],
    "test_rmse": [
      -9.43825479338992,
      -11.732884207192019,
      -10.236863289961867,
      -10.604805094830166,
      -12.020069567059442
    ],
    "test_mae": [
      -6.543582430462662,
      -8.155480849037412,
      -7.377163165539744,
      -7.507446028238945,
      -9.118626319972112
    ]
  },
  "420": {
    "fit_time": [
      0.053751230239868164,
      0.06005597114562988,
      0.06073403358459473,
      0.06034278869628906,
      0.06187105178833008
    ],
    "score_time": [
      0.02173590660095215,
      0.019346952438354492,
      0.02037215232849121,
      0.019613265991210938,
      0.016164064407348633
    ],
    "test_r": [
      0.3084183061406841,
      0.26240404183780197,
      0.3294725157454937,
      0.43803761011903963,
      0.5651307708951888
    ],
    "test_r2": [
      -0.5328968987291904,
      -0.49200653909623604,
      -0.1092329485724155,
      0.05270362178282528,
      0.22483538093434075
    ],
    "test_rmse": [
      -11.940681084312928,
      -11.427360668188047,
      -10.003551730896483,
      -9.222342117397838,
      -9.79705678769608
    ],
    "test_mae": [
      -8.4957769682084,
      -8.235455711304406,
      -7.455145059599952,
      -6.475005914519494,
      -7.04555284755882
    ]
  },
  "1234567890": {
    "fit_time": [
      0.047122955322265625,
      0.04792284965515137,
      0.04634404182434082,
      0.04797625541687012,
      0.04661393165588379
    ],
    "score_time": [
      0.02543807029724121,
      0.02255725860595703,
      0.02111077308654785,
      0.02211785316467285,
      0.02368783950805664
    ],
    "test_r": [
      0.37245192609153344,
      0.5141376614105356,
      0.38662659762218765,
      0.41886127904214343,
      0.46271653794407136
    ],
    "test_r2": [
      -0.10767339116798058,
      0.1908527221543328,
      -0.04056777882754825,
      -0.5080749737645993,
      -0.09864705993695044
    ],
    "test_rmse": [
      -9.044270535287875,
      -9.815279341457657,
      -11.878010210915695,
      -11.461996758688887,
      -8.629569723168268
    ],
    "test_mae": [
      -6.719813347303011,
      -7.276534334215007,
      -8.087458507560408,
      -8.451811274772506,
      -5.997362492527976
    ]
  },
  "473129": {
    "fit_time": [
      0.062471866607666016,
      0.05973625183105469,
      0.0662846565246582,
      0.06529617309570312,
      0.06126904487609863
    ],
    "score_time": [
      0.01924610137939453,
      0.02126479148864746,
      0.02309703826904297,
      0.020569801330566406,
      0.0194091796875
    ],
    "test_r": [
      0.41520865759543035,
      0.3573441184535969,
      0.4234595749055199,
      0.48701498201312826,
      0.3550366996263969
    ],
    "test_r2": [
      -0.24952736059137948,
      -0.13357027808592759,
      -0.01907102657886295,
      0.13285306778647654,
      -0.16734915622951263
    ],
    "test_rmse": [
      -11.303949771043765,
      -9.600142860341716,
      -11.043992560322806,
      -9.086275524945913,
      -9.787313929843108
    ],
    "test_mae": [
      -8.015950049101788,
      -7.107741357612004,
      -7.550396819317696,
      -6.95440787523147,
      -7.21419795002363
    ]
  },
  "r_avg": 0.3980625277547933,
  "r_stdev": 0.07845505641650427,
  "r_stderr": 0.029653224053373225,
  "r2_avg": -0.15636618122003523,
  "r2_stdev": 0.22359427815074992,
  "r2_stderr": 0.08451069350912675,
  "rmse_avg": -10.442733181977925,
  "rmse_stdev": 0.9900905034767722,
  "rmse_stderr": 0.37421903537803863,
  "mae_avg": -7.509000216732255,
  "mae_stdev": 0.7032605023000534,
  "mae_stderr": 0.2658074851400441
}