{
  "6": {
    "fit_time": [
      2.6072819232940674,
      2.4737939834594727,
      2.55265474319458,
      2.6149649620056152,
      2.5548250675201416
    ],
    "score_time": [
      0.014095067977905273,
      0.01662611961364746,
      0.014724016189575195,
      0.014416933059692383,
      0.013835906982421875
    ],
    "test_r": [
      0.6034888027152079,
      0.4004634567520009,
      0.5182885459797915,
      0.6842703187820122,
      0.637259768987772
    ],
    "test_r2": [
      0.3049452180373259,
      0.13420140967508043,
      0.22816864775982726,
      0.40593035934624955,
      0.3765419240144422
    ],
    "test_rmse": [
      -8.004313347639075,
      -9.449219913826832,
      -7.976580298005926,
      -8.238520706209307,
      -7.672800984055437
    ],
    "test_mae": [
      -5.817931470276428,
      -6.419945329393327,
      -6.0499524518693715,
      -5.683282529788913,
      -5.999691858061111
    ]
  },
  "13": {
    "fit_time": [
      2.652175188064575,
      2.5913872718811035,
      2.5422840118408203,
      2.6408309936523438,
      2.6269712448120117
    ],
    "score_time": [
      0.013904809951782227,
      0.014772891998291016,
      0.015805959701538086,
      0.013885974884033203,
      0.01273965835571289
    ],
    "test_r": [
      0.5185832779438774,
      0.571853061986823,
      0.5819767080204227,
      0.5633875252049283,
      0.5216877668412625
    ],
    "test_r2": [
      0.1723058070012975,
      0.2714300348879263,
      0.3372537390749385,
      0.3132831489125908,
      0.2298813235607241
    ],
    "test_rmse": [
      -9.46878985209689,
      -8.240151747270968,
      -7.294698414466277,
      -7.894680588600103,
      -8.958360708018349
    ],
    "test_mae": [
      -6.737922599631063,
      -6.02761910410849,
      -5.673775937999934,
      -5.825292232384996,
      -5.978928868184225
    ]
  },
  "42": {
    "fit_time": [
      2.5736451148986816,
      2.645941972732544,
      2.5508580207824707,
      2.5850541591644287,
      2.6201279163360596
    ],
    "score_time": [
      0.013996124267578125,
      0.013222932815551758,
      0.015974044799804688,
      0.01318502426147461,
      0.013133049011230469
    ],
    "test_r": [
      0.5377635908348664,
      0.6765018413044337,
      0.5129266089684783,
      0.5409613072860969,
      0.48201076490448835
    ],
    "test_r2": [
      0.2595633470063994,
      0.4439672138330981,
      0.22969072688852743,
      0.28313978811420903,
      0.1704502979617314
    ],
    "test_rmse": [
      -8.266222799342556,
      -6.140289601671981,
      -9.878411923747967,
      -7.68975579062366,
      -9.809244792986075
    ],
    "test_mae": [
      -5.83419523517432,
      -4.834711396059652,
      -7.109331418555649,
      -5.663487555651528,
      -6.543670405564485
    ]
  },
  "69": {
    "fit_time": [
      2.546950340270996,
      2.589872121810913,
      2.561950922012329,
      2.598257064819336,
      2.611085891723633
    ],
    "score_time": [
      0.015739917755126953,
      0.014554977416992188,
      0.01413726806640625,
      0.013838052749633789,
      0.014122962951660156
    ],
    "test_r": [
      0.6198683571600802,
      0.48677459963183634,
      0.5068913266971801,
      0.6435455400345566,
      0.5138805711597142
    ],
    "test_r2": [
      0.3787214508210006,
      0.21308651491195507,
      0.16713559691971636,
      0.3887490508287059,
      0.20844087389485633
    ],
    "test_rmse": [
      -6.980511624523021,
      -9.094923412558142,
      -8.209214400428282,
      -8.286628194221047,
      -9.24121679215062
    ],
    "test_mae": [
      -5.285466548016776,
      -5.995229091788106,
      -5.906222306324032,
      -5.92835351820067,
      -6.950649991220623
    ]
  },
  "420": {
    "fit_time": [
      2.6304378509521484,
      2.572554111480713,
      2.632899761199951,
      2.606050968170166,
      2.5632660388946533
    ],
    "score_time": [
      0.013484001159667969,
      0.01548004150390625,
      0.014430999755859375,
      0.013293981552124023,
      0.015157938003540039
    ],
    "test_r": [
      0.4632503005848222,
      0.3685653727386011,
      0.6247673303068841,
      0.6367762860192495,
      0.6001461148511289
    ],
    "test_r2": [
      0.12846181324632666,
      0.06046401496434983,
      0.35017689406475383,
      0.4009003528090199,
      0.31179007355895594
    ],
    "test_rmse": [
      -9.003592624603838,
      -9.068120462719643,
      -7.656678584324425,
      -7.334116807359384,
      -9.231220411625403
    ],
    "test_mae": [
      -6.6690199544834075,
      -6.046832550483624,
      -5.625223801165604,
      -5.452469548416237,
      -6.248793067670336
    ]
  },
  "1234567890": {
    "fit_time": [
      2.641139030456543,
      2.6161141395568848,
      2.613898992538452,
      2.588148832321167,
      2.6053197383880615
    ],
    "score_time": [
      0.014534235000610352,
      0.015519857406616211,
      0.015341043472290039,
      0.015456914901733398,
      0.014366388320922852
    ],
    "test_r": [
      0.5906983446655567,
      0.6323091410169945,
      0.5767234533726072,
      0.4191553752516606,
      0.5656835627890376
    ],
    "test_r2": [
      0.3010428900500036,
      0.3746923960496713,
      0.28253178745296104,
      0.13182003204864823,
      0.23756944151600345
    ],
    "test_rmse": [
      -7.1844404036942295,
      -8.628508481010298,
      -9.863018314521389,
      -8.696684105931006,
      -7.188862721579485
    ],
    "test_mae": [
      -5.340856413125678,
      -6.070444797463013,
      -7.039307747039122,
      -6.061884285707043,
      -5.082463873069851
    ]
  },
  "473129": {
    "fit_time": [
      2.5776429176330566,
      2.5463080406188965,
      2.6164426803588867,
      2.6373400688171387,
      2.5921242237091064
    ],
    "score_time": [
      0.01557612419128418,
      0.015100955963134766,
      0.015651226043701172,
      0.017112016677856445,
      0.016380786895751953
    ],
    "test_r": [
      0.6167215309407358,
      0.540563938988014,
      0.46420652640447047,
      0.598035595288119,
      0.5749281499748041
    ],
    "test_r2": [
      0.3451867127841838,
      0.25547280980412124,
      0.18394242465131772,
      0.29583383180754763,
      0.32951171269172974
    ],
    "test_rmse": [
      -8.183066408443787,
      -7.7802535808175675,
      -9.88289721505226,
      -8.187986795451668,
      -7.417520060882705
    ],
    "test_mae": [
      -5.904000685399914,
      -5.939675360663881,
      -6.507552854436541,
      -5.923343752543548,
      -5.584441848658122
    ]
  },
  "r_avg": 0.5541404218396719,
  "r_stdev": 0.07467703466133392,
  "r_stderr": 0.02822526605166287,
  "r2_avg": 0.271608104598577,
  "r2_stdev": 0.0915374279714447,
  "r2_stderr": 0.03459789572384719,
  "rmse_avg": -8.345757224870274,
  "rmse_stdev": 0.9251422139967426,
  "rmse_stderr": 0.3496708893718685,
  "mae_avg": -5.993199153959417,
  "mae_stdev": 0.5130493909808868,
  "mae_stderr": 0.19391444268979582
}