{
  "6": {
    "fit_time": [
      2.5892088413238525,
      2.021578311920166,
      1.916154146194458,
      1.9185070991516113,
      1.8755831718444824
    ],
    "score_time": [
      0.0031747817993164062,
      0.0025255680084228516,
      0.0025413036346435547,
      0.002290487289428711,
      0.002649068832397461
    ],
    "test_r": [
      0.6687952514286345,
      0.6961797267592,
      0.6182775200533815,
      0.6587597117480699,
      0.6374261687954466
    ],
    "test_r2": [
      0.09536762943847343,
      0.2560038595278459,
      0.12267675222801566,
      -0.30610318119138924,
      -0.17043541619050195
    ],
    "test_rmse": [
      0.07820181020590747,
      0.07261456917373965,
      0.07452543594589477,
      0.09098977904332235,
      0.06506668992410718
    ],
    "test_mae": [
      0.058108045516389255,
      0.056134028795508654,
      0.0535772553752011,
      0.06469667999945547,
      0.05187604243028906
    ]
  },
  "13": {
    "fit_time": [
      1.8960886001586914,
      1.9343194961547852,
      1.9280376434326172,
      1.92445969581604,
      1.9141452312469482
    ],
    "score_time": [
      0.0024101734161376953,
      0.0024330615997314453,
      0.0024383068084716797,
      0.0028276443481445312,
      0.0023183822631835938
    ],
    "test_r": [
      0.7083933887886898,
      0.6402768669897345,
      0.6341434773270471,
      0.6025389669838221,
      0.7217276252838202
    ],
    "test_r2": [
      0.37123075255847005,
      -0.14805465588794764,
      -0.04324636842577534,
      -0.012520164349751006,
      0.05969040027666617
    ],
    "test_rmse": [
      0.06663215063647619,
      0.08206340028441746,
      0.07161524861965757,
      0.08734725105192816,
      0.07374193086831202
    ],
    "test_mae": [
      0.04966641865370728,
      0.06033197778129604,
      0.05774492721968489,
      0.05731256557580549,
      0.05308804529107126
    ]
  },
  "42": {
    "fit_time": [
      1.9064178466796875,
      1.8848004341125488,
      1.8917434215545654,
      1.9767866134643555,
      1.929548978805542
    ],
    "score_time": [
      0.002343893051147461,
      0.0025234222412109375,
      0.0023789405822753906,
      0.0027751922607421875,
      0.0028128623962402344
    ],
    "test_r": [
      0.7066694793506141,
      0.6616722307274481,
      0.6884853966105428,
      0.646233519858221,
      0.7189459513568681
    ],
    "test_r2": [
      0.23464119470260258,
      0.07798843806218925,
      0.0013661742111042985,
      0.0717587563433908,
      0.216592777088513
    ],
    "test_rmse": [
      0.06299021287261887,
      0.07953893864804339,
      0.08146682265600869,
      0.07386725590300441,
      0.0684669765661239
    ],
    "test_mae": [
      0.05126784977493068,
      0.06117697118565058,
      0.05318056644720242,
      0.055307659859426685,
      0.05192296210739796
    ]
  },
  "69": {
    "fit_time": [
      1.9958295822143555,
      1.9600579738616943,
      1.9530730247497559,
      1.987577199935913,
      1.9327502250671387
    ],
    "score_time": [
      0.002492666244506836,
      0.002925872802734375,
      0.002593994140625,
      0.0026373863220214844,
      0.003119230270385742
    ],
    "test_r": [
      0.6757976973006796,
      0.6966787170056462,
      0.6429434145226433,
      0.6584436990838697,
      0.7154929013664376
    ],
    "test_r2": [
      0.10085843337310785,
      0.26668433385693857,
      -0.01636923216430297,
      -0.23462579099376035,
      0.15058973941690623
    ],
    "test_rmse": [
      0.07691939085146873,
      0.07393633956161941,
      0.07944277884409913,
      0.07735573190901797,
      0.06396768924376384
    ],
    "test_mae": [
      0.058867682470584555,
      0.0541903980298573,
      0.05940830775568961,
      0.05919196088561743,
      0.043559571770786225
    ]
  },
  "420": {
    "fit_time": [
      1.9171175956726074,
      1.930920124053955,
      1.984178066253662,
      1.943586826324463,
      1.9055414199829102
    ],
    "score_time": [
      0.0023818016052246094,
      0.002566814422607422,
      0.0026123523712158203,
      0.002252340316772461,
      0.002294778823852539
    ],
    "test_r": [
      0.7696219751531237,
      0.6746346633718803,
      0.6551964473478914,
      0.6943018195235754,
      0.5947302938486074
    ],
    "test_r2": [
      0.34818883287998625,
      0.11173905538009876,
      -0.03095754369213899,
      0.1695417699120194,
      -0.17240668067435072
    ],
    "test_rmse": [
      0.0652939563104925,
      0.07484035911990547,
      0.07057410068162752,
      0.06378980303920458,
      0.09395354724582339
    ],
    "test_mae": [
      0.0494115178643516,
      0.050817922613398195,
      0.05412892428449892,
      0.04836029443237509,
      0.07035408125099535
    ]
  },
  "1234567890": {
    "fit_time": [
      1.8967571258544922,
      2.1261916160583496,
      2.1459460258483887,
      2.166632652282715,
      1.9437077045440674
    ],
    "score_time": [
      0.002470254898071289,
      0.002906322479248047,
      0.0024900436401367188,
      0.0027196407318115234,
      0.0027532577514648438
    ],
    "test_r": [
      0.6919458736765745,
      0.7061864151366142,
      0.6717370206179722,
      0.6879893145248733,
      0.7122252294516596
    ],
    "test_r2": [
      -0.056575026418514085,
      0.1475698858023472,
      -0.04327389012559846,
      0.24193629846248033,
      0.2187713218174705
    ],
    "test_rmse": [
      0.07544047953796167,
      0.07365855258588462,
      0.07599653636820755,
      0.07645048916481795,
      0.06088531239781769
    ],
    "test_mae": [
      0.05516506611085,
      0.05438718482780934,
      0.05466950635169009,
      0.05734804859534557,
      0.046114617155777034
    ]
  },
  "473129": {
    "fit_time": [
      2.1649391651153564,
      1.9902560710906982,
      1.8826067447662354,
      1.9119524955749512,
      2.1654446125030518
    ],
    "score_time": [
      0.0024805068969726562,
      0.0023589134216308594,
      0.002468585968017578,
      0.002401113510131836,
      0.002551555633544922
    ],
    "test_r": [
      0.7634477104181765,
      0.6747029574286187,
      0.7060207991410439,
      0.7848767961267508,
      0.5898219784318398
    ],
    "test_r2": [
      0.28769086750081074,
      0.2527386963978132,
      0.19393265253775738,
      0.4247578105320444,
      -0.268472316813519
    ],
    "test_rmse": [
      0.06720414382028032,
      0.07544403977111878,
      0.07344547303816529,
      0.06330333373832435,
      0.07903846690536447
    ],
    "test_mae": [
      0.04937727917906691,
      0.05788020831202335,
      0.04881197993773378,
      0.04747349488856296,
      0.05820751498223099
    ]
  },
  "r_avg": 0.6792948858725718,
  "r_stdev": 0.04497352993562613,
  "r_stderr": 0.016998396541483635,
  "r2_avg": 0.08340789043941436,
  "r2_stdev": 0.1828264575208278,
  "r2_stderr": 0.06910190566900354,
  "rmse_avg": 0.07400197132955791,
  "rmse_stdev": 0.0076401989674324804,
  "rmse_stderr": 0.0028877237764112595,
  "mae_avg": 0.05466050164892174,
  "mae_stdev": 0.005329228897669763,
  "mae_stderr": 0.0020142591918532967
}