{
  "6": {
    "fit_time": [
      6.064472198486328,
      6.2109479904174805,
      6.127151966094971,
      5.88939094543457,
      4.929933071136475
    ],
    "score_time": [
      0.03146696090698242,
      0.02893996238708496,
      0.029483795166015625,
      0.031011343002319336,
      0.028312206268310547
    ],
    "test_r": [
      0.5819860197537592,
      0.6928384581306494,
      0.619965411182871,
      0.6205873805584544,
      0.6037413197392182
    ],
    "test_r2": [
      0.3355801631774379,
      0.4759783827905232,
      0.3738106028745346,
      0.37285698238039455,
      0.34523540446532053
    ],
    "test_rmse": [
      -0.08441328918023902,
      -0.07131023545346128,
      -0.07084890107693186,
      -0.09286242864742299,
      -0.067819105951701
    ],
    "test_mae": [
      -0.06213243859764091,
      -0.052177458994708985,
      -0.04949438519253381,
      -0.06562027667548499,
      -0.05213143811728396
    ]
  },
  "13": {
    "fit_time": [
      6.220889091491699,
      6.024448871612549,
      5.904661417007446,
      5.985206842422485,
      5.009498596191406
    ],
    "score_time": [
      0.028891324996948242,
      0.03004169464111328,
      0.030591249465942383,
      0.030124425888061523,
      0.027947664260864258
    ],
    "test_r": [
      0.6246811356690875,
      0.6361736253371583,
      0.6067433182670948,
      0.5930103910964785,
      0.7717349067197099
    ],
    "test_r2": [
      0.36598808005714756,
      0.3899103212469833,
      0.3618484330130377,
      0.3394774608721467,
      0.5605421220909861
    ],
    "test_rmse": [
      -0.0714820175400564,
      -0.08265440921305459,
      -0.07092931450586376,
      -0.08564341116111708,
      -0.07045757068397755
    ],
    "test_mae": [
      -0.05224892746832679,
      -0.05977680630511464,
      -0.0551619550925926,
      -0.05568346141975308,
      -0.05168582608024691
    ]
  },
  "42": {
    "fit_time": [
      6.092548131942749,
      6.024256467819214,
      5.975283145904541,
      6.181649684906006,
      4.90910792350769
    ],
    "score_time": [
      0.02965712547302246,
      0.031175851821899414,
      0.0309598445892334,
      0.028877735137939453,
      0.028220176696777344
    ],
    "test_r": [
      0.6358408877717131,
      0.6908839896748171,
      0.617381482258986,
      0.7039859561488588,
      0.7386172395593059
    ],
    "test_r2": [
      0.40355854937630453,
      0.4609271045008131,
      0.3463644079060628,
      0.48503374805469635,
      0.5382173245696817
    ],
    "test_rmse": [
      -0.06697273090305855,
      -0.07656954930684164,
      -0.08919121759508039,
      -0.0679079233471595,
      -0.06605262144408258
    ],
    "test_mae": [
      -0.052739119877675836,
      -0.056476086970899474,
      -0.057097076851851856,
      -0.051477062720458544,
      -0.05004220255731923
    ]
  },
  "69": {
    "fit_time": [
      6.217436075210571,
      6.1429338455200195,
      6.084587335586548,
      5.880765199661255,
      4.974648714065552
    ],
    "score_time": [
      0.02888655662536621,
      0.02985215187072754,
      0.031142711639404297,
      0.030712366104125977,
      0.028182029724121094
    ],
    "test_r": [
      0.6629541789145378,
      0.6480159124251998,
      0.6919116290262499,
      0.5986694878388918,
      0.6149040030520653
    ],
    "test_r2": [
      0.43299732718717,
      0.4095857446666238,
      0.4704533742390644,
      0.34649349079898395,
      0.3502042929129042
    ],
    "test_rmse": [
      -0.07698032005548601,
      -0.07578906542067573,
      -0.07444196594580331,
      -0.08301615999514378,
      -0.07330377383017062
    ],
    "test_mae": [
      -0.05782280720838794,
      -0.054945119444444454,
      -0.054784622993827164,
      -0.0597440686728395,
      -0.0497486559744268
    ]
  },
  "420": {
    "fit_time": [
      6.408860921859741,
      6.165204763412476,
      6.221603870391846,
      5.985020875930786,
      4.850464105606079
    ],
    "score_time": [
      0.028806686401367188,
      0.03098154067993164,
      0.02974247932434082,
      0.03054070472717285,
      0.028110742568969727
    ],
    "test_r": [
      0.7209672301225268,
      0.6834165687882556,
      0.6409924155201293,
      0.7003815193285311,
      0.5528815422136252
    ],
    "test_r2": [
      0.5000434191312764,
      0.4494475295611223,
      0.3935987518208012,
      0.48517697304248153,
      0.2887484878522024
    ],
    "test_rmse": [
      -0.0721569774692643,
      -0.07350119093807253,
      -0.07037923483515812,
      -0.06288040945107866,
      -0.09655159312475924
    ],
    "test_mae": [
      -0.05340339078200088,
      -0.05010452266313933,
      -0.05369668256172839,
      -0.04901544188712522,
      -0.06906416927910053
    ]
  },
  "1234567890": {
    "fit_time": [
      5.851606607437134,
      6.061245679855347,
      6.161236047744751,
      5.899216413497925,
      5.146796941757202
    ],
    "score_time": [
      0.030815601348876953,
      0.029987812042236328,
      0.02897357940673828,
      0.030398845672607422,
      0.02792191505432129
    ],
    "test_r": [
      0.6416873183249535,
      0.6824502500700926,
      0.6165217206279366,
      0.6953942220951861,
      0.7295797470796944
    ],
    "test_r2": [
      0.38712207323218517,
      0.4579551591616663,
      0.37680748810486886,
      0.4826350800769871,
      0.5111380964009974
    ],
    "test_rmse": [
      -0.07988248060765728,
      -0.07584696078212888,
      -0.08073098562554658,
      -0.07379854571710837,
      -0.060172220374274936
    ],
    "test_mae": [
      -0.05699071605504586,
      -0.05354272753527337,
      -0.056619005776014114,
      -0.05657938425925924,
      -0.044231622685185185
    ]
  },
  "473129": {
    "fit_time": [
      6.039626121520996,
      6.151344537734985,
      6.113855600357056,
      6.121187448501587,
      4.7411909103393555
    ],
    "score_time": [
      0.030762672424316406,
      0.02889561653137207,
      0.03064703941345215,
      0.029779672622680664,
      0.02802562713623047
    ],
    "test_r": [
      0.7341385161895211,
      0.6167566550568985,
      0.6998923243381737,
      0.7365496157730536,
      0.5356868663809625
    ],
    "test_r2": [
      0.4981519846944241,
      0.36601490136879444,
      0.48195342947761877,
      0.5317156702502615,
      0.2763573691586644
    ],
    "test_rmse": [
      -0.07305031813395996,
      -0.07775606611574788,
      -0.07404977099569224,
      -0.06624553633750181,
      -0.08202392109132979
    ],
    "test_mae": [
      -0.05421473335517695,
      -0.05834534722222222,
      -0.04806982272927689,
      -0.047768467217813054,
      -0.059178904717813036
    ]
  },
  "r_avg": 0.6554835212867042,
  "r_stdev": 0.05597383655414359,
  "r_stderr": 0.0211561216354915,
  "r2_avg": 0.4186265637290048,
  "r2_stdev": 0.07256259635813861,
  "r2_stderr": 0.02742608349268513,
  "rmse_avg": 0.07536206351018881,
  "rmse_stdev": 0.007995726011467471,
  "rmse_stderr": 0.003022100368250473,
  "mae_avg": 0.054623278169771194,
  "mae_stdev": 0.0049926457038027405,
  "mae_stderr": 0.001887042702359585
}