{
  "6": {
    "fit_time": [
      2.442931890487671,
      2.537559747695923,
      2.5452377796173096,
      2.524625062942505,
      2.281614065170288
    ],
    "score_time": [
      0.42810487747192383,
      0.3965492248535156,
      0.39617419242858887,
      0.39467382431030273,
      0.4904141426086426
    ],
    "test_r": [
      0.5987203618096824,
      0.6818349214726178,
      0.6323824300790629,
      0.5959840889601833,
      0.5612173542340051
    ],
    "test_r2": [
      0.3547770215121464,
      0.4392881569410376,
      0.3878364639149684,
      0.27620153753485666,
      0.27670268391198216
    ],
    "test_rmse": [
      -8.318488885540244,
      -7.376445421945062,
      -7.005094397677242,
      -9.976209714932471,
      -7.128003314023753
    ],
    "test_mae": [
      -6.019145191562262,
      -5.133987556545145,
      -4.90590833869756,
      -6.764390562798021,
      -5.526607912629607
    ]
  },
  "13": {
    "fit_time": [
      2.0997822284698486,
      2.077903985977173,
      2.047595977783203,
      2.069509983062744,
      2.0728020668029785
    ],
    "score_time": [
      0.397885799407959,
      0.4127941131591797,
      0.39934420585632324,
      0.4057009220123291,
      0.40175890922546387
    ],
    "test_r": [
      0.6155694764743438,
      0.6312357709758998,
      0.5829659391939869,
      0.5892331623731182,
      0.7366486774614156
    ],
    "test_r2": [
      0.3731114878601306,
      0.350995982791904,
      0.32979772190200296,
      0.3365885788934836,
      0.44921761900627344
    ],
    "test_rmse": [
      -7.107931697784052,
      -8.524970397834945,
      -7.268868170899473,
      -8.583049317448674,
      -7.887857523794309
    ],
    "test_mae": [
      -5.146332594850245,
      -6.094477959432793,
      -5.425516084131332,
      -5.723368172744544,
      -5.412197126800271
    ]
  },
  "42": {
    "fit_time": [
      1.7552309036254883,
      1.6000730991363525,
      1.597938060760498,
      1.573119878768921,
      1.5986690521240234
    ],
    "score_time": [
      0.18547725677490234,
      0.3598058223724365,
      0.3598620891571045,
      0.3589441776275635,
      0.35039281845092773
    ],
    "test_r": [
      0.645911776202375,
      0.6630381078011663,
      0.6093164044904725,
      0.6636331341761967,
      0.6957508550753845
    ],
    "test_r2": [
      0.41484349774054907,
      0.39785430186536763,
      0.3126657873463615,
      0.4124620384010915,
      0.4481891694571901
    ],
    "test_rmse": [
      -6.633612778027057,
      -8.092507987957507,
      -9.14614805576528,
      -7.25352365177702,
      -7.2204846749104545
    ],
    "test_mae": [
      -5.166887589381264,
      -5.746712618855635,
      -5.764071964077596,
      -5.387537652614544,
      -5.256977153816514
    ]
  },
  "69": {
    "fit_time": [
      2.7259910106658936,
      2.7420501708984375,
      2.671959161758423,
      2.7151479721069336,
      2.7318620681762695
    ],
    "score_time": [
      0.41784191131591797,
      0.4076409339904785,
      0.42859697341918945,
      0.4120960235595703,
      0.40935301780700684
    ],
    "test_r": [
      0.6575364696643027,
      0.6577100022171806,
      0.6845377971822106,
      0.6397756391291691,
      0.5634719708824425
    ],
    "test_r2": [
      0.420896353451338,
      0.42479864929216105,
      0.38713294151912025,
      0.35494583899231336,
      0.27706669295122055
    ],
    "test_rmse": [
      -7.779744050294333,
      -7.480628419825845,
      -8.008457418609437,
      -8.247755392835293,
      -7.731914300374101
    ],
    "test_mae": [
      -5.567946683904158,
      -5.511424404155023,
      -5.638072401471576,
      -5.840623703592928,
      -5.422154943091173
    ]
  },
  "420": {
    "fit_time": [
      2.4803237915039062,
      2.4700050354003906,
      2.414583206176758,
      2.476820945739746,
      2.4458460807800293
    ],
    "score_time": [
      0.38536906242370605,
      0.3868131637573242,
      0.41327381134033203,
      0.37610483169555664,
      0.38976597785949707
    ],
    "test_r": [
      0.6749175948868384,
      0.6326486995175545,
      0.7184371950667434,
      0.6784613949069062,
      0.5435929238559355
    ],
    "test_r2": [
      0.42814203710934295,
      0.36492341301459785,
      0.4612390853299042,
      0.44871945753191056,
      0.27042697683579275
    ],
    "test_rmse": [
      -7.717138148349747,
      -7.894198984435386,
      -6.633802510777086,
      -6.506878706979039,
      -9.778724850314712
    ],
    "test_mae": [
      -5.634337434662588,
      -5.163763320890791,
      -4.989660362580651,
      -4.95215627631596,
      -7.053586526761417
    ]
  },
  "1234567890": {
    "fit_time": [
      2.7730319499969482,
      2.783444881439209,
      2.6968741416931152,
      2.7885208129882812,
      2.771387815475464
    ],
    "score_time": [
      0.3970069885253906,
      0.3931889533996582,
      0.4179699420928955,
      0.38889598846435547,
      0.3951880931854248
    ],
    "test_r": [
      0.5971178081946713,
      0.6644260381809817,
      0.652802119693651,
      0.6439365076115724,
      0.7096239407585058
    ],
    "test_r2": [
      0.24823626349014793,
      0.41598296576121085,
      0.4024302621403757,
      0.4075956697806794,
      0.48562456739352544
    ],
    "test_rmse": [
      -8.84718764895426,
      -7.872874577949228,
      -7.905392537841037,
      -7.89693251872286,
      -6.172243471934711
    ],
    "test_mae": [
      -6.073410733959655,
      -5.388033496240765,
      -5.464916957374288,
      -5.819641299782234,
      -4.65544515847044
    ]
  },
  "473129": {
    "fit_time": [
      2.8100390434265137,
      2.7838549613952637,
      2.812516927719116,
      2.7975621223449707,
      2.776453733444214
    ],
    "score_time": [
      0.3924832344055176,
      0.3927650451660156,
      0.39086103439331055,
      0.3874208927154541,
      0.3958132266998291
    ],
    "test_r": [
      0.7111368833964467,
      0.5951610114513228,
      0.6542970918043594,
      0.7249167266580197,
      0.549843291646979
    ],
    "test_r2": [
      0.4439950458754245,
      0.3431476775958968,
      0.4034046970532109,
      0.4512642603742014,
      0.2819054754272148
    ],
    "test_rmse": [
      -7.689096948638473,
      -7.914593702189625,
      -7.946561213341474,
      -7.17106124320772,
      -8.17088808828221
    ],
    "test_mae": [
      -5.763941477596382,
      -5.976031554562768,
      -5.0764573266228785,
      -5.007658463367922,
      -5.780970458378812
    ]
  },
  "r_avg": 0.6416512447853059,
  "r_stdev": 0.05051649141549763,
  "r_stderr": 0.019093439056133713,
  "r2_avg": 0.379497439428541,
  "r2_stdev": 0.063270358994725,
  "r2_stderr": 0.023913947894545852,
  "rmse_avg": 7.796836306404974,
  "rmse_stdev": 0.8234709322576196,
  "rmse_stderr": 0.3112427569491682,
  "mae_avg": 5.550124327506279,
  "mae_stdev": 0.4878233883553073,
  "mae_stderr": 0.1843799099012893
}