{
  "6": {
    "fit_time": [
      0.08887100219726562,
      0.08453702926635742,
      0.08173227310180664,
      0.08250212669372559,
      0.08241105079650879
    ],
    "score_time": [
      0.004945039749145508,
      0.006523847579956055,
      0.006735801696777344,
      0.006609916687011719,
      0.0055999755859375
    ],
    "test_r": [
      0.716891982561392,
      0.738286044010412,
      0.8174376779661738,
      0.7553456535274157,
      0.7044653638810795
    ],
    "test_r2": [
      0.43358052861416707,
      0.5299585719806534,
      0.6595781483129439,
      0.5354257011539975,
      0.46770179181202254
    ],
    "test_rmse": [
      -3.295652820469945,
      -3.638618444582763,
      -2.7244638430591,
      -3.2160346444799486,
      -3.326405293876109
    ],
    "test_mae": [
      -2.046952388734956,
      -2.5345486394848145,
      -2.04672357140375,
      -2.2022617260024355,
      -2.2741388570081003
    ]
  },
  "13": {
    "fit_time": [
      0.08875894546508789,
      0.0861351490020752,
      0.08583211898803711,
      0.08540630340576172,
      0.08503198623657227
    ],
    "score_time": [
      0.005248069763183594,
      0.005220174789428711,
      0.005295991897583008,
      0.0056536197662353516,
      0.005795717239379883
    ],
    "test_r": [
      0.688028636756898,
      0.725879061365724,
      0.7665695281903466,
      0.7703828885156898,
      0.7530936680696177
    ],
    "test_r2": [
      0.4469028298401204,
      0.5012971493797143,
      0.5839211711576968,
      0.5750691214912211,
      0.5484375673391442
    ],
    "test_rmse": [
      -3.6275936363189993,
      -3.5485091550712187,
      -2.9217824512151913,
      -3.0055628213080725,
      -3.0710593912226907
    ],
    "test_mae": [
      -2.545117652075631,
      -2.579163946194042,
      -2.098722576924733,
      -2.106316547651549,
      -2.2471166995892657
    ]
  },
  "42": {
    "fit_time": [
      0.09513306617736816,
      0.09642910957336426,
      0.09504389762878418,
      0.09585690498352051,
      0.09602212905883789
    ],
    "score_time": [
      0.006170988082885742,
      0.007245779037475586,
      0.007382869720458984,
      0.006841182708740234,
      0.006480216979980469
    ],
    "test_r": [
      0.7681523770806399,
      0.7557757855879722,
      0.7068119301579049,
      0.7897313514600379,
      0.7170301326669256
    ],
    "test_r2": [
      0.5897856006668025,
      0.44692536473785904,
      0.461815065288807,
      0.5821645873270803,
      0.4974378036735646
    ],
    "test_rmse": [
      -2.996574916308282,
      -3.0501380715324222,
      -4.027923918067415,
      -2.9339937777117204,
      -3.2867838801087585
    ],
    "test_mae": [
      -2.1076231259959086,
      -2.0516546086754115,
      -2.8685536260690006,
      -2.109850355484732,
      -2.35839750341467
    ]
  },
  "69": {
    "fit_time": [
      0.14353728294372559,
      0.1406700611114502,
      0.13754606246948242,
      0.1417069435119629,
      0.14250922203063965
    ],
    "score_time": [
      0.008287668228149414,
      0.01004791259765625,
      0.008579015731811523,
      0.008367776870727539,
      0.009006738662719727
    ],
    "test_r": [
      0.7795618719234411,
      0.7608604928874567,
      0.6662352855193151,
      0.7909073696096175,
      0.7089168623637506
    ],
    "test_r2": [
      0.5773490241166791,
      0.5575910243456231,
      0.4134293668490846,
      0.5977608594795978,
      0.42812061838862936
    ],
    "test_rmse": [
      -2.9190524609224977,
      -3.2825609279973462,
      -3.529661649850804,
      -3.108454284085958,
      -3.5694952380599916
    ],
    "test_mae": [
      -2.0766114193786467,
      -2.1431414982516848,
      -2.3231168124931196,
      -2.1519487745267845,
      -2.5322876450365728
    ]
  },
  "420": {
    "fit_time": [
      0.11928987503051758,
      0.12439274787902832,
      0.12682127952575684,
      0.12582707405090332,
      0.12392663955688477
    ],
    "score_time": [
      0.008756160736083984,
      0.005609989166259766,
      0.005821943283081055,
      0.005776882171630859,
      0.006147146224975586
    ],
    "test_r": [
      0.7738889383693976,
      0.7343367988547396,
      0.8263426586821659,
      0.7423953726555534,
      0.6859237002146252
    ],
    "test_r2": [
      0.5668511797592735,
      0.5031921084732557,
      0.6472738066518404,
      0.525112738473033,
      0.43372402494453355
    ],
    "test_rmse": [
      -3.0702035379154413,
      -3.1613718572460887,
      -2.5927356195477103,
      -3.5390989282276486,
      -3.727550288926783
    ],
    "test_mae": [
      -2.1919528176954812,
      -2.243944182736533,
      -1.9414749650444303,
      -2.4153811410364807,
      -2.3403840466286687
    ]
  },
  "1234567890": {
    "fit_time": [
      0.14426493644714355,
      0.1442701816558838,
      0.14873504638671875,
      0.1414659023284912,
      0.14188408851623535
    ],
    "score_time": [
      0.005856037139892578,
      0.008116960525512695,
      0.009689807891845703,
      0.008791208267211914,
      0.0065059661865234375
    ],
    "test_r": [
      0.8088155805383231,
      0.6792042043879223,
      0.7326152408348237,
      0.737413943208524,
      0.7509394298940161
    ],
    "test_r2": [
      0.64458374697051,
      0.38007211414871434,
      0.5298888796251092,
      0.5266235378456727,
      0.529315328948562
    ],
    "test_rmse": [
      -2.71533130214152,
      -3.835368208313927,
      -3.627277364008271,
      -3.1928687894658614,
      -2.9066100925310336
    ],
    "test_mae": [
      -2.021214106849262,
      -2.3516710154712195,
      -2.3679133301507678,
      -2.2061563699739475,
      -2.1241241730011255
    ]
  },
  "473129": {
    "fit_time": [
      0.11885499954223633,
      0.1199338436126709,
      0.11885190010070801,
      0.1138758659362793,
      0.11168289184570312
    ],
    "score_time": [
      0.006062030792236328,
      0.005904197692871094,
      0.005697965621948242,
      0.005649089813232422,
      0.0055999755859375
    ],
    "test_r": [
      0.7681653776117042,
      0.7411077551460997,
      0.7256355291496304,
      0.7793952078474815,
      0.7964851915521195
    ],
    "test_r2": [
      0.5676112432368783,
      0.5103220315294997,
      0.5053174434371833,
      0.5966129827962777,
      0.6231326462601755
    ],
    "test_rmse": [
      -3.277644682061347,
      -3.2260890819693397,
      -3.3723768394237545,
      -3.1921806710862284,
      -2.46608533400776
    ],
    "test_mae": [
      -2.28118651474693,
      -2.205518035888672,
      -2.2901095112732475,
      -2.1844672060710884,
      -1.9161334882340992
    ]
  },
  "r_avg": 0.7475151112299697,
  "r_stdev": 0.038847870348815074,
  "r_stderr": 0.014683114843920674,
  "r2_avg": 0.5292538774015979,
  "r2_stdev": 0.06963569860942387,
  "r2_stderr": 0.026319820127540267,
  "rmse_avg": -3.228088977803484,
  "rmse_stdev": 0.3497818152337277,
  "rmse_stderr": 0.13220509946302678,
  "mae_avg": -2.242453682262793,
  "mae_stdev": 0.19725942530809035,
  "mae_stderr": 0.07455705473267539
}