fold,r,r2,rmse,mae
1.0,0.6012395667893301,0.34911814760991156,2.597354483566254,1.9590672593985272
2.0,0.7571181619225872,0.5036416832671433,1.9411865987487018,1.597660294681932
3.0,0.789821950734952,0.5835177656533783,2.21268207066316,1.7671668229844761
4.0,0.711125384316849,0.4291853387954927,2.2151474411505676,1.8246711662093424
5.0,0.7989737482379173,0.5943090489153515,1.9450260681707865,1.605015906572766
