fold,r,r2,rmse,mae
1.0,0.13314943949535363,-9.146022121836983,8.877686224996554,8.295966705724567
2.0,0.06849208415867705,-5.662993481257838,8.384471796142527,7.688357233858107
3.0,0.1929521928150396,-5.436964153810461,8.589940598981999,7.816998930726896
4.0,0.16588801407220996,-6.510686601093926,8.487737402240024,7.770989339544286
5.0,0.17508045583029247,-7.091219945667202,8.573078259425868,7.929972221395106
