Dataset,num_of_folds,Features,Targets Model,r_mean,r_std,r2_mean,r2_std,rmse_mean,rmse_std,mae_mean,mae_std,num_of_data
OPV_Min,5,mordred,calc_PCE_percent,0.5802874618562829,0.08859032418177998,0.16007684340333578,0.22541462557041184,2.731521046688085,0.24557795627249931,1.96725702077778,0.19766276814828815,5
