Dataset,num_of_folds,Features,Targets Model,r_mean,r_std,r2_mean,r2_std,rmse_mean,rmse_std,mae_mean,mae_std,num_of_data
OPV_Min,5,DA_BigSMILES,calc_PCE_percent,0.2214044633768002,0.09198411389210978,-6.323389074525388,2.243702833753509,8.029811902009758,0.609302181980434,7.01963379222646,0.6737174635232106,5
