{
  "6": {
    "fit_time": [
      2.0239880084991455,
      2.198810577392578,
      2.1712543964385986,
      2.088590383529663,
      0.8357205390930176
    ],
    "score_time": [
      0.010793924331665039,
      0.008665084838867188,
      0.009639739990234375,
      0.01093602180480957,
      0.007792234420776367
    ],
    "test_r": [
      0.7191642153322255,
      0.5980488408086628,
      0.6828800484687578,
      0.7624125999206336,
      0.6724101056825762
    ],
    "test_r2": [
      0.5133974820054943,
      0.3536836911184428,
      0.4304140349021296,
      0.5677085423570498,
      0.4435330947675117
    ],
    "test_rmse": [
      -2.0673534992550526,
      -2.605463486276318,
      -2.278722765187016,
      -2.0714601126603034,
      -2.302534150885621
    ],
    "test_mae": [
      -1.5276755131123547,
      -1.9362988726772412,
      -1.7440514930313833,
      -1.505858294242898,
      -1.691017723291402
    ]
  },
  "13": {
    "fit_time": [
      2.1409435272216797,
      2.129762887954712,
      2.1490871906280518,
      2.108410358428955,
      0.7637102603912354
    ],
    "score_time": [
      0.008933782577514648,
      0.010540485382080078,
      0.0077784061431884766,
      0.010549545288085938,
      0.00774383544921875
    ],
    "test_r": [
      0.5797503819049762,
      0.6962170811304702,
      0.6605993006816622,
      0.6835353885547123,
      0.6994605818789774
    ],
    "test_r2": [
      0.2895862988347905,
      0.47288694820112387,
      0.42421327424827326,
      0.4592928408796193,
      0.48677769539426385
    ],
    "test_rmse": [
      -2.6076893798534866,
      -2.253224541342033,
      -2.2196149638769747,
      -2.317892350240487,
      -2.220417405919453
    ],
    "test_mae": [
      -1.9612720753024646,
      -1.6419226062400105,
      -1.704327783602249,
      -1.8070478011432354,
      -1.5914409978347615
    ]
  },
  "42": {
    "fit_time": [
      2.1631460189819336,
      2.1313118934631348,
      2.161402463912964,
      2.0978665351867676,
      0.77777099609375
    ],
    "score_time": [
      0.009090900421142578,
      0.01013040542602539,
      0.008783102035522461,
      0.010587692260742188,
      0.00780487060546875
    ],
    "test_r": [
      0.7404362360930041,
      0.6968638937333747,
      0.6488659347360088,
      0.6843761688339913,
      0.6342332618697403
    ],
    "test_r2": [
      0.5460746569508996,
      0.3845779569972002,
      0.4083126604733984,
      0.4625648662454964,
      0.39086130600805735
    ],
    "test_rmse": [
      -2.114576718250435,
      -2.022530129153491,
      -2.673463495537432,
      -2.1875531017121683,
      -2.484492607402025
    ],
    "test_mae": [
      -1.6618696291741466,
      -1.5836927592347743,
      -2.0318113338427466,
      -1.5851265104684573,
      -1.7416499571527966
    ]
  },
  "69": {
    "fit_time": [
      2.161710500717163,
      2.151747226715088,
      2.160997152328491,
      2.112563371658325,
      0.7597262859344482
    ],
    "score_time": [
      0.00844264030456543,
      0.010052919387817383,
      0.00797271728515625,
      0.010605335235595703,
      0.007798194885253906
    ],
    "test_r": [
      0.7089210335134986,
      0.6802255281515623,
      0.680659542869508,
      0.7129423568453193,
      0.6268635386222815
    ],
    "test_r2": [
      0.4859434913412365,
      0.4571005931504233,
      0.45844390240486743,
      0.5078186875492523,
      0.3591021099402636
    ],
    "test_rmse": [
      -2.1338772911172335,
      -2.336092775088903,
      -2.1740722943357107,
      -2.2806198076500532,
      -2.4735285837743595
    ],
    "test_mae": [
      -1.5914017686265096,
      -1.7761324462369852,
      -1.6425118338784854,
      -1.598141005524578,
      -1.850947703370879
    ]
  },
  "420": {
    "fit_time": [
      2.09421706199646,
      2.1164681911468506,
      2.1509902477264404,
      2.0474674701690674,
      0.7884857654571533
    ],
    "score_time": [
      0.009842634201049805,
      0.009483814239501953,
      0.008830070495605469,
      0.010752677917480469,
      0.007816076278686523
    ],
    "test_r": [
      0.6352030224711371,
      0.5475877105892192,
      0.7325485965891241,
      0.7778898555038116,
      0.6825595233421192
    ],
    "test_r2": [
      0.3803962970285759,
      0.2440269957254697,
      0.5320242412341939,
      0.5978589312610159,
      0.46135410187722636
    ],
    "test_rmse": [
      -2.429211559772378,
      -2.4870506525430285,
      -1.9797152131332447,
      -2.0925276154262455,
      -2.4143492703838714
    ],
    "test_mae": [
      -1.8079724049900956,
      -1.8256655782403453,
      -1.508392493129007,
      -1.6602633527470745,
      -1.6852621152270357
    ]
  },
  "1234567890": {
    "fit_time": [
      2.1184494495391846,
      2.150913953781128,
      2.153869152069092,
      2.1076481342315674,
      0.7598223686218262
    ],
    "score_time": [
      0.01032114028930664,
      0.008423805236816406,
      0.008374214172363281,
      0.010237932205200195,
      0.007725715637207031
    ],
    "test_r": [
      0.7089328364535996,
      0.691200930076181,
      0.631827957339234,
      0.6340739360918696,
      0.7402516538108329
    ],
    "test_r2": [
      0.4899116080822973,
      0.4664527315599081,
      0.37715249382278093,
      0.3685815062439274,
      0.5221185554166519
    ],
    "test_rmse": [
      -2.195628829136415,
      -2.391323895287257,
      -2.643900893525415,
      -2.265222731826348,
      -1.971965421909102
    ],
    "test_mae": [
      -1.6342925089212652,
      -1.8461873445375983,
      -1.9024479080552956,
      -1.6307767605353212,
      -1.4599100115433463
    ]
  },
  "473129": {
    "fit_time": [
      2.0994999408721924,
      2.117009162902832,
      2.164574384689331,
      2.119351625442505,
      0.7697227001190186
    ],
    "score_time": [
      0.01061248779296875,
      0.009961366653442383,
      0.008766889572143555,
      0.009099006652832031,
      0.007752418518066406
    ],
    "test_r": [
      0.6794825155795792,
      0.6781470790970261,
      0.6988438497169406,
      0.675552735889068,
      0.6625240886638823
    ],
    "test_r2": [
      0.4438364984957385,
      0.45315785668302877,
      0.48343471179040554,
      0.45148622294963137,
      0.39668564724133315
    ],
    "test_rmse": [
      -2.2898691135786406,
      -2.2361512314487455,
      -2.283760145364282,
      -2.3862244437653315,
      -2.1993235147379253
    ],
    "test_mae": [
      -1.6527230197027014,
      -1.7755324210219516,
      -1.6150934803024097,
      -1.783507592839971,
      -1.710395524568012
    ]
  },
  "r_avg": 0.678442638024159,
  "r_stdev": 0.047649172897148845,
  "r_stderr": 0.018009694523396416,
  "r2_avg": 0.4448792152337708,
  "r2_stdev": 0.07288767876245761,
  "r2_stderr": 0.027548953092318133,
  "rmse_avg": 2.2883258283244796,
  "rmse_stdev": 0.18180195730853535,
  "rmse_stderr": 0.06871468098616659,
  "mae_avg": 1.7049320178385654,
  "mae_stdev": 0.13423407303195725,
  "mae_stderr": 0.05073571067340584
}