{
  "6": {
    "fit_time": [
      0.0676429271697998,
      0.06960487365722656
    ],
    "score_time": [
      0.04775595664978027,
      0.04703211784362793
    ],
    "test_r": [
      0.498831423017759,
      0.5753222738116013
    ],
    "test_r2": [
      0.214360055552131,
      0.3074403652861032
    ],
    "test_rmse": [
      -2.7389576289589006,
      -2.5773737986144405
    ],
    "test_mae": [
      -2.0704194177818103,
      -1.9947240166348563
    ],
    "best_params": {
      "check_inverse": true,
      "func": null,
      "inverse_func": null,
      "regressor__algorithm": "brute",
      "regressor__leaf_size": 83,
      "regressor__metric": "minkowski",
      "regressor__metric_params": null,
      "regressor__n_jobs": null,
      "regressor__n_neighbors": 16,
      "regressor__p": 2,
      "regressor__weights": "uniform",
      "transformer__memory": null,
      "transformer__verbose": false,
      "transformer__standardscaler__copy": true,
      "transformer__standardscaler__with_mean": true,
      "transformer__standardscaler__with_std": true
    }
  },
  "r_avg": 0.5370768484146802,
  "r_stdev": 0.038245425396921134,
  "r_stderr": 0.01445541205516101,
  "r2_avg": 0.2609002104191171,
  "r2_stdev": 0.046540154866986094,
  "r2_stderr": 0.01759052510806822,
  "rmse_avg": 2.6581657137866705,
  "rmse_stdev": 0.08079191517223006,
  "rmse_stderr": 0.030536473641478122,
  "mae_avg": 2.0325717172083335,
  "mae_stdev": 0.03784770057347697,
  "mae_stderr": 0.01430508620186525
}