{
  "6": {
    "fit_time": [
      0.01318049430847168,
      0.014885425567626953,
      0.013350486755371094,
      0.013215303421020508,
      0.011934280395507812
    ],
    "score_time": [
      0.008589029312133789,
      0.008899688720703125,
      0.008705377578735352,
      0.008728265762329102,
      0.007652997970581055
    ],
    "test_r": [
      0.5958040170523893,
      0.44164653622090766,
      0.6539708936257229,
      0.6665338925513545,
      0.4963437863291092
    ],
    "test_r2": [
      0.3350565398579456,
      0.15596877802192277,
      0.4019030669536048,
      0.40849305741027786,
      0.15999357647000834
    ],
    "test_rmse": [
      -2.416684335386432,
      -2.9774308907226996,
      -2.335057820788426,
      -2.423082334731747,
      -2.8289659065377135
    ],
    "test_mae": [
      -1.7754880755284341,
      -2.1524782147687613,
      -1.9255274250142416,
      -1.826692011832409,
      -2.128155743551983
    ]
  },
  "13": {
    "fit_time": [
      0.03798055648803711,
      0.03635263442993164,
      0.037476539611816406,
      0.02615499496459961,
      0.012896299362182617
    ],
    "score_time": [
      0.011566877365112305,
      0.011540889739990234,
      0.010672807693481445,
      0.010597467422485352,
      0.007700920104980469
    ],
    "test_r": [
      0.5340632682255329,
      0.6117246382234021,
      0.5321047621925604,
      0.6784993012043458,
      0.5146229679665695
    ],
    "test_r2": [
      0.2408658526164661,
      0.3454090555349849,
      0.2587848573247439,
      0.45835601755828626,
      0.21429131819642955
    ],
    "test_rmse": [
      -2.695624888772696,
      -2.5109472222898828,
      -2.5183666611647446,
      -2.31989945873469,
      -2.7473414456247527
    ],
    "test_mae": [
      -2.0484616098542165,
      -1.8522871322975598,
      -2.0090349150918785,
      -1.7504115675539147,
      -1.9800089629271977
    ]
  },
  "42": {
    "fit_time": [
      0.06165623664855957,
      0.05862569808959961,
      0.07108235359191895,
      0.061508893966674805,
      0.020526885986328125
    ],
    "score_time": [
      0.02866983413696289,
      0.02839064598083496,
      0.020653724670410156,
      0.0206756591796875,
      0.010869026184082031
    ],
    "test_r": [
      0.6502996785684159,
      0.6622826188281399,
      0.5717628633939557,
      0.5965659630699536,
      0.4931722678721559
    ],
    "test_r2": [
      0.41978288353495385,
      0.35569280731676245,
      0.28251462577322706,
      0.33393000002067774,
      0.2148599724760859
    ],
    "test_rmse": [
      -2.3907078040448253,
      -2.0694501335679196,
      -2.9439785838343084,
      -2.4353170743666888,
      -2.8206758119002293
    ],
    "test_mae": [
      -1.8702085399335016,
      -1.7003090467764943,
      -2.2562485866967052,
      -1.7865233597574126,
      -2.011331440954822
    ]
  },
  "69": {
    "fit_time": [
      0.05868387222290039,
      0.06082606315612793,
      0.05871129035949707,
      0.06953763961791992,
      0.02553272247314453
    ],
    "score_time": [
      0.03769803047180176,
      0.036415815353393555,
      0.030921459197998047,
      0.03087925910949707,
      0.012049436569213867
    ],
    "test_r": [
      0.5883756670226197,
      0.5765496966205719,
      0.5742544313457091,
      0.6224613351741128,
      0.5525784311541186
    ],
    "test_r2": [
      0.3121342107919862,
      0.31038435054827873,
      0.2978083888015376,
      0.38366694352277586,
      0.24550112415313596
    ],
    "test_rmse": [
      -2.4684018642910233,
      -2.6328975286805174,
      -2.475597725072198,
      -2.5521022041290995,
      -2.683810273334831
    ],
    "test_mae": [
      -1.8811731535502185,
      -1.8598470695962923,
      -1.9055501791896368,
      -1.873552144750793,
      -2.1070361485407023
    ]
  },
  "420": {
    "fit_time": [
      0.06040835380554199,
      0.06293082237243652,
      0.06024575233459473,
      0.05862307548522949,
      0.024045228958129883
    ],
    "score_time": [
      0.03250598907470703,
      0.030470848083496094,
      0.030411481857299805,
      0.029132843017578125,
      0.012232780456542969
    ],
    "test_r": [
      0.6521882154176069,
      0.4354976018273956,
      0.6500358366754366,
      0.6410697946860324,
      0.6023961022557265
    ],
    "test_r2": [
      0.3951668518954041,
      0.05974452322249013,
      0.392636012655481,
      0.41075130997004117,
      0.34999882796212156
    ],
    "test_rmse": [
      -2.4000822728384694,
      -2.7736676593771223,
      -2.2553583741863785,
      -2.5329772963146744,
      -2.652195223886214
    ],
    "test_mae": [
      -1.8227837724556337,
      -1.9718731147285118,
      -1.7830670346763484,
      -1.9119799990087432,
      -2.0162962235857123
    ]
  },
  "1234567890": {
    "fit_time": [
      0.057724952697753906,
      0.06106734275817871,
      0.05886125564575195,
      0.05895662307739258,
      0.028030872344970703
    ],
    "score_time": [
      0.0365605354309082,
      0.03549790382385254,
      0.03470468521118164,
      0.03274226188659668,
      0.01242971420288086
    ],
    "test_r": [
      0.6361891064316854,
      0.6288236161360513,
      0.5004600084442342,
      0.5049257990284742,
      0.652932828338624
    ],
    "test_r2": [
      0.3786888856585504,
      0.3843990344946103,
      0.20102518558642635,
      0.23912786257967955,
      0.3761780535076248
    ],
    "test_rmse": [
      -2.4232083990100604,
      -2.568630288388292,
      -2.9944761017446226,
      -2.486612443765284,
      -2.2530432892686125
    ],
    "test_mae": [
      -1.912891871589951,
      -1.9365739696671551,
      -2.2117756504556367,
      -1.7297540101999973,
      -1.6564894115434263
    ]
  },
  "473129": {
    "fit_time": [
      0.05894637107849121,
      0.06090521812438965,
      0.07813668251037598,
      0.0711832046508789,
      0.03139209747314453
    ],
    "score_time": [
      0.03946089744567871,
      0.03899192810058594,
      0.03185534477233887,
      0.032976388931274414,
      0.012633323669433594
    ],
    "test_r": [
      0.5304377468264934,
      0.7191865513998845,
      0.5734989227448086,
      0.615468875176915,
      0.5170662361971713
    ],
    "test_r2": [
      0.23052359367607822,
      0.49016071021717333,
      0.2917893697188254,
      0.37190248779442914,
      0.21489603269329716
    ],
    "test_rmse": [
      -2.693438545252756,
      -2.1591699804953524,
      -2.6740473958570448,
      -2.553471745363781,
      -2.5088856933759343
    ],
    "test_mae": [
      -1.9892067301862364,
      -1.6966960028176634,
      -1.8736011938156032,
      -1.9229509918392058,
      -1.9468405473650838
    ]
  },
  "r_avg": 0.584965550235091,
  "r_stdev": 0.0687186114531764,
  "r_stderr": 0.02597319376382566,
  "r2_avg": 0.31206817624332356,
  "r2_stdev": 0.09425094326820703,
  "r2_stderr": 0.03562350810299044,
  "rmse_avg": 2.547874419345715,
  "rmse_stdev": 0.21762518929147562,
  "rmse_stderr": 0.0822545899840859,
  "mae_avg": 1.9166601672029167,
  "mae_stdev": 0.14235520543711064,
  "mae_stderr": 0.053805210203157795
}