{
  "6": {
    "fit_time": [
      0.01676630973815918,
      0.016640663146972656,
      0.016782283782958984,
      0.016800880432128906,
      0.014590978622436523
    ],
    "score_time": [
      0.03290200233459473,
      0.032718658447265625,
      0.033010244369506836,
      0.032561302185058594,
      0.03114628791809082
    ],
    "test_r": [
      0.709009208846181,
      0.543854363064382,
      0.7212957469120846,
      0.723375433517797,
      0.5720907203153947
    ],
    "test_r2": [
      0.48883355384747795,
      0.2751451332784566,
      0.5169589311647174,
      0.5061711659014039,
      0.28266190937710844
    ],
    "test_rmse": [
      -2.1188915872679033,
      -2.7592303815417583,
      -2.0984753866474306,
      -2.213994157020598,
      -2.614257461468541
    ],
    "test_mae": [
      -1.5304471755599096,
      -1.9292201813342398,
      -1.65981285709116,
      -1.5546788702073913,
      -1.9239669182658863
    ],
    "best_params": {
      "check_inverse": true,
      "func": null,
      "inverse_func": null,
      "regressor__algorithm": "kd_tree",
      "regressor__leaf_size": 95,
      "regressor__metric": "minkowski",
      "regressor__metric_params": null,
      "regressor__n_jobs": null,
      "regressor__n_neighbors": 10,
      "regressor__p": 2,
      "regressor__weights": "distance",
      "transformer__memory": null,
      "transformer__verbose": false,
      "transformer__MinMax__clip": false,
      "transformer__MinMax__copy": true,
      "transformer__Standard__copy": true,
      "transformer__Standard__with_mean": true,
      "transformer__Standard__with_std": true
    }
  },
  "13": {
    "fit_time": [
      0.016243696212768555,
      0.015969514846801758,
      0.017077207565307617,
      0.01744985580444336,
      0.01507258415222168
    ],
    "score_time": [
      0.03326559066772461,
      0.03330183029174805,
      0.03399467468261719,
      0.03310060501098633,
      0.03120589256286621
    ],
    "test_r": [
      0.5970736218556154,
      0.6886959518475769,
      0.6565315814068726,
      0.7219479537328006,
      0.61093320588712
    ],
    "test_r2": [
      0.31332338919335023,
      0.46190500829450964,
      0.4234576810528754,
      0.519157828106459,
      0.3357546686717292
    ],
    "test_rmse": [
      -2.5637538254066357,
      -2.276575526331091,
      -2.2210708641559185,
      -2.18581537945519,
      -2.5260742812117
    ],
    "test_mae": [
      -1.8580351849095356,
      -1.6709274470465505,
      -1.6666570771462008,
      -1.603103946329906,
      -1.7777524348410008
    ],
    "best_params": {
      "check_inverse": true,
      "func": null,
      "inverse_func": null,
      "regressor__algorithm": "kd_tree",
      "regressor__leaf_size": 100,
      "regressor__metric": "minkowski",
      "regressor__metric_params": null,
      "regressor__n_jobs": null,
      "regressor__n_neighbors": 11,
      "regressor__p": 2,
      "regressor__weights": "distance",
      "transformer__memory": null,
      "transformer__verbose": false,
      "transformer__MinMax__clip": false,
      "transformer__MinMax__copy": true,
      "transformer__Standard__copy": true,
      "transformer__Standard__with_mean": true,
      "transformer__Standard__with_std": true
    }
  },
  "42": {
    "fit_time": [
      0.03032970428466797,
      0.030403852462768555,
      0.02714371681213379,
      0.02744746208190918,
      0.025339365005493164
    ],
    "score_time": [
      0.19684410095214844,
      0.1965329647064209,
      0.20064735412597656,
      0.19923901557922363,
      0.19333648681640625
    ],
    "test_r": [
      0.7081427844334824,
      0.7438883275344794,
      0.6295063286440493,
      0.6426187360141088,
      0.546212930408263
    ],
    "test_r2": [
      0.4995829956511627,
      0.5210078300254577,
      0.35468087617755595,
      0.391760512708329,
      0.2623332343802943
    ],
    "test_rmse": [
      -2.2202263897948127,
      -1.7843197524693366,
      -2.7919998322527566,
      -2.327195576345094,
      -2.7340705924275763
    ],
    "test_mae": [
      -1.6883522802999311,
      -1.4361508165688157,
      -2.083857403360261,
      -1.6354424128879683,
      -1.8557803498994352
    ],
    "best_params": {
      "check_inverse": true,
      "func": null,
      "inverse_func": null,
      "regressor__algorithm": "kd_tree",
      "regressor__leaf_size": 1,
      "regressor__metric": "minkowski",
      "regressor__metric_params": null,
      "regressor__n_jobs": null,
      "regressor__n_neighbors": 15,
      "regressor__p": 2,
      "regressor__weights": "distance",
      "transformer__memory": null,
      "transformer__verbose": false,
      "transformer__MinMax__clip": false,
      "transformer__MinMax__copy": true,
      "transformer__Standard__copy": true,
      "transformer__Standard__with_mean": true,
      "transformer__Standard__with_std": true
    }
  },
  "69": {
    "fit_time": [
      0.024365901947021484,
      0.02305746078491211,
      0.02223348617553711,
      0.02138233184814453,
      0.019757986068725586
    ],
    "score_time": [
      0.05289435386657715,
      0.05240583419799805,
      0.052280426025390625,
      0.05272793769836426,
      0.04810905456542969
    ],
    "test_r": [
      0.6762912152794284,
      0.6359731166336504,
      0.6113174387708205,
      0.7162990541399343,
      0.6189599976811182
    ],
    "test_r2": [
      0.44737177422286567,
      0.3900246509855815,
      0.3394909350181632,
      0.5117673613129701,
      0.34193951289996904
    ],
    "test_rmse": [
      -2.2124860545413227,
      -2.4762047067902673,
      -2.4009971674125645,
      -2.271452902714451,
      -2.5064290748653537
    ],
    "test_mae": [
      -1.6562078325508847,
      -1.7513447246907596,
      -1.784034789666352,
      -1.6263304693073168,
      -1.8718536060717637
    ],
    "best_params": {
      "check_inverse": true,
      "func": null,
      "inverse_func": null,
      "regressor__algorithm": "ball_tree",
      "regressor__leaf_size": 1,
      "regressor__metric": "minkowski",
      "regressor__metric_params": null,
      "regressor__n_jobs": null,
      "regressor__n_neighbors": 11,
      "regressor__p": 2,
      "regressor__weights": "distance",
      "transformer__memory": null,
      "transformer__verbose": false,
      "transformer__MinMax__clip": false,
      "transformer__MinMax__copy": true,
      "transformer__Standard__copy": true,
      "transformer__Standard__with_mean": true,
      "transformer__Standard__with_std": true
    }
  },
  "420": {
    "fit_time": [
      0.018758535385131836,
      0.018280506134033203,
      0.018405914306640625,
      0.018942594528198242,
      0.01600933074951172
    ],
    "score_time": [
      0.0361933708190918,
      0.036039113998413086,
      0.03674030303955078,
      0.03582143783569336,
      0.03395223617553711
    ],
    "test_r": [
      0.660085122538625,
      0.49003156798126246,
      0.7484657296276093,
      0.7667677134964114,
      0.6092393142498386
    ],
    "test_r2": [
      0.40477195056469306,
      0.142233206310856,
      0.5493665567684041,
      0.5847960852726442,
      0.35569683845778133
    ],
    "test_rmse": [
      -2.38094866138437,
      -2.6492082671413173,
      -1.942686630973787,
      -2.126242056157513,
      -2.6405448593287564
    ],
    "test_mae": [
      -1.786994274667722,
      -1.82350724256983,
      -1.4811542985299206,
      -1.6307951121325295,
      -1.9069149842326774
    ],
    "best_params": {
      "check_inverse": true,
      "func": null,
      "inverse_func": null,
      "regressor__algorithm": "kd_tree",
      "regressor__leaf_size": 46,
      "regressor__metric": "minkowski",
      "regressor__metric_params": null,
      "regressor__n_jobs": null,
      "regressor__n_neighbors": 11,
      "regressor__p": 2,
      "regressor__weights": "distance",
      "transformer__memory": null,
      "transformer__verbose": false,