{
  "6": {
    "fit_time": [
      0.022825002670288086,
      0.02413797378540039,
      0.024425983428955078,
      0.02053093910217285,
      0.022341012954711914
    ],
    "score_time": [
      0.008819103240966797,
      0.008305788040161133,
      0.008787870407104492,
      0.008297204971313477,
      0.008574962615966797
    ],
    "test_r": [
      NaN,
      NaN,
      NaN,
      NaN,
      NaN
    ],
    "test_r2": [
      -0.024166454904600787,
      -0.034945100909377746,
      -0.03547734218701026,
      -0.03504434985521132,
      -0.06132519939424652
    ],
    "test_rmse": [
      -2.9992511985227486,
      -3.2970162702140184,
      -3.0724310928368506,
      -3.205292945620318,
      -3.179879390587004
    ],
    "test_mae": [
      -2.291448018839785,
      -2.565268143684976,
      -2.398602758125,
      -2.490889798811924,
      -2.515380628726878
    ]
  },
  "13": {
    "fit_time": [
      0.031137704849243164,
      0.03018784523010254,
      0.030612945556640625,
      0.03078770637512207,
      0.029906034469604492
    ],
    "score_time": [
      0.009199142456054688,
      0.010176897048950195,
      0.009023904800415039,
      0.009795188903808594,
      0.010640144348144531
    ],
    "test_r": [
      NaN,
      NaN,
      NaN,
      NaN,
      NaN
    ],
    "test_r2": [
      -0.14682489159284806,
      -0.05033707613938154,
      -0.0020191883025872936,
      -0.02696264381829816,
      -0.03733650180149417
    ],
    "test_rmse": [
      -3.3132083655367093,
      -3.180657719627354,
      -2.9280928150035477,
      -3.194401678619043,
      -3.1567609232601765
    ],
    "test_mae": [
      -2.522088544867915,
      -2.364452060160713,
      -2.377345802522158,
      -2.5616948063018286,
      -2.4796846293375325
    ]
  },
  "42": {
    "fit_time": [
      0.03356003761291504,
      0.031466007232666016,
      0.03150796890258789,
      0.029456138610839844,
      0.026463031768798828
    ],
    "score_time": [
      0.01025700569152832,
      0.012006282806396484,
      0.009741067886352539,
      0.009863138198852539,
      0.011508941650390625
    ],
    "test_r": [
      NaN,
      NaN,
      NaN,
      NaN,
      NaN
    ],
    "test_r2": [
      -0.0246816154647167,
      -0.0025118893823270483,
      -0.08195882317405356,
      -0.05706522977740347,
      -0.029424227196491737
    ],
    "test_rmse": [
      -3.1770620955464444,
      -2.5813877337653754,
      -3.615209641421985,
      -3.0679372383414547,
      -3.2298087550098638
    ],
    "test_mae": [
      -2.500328522376831,
      -2.094285899650443,
      -2.7559726045170607,
      -2.4022755273063234,
      -2.5244589426663495
    ]
  },
  "69": {
    "fit_time": [
      0.02398991584777832,
      0.023418903350830078,
      0.027508258819580078,
      0.025815963745117188,
      0.024626731872558594
    ],
    "score_time": [
      0.008260965347290039,
      0.008329153060913086,
      0.01098775863647461,
      0.009881973266601562,
      0.00997304916381836
    ],
    "test_r": [
      NaN,
      NaN,
      NaN,
      NaN,
      NaN
    ],
    "test_r2": [
      -0.012348644926567953,
      -0.04606090791479045,
      -0.05507079509746893,
      -0.01947151189927765,
      -0.07142350825724808
    ],
    "test_rmse": [
      -2.9945327244429403,
      -3.2427158095100133,
      -3.0345413333692246,
      -3.2822970249235413,
      -3.1981814355210716
    ],
    "test_mae": [
      -2.356854239671629,
      -2.540985982017859,
      -2.2602435763397257,
      -2.5840650282082174,
      -2.5199308215338396
    ]
  },
  "420": {
    "fit_time": [
      0.025016069412231445,
      0.024641036987304688,
      0.030059099197387695,
      0.02460789680480957,
      0.024106979370117188
    ],
    "score_time": [
      0.009968996047973633,
      0.01036214828491211,
      0.008735895156860352,
      0.010531187057495117,
      0.008769750595092773
    ],
    "test_r": [
      NaN,
      NaN,
      NaN,
      NaN,
      NaN
    ],
    "test_r2": [
      -0.06704181914364216,
      -0.03545368405980853,
      -0.009724845519623937,
      -0.03238370547193248,
      -0.05200373683439552
    ],
    "test_rmse": [
      -3.1878586541810088,
      -2.910695843147859,
      -2.907987686612949,
      -3.352760682358862,
      -3.374093086637252
    ],
    "test_mae": [
      -2.4863026373591706,
      -2.2501402518097806,
      -2.275220318700221,
      -2.6254055776256022,
      -2.6322133215145285
    ]
  },
  "1234567890": {
    "fit_time": [
      0.022387266159057617,
      0.025606870651245117,
      0.023485898971557617,
      0.023326873779296875,
      0.024897098541259766
    ],
    "score_time": [
      0.00910806655883789,
      0.009819746017456055,
      0.009096860885620117,
      0.008955240249633789,
      0.009683847427368164
    ],
    "test_r": [
      NaN,
      NaN,
      NaN,
      NaN,
      NaN
    ],
    "test_r2": [
      -0.03528648593172523,
      -0.003923333381721905,
      -0.06892608315399773,
      -0.01971983009282874,
      -0.0971988834230324
    ],
    "test_rmse": [
      -3.1279980729797083,
      -3.280214373441033,
      -3.4636032934143173,
      -2.8786753880612146,
      -2.9880089222005806
    ],
    "test_mae": [
      -2.4766739311396813,
      -2.624751930106887,
      -2.6910502864059884,
      -2.2164255489768325,
      -2.2845047469460247
    ]
  },
  "473129": {
    "fit_time": [
      0.0258786678314209,
      0.024782180786132812,
      0.02355790138244629,
      0.0261383056640625,
      0.026226043701171875
    ],
    "score_time": [
      0.008793115615844727,
      0.008470773696899414,
      0.008544921875,
      0.008488893508911133,
      0.009571075439453125
    ],
    "test_r": [
      NaN,
      NaN,
      NaN,
      NaN,
      NaN
    ],
    "test_r2": [
      -0.056998569098743346,
      -0.07238258467612435,
      -0.08894385680659411,
      -0.06527732466805891,
      -0.026565910025484474
    ],
    "test_rmse": [
      -3.1567967195564095,
      -3.131446955678505,
      -3.31581754021142,
      -3.3254380479214234,
      -2.8688689368511207
    ],
    "test_mae": [
      -2.4527750333839284,
      -2.440875833749307,
      -2.5081812947185633,
      -2.576427861230694,
      -2.3621133018647975
    ]
  },
  "r_avg": NaN,
  "r_stdev": NaN,
  "r_stderr": NaN,
  "r2_avg": -0.04532247297951758,
  "r2_stdev": 0.02996667630222902,
  "r2_stderr": 0.01132633901641009,
  "rmse_avg": -3.1491694398552386,
  "rmse_stdev": 0.1938010123094752,
  "rmse_stderr": 0.07324989748620554,
  "mae_avg": -2.4574090917485427,
  "mae_stdev": 0.1431122253539722,
  "mae_stderr": 0.054091336837091865
}