{
  "6": {
    "fit_time": [
      0.03627920150756836,
      0.03170609474182129
    ],
    "score_time": [
      0.009354829788208008,
      0.009105920791625977
    ],
    "test_r": [
      -0.0601548162318213,
      -0.04308107341480403
    ],
    "test_r2": [
      -2.2322524343767726e+21,
      -1.1803350745168413e+23
    ],
    "test_rmse": [
      -145997422410.47528,
      -1064024131957.6632
    ],
    "test_mae": [
      -83328041609.65219,
      -481052002138.5634
    ]
  },
  "r_avg": -0.05161794482331267,
  "r_stdev": 0.008536871408508635,
  "r_stderr": 0.003226634103064505,
  "r2_avg": -6.013287994303046e+22,
  "r2_stdev": 5.7900627508653676e+22,
  "r2_stderr": 2.188438016321185e+22,
  "rmse_avg": 605010777184.0692,
  "rmse_stdev": 459013354773.59393,
  "rmse_stderr": 173490740741.19888,
  "mae_avg": 282190021874.1078,
  "mae_stdev": 198861980264.4556,
  "mae_stderr": 75162763572.2263
}