{
  "6": {
    "fit_time": [
      0.03760123252868652,
      0.06085205078125,
      0.03752636909484863,
      0.05014324188232422,
      0.034821510314941406
    ],
    "score_time": [
      0.00666499137878418,
      0.006708860397338867,
      0.006804704666137695,
      0.006803750991821289,
      0.006362199783325195
    ],
    "test_r": [
      0.0218893210422325,
      0.20382356853902697,
      0.006420711385396051,
      -0.04777536958868465,
      0.02129136764100362
    ],
    "test_r2": [
      -6.910744483541582e+23,
      -8.989606589278408e+23,
      -8.291808075256327e+23,
      -5.503600920842266e+23,
      -1.9612190270255317e+20
    ],
    "test_rmse": [
      -2463712264322.261,
      -3072789264668.5894,
      -2749390780081.7373,
      -2337285234992.879,
      -43226438921.41757
    ],
    "test_mae": [
      -1030120356303.6478,
      -1263636443343.3237,
      -1250213304491.104,
      -681879092795.419,
      -20386146492.361958
    ]
  },
  "13": {
    "fit_time": [
      0.1243889331817627,
      0.12224841117858887,
      0.12142634391784668,
      0.11852478981018066,
      0.03563284873962402
    ],
    "score_time": [
      0.008410215377807617,
      0.008331537246704102,
      0.008254766464233398,
      0.008050680160522461,
      0.0062291622161865234
    ],
    "test_r": [
      -0.006036844600669581,
      -0.012742295073517106,
      0.10263270663834075,
      -0.09380029282492947,
      0.1378759682831527
    ],
    "test_r2": [
      -1.4208657843224013e+25,
      -6.499785814120375e+24,
      -2.938812039067507e+24,
      -6.98342887295421e+21,
      -7.000143773700967e+23
    ],
    "test_rmse": [
      -11662098950909.785,
      -7912288435048.81,
      -5014558763249.545,
      -263418674058.25974,
      -2593195992820.127
    ],
    "test_mae": [
      -3125380016304.5615,
      -3211978123919.7866,
      -2159495625603.283,
      -121514092091.52664,
      -1200802442038.931
    ]
  },
  "42": {
    "fit_time": [
      0.14438605308532715,
      0.14461779594421387,
      0.14358901977539062,
      0.14115262031555176,
      0.0377507209777832
    ],
    "score_time": [
      0.00977015495300293,
      0.009551048278808594,
      0.009525299072265625,
      0.009368181228637695,
      0.0063474178314208984
    ],
    "test_r": [
      -0.007209127979675017,
      0.034041153965802394,
      0.06962662353223209,
      0.012818645871061032,
      -0.004845825154270655
    ],
    "test_r2": [
      -6.707264811831403e+23,
      -1.1447763943871232e+23,
      -4.482868493505781e+23,
      -4.46898649754477e+21,
      -3.433547623438352e+23
    ],
    "test_rmse": [
      -2570419206360.578,
      -872305897938.5243,
      -2327052168652.9243,
      -199480339306.82556,
      -1865310576165.3167
    ],
    "test_mae": [
      -759320476227.5175,
      -355998810049.8402,
      -1185016409962.8687,
      -102150699680.96896,
      -882677631839.9347
    ]
  },
  "69": {
    "fit_time": [
      0.1461498737335205,
      0.14606165885925293,
      0.14541840553283691,
      0.14289593696594238,
      0.0383608341217041
    ],
    "score_time": [
      0.01056814193725586,
      0.010497331619262695,
      0.010676383972167969,
      0.009247303009033203,
      0.006196737289428711
    ],
    "test_r": [
      -0.028447608529212593,
      -0.009911291977243476,
      -0.10336137627055558,
      -0.09294974575370285,
      -0.030552531608140924
    ],
    "test_r2": [
      -4.7371536191380665e+20,
      -1.737732723503191e+22,
      -2.325111474883816e+23,
      -3.5173368518773816e+24,
      -2.266113349220143e+25
    ],
    "test_rmse": [
      -64777285480.19223,
      -417947654569.3875,
      -1424538352922.0496,
      -6096734924488.247,
      -14708328705895.232
    ],
    "test_mae": [
      -30015073821.6881,
      -192454508799.60104,
      -642466071737.0557,
      -3253868080915.773,
      -3553775342789.7266
    ]
  },
  "420": {
    "fit_time": [
      0.1460273265838623,
      0.1482408046722412,
      0.14720368385314941,
      0.14536261558532715,
      0.039203643798828125
    ],
    "score_time": [
      0.011124849319458008,
      0.010721921920776367,
      0.010527849197387695,
      0.010431051254272461,
      0.006170749664306641
    ],
    "test_r": [
      0.00979191828012732,
      -0.022404277659760396,
      -0.058325765054707546,
      0.01573078313076869,
      -0.17919392111181462
    ],
    "test_r2": [
      -1.987478698751701e+22,
      -3.5180503532336356e+23,
      -7.277810406786748e+21,
      -1.4275646813211776e+25,
      -7.339015527245828e+21
    ],
    "test_rmse": [
      -435070441153.9227,
      -1696611914088.0054,
      -246883127688.11932,
      -12467514490159.367,
      -281817087346.1623
    ],
    "test_mae": [
      -210998611311.63922,
      -726716228876.1537,
      -115321348447.50516,
      -4015745442988.3193,
      -127070955681.14473
    ]
  },
  "1234567890": {
    "fit_time": [
      0.14992618560791016,
      0.14861297607421875,
      0.15027832984924316,
      0.14136648178100586,
      0.03786635398864746
    ],
    "score_time": [
      0.010270118713378906,
      0.010315895080566406,
      0.009729146957397461,
      0.009166479110717773,
      0.006186246871948242
    ],
    "test_r": [
      -0.07505491217620489,
      -0.1746730928439645,
      -0.07792498347811498,
      -0.05768056944315945,
      0.03513601248887406
    ],
    "test_r2": [
      -3.171432841336443e+24,
      -1.6674426703376167e+24,
      -2.0365153036847602e+25,
      -8.254799696639214e+21,
      -2.2066808977573657e+23
    ],
    "test_rmse": [
      -5474745860839.616,
      -4227439574410.0796,
      -15118132442400.547,
      -259003439837.33786,
      -1340012899979.9233
    ],
    "test_mae": [
      -2346897230357.5195,
      -1739627719858.18,
      -3904816686718.665,
      -105601593297.33855,
      -601987063772.3356
    ]
  },
  "473129": {
    "fit_time": [
      0.14728784561157227,
      0.14572501182556152,
      0.14770770072937012,
      0.14197349548339844,
      0.03829789161682129
    ],
    "score_time": [
      0.01042485237121582,
      0.010468244552612305,
      0.010115623474121094,
      0.009367227554321289,
      0.0062029361724853516
    ],
    "test_r": [
      0.01599599571033815,
      -0.017234737468499364,
      -0.1584259417695357,
      -0.07365133590548882,
      -0.033951965158041775
    ],
    "test_r2": [
      -3.0012843746950263e+25,
      -9.16377660285312e+22,
      -4.767757110941344e+23,
      -5.123352851024458e+24,
      -9.900571658845663e+24
    ],
    "test_rmse": [
      -16821433015199.225,
      -915392668706.224,
      -2194042021926.6328,
      -7292805880277.996,
      -8909378811029.637
    ],
    "test_mae": [
      -5219395814609.836,
      -416912956693.92053,
      -996287703225.056,
      -3790159402547.504,
      -4047339928235.2495
    ]
  },
  "r_avg": -0.019402258140615358,
  "r_stdev": 0.07800002747847402,
  "r_stderr": 0.029481239280606676,
  "r2_avg": -4.029549986223464e+24,
  "r2_stdev": 7.311024544335574e+24,
  "r2_stderr": 2.7633075390573203e+24,
  "rmse_avg": 4181118388168.442,
  "rmse_stdev": 4712673192873.973,
  "rmse_stderr": 1781223039809.3232,
  "mae_avg": 1525372212452.2651,
  "mae_stdev": 1474137646693.6924,
  "mae_stderr": 557171658775.6438
}