{
  "6": {
    "fit_time": [
      1.742922067642212,
      0.06883406639099121
    ],
    "score_time": [
      0.037999868392944336,
      0.03891921043395996
    ],
    "test_r": [
      -0.060154816231820084,
      -0.04308107341480256
    ],
    "test_r2": [
      -2.2322524343767104e+21,
      -1.1803350745168244e+23
    ],
    "test_rmse": [
      -145997422410.47324,
      -1064024131957.6555
    ],
    "test_mae": [
      -83328041609.65102,
      -481052002138.5593
    ]
  },
  "r_avg": -0.05161794482331132,
  "r_stdev": 0.008536871408508763,
  "r_stderr": 0.0032266341030645538,
  "r2_avg": -6.0132879943029576e+22,
  "r2_stdev": 5.790062750865286e+22,
  "r2_stderr": 2.1884380163211545e+22,
  "rmse_avg": 605010777184.0643,
  "rmse_stdev": 459013354773.5911,
  "rmse_stderr": 173490740741.1978,
  "mae_avg": 282190021874.10516,
  "mae_stdev": 198861980264.45416,
  "mae_stderr": 75162763572.22575
}