{
  "6": {
    "fit_time": [
      8.871991157531738,
      8.467159032821655
    ],
    "score_time": [
      0.22578978538513184,
      1.4919350147247314
    ],
    "test_r": [
      0.5601110947584511,
      0.6433680605024121
    ],
    "test_r2": [
      0.28599007697625134,
      0.4040422092710848
    ],
    "test_rmse": [
      -2.611112954738603,
      -2.390873355929315
    ],
    "test_mae": [
      -1.9107204067338404,
      -1.827420878955758
    ]
  },
  "r_avg": 0.6017395776304316,
  "r_stdev": 0.04162848287198051,
  "r_stderr": 0.015734087590881754,
  "r2_avg": 0.3450161431236681,
  "r2_stdev": 0.059026066147416734,
  "r2_stderr": 0.022309755985216152,
  "rmse_avg": 2.5009931553339593,
  "rmse_stdev": 0.11011979940464411,
  "rmse_stderr": 0.04162137194985813,
  "mae_avg": 1.8690706428447992,
  "mae_stdev": 0.04164976388904118,
  "mae_stderr": 0.01574213105928019
}