{
  "6": {
    "fit_time": [
      11.019275665283203,
      11.290430068969727
    ],
    "score_time": [
      0.41199731826782227,
      0.4716989994049072
    ],
    "test_r": [
      0.5593302446410812,
      0.6434260399179801
    ],
    "test_r2": [
      0.2847185922168267,
      0.4043660657183624
    ],
    "test_rmse": [
      -2.6134368115247377,
      -2.390223641314942
    ],
    "test_mae": [
      -1.913784040679731,
      -1.8258457724872914
    ]
  },
  "r_avg": 0.6013781422795306,
  "r_stdev": 0.04204789763844946,
  "r_stderr": 0.01589261147206248,
  "r2_avg": 0.34454232896759457,
  "r2_stdev": 0.05982373675076785,
  "r2_stderr": 0.02261124713444671,
  "rmse_avg": 2.5018302264198398,
  "rmse_stdev": 0.11160658510489796,
  "rmse_stderr": 0.04218332412353223,
  "mae_avg": 1.8698149065835112,
  "mae_stdev": 0.04396913409621983,
  "mae_stderr": 0.016618770597349772
}