{
  "6": {
    "fit_time": [
      9.798151969909668,
      9.699992895126343,
      9.703705310821533,
      9.728272676467896,
      8.767806768417358
    ],
    "score_time": [
      0.11527895927429199,
      0.12210655212402344,
      0.12316298484802246,
      0.1223440170288086,
      0.11117029190063477
    ],
    "test_r": [
      0.6840362550542503,
      0.5754770402272948,
      0.7126674587619711,
      0.7008568709886759,
      0.6643908488313475
    ],
    "test_r2": [
      0.4431888783243687,
      0.32924045436841365,
      0.5053143960776263,
      0.44930045701850607,
      0.4242636030537451
    ],
    "test_rmse": [
      -2.2114723724291796,
      -2.6542746830899575,
      -2.123618437656074,
      -2.338005918852466,
      -2.34206127243115
    ],
    "test_mae": [
      -1.6384789224462024,
      -1.951228574877124,
      -1.6869879043049478,
      -1.6993464248803616,
      -1.7542103779328824
    ]
  },
  "13": {
    "fit_time": [
      9.762106895446777,
      9.933666944503784,
      9.842836380004883,
      9.811338663101196,
      8.814496040344238
    ],
    "score_time": [
      0.11644935607910156,
      0.1106424331665039,
      0.11887454986572266,
      0.11541295051574707,
      0.10943889617919922
    ],
    "test_r": [
      0.5358426090916992,
      0.7002649981905631,
      0.6524237864178386,
      0.6999549195482225,
      0.6342372994153153
    ],
    "test_r2": [
      0.24873866491665675,
      0.47899106983312145,
      0.4172007110888619,
      0.4746325058439804,
      0.3795680185807374
    ],
    "test_rmse": [
      -2.681610594604072,
      -2.2401400544799333,
      -2.233090512509041,
      -2.2847769117329797,
      -2.4413438402873626
    ],
    "test_mae": [
      -2.0142716070151385,
      -1.6376300396515582,
      -1.7583795066726908,
      -1.7572179315866139,
      -1.7873137630786624
    ]
  },
  "42": {
    "fit_time": [
      9.723886013031006,
      9.792369365692139,
      9.777592182159424,
      9.82443380355835,
      8.775890827178955
    ],
    "score_time": [
      0.11754488945007324,
      0.12239193916320801,
      0.12304234504699707,
      0.1185309886932373,
      0.11006832122802734
    ],
    "test_r": [
      0.6924036561217991,
      0.7216579435906034,
      0.6171962996984677,
      0.6124132522290163,
      0.5700276391449396
    ],
    "test_r2": [
      0.4686821053046639,
      0.5096536029341521,
      0.3606398181430579,
      0.36760969836199964,
      0.30418709634624264
    ],
    "test_rmse": [
      -2.2877494130061664,
      -1.805344014320805,
      -2.7790791310908554,
      -2.372947760429623,
      -2.655374951011913
    ],
    "test_mae": [
      -1.8052953451916776,
      -1.443600864153512,
      -2.093658520967819,
      -1.736172148907677,
      -1.9179459071166671
    ]
  },
  "69": {
    "fit_time": [
      9.699485301971436,
      9.823362588882446,
      9.797646284103394,
      9.855533599853516,
      8.731403112411499
    ],
    "score_time": [
      0.11352205276489258,
      0.11862730979919434,
      0.11844992637634277,
      0.11889457702636719,
      0.11014842987060547
    ],
    "test_r": [
      0.6995300219414227,
      0.640648635182105,
      0.6099831176531023,
      0.6824018478434514,
      0.579378440147099
    ],
    "test_r2": [
      0.4850287606289242,
      0.3956102115715119,
      0.36720497114349127,
      0.45846941913928807,
      0.317258193384766
    ],
    "test_rmse": [
      -2.1357749964304924,
      -2.464841296836083,
      -2.350086165504265,
      -2.3922239018469043,
      -2.5529996835446185
    ],
    "test_mae": [
      -1.6292865007273833,
      -1.875476176949172,
      -1.732520752901691,
      -1.7677435775999426,
      -1.9770819917478415
    ]
  },
  "420": {
    "fit_time": [
      9.74617624282837,
      9.700850009918213,
      9.66681981086731,
      9.812615156173706,
      8.727271318435669
    ],
    "score_time": [
      0.11509323120117188,
      0.11765670776367188,
      0.11542654037475586,
      0.11240100860595703,
      0.10965752601623535
    ],
    "test_r": [
      0.6324031292573218,
      0.5341860593303065,
      0.7615150947527761,
      0.7501616026483584,
      0.6364582387094255
    ],
    "test_r2": [
      0.3619854895589806,
      0.2660271283932518,
      0.5589736726667813,
      0.5283639383868337,
      0.38596337793322677
    ],
    "test_rmse": [
      -2.4650379788295926,
      -2.4505947059365845,
      -1.9218668675667594,
      -2.266133475853284,
      -2.57777825418766
    ],
    "test_mae": [
      -1.8658222209147546,
      -1.7894667155843602,
      -1.444930315287093,
      -1.833444738702125,
      -1.9145641287025066
    ]
  },
  "1234567890": {
    "fit_time": [
      9.670523881912231,
      9.597926616668701,
      9.7152841091156,
      9.737721920013428,
      8.821945905685425
    ],
    "score_time": [
      0.1146998405456543,
      0.11280393600463867,
      0.11562609672546387,
      0.1148526668548584,
      0.10944342613220215
    ],
    "test_r": [
      0.7204089431336618,
      0.7007954171308104,
      0.5591493923712731,
      0.6466988179482057,
      0.7136758120260968
    ],
    "test_r2": [
      0.4681795009555978,
      0.48307572836494395,
      0.27394787156292355,
      0.40120233251059023,
      0.4575564690614726
    ],
    "test_rmse": [
      -2.241912925943823,
      -2.3537775450904403,
      -2.85455363901554,
      -2.2059329724668286,
      -2.100953685002015
    ],
    "test_mae": [
      -1.75212504100011,
      -1.8443736136200821,
      -2.1030729075224115,
      -1.5920461762929201,
      -1.568819520122503
    ]
  },
  "473129": {
    "fit_time": [
      9.800122737884521,
      9.85062861442566,
      9.755088567733765,
      9.928543329238892,
      8.77827000617981
    ],
    "score_time": [
      0.1176614761352539,
      0.11473655700683594,
      0.11412644386291504,
      0.11220502853393555,
      0.10965847969055176
    ],
    "test_r": [
      0.6713398971718633,
      0.6900119629526953,
      0.6642425773262755,
      0.6813988206353376,
      0.6865521226565366
    ],
    "test_r2": [
      0.43731241287832967,
      0.45251649430932506,
      0.42764386270235966,
      0.4247650952555334,
      0.4453817744472899
    ],
    "test_rmse": [
      -2.303260630434997,
      -2.237462179229734,
      -2.4039257638797356,
      -2.443656373417776,
      -2.108697861145325
    ],
    "test_mae": [
      -1.6720201247279327,
      -1.741969559499855,
      -1.7101600369937429,
      -1.814735876429411,
      -1.6528952005962068
    ]
  },
  "r_avg": 0.6581368808037179,
  "r_stdev": 0.05762749058295555,
  "r_stderr": 0.021781144109031,
  "r2_avg": 0.415933651001473,
  "r2_stdev": 0.07450602197252759,
  "r2_stderr": 0.028160629330860294,
  "rmse_avg": 2.3509245934312584,
  "rmse_stdev": 0.2198285117920753,
  "rmse_stderr": 0.08308736761189443,
  "mae_avg": 1.7704083718487307,
  "mae_stdev": 0.1520911772322785,
  "mae_stderr": 0.057485061651951115
}