{
  "6": {
    "fit_time": [
      0.9989943504333496,
      1.0720539093017578,
      0.7709810733795166,
      1.0334813594818115,
      0.641502857208252
    ],
    "score_time": [
      0.0100250244140625,
      0.0073468685150146484,
      0.010070323944091797,
      0.008804082870483398,
      0.0067861080169677734
    ],
    "test_r": [
      0.6144843522276439,
      0.4874831352617704,
      0.6188064177507022,
      0.5919068116160717,
      0.4836621595394579
    ],
    "test_r2": [
      0.3101135060758464,
      0.21900660548140627,
      0.18797928686706755,
      0.2938536955199047,
      0.04667185894376957
    ],
    "test_rmse": [
      -2.461593797369851,
      -2.8640863939410606,
      -2.720792395263423,
      -2.6474977126490247,
      -3.0137527281221796
    ],
    "test_mae": [
      -1.8797916651541977,
      -2.14268749992156,
      -2.063852507792837,
      -1.936613957768511,
      -2.3083142959565497
    ]
  },
  "13": {
    "fit_time": [
      1.1668167114257812,
      0.9512631893157959,
      0.9853024482727051,
      0.9971957206726074,
      0.6553173065185547
    ],
    "score_time": [
      0.007539033889770508,
      0.010146856307983398,
      0.009856939315795898,
      0.008771896362304688,
      0.007000446319580078
    ],
    "test_r": [
      0.37585549704332133,
      0.6121738332762776,
      0.5937660808447889,
      0.36349105751728195,
      0.5720308197347458
    ],
    "test_r2": [
      -0.5954993787670482,
      0.285024934616414,
      0.21086317597428228,
      -2.029273116718644,
      0.2101783044050598
    ],
    "test_rmse": [
      -3.9079456366937393,
      -2.6242066753739115,
      -2.598501516635259,
      -5.486323569830124,
      -2.7545229265153366
    ],
    "test_mae": [
      -2.564543777650574,
      -1.9654543880385014,
      -1.90813914098351,
      -2.5514539816214725,
      -2.0251946209876093
    ]
  },
  "42": {
    "fit_time": [
      1.1904845237731934,
      1.369159460067749,
      0.9857673645019531,
      1.0150446891784668,
      0.6057693958282471
    ],
    "score_time": [
      0.008692741394042969,
      0.007669210433959961,
      0.010818958282470703,
      0.009560108184814453,
      0.00701594352722168
    ],
    "test_r": [
      0.5783631221384642,
      0.6271408508755716,
      0.3979222399864738,
      0.5298460017834488,
      0.49659121633472325
    ],
    "test_r2": [
      0.25440142236814356,
      0.1324924671150728,
      -1.2263706093129487,
      0.02956157072412602,
      0.17025465472829726
    ],
    "test_rmse": [
      -2.710090329214134,
      -2.4012927155471595,
      -5.185932386622448,
      -2.9395413257210055,
      -2.8996930477870806
    ],
    "test_mae": [
      -2.0314360692413804,
      -1.8607464595411396,
      -2.535091524601295,
      -2.215744377666577,
      -2.150136207897353
    ]
  },
  "69": {
    "fit_time": [
      1.003119945526123,
      0.9487032890319824,
      0.8900353908538818,
      0.8153035640716553,
      0.5426547527313232
    ],
    "score_time": [
      0.007785320281982422,
      0.00893259048461914,
      0.010645627975463867,
      0.010590791702270508,
      0.007124185562133789
    ],
    "test_r": [
      0.6499811509341442,
      0.5571419602405159,
      0.552380441095683,
      0.5537995962952248,
      0.5192872961875731
    ],
    "test_r2": [
      0.306553297954394,
      0.27648380705030673,
      0.029679967735224633,
      0.18127960514348573,
      0.05403230808868842
    ],
    "test_rmse": [
      -2.4783951699027584,
      -2.6968359594855387,
      -2.9101123449942925,
      -2.9414274191151963,
      -3.0051120120690045
    ],
    "test_mae": [
      -1.8119980663413418,
      -2.033076206616266,
      -2.2110288822155826,
      -2.04916544428616,
      -2.094138488180123
    ]
  },
  "420": {
    "fit_time": [
      1.0542025566101074,
      0.9405941963195801,
      0.9123818874359131,
      1.0882863998413086,
      0.6054134368896484
    ],
    "score_time": [
      0.009001493453979492,
      0.009934425354003906,
      0.010632991790771484,
      0.007970571517944336,
      0.00725245475769043
    ],
    "test_r": [
      0.5608540434956732,
      0.351333924887395,
      0.6411370809607879,
      0.6553683261699063,
      0.7225661200626878
    ],
    "test_r2": [
      0.14406972396896878,
      -0.3473852404869633,
      0.3599799660857589,
      0.37504167547365785,
      0.4983876216934273
    ],
    "test_rmse": [
      -2.855140806173008,
      -3.320300415006546,
      -2.3151963341372586,
      -2.6086001379760804,
      -2.3298745705939643
    ],
    "test_mae": [
      -2.1732463916394815,
      -2.267027092228191,
      -1.7704593037125946,
      -1.9439639609434534,
      -1.7345643331051386
    ]
  },
  "1234567890": {
    "fit_time": [
      0.7277843952178955,
      1.007735013961792,
      0.8788354396820068,
      1.211975336074829,
      0.7477817535400391
    ],
    "score_time": [
      0.01093149185180664,
      0.009241819381713867,
      0.010867834091186523,
      0.008061885833740234,
      0.007413625717163086
    ],
    "test_r": [
      0.5571082962601182,
      -0.0379983825579874,
      0.42608111407197946,
      0.6076963766806228,
      0.48677136529163334
    ],
    "test_r2": [
      0.1693808406243008,
      -162.60538704651609,
      0.030942933587803756,
      0.25552606457692617,
      -0.24317825851037767
    ],
    "test_rmse": [
      -2.8018002943811067,
      -41.87460784971487,
      -3.297835457009967,
      -2.459670944412038,
      -3.18057700403404
    ],
    "test_mae": [
      -2.2472011451279963,
      -6.333340150751281,
      -2.4292946076400463,
      -1.8562678321121762,
      -2.1197202030853686
    ]
  },
  "473129": {
    "fit_time": [
      0.6252923011779785,
      0.8432013988494873,
      0.9093029499053955,
      0.9337460994720459,
      0.6473791599273682
    ],
    "score_time": [
      0.01167154312133789,
      0.010972738265991211,
      0.009298086166381836,
      0.008234024047851562,
      0.0075223445892333984
    ],
    "test_r": [
      0.5281481203628402,
      0.5647557098081,
      -0.03927791757952744,
      0.5711429192595062,
      0.6392854272884021
    ],
    "test_r2": [
      0.08627175892913819,
      0.28292701253682206,
      -87.74660563954659,
      0.2724564994842662,
      0.38353235654500717
    ],
    "test_rmse": [
      -2.9350664690288193,
      -2.560659688425639,
      -29.9339311621052,
      -2.7481915675563884,
      -2.2231687665393767
    ],
    "test_mae": [
      -2.131774053889586,
      -2.030189430253755,
      -5.089569533671925,
      -2.100532795726164,
      -1.7232240527328877
    ]
  },
  "r_avg": 0.5146024732898864,
  "r_stdev": 0.1607344882115281,
  "r_stderr": 0.06075192613127806,
  "r2_avg": -7.106764353358888,
  "r2_stdev": 30.41621833343657,
  "r2_stderr": 11.49624993333095,
  "rmse_avg": 4.819779357998481,
  "rmse_stdev": 7.813481004780101,
  "rmse_stderr": 2.953218230339318,
  "mae_avg": 2.2939709271166455,
  "mae_stdev": 0.8807574700906068,
  "mae_stderr": 0.3328950330317364
}