{
  "6": {
    "fit_time": [
      0.844724178314209,
      0.8482129573822021
    ],
    "score_time": [
      0.06261587142944336,
      0.06067395210266113
    ],
    "test_r": [
      NaN,
      NaN
    ],
    "test_r2": [
      -0.0005153182817800861,
      -0.023246235197861287
    ],
    "test_rmse": [
      -3.0909032191603933,
      -3.1328449339696864
    ],
    "test_mae": [
      -2.4585088809091737,
      -2.482551612235837
    ],
    "best_params": {
      "check_inverse": true,
      "func": null,
      "inverse_func": null,
      "regressor__bootstrap": true,
      "regressor__ccp_alpha": 0.0,
      "regressor__criterion": "squared_error",
      "regressor__max_depth": null,
      "regressor__max_features": "sqrt",
      "regressor__max_leaf_nodes": null,
      "regressor__max_samples": null,
      "regressor__min_impurity_decrease": 0.0,
      "regressor__min_samples_leaf": 0.33396315936390586,
      "regressor__min_samples_split": 0.8436024727918517,
      "regressor__min_weight_fraction_leaf": 0.0,
      "regressor__n_estimators": 895,
      "regressor__n_jobs": null,
      "regressor__oob_score": false,
      "regressor__random_state": null,
      "regressor__verbose": 0,
      "regressor__warm_start": false,
      "transformer__copy": true,
      "transformer__method": "yeo-johnson",
      "transformer__standardize": true
    }
  },
  "r_avg": NaN,
  "r_stdev": NaN,
  "r_stderr": NaN,
  "r2_avg": -0.011880776739820686,
  "r2_stdev": 0.0113654584580406,
  "r2_stderr": 0.00429573951660158,
  "rmse_avg": 3.11187407656504,
  "rmse_stdev": 0.020970857404646548,
  "rmse_stderr": 0.007926239067498883,
  "mae_avg": 2.4705302465725056,
  "mae_stdev": 0.012021365663331673,
  "mae_stderr": 0.004543649137792375
}