{
  "6": {
    "fit_time": [
      1.9634790420532227,
      1.8731281757354736,
      1.9537928104400635,
      2.0366382598876953,
      1.928518295288086
    ],
    "score_time": [
      0.011917829513549805,
      0.012000322341918945,
      0.011983871459960938,
      0.011638164520263672,
      0.011644840240478516
    ],
    "test_r": [
      0.7215912446767168,
      0.580728615694103,
      0.7116772923668693,
      0.7379951383142307,
      0.6598303794153143
    ],
    "test_r2": [
      0.5192392799517769,
      0.3338015850278845,
      0.4996858363018607,
      0.5276835374904117,
      0.42924452950176617
    ],
    "test_rmse": [
      -2.054906453340301,
      -2.645234823074095,
      -2.135665589484862,
      -2.165233759352253,
      -2.3319082095417745
    ],
    "test_mae": [
      -1.4980888405504993,
      -1.9913233209060184,
      -1.6805518350915878,
      -1.532808591029341,
      -1.7322504372448901
    ]
  },
  "13": {
    "fit_time": [
      2.0021209716796875,
      1.8787670135498047,
      1.9071998596191406,
      1.9800035953521729,
      1.9006085395812988
    ],
    "score_time": [
      0.011786937713623047,
      0.011949539184570312,
      0.011905670166015625,
      0.011790752410888672,
      0.011544227600097656
    ],
    "test_r": [
      0.5854992479946375,
      0.6894558921314127,
      0.6612112856872545,
      0.7021043359741785,
      0.6788003150296684
    ],
    "test_r2": [
      0.31792495299939616,
      0.47177409121206015,
      0.41679035807202414,
      0.4904044433631958,
      0.4586015016703806
    ],
    "test_rmse": [
      -2.555149260222365,
      -2.2556018250947605,
      -2.2338765414214152,
      -2.250220197794508,
      -2.280554132107544
    ],
    "test_mae": [
      -1.8883545984604972,
      -1.646207925902219,
      -1.7317084617396883,
      -1.7341548533478455,
      -1.6316036162240362
    ]
  },
  "42": {
    "fit_time": [
      1.9585893154144287,
      1.980180263519287,
      1.92789626121521,
      1.960841178894043,
      1.9261538982391357
    ],
    "score_time": [
      0.011984586715698242,
      0.01188349723815918,
      0.012124776840209961,
      0.011853694915771484,
      0.011721372604370117
    ],
    "test_r": [
      0.6871205105425431,
      0.7429635683394106,
      0.6557788125839619,
      0.6417547672415617,
      0.6032706766954756
    ],
    "test_r2": [
      0.46919736427663294,
      0.5268774383735351,
      0.4151596054797374,
      0.4109445501105822,
      0.3577743839164653
    ],
    "test_rmse": [
      -2.2866398424930527,
      -1.7733534549870462,
      -2.65794996246033,
      -2.2902013493492395,
      -2.5510761757412044
    ],
    "test_mae": [
      -1.7803384349832163,
      -1.4176941517495132,
      -1.958502992273546,
      -1.6797194857476554,
      -1.8353050708979495
    ]
  },
  "69": {
    "fit_time": [
      1.9770746231079102,
      1.9874308109283447,
      1.9934899806976318,
      1.9798524379730225,
      1.9119300842285156
    ],
    "score_time": [
      0.012007474899291992,
      0.012534618377685547,
      0.012079954147338867,
      0.012501001358032227,
      0.01167607307434082
    ],
    "test_r": [
      0.7188050933941692,
      0.698401277028067,
      0.6447431206616576,
      0.700087340257412,
      0.6397679817006525
    ],
    "test_r2": [
      0.509847545728652,
      0.48444732340910923,
      0.41060683316030433,
      0.4889504094763504,
      0.3943965183301684
    ],
    "test_rmse": [
      -2.083673177815048,
      -2.276496178686623,
      -2.268061386253821,
      -2.323923642366249,
      -2.404455224601634
    ],
    "test_mae": [
      -1.558631351223456,
      -1.725941659887437,
      -1.7157972706725815,
      -1.688659886759721,
      -1.8172241152070838
    ]
  },
  "420": {
    "fit_time": [
      1.9439384937286377,
      1.8801956176757812,
      1.935464859008789,
      1.9875149726867676,
      1.9363441467285156
    ],
    "score_time": [
      0.011932849884033203,
      0.011941194534301758,
      0.012030363082885742,
      0.011754035949707031,
      0.011654376983642578
    ],
    "test_r": [
      0.6801542431679676,
      0.5504042570851826,
      0.758793182402459,
      0.7842952778963427,
      0.6466857648360904
    ],
    "test_r2": [
      0.4503962568696973,
      0.27319834290892653,
      0.5749270643151881,
      0.5967517889954704,
      0.4145826341182969
    ],
    "test_rmse": [
      -2.287879662359551,
      -2.438593664990421,
      -1.8867865385555191,
      -2.095406124462701,
      -2.5169884310987425
    ],
    "test_mae": [
      -1.7406590684109207,
      -1.7756260347603916,
      -1.4756764032723149,
      -1.6623234724994245,
      -1.757044237837001
    ]
  },
  "1234567890": {
    "fit_time": [
      1.9733796119689941,
      1.967444896697998,
      1.9172194004058838,
      1.9437346458435059,
      1.9602220058441162
    ],
    "score_time": [
      0.011966228485107422,
      0.01194000244140625,
      0.011945486068725586,
      0.011828184127807617,
      0.011683940887451172
    ],
    "test_r": [
      0.6989595537307648,
      0.6868304282782176,
      0.6154040431020128,
      0.700577443435373,
      0.7224464377799558
    ],
    "test_r2": [
      0.4806240862220059,
      0.46429141192711254,
      0.36068878602196597,
      0.45979319556717535,
      0.5107619871452016
    ],
    "test_rmse": [
      -2.2155273056843665,
      -2.3961624466633253,
      -2.6786160566034107,
      -2.0952328153982123,
      -1.995259136785729
    ],
    "test_mae": [
      -1.6840861027294742,
      -1.867741428361975,
      -1.964938419676616,
      -1.5334307569746022,
      -1.417871627945697
    ]
  },
  "473129": {
    "fit_time": [
      1.9578113555908203,
      1.9151558876037598,
      1.9712371826171875,
      1.939220905303955,
      1.9370992183685303
    ],
    "score_time": [
      0.011841535568237305,
      0.01212930679321289,
      0.011787176132202148,
      0.011916399002075195,
      0.01163482666015625
    ],
    "test_r": [
      0.67171647503169,
      0.6636262203424789,
      0.707915721097439,
      0.7121621065692612,
      0.6459453000595327
    ],
    "test_r2": [
      0.4473648462305313,
      0.4366122152302583,
      0.4965294678971647,
      0.496993909056086,
      0.3857254188859982
    ],
    "test_rmse": [
      -2.2825939962159953,
      -2.269728424450736,
      -2.254628062824198,
      -2.2850943791941405,
      -2.219210820303646
    ],
    "test_mae": [
      -1.684978734979722,
      -1.7369110501899798,
      -1.5550311587573302,
      -1.6979318699991102,
      -1.7484457193505698
    ]
  },
  "r_avg": 0.6773572385869734,
  "r_stdev": 0.05018338768064777,
  "r_stderr": 0.01896753767853378,
  "r2_avg": 0.45093124283552494,
  "r2_stdev": 0.0692063863871376,
  "r2_stderr": 0.026157555359687418,
  "rmse_avg": 2.2783396871936805,
  "rmse_stdev": 0.19968367411426055,
  "rmse_stderr": 0.07547333465514275,
  "mae_avg": 1.7013589424469688,
  "mae_stdev": 0.14140955597935603,
  "mae_stderr": 0.053447788304206115
}