{
  "6": {
    "fit_time": [
      0.03088092803955078,
      0.031023025512695312
    ],
    "score_time": [
      0.033444881439208984,
      0.03538203239440918
    ],
    "test_r": [
      0.5627408486034822,
      0.6530005790260579
    ],
    "test_r2": [
      0.29775557324526536,
      0.3569106221527839
    ],
    "test_rmse": [
      -2.589510559551762,
      -2.483616232135228
    ],
    "test_mae": [
      -1.9109820858659923,
      -1.843585913159046
    ]
  },
  "r_avg": 0.6078707138147701,
  "r_stdev": 0.04512986521128787,
  "r_stderr": 0.017057485721561873,
  "r2_avg": 0.32733309769902463,
  "r2_stdev": 0.029577524453759274,
  "r2_stderr": 0.011179253443082656,
  "rmse_avg": 2.536563395843495,
  "rmse_stdev": 0.05294716370826702,
  "rmse_stderr": 0.020012146828328425,
  "mae_avg": 1.8772839995125192,
  "mae_stdev": 0.033698086353473156,
  "mae_stderr": 0.012736679450009912
}