{
  "6": {
    "fit_time": [
      0.07857990264892578,
      0.0781548023223877
    ],
    "score_time": [
      0.057086944580078125,
      0.0572359561920166
    ],
    "test_r": [
      0.5627408486034822,
      0.6530005790260579
    ],
    "test_r2": [
      0.29775557324526547,
      0.35691062215278413
    ],
    "test_rmse": [
      -2.589510559551762,
      -2.4836162321352275
    ],
    "test_mae": [
      -1.9109820858659923,
      -1.8435859131590455
    ]
  },
  "r_avg": 0.6078707138147701,
  "r_stdev": 0.04512986521128787,
  "r_stderr": 0.017057485721561873,
  "r2_avg": 0.3273330976990248,
  "r2_stdev": 0.02957752445375933,
  "r2_stderr": 0.011179253443082677,
  "rmse_avg": 2.536563395843495,
  "rmse_stdev": 0.05294716370826724,
  "rmse_stderr": 0.020012146828328508,
  "mae_avg": 1.8772839995125188,
  "mae_stdev": 0.03369808635347338,
  "mae_stderr": 0.012736679450009997
}