{
  "6": {
    "fit_time": [
      0.7471568584442139,
      0.7527778148651123
    ],
    "score_time": [
      0.013574838638305664,
      0.013181924819946289
    ],
    "test_r": [
      0.5579408471754479,
      0.6727226473761463
    ],
    "test_r2": [
      0.2522362094379572,
      0.42168403340859784
    ],
    "test_rmse": [
      -2.6721187309105567,
      -2.355219632728202
    ],
    "test_mae": [
      -1.8814159983449175,
      -1.719814384121771
    ]
  },
  "r_avg": 0.6153317472757971,
  "r_stdev": 0.057390900100349196,
  "r_stderr": 0.02169172131195369,
  "r2_avg": 0.3369601214232775,
  "r2_stdev": 0.08472391198532031,
  "r2_stderr": 0.03202262874481174,
  "rmse_avg": 2.5136691818193793,
  "rmse_stdev": 0.15844954909117748,
  "rmse_stderr": 0.05988830032079657,
  "mae_avg": 1.8006151912333443,
  "mae_stdev": 0.08080080711157323,
  "mae_stderr": 0.030539834478645993
}