{
  "6": {
    "fit_time": [
      21.122986793518066,
      20.51169443130493,
      20.793439865112305,
      20.842955112457275,
      19.580414533615112
    ],
    "score_time": [
      0.03182363510131836,
      0.032518625259399414,
      0.03130149841308594,
      0.030603408813476562,
      0.030256032943725586
    ],
    "test_r": [
      0.8052536683892049,
      0.8369626752493687,
      0.8623123553167892,
      0.848700412005634,
      0.783229307578987
    ],
    "test_r2": [
      0.6450335718440026,
      0.6792786219309346,
      0.7367258490647892,
      0.7146944771132423,
      0.6065935744495242
    ],
    "test_rmse": [
      -2.6089515130886207,
      -3.0056084485237258,
      -2.395942792338953,
      -2.520276661830676,
      -2.85968623905924
    ],
    "test_mae": [
      -1.83761821915188,
      -2.1647525327790684,
      -1.8028650110309272,
      -1.66729572000572,
      -2.007030766209144
    ]
  },
  "13": {
    "fit_time": [
      20.97636103630066,
      21.556578397750854,
      21.06504511833191,
      21.12172031402588,
      19.01950478553772
    ],
    "score_time": [
      0.03212451934814453,
      0.03233504295349121,
      0.03182411193847656,
      0.030421733856201172,
      0.03018355369567871
    ],
    "test_r": [
      0.7864750746714708,
      0.7378205169495786,
      0.8811074733426714,
      0.805320770946949,
      0.8326198244507637
    ],
    "test_r2": [
      0.6182910181045858,
      0.5412263831911457,
      0.7647646674854809,
      0.6474658836730247,
      0.686646200633513
    ],
    "test_rmse": [
      -3.0135895609326275,
      -3.4034879861801866,
      -2.196905337241668,
      -2.7375826533313985,
      -2.558272460637081
    ],
    "test_mae": [
      -1.932887722344619,
      -2.3777168397435875,
      -1.6869982699815067,
      -1.8701969799219802,
      -1.7755349496611998
    ]
  },
  "42": {
    "fit_time": [
      20.631683588027954,
      21.718629598617554,
      20.39473581314087,
      21.16706657409668,
      19.847875118255615
    ],
    "score_time": [
      0.03164982795715332,
      0.03347945213317871,
      0.03127622604370117,
      0.030339717864990234,
      0.030503511428833008
    ],
    "test_r": [
      0.838900475879539,
      0.8742656907293205,
      0.7865116626173199,
      0.7969123907279729,
      0.8389862466057694
    ],
    "test_r2": [
      0.6756424717376799,
      0.7542455653360788,
      0.6099547087177732,
      0.631146451562323,
      0.7012399946848311
    ],
    "test_rmse": [
      -2.6645978951425193,
      -2.0331916153924867,
      -3.4290436237174102,
      -2.7566621861980423,
      -2.534180058098383
    ],
    "test_mae": [
      -2.061178938804251,
      -1.5660323220033934,
      -2.3672149851318736,
      -1.7634248684746052,
      -1.8879075426300427
    ]
  },
  "69": {
    "fit_time": [
      21.310675382614136,
      20.683748960494995,
      20.940614938735962,
      21.22499108314514,
      19.05000901222229
    ],
    "score_time": [
      0.031801462173461914,
      0.0319676399230957,
      0.0312647819519043,
      0.030697107315063477,
      0.030342817306518555
    ],
    "test_r": [
      0.8127299893185731,
      0.8949988913448418,
      0.8205179109296732,
      0.8003526013095493,
      0.8033800530472942
    ],
    "test_r2": [
      0.6552030741193107,
      0.7910887504034767,
      0.6676514110112546,
      0.6382193547567012,
      0.6306025717993745
    ],
    "test_rmse": [
      -2.636529619461121,
      -2.2557021034138907,
      -2.6568671424205386,
      -2.947983070016828,
      -2.868808250482271
    ],
    "test_mae": [
      -1.812991208277309,
      -1.7208454183168023,
      -1.8773185974467004,
      -2.054615165386489,
      -2.0341902440752437
    ]
  },
  "420": {
    "fit_time": [
      21.322354555130005,
      20.72274374961853,
      21.20348858833313,
      20.9062283039093,
      19.80916714668274
    ],
    "score_time": [
      0.03253531455993652,
      0.03173470497131348,
      0.0316619873046875,
      0.030676603317260742,
      0.030358314514160156
    ],
    "test_r": [
      0.8440104833898194,
      0.802428944549068,
      0.8712602219784624,
      0.8821047591319641,
      0.78800491468448
    ],
    "test_r2": [
      0.7096464257377956,
      0.6407481399253054,
      0.7523414286081024,
      0.738618645865998,
      0.6190752114745941
    ],
    "test_rmse": [
      -2.5136927246733145,
      -2.6883193169928097,
      -2.172531390068977,
      -2.62563736628254,
      -3.057236673477017
    ],
    "test_mae": [
      -1.8347963824323437,
      -1.9193108140955093,
      -1.5995186296738981,
      -2.028155188815189,
      -2.008774003006429
    ]
  },
  "1234567890": {
    "fit_time": [
      20.97705888748169,
      21.70682978630066,
      20.62727952003479,
      21.02905249595642,
      19.39057207107544
    ],
    "score_time": [
      0.03267025947570801,
      0.03163886070251465,
      0.032224416732788086,
      0.030476808547973633,
      0.030336618423461914
    ],
    "test_r": [
      0.8777291405556839,
      0.8621336105969865,
      0.7227216682654014,
      0.8874972156554908,
      0.8496112035660505
    ],
    "test_r2": [
      0.7602600199650529,
      0.7423485090893421,
      0.5159866625584191,
      0.7621917321929965,
      0.7181343623900294
    ],
    "test_rmse": [
      -2.2301004049490225,
      -2.4725939812481266,
      -3.680519881564699,
      -2.2630347176932215,
      -2.249276349849588
    ],
    "test_mae": [
      -1.7799658411231625,
      -1.792325988377941,
      -2.508495582932715,
      -1.6506143295368298,
      -1.6178369056504314
    ]
  },
  "473129": {
    "fit_time": [
      21.606365442276,
      20.620479583740234,
      20.710702657699585,
      20.859596967697144,
      19.3039813041687
    ],
    "score_time": [
      0.03172898292541504,
      0.03217768669128418,
      0.03063058853149414,
      0.03028106689453125,
      0.03027033805847168
    ],
    "test_r": [
      0.8438061444441146,
      0.8707356862693352,
      0.8433391425593386,
      0.8228978313426919,
      0.8487554746409113
    ],
    "test_r2": [
      0.7059240922047451,
      0.7410922338884025,
      0.7099635282169503,
      0.664476803012089,
      0.7004045057139004
    ],
    "test_rmse": [
      -2.703051986133466,
      -2.3458142049999524,
      -2.5822548775859104,
      -2.9113055005528596,
      -2.198778491948482
    ],
    "test_mae": [
      -2.0180393364324165,
      -1.725671462988896,
      -1.8750319866838778,
      -1.9166273975857528,
      -1.663461895626895
    ]
  },
  "r_avg": 0.8304112695154592,
  "r_stdev": 0.0404400714040029,
  "r_stderr": 0.015284910276669476,
  "r2_avg": 0.6821979114989362,
  "r2_stdev": 0.06301625655961345,
  "r2_stderr": 0.023817906201568553,
  "rmse_avg": 2.650800488157933,
  "rmse_stdev": 0.3720934515378752,
  "rmse_stderr": 0.14063810532069743,
  "mae_avg": 1.8916354870382468,
  "mae_stdev": 0.21756707675091078,
  "mae_stderr": 0.08223262550831609
}