{
  "6": {
    "fit_time": [
      8.581021070480347,
      8.392729997634888,
      8.428473234176636,
      8.435620546340942,
      7.85014271736145
    ],
    "score_time": [
      0.02783989906311035,
      0.0282135009765625,
      0.02786111831665039,
      0.027426481246948242,
      0.027230262756347656
    ],
    "test_r": [
      0.7778900165434776,
      0.773713762706953,
      0.8324036335838165,
      0.8515377826965459,
      0.7793571379434769
    ],
    "test_r2": [
      0.6050011847440795,
      0.5959560172090568,
      0.6919916237179193,
      0.714459001203144,
      0.5679132844407582
    ],
    "test_rmse": [
      -2.7521383629956135,
      -3.373515965866112,
      -2.591514227473689,
      -2.5213164980590475,
      -2.9969749857576797
    ],
    "test_mae": [
      -1.8710124814510347,
      -2.31166455915996,
      -1.924364225523812,
      -1.7102563920751348,
      -2.03245779406917
    ]
  },
  "13": {
    "fit_time": [
      8.434190511703491,
      8.378543853759766,
      8.322442531585693,
      8.345555305480957,
      7.856218338012695
    ],
    "score_time": [
      0.028003215789794922,
      0.028151750564575195,
      0.027703285217285156,
      0.02766871452331543,
      0.026943206787109375
    ],
    "test_r": [
      0.7832673067294122,
      0.7360787397724067,
      0.8402044120849238,
      0.777058893387237,
      0.8270609165430429
    ],
    "test_r2": [
      0.6091300888574689,
      0.5313950932605307,
      0.7007222280277017,
      0.5851602048015729,
      0.6815104136327897
    ],
    "test_rmse": [
      -3.0495378858205084,
      -3.4397622072072402,
      -2.477977154603896,
      -2.9696609616252005,
      -2.5791519649514676
    ],
    "test_mae": [
      -2.003193138326917,
      -2.4710181872333794,
      -1.8576982298919131,
      -1.9720464413445273,
      -1.893572396802473
    ]
  },
  "42": {
    "fit_time": [
      8.275666236877441,
      8.517120361328125,
      8.043749809265137,
      8.725279331207275,
      7.898614406585693
    ],
    "score_time": [
      0.02901935577392578,
      0.02861499786376953,
      0.027526378631591797,
      0.02785468101501465,
      0.027178287506103516
    ],
    "test_r": [
      0.7968724223010639,
      0.8385572326599126,
      0.7188120787853228,
      0.7519345028378258,
      0.8303057588763797
    ],
    "test_r2": [
      0.6259830810312372,
      0.656069491159003,
      0.5092580937155808,
      0.5342420519954472,
      0.6880889634506171
    ],
    "test_rmse": [
      -2.861312640933043,
      -2.4052652642955388,
      -3.8462903321485715,
      -3.097681081713341,
      -2.5893550869892703
    ],
    "test_mae": [
      -2.0618457886150905,
      -1.812389846273831,
      -2.577063912493842,
      -2.023721601383106,
      -1.9072434274999943
    ]
  },
  "69": {
    "fit_time": [
      8.426746606826782,
      8.444052457809448,
      8.433786153793335,
      8.474459409713745,
      7.7860753536224365
    ],
    "score_time": [
      0.027806997299194336,
      0.02753281593322754,
      0.027713537216186523,
      0.027698993682861328,
      0.027304410934448242
    ],
    "test_r": [
      0.8054584354912524,
      0.8621810780324586,
      0.7704158732143156,
      0.8077067072390508,
      0.7689090079543571
    ],
    "test_r2": [
      0.6482281128986034,
      0.739865421965358,
      0.5886683184956989,
      0.6405631767348166,
      0.5719999048938459
    ],
    "test_rmse": [
      -2.6630635258066233,
      -2.517096542692897,
      -2.9557588508654375,
      -2.938418192790437,
      -3.0879945148284715
    ],
    "test_mae": [
      -1.8482052942684715,
      -1.7993045480762206,
      -2.0492853273664204,
      -2.03173252887554,
      -2.0435896571047674
    ]
  },
  "420": {
    "fit_time": [
      8.333564519882202,
      8.456414699554443,
      8.44453740119934,
      8.465856313705444,
      7.905531883239746
    ],
    "score_time": [
      0.028017282485961914,
      0.028115034103393555,
      0.027645349502563477,
      0.02730703353881836,
      0.027200698852539062
    ],
    "test_r": [
      0.8438213960622272,
      0.8050032660227374,
      0.8754716010368337,
      0.8348187634709193,
      0.6674918981120768
    ],
    "test_r2": [
      0.7115297337328941,
      0.636346983395509,
      0.7661893243680947,
      0.6940344444932225,
      0.41527228780555747
    ],
    "test_rmse": [
      -2.5055272333510343,
      -2.704736346995915,
      -2.1109188927753526,
      -2.840754553673858,
      -3.7877933872230067
    ],
    "test_mae": [
      -1.8058109700679779,
      -2.023971080269132,
      -1.5622883961881908,
      -2.1019315163724053,
      -2.505553103867952
    ]
  },
  "1234567890": {
    "fit_time": [
      8.455256223678589,
      8.487047910690308,
      8.43384575843811,
      8.2379629611969,
      7.869130611419678
    ],
    "score_time": [
      0.027700424194335938,
      0.02759265899658203,
      0.02772068977355957,
      0.02764606475830078,
      0.02712225914001465
    ],
    "test_r": [
      0.8666540065451098,
      0.8553095343624512,
      0.7199961886514306,
      0.8524877573527672,
      0.8147925010292674
    ],
    "test_r2": [
      0.7445632263076335,
      0.7277306202922087,
      0.5042119918096565,
      0.7197941291472005,
      0.6616572730688688
    ],
    "test_rmse": [
      -2.3019500425746013,
      -2.5417678303356457,
      -3.725019173662029,
      -2.456497672715561,
      -2.4643374245128853
    ],
    "test_mae": [
      -1.8024504200049807,
      -1.631329318540437,
      -2.3849526374680656,
      -1.7371790358182542,
      -1.7776385071900516
    ]
  },
  "473129": {
    "fit_time": [
      8.449229955673218,
      8.490934371948242,
      8.648460865020752,
      8.254964828491211,
      7.825273752212524
    ],
    "score_time": [
      0.028047561645507812,
      0.02835249900817871,
      0.027974367141723633,
      0.027408123016357422,
      0.02715134620666504
    ],
    "test_r": [
      0.8106567146467081,
      0.8668349592583044,
      0.8312412813516534,
      0.7893192176245786,
      0.8483759746106032
    ],
    "test_r2": [
      0.6539938998173394,
      0.7427151247799434,
      0.6875318875735559,
      0.6148318027899202,
      0.7097062201747286
    ],
    "test_rmse": [
      -2.932017465055797,
      -2.338450607696238,
      -2.6802521414799743,
      -3.1192610031324457,
      -2.1643759845479917
    ],
    "test_mae": [
      -2.0219185391494205,
      -1.6384223852838786,
      -1.8348924533809932,
      -1.998104304580001,
      -1.6688270490663546
    ]
  },
  "r_avg": 0.80605716455774,
  "r_stdev": 0.047714090646555074,
  "r_stderr": 0.018034231126339687,
  "r2_avg": 0.6421804201654732,
  "r2_stdev": 0.07979111518806664,
  "r2_stderr": 0.030158206802876154,
  "rmse_avg": 2.8110698859187546,
  "rmse_stdev": 0.42934923817120313,
  "rmse_stderr": 0.16227875854229196,
  "mae_avg": 1.9627695855738194,
  "mae_stdev": 0.2429414263372161,
  "mae_stderr": 0.09182322817765588
}