Dataset,num_of_folds,Features,Targets,Model,r_mean,r_std,r2_mean,r2_std,rmse_mean,rmse_std,mae_mean,mae_std,num_of_data
OPV_Min,5,DA_tokenized_BRICS,calc_PCE_percent,BRT,0.7026642508951941,0.05742909526011303,0.4814535529973306,0.09221144768665568,2.207558658913115,0.25808633230091704,1.67126263122017,0.17287904301747437,557
