Dataset,num_of_folds,Features,Targets,Model,r_mean,r_std,r2_mean,r2_std,rmse_mean,rmse_std,mae_mean,mae_std,num_of_data
OPV_Min,5,DA_tokenized_BRICS,calc_PCE_percent,XGBoost,0.6880494299731632,0.052225457849675555,0.4430182990291701,0.08903102274040517,2.286760350370494,0.23585110938809756,1.751213001070796,0.14084193984864427,558
