Dataset,num_of_folds,Features,Targets,Model,r_mean,r_std,r2_mean,r2_std,rmse_mean,rmse_std,mae_mean,mae_std,num_of_data
OPV_Min,5,DA_tokenized_BRICS,calc_PCE_percent,XGBoost,0.6240370876918714,0.06425002797379305,0.3687658934852503,0.08683179467703854,2.422156369860897,0.2327445784906297,1.8425609824988196,0.18018304695385387,553
