fold,r,r2,rmse,mae
1.0,0.4488229615077931,0.19909307147833621,2.8811851620648983,2.1354516881733394
2.0,0.5831594220381967,0.32694184934098036,2.2604553179701057,1.7320690597869441
3.0,0.6286764620875542,0.3742266190665887,2.712247509396621,2.0798508150565365
4.0,0.6391103295657026,0.4057148787791641,2.2602293353283547,1.826285562849875
5.0,0.6071768426196533,0.3582402146419228,2.4463242226402504,1.8761340078178381
