{
  "6": {
    "fit_time": [
      10.99067997932434,
      12.801334381103516,
      13.47457504272461,
      12.573835849761963,
      10.119965553283691
    ],
    "score_time": [
      0.07994556427001953,
      0.07861924171447754,
      0.06279325485229492,
      0.05153918266296387,
      0.040723323822021484
    ],
    "test_r": [
      0.7373587973040321,
      0.8250172106801663,
      0.7682701235222853,
      0.826790137092873,
      0.7916427020574632
    ],
    "test_r2": [
      0.5358440157557657,
      0.6758253610643092,
      0.5891765174386483,
      0.6822018503011702,
      0.6091692555058286
    ],
    "test_rmse": [
      -0.06378702725078449,
      -0.06897321271200316,
      -0.06697776530833535,
      -0.06424956320955279,
      -0.06384190181094476
    ],
    "test_mae": [
      -0.03921732174849306,
      -0.04538751135616074,
      -0.04422949918358432,
      -0.040558420809821596,
      -0.04418489908346072
    ]
  },
  "13": {
    "fit_time": [
      10.150246858596802,
      13.416367530822754,
      13.362925052642822,
      12.56493091583252,
      10.558332920074463
    ],
    "score_time": [
      0.06591510772705078,
      0.07903742790222168,
      0.06457805633544922,
      0.05004549026489258,
      0.041459083557128906
    ],
    "test_r": [
      0.8248219378648218,
      0.7221428619077053,
      0.8525447822026206,
      0.8048591224396161,
      0.7513592130890004
    ],
    "test_r2": [
      0.6737911538396288,
      0.5145308541008495,
      0.7156498325862263,
      0.6433076788461882,
      0.5505836660462
    ],
    "test_rmse": [
      -0.06252384973309971,
      -0.08199366220021945,
      -0.05997258667044332,
      -0.06244136871115183,
      -0.0627080029614205
    ],
    "test_mae": [
      -0.039483276395158536,
      -0.05239288956662067,
      -0.03792966311245043,
      -0.03975302953223671,
      -0.040266968038250875
    ]
  },
  "42": {
    "fit_time": [
      10.567049741744995,
      13.009787559509277,
      13.445815086364746,
      12.561571836471558,
      10.442302703857422
    ],
    "score_time": [
      0.07672715187072754,
      0.0775594711303711,
      0.06403994560241699,
      0.05164957046508789,
      0.04105544090270996
    ],
    "test_r": [
      0.8699607033089178,
      0.8515236396173148,
      0.7250174218558401,
      0.7810823758539698,
      0.7703964667357827
    ],
    "test_r2": [
      0.7471782221253365,
      0.723824083040706,
      0.46965452816021025,
      0.5997807775100565,
      0.5804329055346127
    ],
    "test_rmse": [
      -0.05306189066321779,
      -0.05285583340996418,
      -0.07566113372406683,
      -0.07060197021157104,
      -0.07493290550183407
    ],
    "test_mae": [
      -0.03511288391856453,
      -0.035647000597554594,
      -0.04766821617151545,
      -0.04799288679660323,
      -0.04895133349777457
    ]
  },
  "69": {
    "fit_time": [
      10.337473392486572,
      13.382806062698364,
      13.621803998947144,
      12.620462417602539,
      10.521377086639404
    ],
    "score_time": [
      0.07873225212097168,
      0.0790555477142334,
      0.06425237655639648,
      0.04999375343322754,
      0.04142332077026367
    ],
    "test_r": [
      0.8493654523716189,
      0.781934800088905,
      0.8446869886930733,
      0.7695544381310209,
      0.8452017356758948
    ],
    "test_r2": [
      0.7142381124095233,
      0.606608914770147,
      0.7105244385211189,
      0.5783240745117022,
      0.7107163184116684
    ],
    "test_rmse": [
      -0.05280470208555695,
      -0.0785256051234903,
      -0.05625043221835691,
      -0.061550186818672185,
      -0.06046703480280929
    ],
    "test_mae": [
      -0.03542280620683156,
      -0.05408869677523851,
      -0.03739391839024191,
      -0.04099273865783662,
      -0.04101573046668167
    ]
  },
  "420": {
    "fit_time": [
      10.760249614715576,
      13.23380446434021,
      13.598265647888184,
      12.721483707427979,
      10.36366057395935
    ],
    "score_time": [
      0.07763528823852539,
      0.07764458656311035,
      0.06427788734436035,
      0.05142664909362793,
      0.04081296920776367
    ],
    "test_r": [
      0.7836287222471878,
      0.8632136684363596,
      0.8580872427260642,
      0.8131665202171903,
      0.787387578272042
    ],
    "test_r2": [
      0.5952594181172729,
      0.6991849843844002,
      0.7361586950389303,
      0.6598881053654693,
      0.5888851368235146
    ],
    "test_rmse": [
      -0.06507863434214477,
      -0.07093144719209933,
      -0.048604650768147,
      -0.0663564554890373,
      -0.0611726939368561
    ],
    "test_mae": [
      -0.04129127683192333,
      -0.043950040531369396,
      -0.03579165825145601,
      -0.04340431796663313,
      -0.0385530183877753
    ]
  },
  "1234567890": {
    "fit_time": [
      10.66599154472351,
      13.517925024032593,
      13.6159827709198,
      12.76311445236206,
      10.543915033340454
    ],
    "score_time": [
      0.08234620094299316,
      0.0785818099975586,
      0.06617355346679688,
      0.05037426948547363,
      0.04160737991333008
    ],
    "test_r": [
      0.807517848227989,
      0.7159654215201723,
      0.8147776599497137,
      0.8492830131968369,
      0.8516512481554015
    ],
    "test_r2": [
      0.6408044740504286,
      0.5035310859470892,
      0.6416655375577875,
      0.7085501998280338,
      0.7200103106327748
    ],
    "test_rmse": [
      -0.06762426275051221,
      -0.0715330116673046,
      -0.06299198398329546,
      -0.062256486311339405,
      -0.05483209750950911
    ],
    "test_mae": [
      -0.04549845540355811,
      -0.04375992762837132,
      -0.04084683804255128,
      -0.03791778487331373,
      -0.039676190041146114
    ]
  },
  "473129": {
    "fit_time": [
      10.56930661201477,
      13.136519193649292,
      13.635947465896606,
      12.442273139953613,
      10.432532787322998
    ],
    "score_time": [
      0.07676053047180176,
      0.07984805107116699,
      0.06246328353881836,
      0.051428794860839844,
      0.04052448272705078
    ],
    "test_r": [
      0.7514036955533712,
      0.7756341922983268,
      0.8631324482744316,
      0.7903837195591801,
      0.8434929434668101
    ],
    "test_r2": [
      0.5522093815184088,
      0.6015317864271545,
      0.7425315815204576,
      0.6227515633785676,
      0.7071311035772148
    ],
    "test_rmse": [
      -0.07545538721046728,
      -0.0706229213762284,
      -0.0543472636856835,
      -0.06813908387450802,
      -0.050320446921691686
    ],
    "test_mae": [
      -0.05149996618699864,
      -0.04661010275805498,
      -0.035361065159728367,
      -0.04264669432711471,
      -0.03605206983488785
    ]
  },
  "r_avg": 0.8046359095026857,
  "r_stdev": 0.044363907225504935,
  "r_stderr": 0.01676798081511822,
  "r2_avg": 0.6386130264184972,
  "r2_stdev": 0.07427467792197484,
  "r2_stderr": 0.028073189498709305,
  "rmse_avg": 0.0641270703470377,
  "rmse_stdev": 0.008048995314855976,
  "rmse_stderr": 0.0030422342724332778,
  "mae_avg": 0.042015688472284644,
  "mae_stdev": 0.004995879338022823,
  "mae_stderr": 0.0018882649012134834
}