{
  "6": {
    "fit_time": [
      31.614298105239868,
      35.64710569381714,
      37.54188418388367,
      35.612815618515015,
      25.45269775390625
    ],
    "score_time": [
      3.4780895709991455,
      3.4489128589630127,
      2.7696964740753174,
      1.9212396144866943,
      1.3694555759429932
    ],
    "test_r": [
      0.36811716362961144,
      0.3149439948548487,
      0.32993485452346205,
      0.29049558043415324,
      0.3409487346158509
    ],
    "test_r2": [
      0.10375275198206124,
      0.062416880460301916,
      0.07361993814595313,
      0.03633823900479716,
      0.05315780240781043
    ],
    "test_rmse": [
      -4.145589400291557,
      -5.138937525597594,
      -4.494350446637864,
      -4.631860184805059,
      -4.436458909077856
    ],
    "test_mae": [
      -2.7595816360201155,
      -3.7135223085539684,
      -3.247625092438289,
      -3.2427432587769656,
      -3.1187940339784372
    ]
  },
  "13": {
    "fit_time": [
      31.04675531387329,
      36.360742807388306,
      37.99829435348511,
      35.39564561843872,
      25.740655660629272
    ],
    "score_time": [
      3.6665663719177246,
      3.462509870529175,
      2.731705665588379,
      1.9723138809204102,
      1.3850693702697754
    ],
    "test_r": [
      0.2470992955701911,
      0.3954720871412362,
      0.41529346050388105,
      0.336806205260922,
      0.2831157724323703
    ],
    "test_r2": [
      -0.016772839754110258,
      0.1063941865796354,
      0.16555569073406518,
      0.05634992134149219,
      0.03008198308060228
    ],
    "test_rmse": [
      -4.91846835477442,
      -4.750047990790845,
      -4.137697583549175,
      -4.478908131015849,
      -4.500873704483297
    ],
    "test_mae": [
      -3.366302097865513,
      -3.3595986325400213,
      -2.9964215104920524,
      -3.221010654552563,
      -3.192829697067673
    ]
  },
  "42": {
    "fit_time": [
      31.556085348129272,
      36.20956516265869,
      37.21478009223938,
      35.24318480491638,
      25.414753913879395
    ],
    "score_time": [
      3.660198926925659,
      3.440253496170044,
      2.849618434906006,
      2.019829750061035,
      1.3694016933441162
    ],
    "test_r": [
      0.30775647932045946,
      0.43031347347867666,
      0.20709557930019462,
      0.2873419415751553,
      0.31814677844860556
    ],
    "test_r2": [
      0.06626334006754442,
      0.15825055751705197,
      -0.052458358044986886,
      -0.011447271323825614,
      0.048794921593774965
    ],
    "test_rmse": [
      -4.520972803314334,
      -3.7628685487838474,
      -5.632717250380166,
      -4.5648676408799655,
      -4.521820515883549
    ],
    "test_mae": [
      -3.2268914130755837,
      -2.8366915672166004,
      -3.9564977567536497,
      -3.2319475022736976,
      -3.112406145044275
    ]
  },
  "69": {
    "fit_time": [
      31.602225303649902,
      35.141857862472534,
      36.84297013282776,
      35.37935447692871,
      25.39362382888794
    ],
    "score_time": [
      3.663861036300659,
      3.5124452114105225,
      2.6956534385681152,
      1.9890527725219727,
      1.4006738662719727
    ],
    "test_r": [
      0.4374583809394258,
      0.4074972338619228,
      0.2873308879081464,
      0.30594257356304777,
      0.20068008209189844
    ],
    "test_r2": [
      0.15361129234023563,
      0.12519215744719792,
      0.009453602373966086,
      0.06626319493453015,
      -0.037701818827892586
    ],
    "test_rmse": [
      -4.130816397876958,
      -4.61590822036947,
      -4.586805554016871,
      -4.73603125094521,
      -4.808292471963548
    ],
    "test_mae": [
      -2.976235399586814,
      -3.213826019423349,
      -3.0468567575727192,
      -3.3891684980650205,
      -3.4915944864084056
    ]
  },
  "420": {
    "fit_time": [
      32.615050315856934,
      36.05536985397339,
      37.79543685913086,
      35.15238404273987,
      24.611549854278564
    ],
    "score_time": [
      3.575472593307495,
      3.414177417755127,
      2.5245957374572754,
      1.9472002983093262,
      1.353785753250122
    ],
    "test_r": [
      0.3270493540352577,
      0.3878742396673605,
      0.33619192467031606,
      0.12256337508632498,
      0.36012382771537355
    ],
    "test_r2": [
      0.021904208839620187,
      0.09955741004319185,
      0.10482102359151058,
      -0.030234408361141885,
      0.05230952024511526
    ],
    "test_rmse": [
      -4.6135931642800765,
      -4.256075801395436,
      -4.130420955977269,
      -5.212732846784398,
      -4.822172055059369
    ],
    "test_mae": [
      -3.2816616950716293,
      -3.026396616527012,
      -2.8424720719882424,
      -3.7587837171124985,
      -3.3916531990669867
    ]
  },
  "1234567890": {
    "fit_time": [
      31.558160543441772,
      35.90637969970703,
      37.312784910202026,
      35.59307527542114,
      25.530126333236694
    ],
    "score_time": [
      3.542991876602173,
      3.5297279357910156,
      2.692038059234619,
      1.9914603233337402,
      1.4163103103637695
    ],
    "test_r": [
      0.3388624225751099,
      0.32099339926534964,
      0.32752591811046217,
      0.33121876517590215,
      0.2321857156075337
    ],
    "test_r2": [
      0.06693637462467472,
      0.07270272965588054,
      0.05881171934080298,
      0.08690491967292524,
      -0.0451288534070553
    ],
    "test_rmse": [
      -4.399565762926047,
      -4.690789760975417,
      -5.132379467643552,
      -4.434408961682131,
      -4.331184345146347
    ],
    "test_mae": [
      -3.113809970446995,
      -3.343978647163936,
      -3.609339396612985,
      -3.1542579657752237,
      -3.0611728912216045
    ]
  },
  "473129": {
    "fit_time": [
      31.498809099197388,
      35.8489089012146,
      37.54023027420044,
      35.99442267417908,
      26.038599729537964
    ],
    "score_time": [
      3.46122407913208,
      3.5398874282836914,
      2.7691738605499268,
      1.9758188724517822,
      1.3849849700927734
    ],
    "test_r": [
      0.353581563790027,
      0.3038097355950232,
      0.302040841497736,
      0.32129077240177406,
      0.3076263375293088
    ],
    "test_r2": [
      0.08599982185403054,
      0.03129719459368385,
      -0.0509768389149019,
      0.03255799078100974,
      0.08971516989719386
    ],
    "test_rmse": [
      -4.76538304535275,
      -4.537497008889048,
      -4.9155189235795,
      -4.9435505140324425,
      -3.8326794134090676
    ],
    "test_mae": [
      -3.3864279982021874,
      -3.213944347585951,
      -3.426100217955453,
      -3.4720488007004198,
      -2.8038066321020727
    ]
  },
  "r_avg": 0.3195636786336262,
  "r_stdev": 0.06418609864442949,
  "r_stderr": 0.024260064948660065,
  "r2_avg": 0.05355126155762128,
  "r2_stdev": 0.05725660685474128,
  "r2_stderr": 0.021640963236148794,
  "rmse_avg": -4.586635568930579,
  "rmse_stdev": 0.377511384618085,
  "rmse_stderr": 0.14268589154215816,
  "mae_avg": -3.2453256752925403,
  "mae_stdev": 0.2644393165036391,
  "mae_stderr": 0.0999486669052182
}