{
  "6": {
    "fit_time": [
      2.4566118717193604,
      2.7886369228363037,
      2.4951469898223877,
      2.376779079437256,
      2.0021591186523438
    ],
    "score_time": [
      1.5036048889160156,
      1.4903979301452637,
      1.2169990539550781,
      1.1218979358673096,
      1.0205707550048828
    ],
    "test_r": [
      0.7376591885290229,
      0.7598310418374312,
      0.7721129758475029,
      0.751987106471296,
      0.6922305773834907
    ],
    "test_r2": [
      0.5350904029909956,
      0.5689863058785991,
      0.5851952235136886,
      0.5403076969812919,
      0.4533380124671318
    ],
    "test_rmse": [
      -2.9857718783001572,
      -3.484287497259213,
      -3.0074208628261068,
      -3.199092108406247,
      -3.370987165619324
    ],
    "test_mae": [
      -2.155257104952811,
      -2.488678284836562,
      -2.1786933294690494,
      -2.2162547772340697,
      -2.2940472739625624
    ]
  },
  "13": {
    "fit_time": [
      2.478511095046997,
      2.3934779167175293,
      2.3673899173736572,
      2.3997349739074707,
      2.0766570568084717
    ],
    "score_time": [
      1.2514617443084717,
      1.2229938507080078,
      1.2295448780059814,
      1.1876940727233887,
      1.0790579319000244
    ],
    "test_r": [
      0.6667901434740642,
      0.7826399915786759,
      0.7997331253842745,
      0.7938492946894569,
      0.6571410426313081
    ],
    "test_r2": [
      0.41810260447551706,
      0.5884463000037313,
      0.632055299894964,
      0.6134850090238415,
      0.3873199577260462
    ],
    "test_rmse": [
      -3.7208410667381706,
      -3.2235785697762167,
      -2.7475863047244697,
      -2.866486070163504,
      -3.577224365275055
    ],
    "test_mae": [
      -2.677626723229626,
      -2.346798592494885,
      -2.1040335402163284,
      -2.0122580226548066,
      -2.471332127819031
    ]
  },
  "42": {
    "fit_time": [
      2.341977119445801,
      2.3310768604278564,
      2.401636838912964,
      2.334731101989746,
      1.9978270530700684
    ],
    "score_time": [
      1.2653138637542725,
      1.2692790031433105,
      1.2365319728851318,
      1.14605712890625,
      1.0267720222473145
    ],
    "test_r": [
      0.7685567648619982,
      0.7580710697003183,
      0.7611639683026422,
      0.7383181057700887,
      0.6969377405848038
    ],
    "test_r2": [
      0.5806061459735357,
      0.5624826145203594,
      0.5434422867129749,
      0.49425061200754594,
      0.4663362351086061
    ],
    "test_rmse": [
      -3.0299169195062396,
      -2.712846905754819,
      -3.709909646499838,
      -3.2279310468891063,
      -3.3869602341670215
    ],
    "test_mae": [
      -2.297259990501114,
      -1.9126384031116153,
      -2.6615355542517825,
      -2.20974228717562,
      -2.32665976872223
    ]
  },
  "69": {
    "fit_time": [
      2.3481521606445312,
      2.351065158843994,
      2.5083930492401123,
      2.413532018661499,
      1.9848370552062988
    ],
    "score_time": [
      1.2383220195770264,
      1.4354248046875,
      1.263024091720581,
      1.1431488990783691,
      1.0265710353851318
    ],
    "test_r": [
      0.7648215622598613,
      0.7707499805305822,
      0.7019566808335553,
      0.7092191252042923,
      0.7400892174713348
    ],
    "test_r2": [
      0.5814050138365665,
      0.5760931571737429,
      0.48352488681155936,
      0.4894165103690591,
      0.516856514021689
    ],
    "test_rmse": [
      -2.9050122841594295,
      -3.2131873216338693,
      -3.3120555944013335,
      -3.5021577483582798,
      -3.2808974177813806
    ],
    "test_mae": [
      -2.2121298176943256,
      -2.2250052456741414,
      -2.3405836256979646,
      -2.4413635252308126,
      -2.420171820059781
    ]
  },
  "420": {
    "fit_time": [
      2.4027891159057617,
      2.3348748683929443,
      2.376905918121338,
      2.368260145187378,
      1.9812159538269043
    ],
    "score_time": [
      1.2320997714996338,
      1.501028299331665,
      1.2424592971801758,
      1.1656498908996582,
      1.0180301666259766
    ],
    "test_r": [
      0.8064276918342606,
      0.6961114651246963,
      0.8498474775670284,
      0.7714174140165364,
      0.6418341758432445
    ],
    "test_r2": [
      0.6051014610784229,
      0.45805541524785587,
      0.7190435360455865,
      0.5869610559223324,
      0.3922356135132483
    ],
    "test_rmse": [
      -2.931509887536343,
      -3.301860953585395,
      -2.3139762256793897,
      -3.3006003655917198,
      -3.8616869717156286
    ],
    "test_mae": [
      -2.1344620754418338,
      -2.312231849365148,
      -1.6984509545436768,
      -2.398863049120554,
      -2.644448402232382
    ]
  },
  "1234567890": {
    "fit_time": [
      2.35770583152771,
      2.3255128860473633,
      2.3563451766967773,
      2.426165819168091,
      2.077003002166748
    ],
    "score_time": [
      1.2206740379333496,
      1.2350671291351318,
      1.2834999561309814,
      1.128864049911499,
      1.0209600925445557
    ],
    "test_r": [
      0.8158976773604848,
      0.7447309128756423,
      0.6884966788666881,
      0.7417457694248814,
      0.7448781548844644
    ],
    "test_r2": [
      0.6481018174401947,
      0.5265491239275217,
      0.43512693584589424,
      0.5489203588006327,
      0.5395332249035375
    ],
    "test_rmse": [
      -2.701859093409727,
      -3.351767920708463,
      -3.9760875302233156,
      -3.1167671294845807,
      -2.874887797177905
    ],
    "test_mae": [
      -2.093857770454431,
      -2.4717136968115807,
      -2.69702432805854,
      -2.222788567611739,
      -2.030032040737287
    ]
  },
  "473129": {
    "fit_time": [
      2.3669090270996094,
      2.3586740493774414,
      2.330388069152832,
      2.3559730052948,
      1.9822709560394287
    ],
    "score_time": [
      1.2157440185546875,
      1.3281528949737549,
      1.2265219688415527,
      1.139861822128296,
      1.0057449340820312
    ],
    "test_r": [
      0.7702312725774503,
      0.7841347746761999,
      0.7058601097183614,
      0.7063341284629437,
      0.7947159267668658
    ],
    "test_r2": [
      0.5709732941104126,
      0.5831300230553146,
      0.4714626322276987,
      0.4854146514798209,
      0.6180877832066898
    ],
    "test_rmse": [
      -3.2648771060112507,
      -2.976606200990445,
      -3.4858656795109,
      -3.605414604634861,
      -2.482536353239555
    ],
    "test_mae": [
      -2.4263401531996927,
      -2.1936372705740923,
      -2.3173160723753883,
      -2.547278793994741,
      -1.9405438708179434
    ]
  },
  "r_avg": 0.7453292095241644,
  "r_stdev": 0.046727831040038255,
  "r_stderr": 0.01766146003391227,
  "r2_avg": 0.5372982204656174,
  "r2_stdev": 0.07370370267042231,
  "r2_stderr": 0.027857381138654942,
  "rmse_avg": -3.2002987093639783,
  "rmse_stdev": 0.37029594301415186,
  "rmse_stderr": 0.13995871095879875,
  "mae_avg": -2.2891731060093754,
  "mae_stdev": 0.22378629013217305,
  "mae_stderr": 0.08458326721649681
}