{
  "6": {
    "fit_time": [
      2.498156785964966,
      2.6201438903808594,
      2.7406811714172363,
      2.4701619148254395,
      1.9861268997192383
    ],
    "score_time": [
      1.3999812602996826,
      1.3832240104675293,
      1.2287530899047852,
      1.1286189556121826,
      1.103933334350586
    ],
    "test_r": [
      0.5111964118748802,
      0.5007071849474716,
      0.5656357811036425,
      0.5485604018705798,
      0.4808108500058805
    ],
    "test_r2": [
      0.1655924148920711,
      0.12367728201399508,
      0.09660183802132283,
      0.09982076398935291,
      0.08747976624765086
    ],
    "test_rmse": [
      -4.000013796967246,
      -4.968216163968196,
      -4.438251771963717,
      -4.476696209532237,
      -4.355308396657184
    ],
    "test_mae": [
      -2.905904705644661,
      -3.7387902176671903,
      -3.2686527140244945,
      -3.262750146515257,
      -3.1642093590008535
    ]
  },
  "13": {
    "fit_time": [
      2.439046859741211,
      2.383877754211426,
      2.4215078353881836,
      2.4352810382843018,
      2.062596082687378
    ],
    "score_time": [
      1.221930980682373,
      1.2686212062835693,
      1.2710351943969727,
      1.1509771347045898,
      1.006875991821289
    ],
    "test_r": [
      0.458901137628093,
      0.5732798462844394,
      0.555395378474969,
      0.5361307143879633,
      0.6564950902498439
    ],
    "test_r2": [
      0.05004509108827204,
      0.16949112052861381,
      0.15754387196064223,
      0.10597358556857583,
      0.11801774299221801
    ],
    "test_rmse": [
      -4.754111999205536,
      -4.579279425176236,
      -4.157513939130221,
      -4.359551771992685,
      -4.29199529849199
    ],
    "test_mae": [
      -3.341155646617169,
      -3.3791849898934414,
      -3.1504491350998145,
      -3.2726413624529087,
      -3.171205733172693
    ]
  },
  "42": {
    "fit_time": [
      2.4450910091400146,
      2.3971688747406006,
      2.3463737964630127,
      2.8856911659240723,
      2.1064350605010986
    ],
    "score_time": [
      1.2236828804016113,
      1.251150131225586,
      1.2052772045135498,
      1.0573468208312988,
      1.021428108215332
    ],
    "test_r": [
      0.6181822342352916,
      0.6423215147820908,
      0.5568847848007448,
      0.52374948638936,
      0.5410162082934187
    ],
    "test_r2": [
      0.1454711304934797,
      0.16648042268740615,
      0.09344655892024678,
      0.10242575822000788,
      0.11150324729125127
    ],
    "test_rmse": [
      -4.324969599692337,
      -3.7444284016393885,
      -5.2277185243502515,
      -4.300230711340338,
      -4.37022867447637
    ],
    "test_mae": [
      -3.2447131283123087,
      -2.9464076692632175,
      -3.7445892666606406,
      -3.118805054856512,
      -3.1901125289418593
    ]
  },
  "69": {
    "fit_time": [
      2.4469552040100098,
      2.5227739810943604,
      2.3853299617767334,
      2.521117925643921,
      2.008810043334961
    ],
    "score_time": [
      1.2001500129699707,
      1.2297148704528809,
      1.2201600074768066,
      1.1269991397857666,
      1.0455200672149658
    ],
    "test_r": [
      0.5800778216047515,
      0.6312280277872658,
      0.524139481250105,
      0.46671307381989163,
      0.4251234035404611
    ],
    "test_r2": [
      0.18729899134324146,
      0.11204920446949951,
      0.10302580158187136,
      0.08523788404470423,
      0.10148147710330269
    ],
    "test_rmse": [
      -4.047774978825312,
      -4.650453234885394,
      -4.364785376449907,
      -4.687663253004461,
      -4.474227931918916
    ],
    "test_mae": [
      -3.089963742601179,
      -3.4380231794102767,
      -3.0750660857997008,
      -3.455027346736498,
      -3.416662231004182
    ]
  },
  "420": {
    "fit_time": [
      4.14640998840332,
      2.6268489360809326,
      3.900822162628174,
      2.312427043914795,
      2.1224429607391357
    ],
    "score_time": [
      1.3156588077545166,
      1.3826003074645996,
      1.1444311141967773,
      1.1615447998046875,
      1.0637640953063965
    ],
    "test_r": [
      0.5984529720092386,
      0.5932431480078787,
      0.5499990830822987,
      0.629713254945861,
      0.5489258111696625
    ],
    "test_r2": [
      0.09620398183296708,
      0.1458524131804535,
      0.15590768801694754,
      0.09654238024477146,
      0.11789740195608667
    ],
    "test_rmse": [
      -4.434899796568703,
      -4.145222044530246,
      -4.010830887439707,
      -4.881477985708108,
      -4.652313728019262
    ],
    "test_mae": [
      -3.3170889515087327,
      -3.0838438622032407,
      -2.9673658817080115,
      -3.576046204803618,
      -3.4360144240964137
    ]
  },
  "1234567890": {
    "fit_time": [
      2.4077420234680176,
      2.3725879192352295,
      2.422633171081543,
      2.420339822769165,
      2.054551124572754
    ],
    "score_time": [
      1.2087998390197754,
      1.226274013519287,
      1.2705678939819336,
      1.2112479209899902,
      1.2835187911987305
    ],
    "test_r": [
      0.627622280707554,
      0.502052679949325,
      0.4952370355982528,
      0.6253130113608146,
      0.6433574922572545
    ],
    "test_r2": [
      0.11365515470919263,
      0.16611153676920787,
      0.11547622118264322,
      0.15248605467934795,
      0.09446746300294662
    ],
    "test_rmse": [
      -4.288007593935911,
      -4.4482630399704615,
      -4.975483149754148,
      -4.272195992888355,
      -4.031566053435859
    ],
    "test_mae": [
      -3.143289508939841,
      -3.4056045537761035,
      -3.63602928227185,
      -3.1523487078938905,
      -2.9194302153190335
    ]
  },
  "473129": {
    "fit_time": [
      2.4508490562438965,
      2.3631298542022705,
      2.4568700790405273,
      2.3995018005371094,
      2.06182599067688
    ],
    "score_time": [
      1.2373859882354736,
      1.225944995880127,
      1.2219219207763672,
      1.177644968032837,
      1.010511875152588
    ],
    "test_r": [
      0.5981810094369172,
      0.5601569623120881,
      0.5650500530755127,
      0.5552900460281966,
      0.5277906483672264
    ],
    "test_r2": [
      0.17275801693284076,
      0.11712198960274156,
      0.03841168104737369,
      0.0772494756588632,
      0.14424301525998384
    ],
    "test_rmse": [
      -4.533576606405792,
      -4.33183018354922,
      -4.701835051333217,
      -4.828015499142534,
      -3.7161143349725956
    ],
    "test_mae": [
      -3.4607081137913687,
      -3.1319598233320547,
      -3.3612600963655077,
      -3.5077335151920472,
      -2.877658200808525
    ]
  },
  "r_avg": 0.5576266949039779,
  "r_stdev": 0.056438266542883996,
  "r_stderr": 0.021331659671435448,
  "r2_avg": 0.11962995507240266,
  "r2_stdev": 0.034730247559374726,
  "r2_stderr": 0.013126799716259067,
  "rmse_avg": -4.4235728973520585,
  "rmse_stdev": 0.3331978136156574,
  "rmse_stderr": 0.12593693603106867,
  "mae_avg": -3.2671627310195746,
  "mae_stdev": 0.223453693371072,
  "mae_stderr": 0.08445755745696266
}