{
  "6": {
    "fit_time": [
      1.944591760635376,
      1.7231190204620361
    ],
    "score_time": [
      1.2063920497894287,
      1.1058690547943115
    ],
    "test_r": [
      0.6005348864367147,
      0.5298726866080113
    ],
    "test_r2": [
      0.2104904790218256,
      0.09954149151175384
    ],
    "test_rmse": [
      -4.3090363740776745,
      -4.38531600704021
    ],
    "test_mae": [
      -3.255038212419419,
      -3.1727582309702593
    ]
  },
  "r_avg": 0.565203786522363,
  "r_stdev": 0.03533109991435168,
  "r_stderr": 0.013353900559964287,
  "r2_avg": 0.15501598526678972,
  "r2_stdev": 0.05547449375503588,
  "r2_stderr": 0.0209673877975758,
  "rmse_avg": -4.347176190558942,
  "rmse_stdev": 0.03813981648126763,
  "rmse_stderr": 0.014415495637010958,
  "mae_avg": -3.213898221694839,
  "mae_stdev": 0.041139990724579745,
  "mae_stderr": 0.015549454913820279
}