{
  "6": {
    "fit_time": [
      0.18857884407043457,
      0.1759052276611328
    ],
    "score_time": [
      0.05511808395385742,
      0.061350107192993164
    ],
    "test_r": [
      0.0338281953676119,
      0.3157795312874485
    ],
    "test_r2": [
      -2.50977916138701e+20,
      -5.137878458184743
    ],
    "test_rmse": [
      -76827947125.28795,
      -11.449280180310952
    ],
    "test_mae": [
      -25797152612.50948,
      -5.704225272502975
    ]
  },
  "r_avg": 0.1748038633275302,
  "r_stdev": 0.1409756679599183,
  "r_stderr": 0.05328379404759432,
  "r2_avg": -1.254889580693505e+20,
  "r2_stdev": 1.254889580693505e+20,
  "r2_stderr": 4.743036790515907e+19,
  "rmse_avg": 38413973568.368614,
  "rmse_stdev": 38413973556.919334,
  "rmse_stderr": 14519117271.631405,
  "mae_avg": 12898576309.106852,
  "mae_stdev": 12898576303.402626,
  "mae_stderr": 4875203595.08488
}