{
  "6": {
    "fit_time": [
      3.6164731979370117,
      5.057474136352539,
      4.178199052810669,
      3.3458139896392822,
      3.8575708866119385
    ],
    "score_time": [
      1.2518458366394043,
      1.145888090133667,
      1.15460205078125,
      2.5291571617126465,
      1.0183451175689697
    ],
    "test_r": [
      0.49530146248901596,
      0.6661585008645546,
      0.6518979124007518,
      0.5714954278421579,
      0.4321186406046309
    ],
    "test_r2": [
      0.16560463646264645,
      0.40140375912632564,
      0.3948591944892871,
      0.14092746359656982,
      0.11818824746192624
    ],
    "test_rmse": [
      -3.99998450275252,
      -4.1061559603821065,
      -3.632457597086944,
      -4.373287674307367,
      -4.28139800506433
    ],
    "test_mae": [
      -2.8590542415504276,
      -3.141233263364036,
      -2.769560793862844,
      -3.175247775423279,
      -3.1540590683316494
    ]
  },
  "13": {
    "fit_time": [
      3.1477739810943604,
      3.278791904449463,
      3.3671181201934814,
      3.7037837505340576,
      4.591183185577393
    ],
    "score_time": [
      2.4719302654266357,
      1.0709481239318848,
      1.0511627197265625,
      1.026062250137329,
      1.096418857574463
    ],
    "test_r": [
      0.49839767324937156,
      0.549995953366184,
      0.6371724834178003,
      0.7048859060521265,
      0.576893125106113
    ],
    "test_r2": [
      0.17240631458139521,
      0.2327864802778833,
      0.3976180940499109,
      0.48436435188896243,
      0.2713666169704261
    ],
    "test_rmse": [
      -4.437378729853079,
      -4.401321855149349,
      -3.515572238085981,
      -3.3108395272039512,
      -3.901070921218977
    ],
    "test_mae": [
      -3.1593692839691383,
      -3.262939685385921,
      -2.678338024895125,
      -2.442102559779784,
      -2.716008253617956
    ]
  },
  "42": {
    "fit_time": [
      5.709411859512329,
      5.285923957824707,
      4.069334983825684,
      4.266568899154663,
      3.6474921703338623
    ],
    "score_time": [
      1.3988730907440186,
      1.2255892753601074,
      1.1622309684753418,
      1.030332088470459,
      1.0182578563690186
    ],
    "test_r": [
      0.7356261429232522,
      0.6620799788342753,
      0.5681750125040117,
      0.5337316239232817,
      0.45146312849238335
    ],
    "test_r2": [
      0.5199887140093384,
      0.39015361940777493,
      0.29303257242925596,
      0.18675690673305034,
      0.1943766324377878
    ],
    "test_rmse": [
      -3.241495430080893,
      -3.2028592477042728,
      -4.616525012171329,
      -4.0932357432769795,
      -4.161426870987853
    ],
    "test_mae": [
      -2.441616628391239,
      -2.5176317253180747,
      -3.3918436744266276,
      -3.012088795089973,
      -2.938432254478392
    ]
  },
  "69": {
    "fit_time": [
      4.1025450229644775,
      4.59473729133606,
      3.8726320266723633,
      3.900851011276245,
      4.723505973815918
    ],
    "score_time": [
      1.1460909843444824,
      1.1441740989685059,
      1.1316471099853516,
      1.0371499061584473,
      1.0139586925506592
    ],
    "test_r": [
      0.6001193929488977,
      0.7166787186867113,
      0.555934972244511,
      0.48530952921413784,
      0.6960766223363177
    ],
    "test_r2": [
      0.26666131182113706,
      0.5058843846333045,
      0.2740467048215305,
      0.20282367579800598,
      0.32081691483869834
    ],
    "test_rmse": [
      -3.845061236596628,
      -3.4690864337263285,
      -3.9266958072826883,
      -4.376022199611599,
      -3.8899858196569164
    ],
    "test_mae": [
      -2.7732184690096537,
      -2.4738963854535982,
      -2.770715713624337,
      -3.2830123382108454,
      -2.861658106564101
    ]
  },
  "420": {
    "fit_time": [
      4.433455228805542,
      4.501161813735962,
      4.512716054916382,
      3.991093158721924,
      4.2091147899627686
    ],
    "score_time": [
      3.1794979572296143,
      1.2045531272888184,
      1.1536540985107422,
      1.0326976776123047,
      1.01688814163208
    ],
    "test_r": [
      0.6816089256852933,
      0.5747424889514954,
      0.6977258819038155,
      0.5777007113044133,
      0.48995543443293194
    ],
    "test_r2": [
      0.4621572906338791,
      0.3086581429595653,
      0.45928768949587895,
      0.3196908604339742,
      0.19467422229422393
    ],
    "test_rmse": [
      -3.421182508010893,
      -3.7293038189999397,
      -3.2101291633181748,
      -4.235947757894575,
      -4.445240304092368
    ],
    "test_mae": [
      -2.6892466772747374,
      -2.7191753760300457,
      -2.5182510249738392,
      -3.102204971060585,
      -3.1940030147713294
    ]
  },
  "1234567890": {
    "fit_time": [
      3.2604141235351562,
      4.636765003204346,
      4.074955940246582,
      4.415757179260254,
      5.620532035827637
    ],
    "score_time": [
      1.1848397254943848,
      1.2730937004089355,
      2.7624521255493164,
      1.0400710105895996,
      1.1514701843261719
    ],
    "test_r": [
      -0.22530982119369677,
      0.646238321807337,
      0.5118987173112095,
      0.555465926095844,
      0.6990785816879788
    ],
    "test_r2": [
      -10.805521581483884,
      0.4125088720025615,
      0.2048013587804577,
      0.304378462382072,
      0.4789160510962279
    ],
    "test_rmse": [
      -15.64936694188214,
      -3.7336803494340547,
      -4.717569620887563,
      -3.870474868402298,
      -3.05826840244872
    ],
    "test_mae": [
      -14.971868014790008,
      -2.7878666342849163,
      -3.394440773787104,
      -2.900767199874064,
      -2.4187667307830227
    ]
  },
  "473129": {
    "fit_time": [
      3.706129789352417,
      3.7260031700134277,
      4.564004898071289,
      4.348388910293579,
      5.12286901473999
    ],
    "score_time": [
      1.1606180667877197,
      1.1720538139343262,
      1.2529611587524414,
      1.0591638088226318,
      1.0141441822052002
    ],
    "test_r": [
      0.5383494900379934,
      0.631346812787831,
      0.503854770267047,
      0.5063430483149522,
      0.6319558154486705
    ],
    "test_r2": [
      0.17652409870156982,
      0.3418270758479429,
      0.1319430415957752,
      0.2266325142819755,
      0.38256980884097047
    ],
    "test_rmse": [
      -4.523245108863724,
      -3.7401677332487573,
      -4.467318440981033,
      -4.419971407643205,
      -3.156514380639863
    ],
    "test_mae": [
      -3.3613423595072804,
      -2.7824066733521025,
      -3.281223811253768,
      -3.2476721129249526,
      -2.4536267300759773
    ]
  },
  "r_avg": 0.5660133517812458,
  "r_stdev": 0.15821399706546804,
  "r_stderr": 0.05979927002353305,
  "r2_avg": -0.013339585608616877,
  "r2_stdev": 1.8544626182535557,
  "r2_stderr": 0.7009209862235168,
  "rmse_avg": -4.261721189112784,
  "rmse_stdev": 2.0075602457132744,
  "rmse_stderr": 0.7587864503052925,
  "mae_avg": -3.246996832728307,
  "mae_stdev": 2.0335073369646985,
  "mae_stderr": 0.7685935289762593
}