fold,r,r2,rmse,mae
1.0,0.6865530106272808,0.4650770065827795,2.962908547983464,2.263952119072026
2.0,0.8174947305145951,0.6387801821910319,3.1236651349913456,2.387458968416154
3.0,0.7373043835525301,0.5385884985725509,3.408716587877338,2.576783613955626
4.0,0.6973513847754665,0.4762435664970498,3.3626763298401112,2.6465514492570796
5.0,0.7987035395666451,0.6251062286919169,2.884059490793623,2.1258298507018454
