{
  "6": {
    "fit_time": [
      11.523304462432861,
      12.159616231918335,
      12.510999202728271,
      11.86193037033081,
      10.462038516998291
    ],
    "score_time": [
      0.1861867904663086,
      0.16932201385498047,
      0.16503691673278809,
      0.1506786346435547,
      0.14138436317443848
    ],
    "test_r": [
      -0.3473996796966091,
      -0.015797581324713077,
      NaN,
      0.25716229328513407,
      -0.10047321759708226
    ],
    "test_r2": [
      -126197.65120994383,
      -5.385859464196285,
      NaN,
      -199.98390781020709,
      -1886956.0269678605
    ],
    "test_rmse": [
      -1052.8219338360348,
      -8.189777671599305,
      NaN,
      -44.66515971719762,
      -4240.01521359031
    ],
    "test_mae": [
      -1043.51340299503,
      -3.0961219910054347,
      NaN,
      -32.57799244779203,
      -4182.3865689856975
    ]
  },
  "13": {
    "fit_time": [
      11.056444644927979,
      12.235022783279419,
      11.933045625686646,
      11.868174076080322,
      10.273595809936523
    ],
    "score_time": [
      0.18248677253723145,
      0.15838122367858887,
      0.16271758079528809,
      0.1504669189453125,
      0.14066743850708008
    ],
    "test_r": [
      -0.029716761216371623,
      -0.32182589122154753,
      0.38807409462791664,
      NaN,
      0.36325117106369054
    ],
    "test_r2": [
      -192.69597299645193,
      -1793222.4107322833,
      0.13402830204720495,
      NaN,
      0.10444223267390007
    ],
    "test_rmse": [
      -43.05865796285863,
      -4155.94496542807,
      -2.7220661129808335,
      NaN,
      -2.933112119093559
    ],
    "test_mae": [
      -15.705019155310904,
      -4118.809051894791,
      -2.135076585703217,
      NaN,
      -2.208939017963454
    ]
  },
  "42": {
    "fit_time": [
      11.600520372390747,
      11.876428842544556,
      11.591646194458008,
      12.01987886428833,
      10.081660270690918
    ],
    "score_time": [
      0.1847691535949707,
      0.16037225723266602,
      0.15056061744689941,
      0.15066838264465332,
      0.14150786399841309
    ],
    "test_r": [
      0.08061205429505412,
      -0.2995650080431468,
      NaN,
      0.1701207866147332,
      0.36922070131231266
    ],
    "test_r2": [
      -1693.295054386426,
      -90806.7636453554,
      NaN,
      0.006898199331303423,
      0.11314889932974159
    ],
    "test_rmse": [
      -129.1890642697452,
      -776.9086668051037,
      NaN,
      -2.973667878844668,
      -2.9978159752200004
    ],
    "test_mae": [
      -31.829976069720544,
      -773.4995333903993,
      NaN,
      -2.3590976236357295,
      -2.2155794050550393
    ]
  },
  "69": {
    "fit_time": [
      11.794734477996826,
      11.96977424621582,
      11.749160528182983,
      11.6540048122406,
      10.012959241867065
    ],
    "score_time": [
      0.18282699584960938,
      0.1626291275024414,
      0.1511087417602539,
      0.150526762008667,
      0.1401538848876953
    ],
    "test_r": [
      NaN,
      -0.23175865169536441,
      0.33388096151875013,
      0.409074589063545,
      0.14354137535002906
    ],
    "test_r2": [
      NaN,
      -8976748.601790562,
      0.0650159997302745,
      0.1475357607893869,
      -38012.00758717243
    ],
    "test_rmse": [
      NaN,
      -9499.264014008364,
      -2.856632323921727,
      -3.0014313652427744,
      -602.4050842665221
    ],
    "test_mae": [
      NaN,
      -9456.833193156037,
      -2.085430697429422,
      -2.2050019487054757,
      -143.062262173763
    ]
  },
  "420": {
    "fit_time": [
      11.425879716873169,
      11.971915245056152,
      11.97648286819458,
      12.30272126197815,
      10.117320775985718
    ],
    "score_time": [
      0.18361973762512207,
      0.16243243217468262,
      0.1597435474395752,
      0.14962148666381836,
      0.14098429679870605
    ],
    "test_r": [
      -0.3382449059486768,
      NaN,
      0.3700303901823291,
      0.04805419898634435,
      0.18360789768702573
    ],
    "test_r2": [
      -799208.7839371554,
      NaN,
      0.13619602092680383,
      -62627.58238278756,
      0.013318590607379832
    ],
    "test_rmse": [
      -2758.9176194856777,
      NaN,
      -2.6896677892651635,
      -825.7874435937193,
      -3.2676602230622116
    ],
    "test_mae": [
      -2721.8967805092057,
      NaN,
      -2.0437232069436644,
      -148.70471776626593,
      -2.5621147115117497
    ]
  },
  "1234567890": {
    "fit_time": [
      11.883322954177856,
      11.801302194595337,
      12.04261326789856,
      11.621294736862183,
      10.04749870300293
    ],
    "score_time": [
      0.18028569221496582,
      0.16168546676635742,
      0.1578373908996582,
      0.1526777744293213,
      0.14042329788208008
    ],
    "test_r": [
      0.3065602330689655,
      NaN,
      0.29683720335667196,
      0.04823308504093016,
      0.27893301816077604
    ],
    "test_r2": [
      0.07793102532296914,
      NaN,
      -960.1193256200534,
      -0.1880743442356878,
      0.02927810853654278
    ],
    "test_rmse": [
      -2.9520105755337225,
      NaN,
      -103.85871898071198,
      -3.1072347917905123,
      -2.810519632731433
    ],
    "test_mae": [
      -2.2795104406130524,
      NaN,
      -28.1928323218094,
      -2.240668693843065,
      -2.1154134743647135
    ]
  },
  "473129": {
    "fit_time": [
      11.270209312438965,
      11.767202615737915,
      12.073928594589233,
      11.76202654838562,
      10.081646919250488
    ],
    "score_time": [
      0.18580889701843262,
      0.16364073753356934,
      0.16410493850708008,
      0.15248775482177734,
      0.14182376861572266
    ],
    "test_r": [
      0.2916751459555832,
      -0.24004345608178757,
      0.3304062638881278,
      0.3127961540315676,
      NaN
    ],
    "test_r2": [
      -30.039916424667325,
      -9530257.172547754,
      0.036875461798013376,
      0.0608967738287024,
      NaN
    ],
    "test_rmse": [
      -17.106835867285763,
      -9335.176124784786,
      -3.1183804845822056,
      -3.1222968169382233,
      NaN
    ],
    "test_mae": [
      -11.79111528088596,
      -9293.479863290091,
      -2.3040290246000796,
      -2.3497782321749368,
      NaN
    ]
  },
  "r_avg": NaN,
  "r_stdev": NaN,
  "r_stderr": NaN,
  "r2_avg": NaN,
  "r2_stdev": NaN,
  "r2_stderr": NaN,
  "rmse_avg": NaN,
  "rmse_stdev": NaN,
  "rmse_stderr": NaN,
  "mae_avg": NaN,
  "mae_stdev": NaN,
  "mae_stderr": NaN
}