{
  "6": {
    "fit_time": [
      6.5639708042144775,
      8.025460958480835
    ],
    "score_time": [
      0.22365784645080566,
      0.21337294578552246
    ],
    "test_r": [
      0.722349224130544,
      0.766467727481901
    ],
    "test_r2": [
      0.5170195058712941,
      0.581407756258371
    ],
    "test_rmse": [
      -2.1475255102932387,
      -2.0037540350031855
    ],
    "test_mae": [
      -1.5905912440381458,
      -1.445155815281351
    ]
  },
  "r_avg": 0.7444084758062225,
  "r_stdev": 0.02205925167567846,
  "r_stderr": 0.008337613434575722,
  "r2_avg": 0.5492136310648326,
  "r2_stdev": 0.03219412519353848,
  "r2_stderr": 0.012168235562768857,
  "rmse_avg": 2.075639772648212,
  "rmse_stdev": 0.07188573764502659,
  "rmse_stderr": 0.02717025494588204,
  "mae_avg": 1.5178735296597483,
  "mae_stdev": 0.07271771437839736,
  "mae_stderr": 0.02748471259346646
}