{
  "6": {
    "fit_time": [
      11.156131982803345,
      10.940340995788574
    ],
    "score_time": [
      1.7264549732208252,
      1.7456212043762207
    ],
    "test_r": [
      0.6513351517378717,
      0.6867527913837357
    ],
    "test_r2": [
      0.23760068877896046,
      0.22028062437973128
    ],
    "test_rmse": [
      -2.6981418821957694,
      -2.7347522269130278
    ],
    "test_mae": [
      -2.112499924563508,
      -2.1462878762554127
    ],
    "best_params": {
      "check_inverse": true,
      "func": null,
      "inverse_func": null,
      "regressor__categorical_features": null,
      "regressor__early_stopping": true,
      "regressor__interaction_cst": null,
      "regressor__l2_regularization": 0.020348312074662082,
      "regressor__learning_rate": 0.00396111250531307,
      "regressor__loss": "squared_error",
      "regressor__max_bins": 255,
      "regressor__max_depth": null,
      "regressor__max_iter": 100,
      "regressor__max_leaf_nodes": null,
      "regressor__min_samples_leaf": 20,
      "regressor__monotonic_cst": null,
      "regressor__n_iter_no_change": 10,
      "regressor__quantile": null,
      "regressor__random_state": null,
      "regressor__scoring": "loss",
      "regressor__tol": 1e-07,
      "regressor__validation_fraction": 0.1,
      "regressor__verbose": 0,
      "regressor__warm_start": false,
      "transformer__copy": true,
      "transformer__method": "yeo-johnson",
      "transformer__standardize": true
    }
  },
  "r_avg": 0.6690439715608036,
  "r_stdev": 0.017708819822931987,
  "r_stderr": 0.006693304751989845,
  "r2_avg": 0.22894065657934587,
  "r2_stdev": 0.008660032199614587,
  "r2_stderr": 0.003273184506570266,
  "rmse_avg": 2.716447054554399,
  "rmse_stdev": 0.018305172358629163,
  "rmse_stderr": 0.006918704823872344,
  "mae_avg": 2.12939390040946,
  "mae_stdev": 0.016893975845952314,
  "mae_stderr": 0.00638532267764598
}