{
  "6": {
    "fit_time": [
      9.484398126602173,
      8.775285005569458
    ],
    "score_time": [
      1.7218387126922607,
      0.15663480758666992
    ],
    "test_r": [
      0.634380285751652,
      0.6989348834173815
    ],
    "test_r2": [
      0.23215740754540526,
      0.22055029496549272
    ],
    "test_rmse": [
      -2.7077566755112925,
      -2.7342792708504438
    ],
    "test_mae": [
      -2.1181665264888094,
      -2.135840443500989
    ],
    "best_params": {
      "check_inverse": true,
      "func": null,
      "inverse_func": null,
      "regressor__categorical_features": null,
      "regressor__early_stopping": true,
      "regressor__interaction_cst": null,
      "regressor__l2_regularization": 0.020348312074662082,
      "regressor__learning_rate": 0.00396111250531307,
      "regressor__loss": "squared_error",
      "regressor__max_bins": 255,
      "regressor__max_depth": null,
      "regressor__max_iter": 100,
      "regressor__max_leaf_nodes": null,
      "regressor__min_samples_leaf": 20,
      "regressor__monotonic_cst": null,
      "regressor__n_iter_no_change": 10,
      "regressor__quantile": null,
      "regressor__random_state": null,
      "regressor__scoring": "loss",
      "regressor__tol": 1e-07,
      "regressor__validation_fraction": 0.1,
      "regressor__verbose": 0,
      "regressor__warm_start": false,
      "transformer__copy": true,
      "transformer__method": "yeo-johnson",
      "transformer__standardize": true
    }
  },
  "r_avg": 0.6666575845845167,
  "r_stdev": 0.03227729883286479,
  "r_stderr": 0.012199672243525084,
  "r2_avg": 0.226353851255449,
  "r2_stdev": 0.005803556289956269,
  "r2_stderr": 0.002193538094712707,
  "rmse_avg": 2.721017973180868,
  "rmse_stdev": 0.013261297669575622,
  "rmse_stderr": 0.005012299385099643,
  "mae_avg": 2.127003484994899,
  "mae_stdev": 0.008836958506089676,
  "mae_stderr": 0.0033400563647585924
}