{
  "6": {
    "fit_time": [
      3.4705405235290527,
      3.5541560649871826,
      3.51094388961792,
      3.4614367485046387,
      3.460751533508301
    ],
    "score_time": [
      0.10113382339477539,
      0.10156893730163574,
      0.10256338119506836,
      0.09888148307800293,
      0.0991525650024414
    ],
    "test_r": [
      0.652889367605383,
      0.6500423198330418,
      0.7322031808645222,
      0.6765843174315899,
      0.6200084066785418
    ],
    "test_r2": [
      0.3982421686270846,
      0.4205286127136624,
      0.5332874162213179,
      0.443197037307996,
      0.37803605035550514
    ],
    "test_rmse": [
      -2.298997203704928,
      -2.467052729983439,
      -2.062702555873294,
      -2.3509263134143774,
      -2.4342715107402295
    ],
    "test_mae": [
      -1.7141333528458849,
      -1.7905847827842716,
      -1.5871613922825552,
      -1.7208979762305123,
      -1.7897169067977992
    ]
  },
  "13": {
    "fit_time": [
      3.482215166091919,
      3.501035213470459,
      3.4387454986572266,
      3.499680280685425,
      3.4428908824920654
    ],
    "score_time": [
      0.10212278366088867,
      0.1010904312133789,
      0.09946608543395996,
      0.09847450256347656,
      0.1001121997833252
    ],
    "test_r": [
      0.5799554683333283,
      0.7053682499563998,
      0.6136632792664816,
      0.7460792298457394,
      0.5599172813378706
    ],
    "test_r2": [
      0.2946749105611234,
      0.48174101227375676,
      0.36671529436433625,
      0.5507671092981412,
      0.25627221246326337
    ],
    "test_rmse": [
      -2.598333305899724,
      -2.2342203801691762,
      -2.3278035148266096,
      -2.112749342133616,
      -2.6729378812401254
    ],
    "test_mae": [
      -1.9249324652091861,
      -1.522500998681366,
      -1.832109261472317,
      -1.509003827084091,
      -1.9952252536540511
    ]
  },
  "42": {
    "fit_time": [
      3.4638593196868896,
      3.5446012020111084,
      3.4909443855285645,
      3.4861044883728027,
      3.407907247543335
    ],
    "score_time": [
      0.10003042221069336,
      0.10065579414367676,
      0.10109686851501465,
      0.09911775588989258,
      0.0994422435760498
    ],
    "test_r": [
      0.6308265209529417,
      0.6635773363122197,
      0.739538650374605,
      0.6351195183302457,
      0.6175345576040615
    ],
    "test_r2": [
      0.3979418547089779,
      0.40407795927453183,
      0.5095797501050117,
      0.3585726033918316,
      0.3607887462478133
    ],
    "test_rmse": [
      -2.435288675463145,
      -1.9902296884128474,
      -2.433953726240177,
      -2.3898427729733362,
      -2.545082244401821
    ],
    "test_mae": [
      -1.8764507735213083,
      -1.506352635281651,
      -1.771739685406563,
      -1.722560128871367,
      -1.8332792685444
    ]
  },
  "69": {
    "fit_time": [
      3.4775147438049316,
      3.5019986629486084,
      3.427034616470337,
      3.5171096324920654,
      3.4627952575683594
    ],
    "score_time": [
      0.10241007804870605,
      0.10081863403320312,
      0.09945559501647949,
      0.09883427619934082,
      0.09983062744140625
    ],
    "test_r": [
      0.6612964448796639,
      0.6626306787993353,
      0.6383144927302297,
      0.677761108119279,
      0.5890279008427249
    ],
    "test_r2": [
      0.42978195701094934,
      0.4282940892944238,
      0.3957691266101595,
      0.4584700592842482,
      0.2667189863030126
    ],
    "test_rmse": [
      -2.24742127694995,
      -2.3972688588407123,
      -2.296432647768494,
      -2.392222487918881,
      -2.645804389351404
    ],
    "test_mae": [
      -1.7244401845707589,
      -1.7268834165790083,
      -1.7630823570461607,
      -1.6838641617726287,
      -1.9204439734460754
    ]
  },
  "420": {
    "fit_time": [
      3.462374210357666,
      3.5580685138702393,
      3.4524130821228027,
      3.4433958530426025,
      3.4510445594787598
    ],
    "score_time": [
      0.10061502456665039,
      0.100494384765625,
      0.10029411315917969,
      0.09844422340393066,
      0.0995938777923584
    ],
    "test_r": [
      0.6956982186253317,
      0.5691028017003401,
      0.7090084458680627,
      0.6747457557209461,
      0.7026147806819534
    ],
    "test_r2": [
      0.433012915252596,
      0.30615352084676384,
      0.4961132145049726,
      0.4537352883351682,
      0.4818872587907258
    ],
    "test_rmse": [
      -2.3237795206799725,
      -2.382666074991981,
      -2.0542700119637582,
      -2.438841392874467,
      -2.367884719719894
    ],
    "test_mae": [
      -1.7693672741343482,
      -1.6670564775111205,
      -1.578737342449455,
      -1.8459627434036867,
      -1.6660956457899059
    ]
  },
  "1234567890": {
    "fit_time": [
      3.4718663692474365,
      3.455216646194458,
      3.425597667694092,
      3.533160924911499,
      3.440851926803589
    ],
    "score_time": [
      0.10198450088500977,
      0.09963417053222656,
      0.09963178634643555,
      0.09914398193359375,
      0.10008454322814941
    ],
    "test_r": [
      0.7180655596586892,
      0.679964523594006,
      0.5960550034086909,
      0.6833337230963911,
      0.7089030558976946
    ],
    "test_r2": [
      0.49928860759899263,
      0.4599461310026213,
      0.3098738943390309,
      0.46544341692815183,
      0.48112336878601436
    ],
    "test_rmse": [
      -2.175354000049723,
      -2.405860788959596,
      -2.7830341444132576,
      -2.084246607941054,
      -2.0548080918688285
    ],
    "test_mae": [
      -1.7201901812667688,
      -1.7974211106378049,
      -1.9483249870317227,
      -1.4951037776834823,
      -1.591604588105323
    ]
  },
  "473129": {
    "fit_time": [
      3.4480299949645996,
      3.5528366565704346,
      3.506737470626831,
      3.442996025085449,
      3.45202374458313
    ],
    "score_time": [
      0.10022878646850586,
      0.10092949867248535,
      0.10216069221496582,
      0.0989065170288086,
      0.09880614280700684
    ],
    "test_r": [
      0.6736692727980655,
      0.7108168482118925,
      0.6741093799359186,
      0.639562502862546,
      0.7280537507896816
    ],
    "test_r2": [
      0.4400139449689878,
      0.48018742503855183,
      0.4430495580775331,
      0.3915404373260861,
      0.5221855630943097
    ],
    "test_rmse": [
      -2.2977248596299917,
      -2.1801861378329273,
      -2.3713527186467265,
      -2.513236628087448,
      -1.9572527990375355
    ],
    "test_mae": [
      -1.6449033953648409,
      -1.709509020335455,
      -1.684991671179914,
      -1.8148014726152253,
      -1.5585397237356178
    ]
  },
  "r_avg": 0.6633154837985261,
  "r_stdev": 0.04873241196459209,
  "r_stderr": 0.018419120406665608,
  "r2_avg": 0.4227717571802186,
  "r2_stdev": 0.07346175688789024,
  "r2_stderr": 0.0277659342284634,
  "rmse_avg": 2.3349725715143843,
  "rmse_stdev": 0.19359342352655412,
  "rmse_stderr": 0.07317143630126616,
  "mae_avg": 1.7259420632379034,
  "mae_stdev": 0.12877025463104463,
  "mae_stderr": 0.04867058143088678
}