{
  "6": {
    "fit_time": [
      2.2603509426116943,
      2.90657901763916
    ],
    "score_time": [
      1.8068821430206299,
      1.99019193649292
    ],
    "test_r": [
      0.36216110897467496,
      0.6283318357687612
    ],
    "test_r2": [
      -0.4554319949232626,
      0.17135422063483774
    ],
    "test_rmse": [
      -3.7279449851005033,
      -2.8192480116476997
    ],
    "test_mae": [
      -2.6700933342508555,
      -2.1005660362005183
    ]
  },
  "r_avg": 0.49524647237171804,
  "r_stdev": 0.1330853633970431,
  "r_stderr": 0.050301539241604895,
  "r2_avg": -0.14203888714421242,
  "r2_stdev": 0.31339310777905016,
  "r2_stderr": 0.11845146082643264,
  "rmse_avg": -3.2735964983741015,
  "rmse_stdev": 0.4543484867264018,
  "rmse_stderr": 0.17172758634808433,
  "mae_avg": -2.385329685225687,
  "mae_stdev": 0.2847636490251686,
  "mae_stderr": 0.1076305425359824
}