{
  "6": {
    "fit_time": [
      1.9028050899505615,
      1.6274816989898682
    ],
    "score_time": [
      1.1498939990997314,
      1.0491461753845215
    ],
    "test_r": [
      0.4476007963211573,
      0.3491570072466306
    ],
    "test_r2": [
      0.12607868858179616,
      0.007504083609575218
    ],
    "test_rmse": [
      -2.8887482861329774,
      -3.085412152534247
    ],
    "test_mae": [
      -2.274583123135738,
      -2.385736610828441
    ]
  },
  "r_avg": 0.39837890178389396,
  "r_stdev": 0.04922189453726333,
  "r_stderr": 0.018604127429292495,
  "r2_avg": 0.06679138609568569,
  "r2_stdev": 0.05928730248611047,
  "r2_stderr": 0.02240849404030139,
  "rmse_avg": -2.9870802193336123,
  "rmse_stdev": 0.09833193320063471,
  "rmse_stderr": 0.037165977312156435,
  "mae_avg": -2.3301598669820893,
  "mae_stdev": 0.05557674384635147,
  "mae_stderr": 0.021006034699455046
}