{
  "6": {
    "fit_time": [
      2.4748940467834473,
      2.241702079772949,
      2.330501079559326,
      2.165642261505127,
      2.0060060024261475
    ],
    "score_time": [
      1.1320929527282715,
      1.2622900009155273,
      1.082387924194336,
      1.0542867183685303,
      0.9910681247711182
    ],
    "test_r": [
      0.19707117741189137,
      0.05700940787148639,
      0.08454316084523794,
      0.3477457659835255,
      0.15182486542582976
    ],
    "test_r2": [
      -2.930342153332319,
      -3.485095671607823,
      -3.6632518294958087,
      -2.432233678750977,
      -3.4329878082539835
    ],
    "test_rmse": [
      -5.875471813649946,
      -6.8635419034372935,
      -6.520130466794621,
      -5.836825000457108,
      -6.498822545543233
    ],
    "test_mae": [
      -4.339019118930007,
      -5.44107192464624,
      -5.179303736079248,
      -4.359276976583301,
      -5.103679660020356
    ]
  },
  "13": {
    "fit_time": [
      2.2096431255340576,
      2.143864154815674,
      2.135956048965454,
      2.0916810035705566,
      2.098222255706787
    ],
    "score_time": [
      1.100492000579834,
      1.0880708694458008,
      1.1448898315429688,
      1.0484509468078613,
      1.0917596817016602
    ],
    "test_r": [
      0.08572220274279398,
      0.180500340883156,
      0.04220405636814971,
      0.08014969596516029,
      0.007677250464331174
    ],
    "test_r2": [
      -3.4673296078807985,
      -3.2566284361124174,
      -4.738246039315639,
      -3.7586458785098413,
      -3.6011177031595167
    ],
    "test_rmse": [
      -6.539193554127729,
      -6.403028853053212,
      -7.007069137476959,
      -6.876285434638106,
      -6.648344777469072
    ],
    "test_mae": [
      -4.955401997152462,
      -4.880960496887007,
      -5.5140062373939625,
      -5.406762957044994,
      -5.2698627278529715
    ]
  },
  "42": {
    "fit_time": [
      2.436244010925293,
      3.9201900959014893,
      2.3019280433654785,
      2.279607057571411,
      2.0932929515838623
    ],
    "score_time": [
      1.4758000373840332,
      1.1538586616516113,
      1.1351239681243896,
      1.0792629718780518,
      1.0768449306488037
    ],
    "test_r": [
      0.19031157498861148,
      0.1347485447501794,
      0.202734630644682,
      0.1708214187065255,
      0.025295817797799745
    ],
    "test_r2": [
      -3.265276929073777,
      -4.593408888730438,
      -2.2728273464838664,
      -4.377590857885996,
      -3.945720181264722
    ],
    "test_rmse": [
      -6.4819376292200594,
      -6.097429115700598,
      -6.287668950521674,
      -6.9197348804637935,
      -7.0793663227872345
    ],
    "test_mae": [
      -5.083530656764016,
      -4.615256745338434,
      -4.84513187887958,
      -5.637556056447793,
      -5.616787690270111
    ]
  },
  "69": {
    "fit_time": [
      2.156723976135254,
      3.968686103820801,
      3.491668939590454,
      2.160343885421753,
      2.2148711681365967
    ],
    "score_time": [
      1.1696619987487793,
      1.0979139804840088,
      1.1182398796081543,
      1.0940532684326172,
      1.1065528392791748
    ],
    "test_r": [
      0.09304842286847831,
      0.1664610113788428,
      0.08943058442028792,
      0.11432266730374074,
      0.09978118743214909
    ],
    "test_r2": [
      -3.070091488538985,
      -3.5263910273400576,
      -3.7575055673537667,
      -3.4038837639691915,
      -4.193785903866619
    ],
    "test_rmse": [
      -6.004351333662101,
      -6.74538025894973,
      -6.443797872435442,
      -6.821945660722753,
      -7.041489469649594
    ],
    "test_mae": [
      -4.518753777440336,
      -5.399781225246518,
      -4.879227418727934,
      -5.23642718580345,
      -5.694369086600972
    ]
  },
  "420": {
    "fit_time": [
      2.4812347888946533,
      2.431852102279663,
      2.2689993381500244,
      2.2994229793548584,
      2.1855969429016113
    ],
    "score_time": [
      1.3955211639404297,
      1.1879479885101318,
      1.176769733428955,
      1.1529760360717773,
      1.3217658996582031
    ],
    "test_r": [
      0.08956895782677328,
      0.058385956677199626,
      0.18476701601913947,
      0.09557675213209381,
      -0.027177116172435428
    ],
    "test_r2": [
      -3.945060026853156,
      -4.485525470700315,
      -3.5942568093309486,
      -2.8985394126697055,
      -3.8844210454418144
    ],
    "test_rmse": [
      -6.862685879177929,
      -6.699472438981255,
      -6.2029556452625005,
      -6.5152779624900425,
      -7.270344091559188
    ],
    "test_mae": [
      -5.4252723903230775,
      -5.3683592325759975,
      -4.720286970272759,
      -5.125724388466115,
      -5.688579170801496
    ]
  },
  "1234567890": {
    "fit_time": [
      3.6829850673675537,
      3.6523420810699463,
      3.601233959197998,
      3.4010632038116455,
      3.283499002456665
    ],
    "score_time": [
      1.1044068336486816,
      1.1053340435028076,
      1.0297040939331055,
      1.0073599815368652,
      1.0100512504577637
    ],
    "test_r": [
      0.15812992886419885,
      0.04666406267696453,
      0.161172154413894,
      0.1709261087889935,
      0.07445910849724326
    ],
    "test_r2": [
      -3.5409882656845246,
      -3.2615243016239335,
      -2.9073357019871833,
      -3.8066522865811434,
      -4.8350107404605245
    ],
    "test_rmse": [
      -6.551057240822155,
      -6.758252875005798,
      -6.622083756872751,
      -6.249907869724066,
      -6.89064762330953
    ],
    "test_mae": [
      -5.134246975339193,
      -5.136272723032836,
      -5.044917367632995,
      -4.851505533691424,
      -5.581208442626996
    ]
  },
  "473129": {
    "fit_time": [
      2.4946248531341553,
      2.4526350498199463,
      2.597799062728882,
      3.543823003768921,
      2.104605197906494
    ],
    "score_time": [
      1.294119119644165,
      1.4202229976654053,
      1.3481028079986572,
      1.019848108291626,
      1.0161921977996826
    ],
    "test_r": [
      0.16344663217878014,
      0.12719719954794723,
      -0.05300191124392636,
      0.07441804153518079,
      0.23657680787565824
    ],
    "test_r2": [
      -3.434723031378361,
      -3.898005466165791,
      -4.092321099842446,
      -3.293474022735367,
      -3.2664451816630162
    ],
    "test_rmse": [
      -6.466103733722448,
      -6.692368031273801,
      -7.17043940806563,
      -6.676086266033809,
      -5.848579180749991
    ],
    "test_mae": [
      -5.1097574216093244,
      -5.332714652003767,
      -5.6890169709680185,
      -5.017474652383597,
      -4.395951680526764
    ]
  },
  "r_avg": 0.11664324239630182,
  "r_stdev": 0.07717664988655368,
  "r_stderr": 0.029170031802988897,
  "r2_avg": -3.6090469606869937,
  "r2_stdev": 0.5807106098401128,
  "r2_stderr": 0.2194879796190852,
  "rmse_avg": -6.584802199537462,
  "rmse_stdev": 0.36501122285215554,
  "rmse_stderr": 0.13796127448776857,
  "mae_avg": -5.131355889324686,
  "mae_stdev": 0.3837938949216897,
  "mae_stderr": 0.14506045723823516
}