{
  "6": {
    "fit_time": [
      25.6891188621521,
      25.588418006896973
    ],
    "score_time": [
      2.173466920852661,
      0.678725004196167
    ],
    "test_r": [
      0.6917401720479748,
      0.7563590345012747
    ],
    "test_r2": [
      0.4649928728652316,
      0.5227302335609976
    ],
    "test_rmse": [
      -2.2602335624096668,
      -2.139591103885332
    ],
    "test_mae": [
      -1.7049108522362173,
      -1.6258737841371191
    ],
    "best_params": {
      "check_inverse": true,
      "func": null,
      "inverse_func": null,
      "regressor__natural_gradient": true,
      "regressor__n_estimators": 151,
      "regressor__learning_rate": 0.011826780571453624,
      "regressor__minibatch_frac": 1,
      "regressor__col_sample": 1.0,
      "regressor__verbose": false,
      "transformer__copy": true,
      "transformer__method": "yeo-johnson",
      "transformer__standardize": true
    }
  },
  "r_avg": 0.7240496032746248,
  "r_stdev": 0.032309431226649976,
  "r_stderr": 0.012211817146808628,
  "r2_avg": 0.4938615532131146,
  "r2_stdev": 0.02886868034788298,
  "r2_stderr": 0.010911335554159424,
  "rmse_avg": 2.1999123331474992,
  "rmse_stdev": 0.06032122926216732,
  "rmse_stderr": 0.022799281629343846,
  "mae_avg": 1.6653923181866683,
  "mae_stdev": 0.03951853404954908,
  "mae_stderr": 0.01493660189613502
}