{
  "6": {
    "fit_time": [
      95.0295684337616,
      92.81447410583496,
      93.43228006362915,
      93.4282763004303,
      90.72825074195862
    ],
    "score_time": [
      0.6031594276428223,
      0.5641329288482666,
      0.442638635635376,
      0.4254150390625,
      0.3992319107055664
    ],
    "test_r": [
      0.7018990956524476,
      0.7103570323546018,
      0.7923129351830933,
      0.8026245781498167,
      0.7386701830594283
    ],
    "test_r2": [
      0.49213601849802546,
      0.49608861913675806,
      0.6261703732199146,
      0.6350437629490351,
      0.5416519523971768
    ],
    "test_rmse": [
      -2.1120357935533556,
      -2.300591534038925,
      -1.846072317370213,
      -1.903306116614507,
      -2.0897007706392547
    ],
    "test_mae": [
      -1.6158538946272902,
      -1.758766711748649,
      -1.4492483249438608,
      -1.3440972093214827,
      -1.6143498584142886
    ]
  },
  "13": {
    "fit_time": [
      96.12436008453369,
      93.99807405471802,
      92.94695973396301,
      93.48648619651794,
      91.04133605957031
    ],
    "score_time": [
      0.6588039398193359,
      0.6424095630645752,
      0.46369075775146484,
      0.40728282928466797,
      0.4006335735321045
    ],
    "test_r": [
      0.7380924680647728,
      0.7586477161183051,
      0.7469713922662198,
      0.7517684951416227,
      0.7695695015918154
    ],
    "test_r2": [
      0.5377935765968126,
      0.5726961468815506,
      0.5434578848362124,
      0.5649791845757324,
      0.5850160807877196
    ],
    "test_rmse": [
      -2.103382141427655,
      -2.0287147758324906,
      -1.9764564215044427,
      -2.0790609499657347,
      -1.9966295568139119
    ],
    "test_mae": [
      -1.514227449477514,
      -1.5408534653560575,
      -1.5845723452809384,
      -1.5448128585858947,
      -1.497184096949305
    ]
  },
  "42": {
    "fit_time": [
      93.14036512374878,
      94.8845100402832,
      93.07858490943909,
      92.93470096588135,
      90.9485456943512
    ],
    "score_time": [
      0.4694089889526367,
      0.6169290542602539,
      0.6244933605194092,
      0.41132116317749023,
      0.4015514850616455
    ],
    "test_r": [
      0.7424389174680965,
      0.797833882140634,
      0.7382470702645751,
      0.7161078207282527,
      0.7798872252805094
    ],
    "test_r2": [
      0.5475759728299873,
      0.6266549202255609,
      0.5396972152944297,
      0.5054251935695012,
      0.6041685632185698
    ],
    "test_rmse": [
      -2.1110769390839024,
      -1.575301520612543,
      -2.3580332314320214,
      -2.098512555006416,
      -2.0027869656238084
    ],
    "test_mae": [
      -1.7030082953241343,
      -1.2725806309494232,
      -1.7118696398752218,
      -1.4790494107325702,
      -1.5168656510310623
    ]
  },
  "69": {
    "fit_time": [
      92.8183331489563,
      93.53547263145447,
      94.19961667060852,
      93.98063135147095,
      90.77611255645752
    ],
    "score_time": [
      0.4739959239959717,
      0.47609925270080566,
      0.44034528732299805,
      0.41124963760375977,
      0.3932769298553467
    ],
    "test_r": [
      0.7872019854758194,
      0.8225268908139074,
      0.7589330299064785,
      0.7847779114659477,
      0.6550731448130753
    ],
    "test_r2": [
      0.6052695100270465,
      0.6636185242193633,
      0.5704367995954839,
      0.6152539724322084,
      0.404850647613612
    ],
    "test_rmse": [
      -1.86988263014468,
      -1.8388505689477912,
      -1.9362694405973278,
      -2.0164033216424118,
      -2.383611626718817
    ],
    "test_mae": [
      -1.393614910541925,
      -1.4454134148622775,
      -1.4485033924954342,
      -1.5347009369313822,
      -1.7829402374528105
    ]
  },
  "420": {
    "fit_time": [
      93.4513635635376,
      93.43627524375916,
      93.62288618087769,
      93.52681922912598,
      90.18419885635376
    ],
    "score_time": [
      0.4601733684539795,
      0.45246052742004395,
      0.44022512435913086,
      0.41297292709350586,
      0.4072301387786865
    ],
    "test_r": [
      0.7974384965955513,
      0.7028785273748885,
      0.8209907284729194,
      0.8214730205482997,
      0.7304250306550745
    ],
    "test_r2": [
      0.6279223697552737,
      0.47818948298042474,
      0.6701171630781007,
      0.6561629487230993,
      0.5323808062811206
    ],
    "test_rmse": [
      -1.882457227323865,
      -2.06627395172709,
      -1.6621526343487938,
      -1.9348990933235155,
      -2.249544471178926
    ],
    "test_mae": [
      -1.4299149319801658,
      -1.6237717547720796,
      -1.26980771049273,
      -1.5742169699049073,
      -1.572428647146548
    ]
  },
  "1234567890": {
    "fit_time": [
      94.30987811088562,
      92.97794604301453,
      93.7713885307312,
      93.44330716133118,
      90.90688562393188
    ],
    "score_time": [
      0.4672408103942871,
      0.5002398490905762,
      0.4446244239807129,
      0.41173624992370605,
      0.3979041576385498
    ],
    "test_r": [
      0.8054670231142926,
      0.8084632990101834,
      0.6497876739638839,
      0.8026341579508457,
      0.8339125244362345
    ],
    "test_r2": [
      0.6381273215126619,
      0.6436162665003837,
      0.40206709771761084,
      0.6292577016816716,
      0.6929562809235086
    ],
    "test_rmse": [
      -1.8493286668795035,
      -1.9543884606395554,
      -2.590481723610662,
      -1.7357546252353537,
      -1.5806631197058432
    ],
    "test_mae": [
      -1.4205196588392806,
      -1.518823996303952,
      -1.8392348647954628,
      -1.3618862803732608,
      -1.2680238455257302
    ]
  },
  "473129": {
    "fit_time": [
      94.54130911827087,
      92.61299276351929,
      94.01546096801758,
      93.92848539352417,
      90.23863458633423
    ],
    "score_time": [
      0.7163691520690918,
      0.727675199508667,
      0.4596443176269531,
      0.41466426849365234,
      0.40355777740478516
    ],
    "test_r": [
      0.7337845620575066,
      0.808692565984992,
      0.7805329856087244,
      0.7580792786228493,
      0.8032636089570929
    ],
    "test_r2": [
      0.538076884908163,
      0.6336421376951958,
      0.6080871190722783,
      0.5639166206648933,
      0.6254290219861589
    ],
    "test_rmse": [
      -2.0868645639362517,
      -1.8303027884648277,
      -1.9892192291409003,
      -2.1276602860149083,
      -1.7329432927602075
    ],
    "test_mae": [
      -1.5572476442870753,
      -1.4416693517405277,
      -1.4702178266490127,
      -1.5771875981954764,
      -1.3679053637082934
    ]
  },
  "r_avg": 0.764336135979793,
  "r_stdev": 0.04546735551816046,
  "r_stderr": 0.0171850450675447,
  "r2_avg": 0.577655261211007,
  "r2_stdev": 0.06889555688852583,
  "r2_stderr": 0.0260400728520489,
  "rmse_avg": 1.9971318089102974,
  "rmse_stdev": 0.2157437815408908,
  "rmse_stderr": 0.08154348469512063,
  "mae_avg": 1.5155819765604581,
  "mae_stdev": 0.13827738015976943,
  "mae_stderr": 0.05226393712118382
}