{
  "6": {
    "fit_time": [
      1.440643072128296,
      1.1921043395996094
    ],
    "score_time": [
      0.2219548225402832,
      0.17946863174438477
    ],
    "test_r": [
      0.6345210328141124,
      0.6128530408836894
    ],
    "test_r2": [
      0.37337550932168573,
      0.37479678196808075
    ],
    "test_rmse": [
      -2.446116955820573,
      -2.4488344364626276
    ],
    "test_mae": [
      -1.8911605252927206,
      -1.9513169178189294
    ],
    "best_params": {
      "check_inverse": true,
      "func": null,
      "inverse_func": null,
      "regressor__activation": "relu",
      "regressor__alpha": 0.0004510910337688182,
      "regressor__batch_size": "auto",
      "regressor__beta_1": 0.9,
      "regressor__beta_2": 0.999,
      "regressor__early_stopping": true,
      "regressor__epsilon": 1e-08,
      "regressor__learning_rate": "invscaling",
      "regressor__learning_rate_init": 0.0036652815093629817,
      "regressor__max_fun": 15000,
      "regressor__max_iter": 200,
      "regressor__momentum": 0.9,
      "regressor__n_iter_no_change": 10,
      "regressor__n_layers": 3,
      "regressor__n_neurons": 57,
      "regressor__nesterovs_momentum": true,
      "regressor__power_t": 0.5,
      "regressor__random_state": null,
      "regressor__shuffle": true,
      "regressor__solver": "adam",
      "regressor__tol": 0.0001,
      "regressor__validation_fraction": 0.1,
      "regressor__verbose": false,
      "regressor__warm_start": false,
      "transformer__memory": null,
      "transformer__verbose": false,
      "transformer__MinMax__clip": false,
      "transformer__MinMax__copy": true,
      "transformer__Standard__copy": true,
      "transformer__Standard__with_mean": true,
      "transformer__Standard__with_std": true,
      "transformer__MinMax NN__clip": false,
      "transformer__MinMax NN__copy": true
    }
  },
  "r_avg": 0.6236870368489009,
  "r_stdev": 0.010833995965211507,
  "r_stderr": 0.0040948655755752615,
  "r2_avg": 0.37408614564488324,
  "r2_stdev": 0.000710636323197511,
  "r2_stderr": 0.0002685952833985621,
  "rmse_avg": 2.4474756961416,
  "rmse_stdev": 0.0013587403210273408,
  "rmse_stderr": 0.0005135555693934871,
  "mae_avg": 1.921238721555825,
  "mae_stdev": 0.030078196263104373,
  "mae_stderr": 0.011368489599652351
}