{
  "6": {
    "fit_time": [
      16.991902112960815,
      16.242352962493896
    ],
    "score_time": [
      0.14911890029907227,
      0.1556262969970703
    ],
    "test_r": [
      0.7257963065067311,
      0.7680661681512453
    ],
    "test_r2": [
      0.5233233730401381,
      0.5663519977619869
    ],
    "test_rmse": [
      -2.133464714898323,
      -2.0394708223584037
    ],
    "test_mae": [
      -1.5627877332914106,
      -1.491008928686635
    ]
  },
  "r_avg": 0.7469312373289883,
  "r_stdev": 0.021134930822257092,
  "r_stderr": 0.007988252990320875,
  "r2_avg": 0.5448376854010625,
  "r2_stdev": 0.02151431236092438,
  "r2_stderr": 0.008131645733652687,
  "rmse_avg": 2.0864677686283635,
  "rmse_stdev": 0.04699694626995954,
  "rmse_stderr": 0.017763176029968224,
  "mae_avg": 1.526898330989023,
  "mae_stdev": 0.035889402302387796,
  "mae_stderr": 0.013564919027838148
}