{
  "6": {
    "fit_time": [
      3.5945982933044434,
      3.6639609336853027,
      3.7130520343780518,
      3.5806801319122314,
      3.5764129161834717
    ],
    "score_time": [
      0.16245341300964355,
      0.16241979598999023,
      0.15654444694519043,
      0.14819884300231934,
      0.1431422233581543
    ],
    "test_r": [
      0.694645380782833,
      0.6945875784280124,
      0.769155513527722,
      0.7743411710012039,
      0.6759678779045684
    ],
    "test_r2": [
      0.47380263588478344,
      0.4739799182686839,
      0.5841637524114305,
      0.5742762577022522,
      0.4536285563064203
    ],
    "test_rmse": [
      -2.1498190239123023,
      -2.3505180794236646,
      -1.9470317023840424,
      -2.05566425316489,
      -2.2815521833725296
    ],
    "test_mae": [
      -1.552601795281917,
      -1.773475728879337,
      -1.4841435103016474,
      -1.4897281380162581,
      -1.748414222747265
    ]
  },
  "13": {
    "fit_time": [
      3.689124822616577,
      3.6350717544555664,
      3.591501474380493,
      3.567405939102173,
      3.653717517852783
    ],
    "score_time": [
      0.16109895706176758,
      0.17121243476867676,
      0.16382217407226562,
      0.14794635772705078,
      0.14735937118530273
    ],
    "test_r": [
      0.6846423806531594,
      0.704369687592876,
      0.7621233991533208,
      0.7567889169383332,
      0.7213198636349498
    ],
    "test_r2": [
      0.43933169393117344,
      0.4840304717355499,
      0.5691218077025217,
      0.5683176258598208,
      0.5041723919210582
    ],
    "test_rmse": [
      -2.316611443009995,
      -2.229279975083443,
      -1.920101013432215,
      -2.0710680099299776,
      -2.182464631415792
    ],
    "test_mae": [
      -1.7299174564036153,
      -1.6116252379860103,
      -1.5060580893699869,
      -1.554332791834992,
      -1.6399582548265113
    ]
  },
  "42": {
    "fit_time": [
      3.607250213623047,
      3.6341073513031006,
      3.6836256980895996,
      3.608999729156494,
      3.6323201656341553
    ],
    "score_time": [
      0.16498136520385742,
      0.16508078575134277,
      0.15773582458496094,
      0.15079641342163086,
      0.1474018096923828
    ],
    "test_r": [
      0.7248510419894068,
      0.7432435026204931,
      0.707150503001482,
      0.7640307333115273,
      0.7482216499398382
    ],
    "test_r2": [
      0.5207422008821284,
      0.5220887285487432,
      0.4652139157603393,
      0.547358821113306,
      0.5375312907966907
    ],
    "test_rmse": [
      -2.1727803527952574,
      -1.7823053584989466,
      -2.541664183873702,
      -2.007578831109737,
      -2.164815016002737
    ],
    "test_mae": [
      -1.6876200040551441,
      -1.3974407164306977,
      -1.8048800577935193,
      -1.5067734901869614,
      -1.571755686897406
    ]
  },
  "69": {
    "fit_time": [
      3.7056663036346436,
      3.668438196182251,
      3.6078522205352783,
      3.604766607284546,
      3.6681313514709473
    ],
    "score_time": [
      0.16092658042907715,
      0.161268949508667,
      0.16256070137023926,
      0.1467266082763672,
      0.1421678066253662
    ],
    "test_r": [
      0.7881588681694093,
      0.7654512117065131,
      0.7489793539042156,
      0.7477958977430007,
      0.6216846119169013
    ],
    "test_r2": [
      0.6137461922965456,
      0.5646848643548432,
      0.5318781859775799,
      0.5588666861725186,
      0.3387284428353945
    ],
    "test_rmse": [
      -1.8496961703064616,
      -2.0918584149733217,
      -2.0213042826931877,
      -2.159112442296147,
      -2.512536815165301
    ],
    "test_mae": [
      -1.420265000991381,
      -1.5889514897995904,
      -1.5478701936888668,
      -1.588022983841458,
      -1.85820119779626
    ]
  },
  "420": {
    "fit_time": [
      3.618699312210083,
      3.6466903686523438,
      3.698389768600464,
      3.600722312927246,
      3.6394128799438477
    ],
    "score_time": [
      0.16440320014953613,
      0.16376662254333496,
      0.15522146224975586,
      0.15077829360961914,
      0.147383451461792
    ],
    "test_r": [
      0.7019743801128959,
      0.6712525640453789,
      0.8000591279251202,
      0.786469014510671,
      0.7402114748875445
    ],
    "test_r2": [
      0.45738404818077716,
      0.4498235482392783,
      0.6323835214276445,
      0.606252533536906,
      0.5338353754731204
    ],
    "test_rmse": [
      -2.2732888159556266,
      -2.1216927183926093,
      -1.754642026385668,
      -2.0705745441775987,
      -2.246043046683008
    ],
    "test_mae": [
      -1.6576464512575708,
      -1.590500979291489,
      -1.324597334953285,
      -1.6164779685644879,
      -1.5670580218191352
    ]
  },
  "1234567890": {
    "fit_time": [
      3.7041497230529785,
      3.6237635612487793,
      3.579697608947754,
      3.6209802627563477,
      3.65089750289917
    ],
    "score_time": [
      0.16191339492797852,
      0.16655611991882324,
      0.15851807594299316,
      0.14551210403442383,
      0.14850974082946777
    ],
    "test_r": [
      0.7612964638089179,
      0.736420881657325,
      0.6884926688321769,
      0.7782474349880754,
      0.8093980791236692
    ],
    "test_r2": [
      0.5618780865236115,
      0.5335773885561015,
      0.42424102370770433,
      0.5902978780045939,
      0.6437182779318651
    ],
    "test_rmse": [
      -2.0348560522274326,
      -2.235845300920953,
      -2.5419948444679763,
      -1.824678559105168,
      -1.702691558275245
    ],
    "test_mae": [
      -1.5838368272690866,
      -1.6602758901643164,
      -1.8578237737215535,
      -1.3526175564549914,
      -1.2848831354642976
    ]
  },
  "473129": {
    "fit_time": [
      3.5854058265686035,
      3.6641762256622314,
      3.6962802410125732,
      3.5873568058013916,
      3.598113536834717
    ],
    "score_time": [
      0.16492533683776855,
      0.16338777542114258,
      0.15596747398376465,
      0.14667105674743652,
      0.1479945182800293
    ],
    "test_r": [
      0.7237740975461664,
      0.748174359501465,
      0.7445796830845319,
      0.7510614160406666,
      0.7584845147413233
    ],
    "test_r2": [
      0.5193247989207486,
      0.5048841220427471,
      0.5531423339864784,
      0.5352486551415183,
      0.5667160002622675
    ],
    "test_rmse": [
      -2.1288020278191095,
      -2.1277647522038525,
      -2.124087906959655,
      -2.196483006614818,
      -1.8638184859840004
    ],
    "test_mae": [
      -1.5611740234761555,
      -1.636885649634852,
      -1.5988550832298272,
      -1.6149839407731192,
      -1.4319549166802532
    ]
  },
  "r_avg": 0.7370687229921626,
  "r_stdev": 0.04022279153395013,
  "r_stderr": 0.015202786205089466,
  "r2_avg": 0.5268106294970613,
  "r2_stdev": 0.0633491411605082,
  "r2_stderr": 0.023943724754318628,
  "rmse_avg": 2.115857880829039,
  "rmse_stdev": 0.20465862225116238,
  "rmse_stderr": 0.07735368830595508,
  "mae_avg": 1.5829030742823786,
  "mae_stdev": 0.13566574691111813,
  "mae_stderr": 0.05127683253666396
}