{
  "6": {
    "fit_time": [
      4.523281097412109,
      3.9273788928985596
    ],
    "score_time": [
      0.26407790184020996,
      0.22810697555541992
    ],
    "test_r": [
      0.6736771494281381,
      0.7148628797753283
    ],
    "test_r2": [
      0.4537999588335444,
      0.4799802616223521
    ],
    "test_rmse": [
      -2.283754415315618,
      -2.2333600110523992
    ],
    "test_mae": [
      -1.7003672110052865,
      -1.6555396995623934
    ]
  },
  "r_avg": 0.6942700146017331,
  "r_stdev": 0.0205928651735951,
  "r_stderr": 0.0077833714330879395,
  "r2_avg": 0.46689011022794824,
  "r2_stdev": 0.013090151394403837,
  "r2_stderr": 0.004947612173396847,
  "rmse_avg": 2.258557213184009,
  "rmse_stdev": 0.025197202131609364,
  "rmse_stderr": 0.009523647224980709,
  "mae_avg": 1.67795345528384,
  "mae_stdev": 0.02241375572144655,
  "mae_stderr": 0.008471603369414096
}