{
  "6": {
    "fit_time": [
      2.3603432178497314,
      2.329632043838501,
      2.199557065963745,
      2.307806968688965,
      2.1459808349609375
    ],
    "score_time": [
      1.1528189182281494,
      1.1314029693603516,
      1.205071210861206,
      1.124208927154541,
      1.0854861736297607
    ],
    "test_r": [
      0.7039194645295869,
      0.6925417722302865,
      0.7754379788025569,
      0.7937932647256524,
      0.6583843374832873
    ],
    "test_r2": [
      0.4867264016105066,
      0.4750903711227522,
      0.5971618187288557,
      0.595789168273325,
      0.41696545997127255
    ],
    "test_rmse": [
      -2.1232543886269712,
      -2.3480357421632236,
      -1.916360297076174,
      -2.0030519906118047,
      -2.3568587313214673
    ],
    "test_mae": [
      -1.5389020455367404,
      -1.70317308882584,
      -1.4507470701740917,
      -1.474898123152892,
      -1.7719977845954153
    ]
  },
  "13": {
    "fit_time": [
      2.309149980545044,
      2.174182176589966,
      2.2732670307159424,
      2.3588428497314453,
      2.1158647537231445
    ],
    "score_time": [
      1.1217920780181885,
      1.16945481300354,
      1.164921760559082,
      1.0803461074829102,
      1.026820182800293
    ],
    "test_r": [
      0.676535744728959,
      0.7223229896403738,
      0.7467637619654981,
      0.76679160190724,
      0.7108487814463875
    ],
    "test_r2": [
      0.4230338033393638,
      0.5077251616861793,
      0.5486745366028372,
      0.5859943836395649,
      0.481878303173074
    ],
    "test_rmse": [
      -2.350040671922367,
      -2.177491191944198,
      -1.9651320474098752,
      -2.0282212036781293,
      -2.2309906564781197
    ],
    "test_mae": [
      -1.740032841130785,
      -1.5633085174979837,
      -1.54660038958836,
      -1.5692094089360047,
      -1.660689384051871
    ]
  },
  "42": {
    "fit_time": [
      2.238553047180176,
      2.2576451301574707,
      2.244666814804077,
      3.491175889968872,
      2.1483638286590576
    ],
    "score_time": [
      1.1301689147949219,
      1.1752049922943115,
      1.1587493419647217,
      1.0851881504058838,
      1.0770320892333984
    ],
    "test_r": [
      0.7119118923032204,
      0.7889095415834235,
      0.753263291904009,
      0.6981598171289997,
      0.7270954184374161
    ],
    "test_r2": [
      0.505188037043697,
      0.6082707814796462,
      0.5351919109482435,
      0.4556630747243374,
      0.5047439163579065
    ],
    "test_rmse": [
      -2.2077572849926614,
      -1.613620709981336,
      -2.3695449894274683,
      -2.20155467202493,
      -2.2402398816335647
    ],
    "test_mae": [
      -1.6985499566456141,
      -1.29348502035891,
      -1.7017162725554023,
      -1.5358362824356961,
      -1.637228397635623
    ]
  },
  "69": {
    "fit_time": [
      2.2561569213867188,
      2.300048828125,
      3.67067289352417,
      2.3599019050598145,
      2.0959739685058594
    ],
    "score_time": [
      1.1345829963684082,
      1.1891191005706787,
      1.130014181137085,
      1.1145117282867432,
      1.0342161655426025
    ],
    "test_r": [
      0.7536204191287115,
      0.8008861252625696,
      0.6995837822825395,
      0.7484559209805112,
      0.6274732346224693
    ],
    "test_r2": [
      0.5662330299407705,
      0.6192833699661349,
      0.4777161055932828,
      0.5572241340499064,
      0.33547311728345786
    ],
    "test_rmse": [
      -1.960163283075314,
      -1.9562814032783677,
      -2.1350378243996446,
      -2.163128415988736,
      -2.5187136148491924
    ],
    "test_mae": [
      -1.4783639748143107,
      -1.525362828538752,
      -1.5349093958133042,
      -1.6003376851917752,
      -1.8778503286388022
    ]
  },
  "420": {
    "fit_time": [
      2.2853410243988037,
      2.2501842975616455,
      2.2341861724853516,
      2.308881998062134,
      2.0470199584960938
    ],
    "score_time": [
      1.1337330341339111,
      1.1460039615631104,
      1.2069971561431885,
      1.1091578006744385,
      1.0410120487213135
    ],
    "test_r": [
      0.7514578848361305,
      0.6302856627872461,
      0.7808021608808666,
      0.7823071443280316,
      0.7168968913660282
    ],
    "test_r2": [
      0.529906538723017,
      0.3859457245224792,
      0.6029197187747029,
      0.6084108443796739,
      0.5007804404083858
    ],
    "test_rmse": [
      -2.115925838904296,
      -2.24147999215171,
      -1.823602598079964,
      -2.0648918607369007,
      -2.324310880256736
    ],
    "test_mae": [
      -1.5876313827055368,
      -1.6518971218372884,
      -1.384782080155166,
      -1.579478053544486,
      -1.5951014513250386
    ]
  },
  "1234567890": {
    "fit_time": [
      2.3782451152801514,
      2.310281991958618,
      2.265009880065918,
      2.409576177597046,
      2.090284824371338
    ],
    "score_time": [
      1.1919529438018799,
      1.1603600978851318,
      1.1750080585479736,
      1.1274938583374023,
      1.0579431056976318
    ],
    "test_r": [
      0.7836678044688843,
      0.7755513025382591,
      0.6289735324631333,
      0.742839005300697,
      0.7742975335870925
    ],
    "test_r2": [
      0.5919005618089239,
      0.5988094966446688,
      0.34120416347924776,
      0.5473188626744243,
      0.5884759096053149
    ],
    "test_rmse": [
      -1.9638992432539366,
      -2.073610939022783,
      -2.7191284856473783,
      -1.9179993754226285,
      -1.8299399703301011
    ],
    "test_mae": [
      -1.5414122666893877,
      -1.627917229080664,
      -1.9169888927084462,
      -1.400132421794385,
      -1.371824775437502
    ]
  },
  "473129": {
    "fit_time": [
      2.2779030799865723,
      2.2486350536346436,
      2.2620270252227783,
      3.598524332046509,
      2.2499032020568848
    ],
    "score_time": [
      1.1307487487792969,
      1.1444530487060547,
      1.2140967845916748,
      1.0864958763122559,
      1.089383840560913
    ],
    "test_r": [
      0.6877384532588315,
      0.7637971621556037,
      0.7284765999546192,
      0.7350932328379707,
      0.7703364631488708
    ],
    "test_r2": [
      0.4655757473133122,
      0.5417820797314048,
      0.5270819478305614,
      0.5139066450638061,
      0.5819990588811075
    ],
    "test_rmse": [
      -2.2446699687735956,
      -2.046945209881881,
      -2.185147844030448,
      -2.2463496805729446,
      -1.8306525243653233
    ],
    "test_mae": [
      -1.655221101640302,
      -1.6240682351159432,
      -1.6042313824059906,
      -1.6642526921471261,
      -1.3772761648568888
    ]
  },
  "r_avg": 0.7316919992858848,
  "r_stdev": 0.047404115145500796,
  "r_stderr": 0.017917071399437934,
  "r2_avg": 0.5202869892964611,
  "r2_stdev": 0.0742068700052596,
  "r2_stderr": 0.028047560515202175,
  "rmse_avg": -2.1284009546375477,
  "rmse_stdev": 0.21416154666642465,
  "rmse_stderr": 0.0809454561246162,
  "mae_avg": -1.5852975442160664,
  "mae_stdev": 0.13392670290871644,
  "mae_stderr": 0.050619535686756346
}