{
  "6": {
    "fit_time": [
      13.426777124404907,
      13.049206972122192,
      12.734078884124756,
      12.514214754104614,
      12.493032217025757
    ],
    "score_time": [
      1.1794378757476807,
      1.1493749618530273,
      1.0667343139648438,
      1.1816740036010742,
      1.048480749130249
    ],
    "test_r": [
      0.6625535323791452,
      0.6510377702810903,
      0.7576582556601811,
      0.7991978022968673,
      0.7110897699459856
    ],
    "test_r2": [
      0.39078368201106206,
      0.40995267142026415,
      0.5549362849900836,
      0.6324438336443435,
      0.46439743888438056
    ],
    "test_rmse": [
      -2.313200786514545,
      -2.4894640438934372,
      -2.014294401693292,
      -1.910073612213317,
      -2.2589557956344084
    ],
    "test_mae": [
      -1.6481719119976144,
      -1.8619707214545602,
      -1.5811661828675965,
      -1.324631905180515,
      -1.6621365419246783
    ]
  },
  "13": {
    "fit_time": [
      13.427630186080933,
      13.328001022338867,
      12.724622964859009,
      12.687131881713867,
      12.305516004562378
    ],
    "score_time": [
      1.0900030136108398,
      1.0574851036071777,
      2.398730993270874,
      1.0739409923553467,
      1.013927936553955
    ],
    "test_r": [
      0.6854942378256741,
      0.7020681115541314,
      0.7625386722004219,
      0.7680001377435669,
      0.7869320093115356
    ],
    "test_r2": [
      0.40520447209418065,
      0.46437734630058924,
      0.5773427658760786,
      0.5833642437140591,
      0.6043887265038574
    ],
    "test_rmse": [
      -2.3860747292832176,
      -2.2713395137937,
      -1.9016954752355122,
      -2.0346535559869685,
      -1.9494683616697304
    ],
    "test_mae": [
      -1.6594580705562691,
      -1.5841907830985462,
      -1.500303446761168,
      -1.5193177801742461,
      -1.4706628213032333
    ]
  },
  "42": {
    "fit_time": [
      13.028834104537964,
      13.054467678070068,
      12.796252965927124,
      12.574753046035767,
      12.328668117523193
    ],
    "score_time": [
      2.4506330490112305,
      1.1647372245788574,
      1.0444142818450928,
      1.1541900634765625,
      1.0749657154083252
    ],
    "test_r": [
      0.7613355313163366,
      0.8040398148182217,
      0.6998204980566489,
      0.7056773537534011,
      0.7689323563121996
    ],
    "test_r2": [
      0.5756230605580499,
      0.5836561684352297,
      0.4734810227969546,
      0.4351059171809091,
      0.5780488495268579
    ],
    "test_rmse": [
      -2.0445941752971017,
      -1.6635449621304725,
      -2.5219422336097512,
      -2.242740830912055,
      -2.067810339680575
    ],
    "test_mae": [
      -1.5982829941103773,
      -1.3083940343358134,
      -1.8199730426919838,
      -1.5133765399167098,
      -1.4854222587149475
    ]
  },
  "69": {
    "fit_time": [
      13.088927984237671,
      12.92311406135559,
      12.808257102966309,
      12.429474830627441,
      12.215835094451904
    ],
    "score_time": [
      1.1044940948486328,
      1.096817970275879,
      1.0566420555114746,
      1.057859182357788,
      1.0331299304962158
    ],
    "test_r": [
      0.7092836463726381,
      0.7820085126791724,
      0.7626598439642733,
      0.7648422967336285,
      0.6642727203700003
    ],
    "test_r2": [
      0.4704462236595779,
      0.6096090713539528,
      0.553018532987849,
      0.5473780249597472,
      0.3780070154398266
    ],
    "test_rmse": [
      -2.1658034700928317,
      -1.9809807779708675,
      -1.9751360455526694,
      -2.1870471682454795,
      -2.4367740194736047
    ],
    "test_mae": [
      -1.5482945858978294,
      -1.5038304169492918,
      -1.4340429086733049,
      -1.534664422867898,
      -1.7798392053256387
    ]
  },
  "420": {
    "fit_time": [
      13.410411834716797,
      13.146053791046143,
      12.933244228363037,
      12.624283790588379,
      12.26609206199646
    ],
    "score_time": [
      1.1367852687835693,
      1.077078104019165,
      1.0373468399047852,
      1.0247161388397217,
      1.0214457511901855
    ],
    "test_r": [
      0.7557499963304246,
      0.6695115449936992,
      0.8097526775011961,
      0.7996060349268856,
      0.7330232731905031
    ],
    "test_r2": [
      0.5338965701328087,
      0.3365404407205277,
      0.6462712964502586,
      0.6274452012931991,
      0.5184974532672055
    ],
    "test_rmse": [
      -2.1069269882920745,
      -2.3299076899444,
      -1.721179611952096,
      -2.0140816149431955,
      -2.282694082706044
    ],
    "test_mae": [
      -1.5474254581706697,
      -1.7107304916240227,
      -1.2849014245665982,
      -1.590708114609732,
      -1.4709246274987462
    ]
  },
  "1234567890": {
    "fit_time": [
      13.328584909439087,
      13.143087148666382,
      12.961392164230347,
      12.563323974609375,
      12.274869918823242
    ],
    "score_time": [
      2.445910930633545,
      1.1308648586273193,
      1.0349228382110596,
      1.0438897609710693,
      1.0210011005401611
    ],
    "test_r": [
      0.8005096129743046,
      0.7914154619609872,
      0.6199105059292285,
      0.7732383964864847,
      0.8275096231247892
    ],
    "test_r2": [
      0.6163995024313501,
      0.6100827647467655,
      0.351721202686594,
      0.5896470187863116,
      0.6588005030520643
    ],
    "test_rmse": [
      -1.9040387612924436,
      -2.0442695953076573,
      -2.6973370359393187,
      -1.826127340436311,
      -1.6662624314253258
    ],
    "test_mae": [
      -1.4570287316233645,
      -1.4785658374641863,
      -1.8289419621624867,
      -1.3633644697013498,
      -1.2869836733163325
    ]
  },
  "473129": {
    "fit_time": [
      13.41107988357544,
      13.042253255844116,
      12.923474073410034,
      12.804948806762695,
      12.356234073638916
    ],
    "score_time": [
      1.0879709720611572,
      1.1062657833099365,
      1.1572539806365967,
      1.030066967010498,
      1.0189628601074219
    ],
    "test_r": [
      0.6999511238825793,
      0.7604522315325396,
      0.7784679537657787,
      0.7384802392443005,
      0.8038248595041588
    ],
    "test_r2": [
      0.4583890596969459,
      0.5256041466068205,
      0.5862307534166269,
      0.5260375103906474,
      0.6444196774542593
    ],
    "test_rmse": [
      -2.2597122038228243,
      -2.0827666998568994,
      -2.0439345470113564,
      -2.2181428218391805,
      -1.6884420081740825
    ],
    "test_mae": [
      -1.4756636284608393,
      -1.5766224068383063,
      -1.4959574337581008,
      -1.607979053887131,
      -1.2311896154941857
    ]
  },
  "r_avg": 0.744881325969228,
  "r_stdev": 0.051863725764201556,
  "r_stderr": 0.01960264577676152,
  "r2_avg": 0.5291870986705782,
  "r2_stdev": 0.08956935992715032,
  "r2_stderr": 0.033854035922639164,
  "rmse_avg": -2.105754792337907,
  "rmse_stdev": 0.24501374803314485,
  "rmse_stderr": 0.09260649215536318,
  "mae_avg": -1.5355747858279507,
  "mae_stdev": 0.15197433130885643,
  "mae_stderr": 0.05744089804408162
}