rmse,r,r2,spearman,mse,mae
2.571375709264892,0.47712844315307845,0.10140184516677075,0.2149831845993383,6.611973038197526,2.0852559122625594
3.028218062357175,0.6101479703488147,0.17570095843714062,0.6247745909791225,9.170104633186241,2.3637303092915074
5.557527361682951,0.03427006789275275,-2.451520203162409,0.1193638898596976,30.886110375854653,4.237001520499607
4.435798595134103,0.37972360696080826,-1.0278643000249033,0.3633855392392686,19.67630917659368,3.2326751381525995
4.1869739082801765,0.22294476785272258,-0.9141247108032649,0.3074557895426671,17.53075050861898,2.9248245602382927
