fold,r,r2,rmse,mae
0.0,0.5157979882334941,0.23416248162398834,2.961070347362051,2.1660333579265534
1.0,0.5591104569094634,0.26850023221902464,2.3160540203733646,1.804024923752355
2.0,0.631700121362162,0.3883445788505818,2.52386676902733,1.8184931710185044
3.0,0.6133910364917743,0.37493999728431915,2.3222614807613207,1.7644973208007728
4.0,0.6843921565028734,0.443943322340386,2.2654904672991116,1.6570798002242277
