fold,r,r2,rmse,mae
0.0,0.5278967852637444,0.2601606751749914,2.7783828846363705,1.9214291180883136
1.0,0.6713784190629336,0.44079197080208965,2.0513033927387476,1.440772455850882
2.0,0.6928341985315439,0.41972692069854245,2.600510543086911,1.9083882983804297
3.0,0.6272023169257915,0.3928632597808136,2.2845377174422055,1.7962877078434905
4.0,0.7751572135726803,0.5890961493566689,1.9574824146679217,1.4311212803799287
