rmse,r,r2,spearman,mse,mae
8.714392452279014,0.09365259542835627,-9.679787774171803,0.051182482259266304,75.94063581233745,7.889409463356046
7.432621562369219,0.28582262064966646,-3.897944602627348,0.2605941750663919,55.243863289395854,6.403270022598684
8.541037154673628,0.21078562654585806,-7.2945630012264235,0.1853576631718495,72.94931567751539,7.446443239363693
8.061554218611619,0.18583137205242928,-5.7161214150029975,0.14569328052808905,64.9886564196148,7.043974776080633
7.399454122115346,0.33093010220772534,-5.028528579598557,0.3192621713516576,54.751921305289784,6.315071459733603
