rmse,r,r2,spearman,mse,mae
8.528413628194208,0.12073798950997956,-8.8848699403268,0.03422846896416355,72.7338390135687,7.618892046492699
7.47584227298005,0.2555433133708308,-4.0237817472872655,0.17649101708682613,55.88821769047553,6.393523471306776
8.441034332145211,0.2298073004623617,-6.962299951426161,0.15834814741428035,71.25106059645415,7.308872533090636
8.127015023152854,0.1750967621229031,-5.8070254872320595,0.12960661392105038,66.04837318655218,7.1191425610939225
7.254975303406696,0.2821495117295256,-4.7470052999696275,0.22993832611645462,52.63466665304109,5.980095028341078
