fold,r,r2,rmse,mae
1.0,0.6648498986097169,0.4310752363311957,2.634258574431533,1.8136117535267238
2.0,0.7103163157915101,0.47739520324054907,2.1357506705183464,1.5874763477073526
3.0,0.7886299626965971,0.5989353531769168,1.8945375250522727,1.4533696440930635
4.0,0.6841719339210959,0.4595601144215894,2.2797501979397308,1.6222964150050903
5.0,0.7621212015917219,0.5562392052084326,2.035071200318882,1.613986733425231
