fold,r,r2,rmse,mae
1.0,0.7050268685171487,0.47582939105623,2.3501305294161945,1.7277192968435242
2.0,0.6195621459530889,0.37709152772250365,2.493200075080288,1.8042807649771289
3.0,0.5665104728809212,0.28529045099004025,2.1634765410373,1.6563592803975162
4.0,0.6289176570596985,0.38911362629090596,2.1411132968654027,1.7077622281877707
5.0,0.5316243818188652,0.2744735891090756,2.2760851051848543,1.7061113325712598
