fold,r,r2,rmse,mae
1.0,0.6087404690970001,0.3594427859560715,2.5766718182521355,1.7989258289337156
2.0,0.693474699752553,0.4739466762910032,1.9984096461834056,1.5326536934654993
3.0,0.7158182693582315,0.5017706284419682,2.4201118582761407,1.8290065818649153
4.0,0.6896540729228143,0.469418640136296,2.1356548825674504,1.7570621049726334
5.0,0.7494879548099393,0.5563374523681961,2.034014994825415,1.613256889033962
