{
  "6": {
    "fit_time": [
      2.8678126335144043,
      2.8292527198791504,
      2.788533926010132,
      2.8535337448120117,
      2.6454625129699707
    ],
    "score_time": [
      0.06746315956115723,
      0.06772589683532715,
      0.06832051277160645,
      0.06934142112731934,
      0.07128453254699707
    ],
    "test_r": [
      0.6440298279037938,
      0.6855264964621812,
      0.7908540854073327,
      0.6345438512261062,
      0.6518953147445018
    ],
    "test_r2": [
      0.4126585767960098,
      0.46711409708403084,
      0.6197303004679604,
      0.40083959300428906,
      0.42459840509494495
    ],
    "test_rmse": [
      -2.2712915395102216,
      -2.3658082913602474,
      -1.8619058313564232,
      -2.4387079935693237,
      -2.3413801960494536
    ],
    "test_mae": [
      -1.7224533276013183,
      -1.7575482534129443,
      -1.4983594818540114,
      -1.83034822355827,
      -1.7997676959591717
    ]
  },
  "13": {
    "fit_time": [
      2.8335049152374268,
      2.8485286235809326,
      2.8442182540893555,
      2.8186557292938232,
      2.6606252193450928
    ],
    "score_time": [
      0.0683903694152832,
      0.06847262382507324,
      0.06840085983276367,
      0.06851744651794434,
      0.06683588027954102
    ],
    "test_r": [
      0.6428265540057078,
      0.7044303571589665,
      0.6721289870329183,
      0.7099609869689749,
      0.596749516858567
    ],
    "test_r2": [
      0.3953933335462847,
      0.49406543409872605,
      0.41967374362679954,
      0.49824694534888647,
      0.34678604200194474
    ],
    "test_rmse": [
      -2.405673363966124,
      -2.2074951787793564,
      -2.2283475619142554,
      -2.232838000900632,
      -2.5050107271988167
    ],
    "test_mae": [
      -1.7962723869625616,
      -1.6409663857728465,
      -1.812717287867348,
      -1.6628617661571177,
      -1.8555817820715452
    ]
  },
  "42": {
    "fit_time": [
      2.8239595890045166,
      2.851600170135498,
      2.8324544429779053,
      2.836404800415039,
      2.6508679389953613
    ],
    "score_time": [
      0.06804585456848145,
      0.06719112396240234,
      0.06884527206420898,
      0.06728005409240723,
      0.06735897064208984
    ],
    "test_r": [
      0.7338855937092577,
      0.715231260035233,
      0.6671491720633203,
      0.5620218935378757,
      0.6143185428497172
    ],
    "test_r2": [
      0.5317686257891783,
      0.4981326005242168,
      0.4410581871342789,
      0.2776158915382023,
      0.3730025806881455
    ],
    "test_rmse": [
      -2.1476400107687392,
      -1.8264297342914406,
      -2.5984323812986787,
      -2.5361776367553053,
      -2.520649679830642
    ],
    "test_mae": [
      -1.6808271038915696,
      -1.466050465935778,
      -1.9098002742403892,
      -1.844736338981417,
      -1.921290299504944
    ]
  },
  "69": {
    "fit_time": [
      2.8842289447784424,
      2.8491897583007812,
      2.8507986068725586,
      2.8715274333953857,
      2.637970447540283
    ],
    "score_time": [
      0.06688594818115234,
      0.06739020347595215,
      0.0686957836151123,
      0.06853437423706055,
      0.06561613082885742
    ],
    "test_r": [
      0.6191474280510978,
      0.7255992521216833,
      0.6897444585236494,
      0.7641932234775161,
      0.6137403135648686
    ],
    "test_r2": [
      0.35988719021227555,
      0.5199201888066328,
      0.4723569642759582,
      0.5705950554846091,
      0.3513689167416213
    ],
    "test_rmse": [
      -2.3811802383798257,
      -2.196782823360867,
      -2.1459636520313556,
      -2.130217030362819,
      -2.4884068654016156
    ],
    "test_mae": [
      -1.8147504089310416,
      -1.7275659317507923,
      -1.5065691566038824,
      -1.6103064117272625,
      -1.9169708624213988
    ]
  },
  "420": {
    "fit_time": [
      2.854130268096924,
      2.8516340255737305,
      3.0441009998321533,
      2.944789171218872,
      2.649933338165283
    ],
    "score_time": [
      0.0685732364654541,
      0.06769537925720215,
      0.06683826446533203,
      0.06828689575195312,
      0.06637382507324219
    ],
    "test_r": [
      0.7060141733630176,
      0.5689228127307411,
      0.7579371109645113,
      0.7352003481517212,
      0.6818339165049547
    ],
    "test_r2": [
      0.487075893462089,
      0.2737955999814766,
      0.5654066485788332,
      0.537715222169263,
      0.45966669765351875
    ],
    "test_rmse": [
      -2.2102168836756544,
      -2.437591488785124,
      -1.9077988421996839,
      -2.2435553113536573,
      -2.4181280028859518
    ],
    "test_mae": [
      -1.7692150228120151,
      -1.8317079940511236,
      -1.5075591013530887,
      -1.652127777220677,
      -1.7552827112971232
    ]
  },
  "1234567890": {
    "fit_time": [
      2.861654758453369,
      2.854771137237549,
      2.8549978733062744,
      2.8664448261260986,
      2.6604697704315186
    ],
    "score_time": [
      0.06719136238098145,
      0.06820464134216309,
      0.07438492774963379,
      0.06769227981567383,
      0.06673526763916016
    ],
    "test_r": [
      0.6559671256045206,
      0.7298941836374573,
      0.5659835442143054,
      0.6851777728273699,
      0.7427068775496689
    ],
    "test_r2": [
      0.43027727798306226,
      0.5225474405903552,
      0.2997739002625567,
      0.444797070113073,
      0.5476046432726807
    ],
    "test_rmse": [
      -2.3204273443425754,
      -2.2621274304713355,
      -2.8033250241887924,
      -2.1241155431286844,
      -1.9186611456944438
    ],
    "test_mae": [
      -1.8138369532606227,
      -1.7566661300035018,
      -2.0893855377802466,
      -1.6530855357904843,
      -1.4581440744426533
    ]
  },
  "473129": {
    "fit_time": [
      2.872673511505127,
      2.8434665203094482,
      2.8882620334625244,
      2.8645012378692627,
      2.650620698928833
    ],
    "score_time": [
      0.06670951843261719,
      0.06874561309814453,
      0.06854510307312012,
      0.06794428825378418,
      0.06778597831726074
    ],
    "test_r": [
      0.5574769190793002,
      0.7052647817529614,
      0.7215602336195494,
      0.6952425227731093,
      0.6597568748358974
    ],
    "test_r2": [
      0.3034460678505543,
      0.496262181839935,
      0.5173554914072604,
      0.4795022141913119,
      0.40885940023201095
    ],
    "test_rmse": [
      -2.5626352221976902,
      -2.1462112233275485,
      -2.2075043324723906,
      -2.324486151967767,
      -2.1770213238740186
    ],
    "test_mae": [
      -1.9189216299221876,
      -1.6799485824852751,
      -1.6704229232915841,
      -1.691908468212604,
      -1.7066335096919734
    ]
  },
  "r_avg": 0.6744833232374958,
  "r_stdev": 0.0598466663300372,
  "r_stderr": 0.022619913700791573,
  "r2_avg": 0.44711138348151364,
  "r2_stdev": 0.08562678729502929,
  "r2_stderr": 0.03236388353543894,
  "rmse_avg": 2.282689828790042,
  "rmse_stdev": 0.21190652726774914,
  "rmse_stderr": 0.08009313890597024,
  "mae_avg": 1.7351597084805934,
  "mae_stdev": 0.14111922780444033,
  "mae_stderr": 0.05333805456857438
}