{
  "6": {
    "fit_time": [
      0.2304530143737793,
      0.1262342929840088,
      0.31334424018859863,
      0.16426873207092285,
      0.12338089942932129
    ],
    "score_time": [
      0.007245540618896484,
      0.007684469223022461,
      0.006476163864135742,
      0.007849693298339844,
      0.006614208221435547
    ],
    "test_r": [
      0.5089568785704721,
      0.5152138359146801,
      0.6954056483915033,
      0.6142393682881722,
      0.263082096653312
    ],
    "test_r2": [
      0.25756794233960745,
      -0.005947781802797536,
      0.45623044192546613,
      0.37323456131860155,
      -0.0373199021310342
    ],
    "test_rmse": [
      -2.553617968651728,
      -3.2504998657561197,
      -2.2264825552056275,
      -2.4942545232237876,
      -3.1437120894122823
    ],
    "test_mae": [
      -2.044551285269162,
      -2.7170019815909976,
      -1.7853238797257132,
      -1.8918900385278374,
      -2.501160798033773
    ],
    "best_params": {
      "check_inverse": true,
      "func": null,
      "inverse_func": null,
      "regressor__activation": "relu",
      "regressor__alpha": 0.001,
      "regressor__batch_size": "auto",
      "regressor__beta_1": 0.9,
      "regressor__beta_2": 0.999,
      "regressor__early_stopping": true,
      "regressor__epsilon": 1e-08,
      "regressor__learning_rate": "invscaling",
      "regressor__learning_rate_init": 0.01,
      "regressor__max_fun": 15000,
      "regressor__max_iter": 200,
      "regressor__momentum": 0.9,
      "regressor__n_iter_no_change": 10,
      "regressor__n_layers": 6,
      "regressor__n_neurons": 88,
      "regressor__nesterovs_momentum": true,
      "regressor__power_t": 0.5,
      "regressor__random_state": null,
      "regressor__shuffle": true,
      "regressor__solver": "adam",
      "regressor__tol": 0.0001,
      "regressor__validation_fraction": 0.1,
      "regressor__verbose": false,
      "regressor__warm_start": false,
      "transformer__memory": null,
      "transformer__verbose": false,
      "transformer__MinMax__clip": false,
      "transformer__MinMax__copy": true,
      "transformer__Standard__copy": true,
      "transformer__Standard__with_mean": true,
      "transformer__Standard__with_std": true,
      "transformer__MinMax NN__clip": false,
      "transformer__MinMax NN__copy": true
    }
  },
  "13": {
    "fit_time": [
      0.7242863178253174,
      0.0956716537475586,
      0.4934885501861572,
      0.6129148006439209,
      0.5205705165863037
    ],
    "score_time": [
      0.007116556167602539,
      0.00859689712524414,
      0.00848531723022461,
      0.007733821868896484,
      0.007634639739990234
    ],
    "test_r": [
      0.5580896142683152,
      0.38861338295960035,
      0.6679476210537261,
      0.6196738999303912,
      0.5957878163164717
    ],
    "test_r2": [
      0.28654755372064367,
      -0.08411411410932157,
      0.3505273632395711,
      0.3741548545506068,
      0.31797933467102313
    ],
    "test_rmse": [
      -2.6132605334811294,
      -3.23139528616954,
      -2.3573672675622293,
      -2.493708273707317,
      -2.559650258316661
    ],
    "test_mae": [
      -2.0056553637490526,
      -2.7834503901767076,
      -2.0020495042713122,
      -1.9056074360608544,
      -1.955843113169558
    ],
    "best_params": {
      "check_inverse": true,
      "func": null,
      "inverse_func": null,
      "regressor__activation": "relu",
      "regressor__alpha": 0.001,
      "regressor__batch_size": "auto",
      "regressor__beta_1": 0.9,
      "regressor__beta_2": 0.999,
      "regressor__early_stopping": true,
      "regressor__epsilon": 1e-08,
      "regressor__learning_rate": "constant",
      "regressor__learning_rate_init": 0.00024022287926702202,
      "regressor__max_fun": 15000,
      "regressor__max_iter": 200,
      "regressor__momentum": 0.9,
      "regressor__n_iter_no_change": 10,
      "regressor__n_layers": 6,
      "regressor__n_neurons": 79,
      "regressor__nesterovs_momentum": true,
      "regressor__power_t": 0.5,
      "regressor__random_state": null,
      "regressor__shuffle": true,
      "regressor__solver": "adam",
      "regressor__tol": 0.0001,
      "regressor__validation_fraction": 0.1,
      "regressor__verbose": false,
      "regressor__warm_start": false,
      "transformer__memory": null,
      "transformer__verbose": false,
      "transformer__MinMax__clip": false,
      "transformer__MinMax__copy": true,
      "transformer__Standard__copy": true,
      "transformer__Standard__with_mean": true,
      "transformer__Standard__with_std": true,
      "transformer__MinMax NN__clip": false,
      "transformer__MinMax NN__copy": true
    }
  },
  "42": {
    "fit_time": [
      0.17014670372009277,
      0.12728261947631836,
      0.1354384422302246,
      0.1274726390838623,
      0.13346195220947266
    ],
    "score_time": [
      0.008029699325561523,
      0.009429693222045898,
      0.009002447128295898,
      0.008720874786376953,
      0.007691144943237305
    ],
    "test_r": [
      0.6479012218880028,
      0.6297037797003462,
      0.7008270286497169,
      0.46002952322711665,
      0.5223223324313242
    ],
    "test_r2": [
      0.4129946765786642,
      0.18228275028679997,
      0.4002136474109027,
      0.13473075989566152,
      0.2719633164351458
    ],
    "test_rmse": [
      -2.404652091585292,
      -2.3313638376596866,
      -2.6916984843562703,
      -2.775691589878318,
      -2.7161656102395555
    ],
    "test_mae": [
      -1.8993098605251508,
      -2.000974322706139,
      -2.1740742079372386,
      -2.0755204426933607,
      -2.13550813983513
    ],
    "best_params": {
      "check_inverse": true,
      "func": null,
      "inverse_func": null,
      "regressor__activation": "relu",
      "regressor__alpha": 7.883905780348308e-05,
      "regressor__batch_size": "auto",
      "regressor__beta_1": 0.9,
      "regressor__beta_2": 0.999,
      "regressor__early_stopping": true,
      "regressor__epsilon": 1e-08,
      "regressor__learning_rate": "adaptive",
      "regressor__learning_rate_init": 0.01,
      "regressor__max_fun": 15000,
      "regressor__max_iter": 200,
      "regressor__momentum": 0.9,
      "regressor__n_iter_no_change": 10,
      "regressor__n_layers": 3,
      "regressor__n_neurons": 100,
      "regressor__nesterovs_momentum": true,
      "regressor__power_t": 0.5,
      "regressor__random_state": null,
      "regressor__shuffle": true,
      "regressor__solver": "adam",
      "regressor__tol": 0.0001,
      "regressor__validation_fraction": 0.1,
      "regressor__verbose": false,
      "regressor__warm_start": false,
      "transformer__memory": null,
      "transformer__verbose": false,
      "transformer__MinMax__clip": false,
      "transformer__MinMax__copy": true,
      "transformer__Standard__copy": true,
      "transformer__Standard__with_mean": true,
      "transformer__Standard__with_std": true,
      "transformer__MinMax NN__clip": false,
      "transformer__MinMax NN__copy": true
    }
  },
  "69": {
    "fit_time": [
      0.22156023979187012,
      0.1205739974975586,
      0.20177936553955078,
      0.21641874313354492,
      0.12862396240234375
    ],
    "score_time": [
      0.0180816650390625,
      0.010124444961547852,
      0.02151036262512207,
      0.008857965469360352,
      0.008487939834594727
    ],
    "test_r": [
      0.5524243761816836,
      0.6933664443996103,
      0.5734380422869944,
      0.6446953351712761,
      0.5296651133929173
    ],
    "test_r2": [
      0.2796577321627731,
      0.3910351632168759,
      0.3114424479734954,
      0.4024396435895966,
      0.2577773922415786
    ],
    "test_rmse": [
      -2.5260006612722985,
      -2.474152761301656,
      -2.4514462730096453,
      -2.5129348005767365,
      -2.6618869174146558
    ],
    "test_mae": [
      -2.0183059395008485,
      -2.0339762957058025,
      -1.851728879003977,
      -1.94298880201874,
      -2.1356094535502175
    ],