{
  "6": {
    "fit_time": [
      0.04040813446044922,
      2.5051538944244385
    ],
    "score_time": [
      0.034011125564575195,
      0.034483909606933594
    ],
    "test_r": [
      0.6568995133840696,
      0.6443459193488598
    ],
    "test_r2": [
      0.4283876118240324,
      0.4095043493756074
    ],
    "test_rmse": [
      -2.336277099236506,
      -2.3798915829956386
    ],
    "test_mae": [
      -1.7406407838383113,
      -1.8125156453244717
    ]
  },
  "r_avg": 0.6506227163664646,
  "r_stdev": 0.006276797017604918,
  "r_stderr": 0.002372406276944932,
  "r2_avg": 0.4189459805998199,
  "r2_stdev": 0.009441631224212488,
  "r2_stderr": 0.0035686011700069376,
  "rmse_avg": 2.358084341116072,
  "rmse_stdev": 0.021807241879566286,
  "rmse_stderr": 0.00824236268479502,
  "mae_avg": 1.7765782145813915,
  "mae_stdev": 0.0359374307430802,
  "mae_stderr": 0.013583072072113908
}