Dataset,num_of_folds,Features,Targets,Model,r_mean,r_std,r2_mean,r2_std,rmse_mean,rmse_std,mae_mean,mae_std,num_of_data
OPV_Min,5,DA_mordred,calc_PCE_percent,Lasso,0.6920383323036803,0.04501367698751114,0.46645897045589313,0.06774177981880647,2.222556384884434,0.11167479077473097,1.7487692057165014,0.07040107794865352,553
