{
  "6": {
    "fit_time": [
      3.2810049057006836,
      2.7875020503997803,
      2.7205634117126465,
      3.2496144771575928,
      1.2802455425262451
    ],
    "score_time": [
      0.02987194061279297,
      0.03267812728881836,
      0.034323930740356445,
      0.03040599822998047,
      0.02593207359313965
    ],
    "test_r": [
      0.8284711904428632,
      0.6072577608348667,
      0.6889884224269434,
      0.7419668898309748,
      0.7462983655913543
    ],
    "test_r2": [
      0.6498861597668659,
      0.25767774534881205,
      0.47406670787535277,
      0.5108039403463261,
      0.529116455004248
    ],
    "test_rmse": [
      -0.05880680669147923,
      -0.08843712797207672,
      -0.08357664880468686,
      -0.0779625349803004,
      -0.07149205211162299
    ],
    "test_mae": [
      -0.03826707312861127,
      -0.05548579648289311,
      -0.04970913842715955,
      -0.049731961223462844,
      -0.051416578543578347
    ],
    "best_params": {
      "check_inverse": true,
      "func": null,
      "inverse_func": null,
      "regressor__activation": "logistic",
      "regressor__alpha": 1e-05,
      "regressor__batch_size": "auto",
      "regressor__beta_1": 0.9,
      "regressor__beta_2": 0.999,
      "regressor__early_stopping": true,
      "regressor__epsilon": 1e-08,
      "regressor__learning_rate": "invscaling",
      "regressor__learning_rate_init": 0.004233061517838587,
      "regressor__max_fun": 15000,
      "regressor__max_iter": 200,
      "regressor__momentum": 0.9,
      "regressor__n_iter_no_change": 10,
      "regressor__n_layers": 1,
      "regressor__n_neurons": 100,
      "regressor__nesterovs_momentum": true,
      "regressor__power_t": 0.5,
      "regressor__random_state": null,
      "regressor__shuffle": true,
      "regressor__solver": "adam",
      "regressor__tol": 0.0001,
      "regressor__validation_fraction": 0.1,
      "regressor__verbose": false,
      "regressor__warm_start": false,
      "transformer__memory": null,
      "transformer__verbose": false,
      "transformer__MinMax__clip": false,
      "transformer__MinMax__copy": true,
      "transformer__Standard__copy": true,
      "transformer__Standard__with_mean": true,
      "transformer__Standard__with_std": true,
      "transformer__MinMax NN__clip": false,
      "transformer__MinMax NN__copy": true
    }
  },
  "13": {
    "fit_time": [
      1.7185418605804443,
      0.4661829471588135,
      0.4878835678100586,
      0.7654366493225098,
      0.5777583122253418
    ],
    "score_time": [
      0.02515888214111328,
      0.03501749038696289,
      0.0361027717590332,
      0.03252720832824707,
      0.0275571346282959
    ],
    "test_r": [
      0.7972308217532847,
      0.5156227379038768,
      0.7126806432906233,
      0.6674868924870576,
      0.8218737514790495
    ],
    "test_r2": [
      0.617849348022178,
      -0.033275086939194454,
      0.5055107487728709,
      0.42118270607484365,
      0.6472104637883094
    ],
    "test_rmse": [
      -0.06680299950287098,
      -0.10301015442639641,
      -0.07659134532065864,
      -0.07654196839219025,
      -0.07102468245274664
    ],
    "test_mae": [
      -0.04597267086039057,
      -0.0651950663712362,
      -0.05781247005624716,
      -0.04384847833882381,
      -0.048510774709030834
    ],
    "best_params": {
      "check_inverse": true,
      "func": null,
      "inverse_func": null,
      "regressor__activation": "logistic",
      "regressor__alpha": 0.0005249316517061308,
      "regressor__batch_size": "auto",
      "regressor__beta_1": 0.9,
      "regressor__beta_2": 0.999,
      "regressor__early_stopping": true,
      "regressor__epsilon": 1e-08,
      "regressor__learning_rate": "invscaling",
      "regressor__learning_rate_init": 0.0037566125297507406,
      "regressor__max_fun": 15000,
      "regressor__max_iter": 200,
      "regressor__momentum": 0.9,
      "regressor__n_iter_no_change": 10,
      "regressor__n_layers": 1,
      "regressor__n_neurons": 21,
      "regressor__nesterovs_momentum": true,
      "regressor__power_t": 0.5,
      "regressor__random_state": null,
      "regressor__shuffle": true,
      "regressor__solver": "adam",
      "regressor__tol": 0.0001,
      "regressor__validation_fraction": 0.1,
      "regressor__verbose": false,
      "regressor__warm_start": false,
      "transformer__memory": null,
      "transformer__verbose": false,
      "transformer__MinMax__clip": false,
      "transformer__MinMax__copy": true,
      "transformer__Standard__copy": true,
      "transformer__Standard__with_mean": true,
      "transformer__Standard__with_std": true,
      "transformer__MinMax NN__clip": false,
      "transformer__MinMax NN__copy": true
    }
  },
  "42": {
    "fit_time": [
      4.270448446273804,
      0.6340556144714355,
      3.7037014961242676,
      2.7930245399475098,
      5.023969650268555
    ],
    "score_time": [
      0.03081798553466797,
      0.042058467864990234,
      0.034613609313964844,
      0.04181504249572754,
      0.026784896850585938
    ],
    "test_r": [
      0.738075337110538,
      0.30273318719451753,
      0.8165703032856396,
      0.7913806126906423,
      0.8162539665499098
    ],
    "test_r2": [
      0.5181355412931294,
      0.06839917394492001,
      0.632404730583035,
      0.6044557415768286,
      0.6658011409109312
    ],
    "test_rmse": [
      -0.07123491488765016,
      -0.11165704337170548,
      -0.06592440316747587,
      -0.06263556471906045,
      -0.06530744192558689
    ],
    "test_mae": [
      -0.04417824127866292,
      -0.08137436513114887,
      -0.047300988687626215,
      -0.04033201330579163,
      -0.04233210068411516
    ],
    "best_params": {
      "check_inverse": true,
      "func": null,
      "inverse_func": null,
      "regressor__activation": "tanh",
      "regressor__alpha": 8.934830474270678e-05,
      "regressor__batch_size": "auto",
      "regressor__beta_1": 0.9,
      "regressor__beta_2": 0.999,
      "regressor__early_stopping": true,
      "regressor__epsilon": 1e-08,
      "regressor__learning_rate": "constant",
      "regressor__learning_rate_init": 0.0015573370595555326,
      "regressor__max_fun": 15000,
      "regressor__max_iter": 200,
      "regressor__momentum": 0.9,
      "regressor__n_iter_no_change": 10,
      "regressor__n_layers": 6,
      "regressor__n_neurons": 60,
      "regressor__nesterovs_momentum": true,
      "regressor__power_t": 0.5,
      "regressor__random_state": null,
      "regressor__shuffle": true,
      "regressor__solver": "adam",
      "regressor__tol": 0.0001,
      "regressor__validation_fraction": 0.1,
      "regressor__verbose": false,
      "regressor__warm_start": false,
      "transformer__memory": null,
      "transformer__verbose": false,
      "transformer__MinMax__clip": false,
      "transformer__MinMax__copy": true,
      "transformer__Standard__copy": true,
      "transformer__Standard__with_mean": true,
      "transformer__Standard__with_std": true,
      "transformer__MinMax NN__clip": false,
      "transformer__MinMax NN__copy": true
    }
  },
  "69": {
    "fit_time": [
      2.6833086013793945,
      1.064819097518921,
      5.891180038452148,
      2.1478090286254883,
      1.736194133758545
    ],
    "score_time": [
      0.036314964294433594,
      0.03921246528625488,
      0.028352975845336914,
      0.04147958755493164,
      0.03234052658081055
    ],
    "test_r": [
      0.7595256076832376,
      0.47625410946258523,
      0.6749031474921343,
      0.7210009193492203,
      0.6997363926412249
    ],
    "test_r2": [
      0.5727133989144144,
      0.1314424698476001,
      0.38743931882262084,
      0.5162116802536016,
      0.4663427516579609
    ],
    "test_rmse": [
      -0.06661017464707442,
      -0.10649793748524589,
      -0.0850119856806117,
      -0.07752279826079866,
      -0.07561963841340609
    ],