fold,r,r2,rmse,mae
1.0,0.1557738675720877,-0.14836263778131498,3.3329054517814054,2.5227394537043977
2.0,0.1676266229610208,-0.20540509660814021,3.320360481857419,2.7277382518722972
3.0,0.42510986427351044,0.1776785560332491,3.1252602818239756,2.5549586604866183
4.0,0.11930171523130488,-0.20721430856224865,3.203872601466886,2.5878837978766174
5.0,0.045692061041207446,-0.39719517452388264,3.967239711788085,3.103469167282893
