fold,r,r2,rmse,mae
1.0,0.7528613181149286,0.5496291986258244,2.280878635259236,1.641819932405782
2.0,0.7046514080131383,0.48069851638962635,1.9421453634419286,1.507996687578667
3.0,0.76250911542023,0.5759618717734758,2.105221646288643,1.6564341298138652
4.0,0.7067874344360451,0.4925910089742076,2.0923259426278937,1.6503858709533115
5.0,0.7779652959133296,0.5856620747457506,1.9556001171224355,1.5028796894731744
