Dataset,num_of_folds,Features,Targets,Model,r_mean,r_std,r2_mean,r2_std,rmse_mean,rmse_std,mae_mean,mae_std,num_of_data
OPV_Min,5,DA_mordred,calc_PCE_percent,XGBoost,0.18270082621582626,0.12845643887787178,-0.15609973228846746,0.18688956070975277,3.389927705743554,0.2986789699730919,2.699357866244565,0.2138144298710942,397
