{
  "6": {
    "fit_time": [
      0.4384150505065918,
      1.0210144519805908,
      0.3765721321105957,
      0.37673497200012207,
      0.4010438919067383
    ],
    "score_time": [
      0.04945707321166992,
      0.04169464111328125,
      0.04144859313964844,
      0.04151177406311035,
      0.040126800537109375
    ],
    "test_r": [
      0.5285265356088684,
      0.567174862819679,
      0.46182449784596014,
      0.38276062529889726,
      0.4097161804369722
    ],
    "test_r2": [
      0.2782945017949934,
      0.273744690318131,
      0.19813114895590123,
      0.13688487671170313,
      0.12494695098232189
    ],
    "test_rmse": [
      -0.08797707825359066,
      -0.08395023750445349,
      -0.08017370158505234,
      -0.10894093669950212,
      -0.07840191260079929
    ],
    "test_mae": [
      -0.06814582904551893,
      -0.0670075703226847,
      -0.06214215777030875,
      -0.08024788545812205,
      -0.06192137527229611
    ],
    "best_params": {
      "check_inverse": true,
      "func": null,
      "inverse_func": null,
      "regressor__activation": "relu",
      "regressor__alpha": 2.5762820256371714e-05,
      "regressor__batch_size": "auto",
      "regressor__beta_1": 0.9,
      "regressor__beta_2": 0.999,
      "regressor__early_stopping": true,
      "regressor__epsilon": 1e-08,
      "regressor__learning_rate": "constant",
      "regressor__learning_rate_init": 0.00022411901153511165,
      "regressor__max_fun": 15000,
      "regressor__max_iter": 200,
      "regressor__momentum": 0.9,
      "regressor__n_iter_no_change": 10,
      "regressor__n_layers": 3,
      "regressor__n_neurons": 47,
      "regressor__nesterovs_momentum": true,
      "regressor__power_t": 0.5,
      "regressor__random_state": null,
      "regressor__shuffle": true,
      "regressor__solver": "adam",
      "regressor__tol": 0.0001,
      "regressor__validation_fraction": 0.1,
      "regressor__verbose": false,
      "regressor__warm_start": false,
      "transformer__memory": null,
      "transformer__verbose": false,
      "transformer__MinMax__clip": false,
      "transformer__MinMax__copy": true,
      "transformer__Standard__copy": true,
      "transformer__Standard__with_mean": true,
      "transformer__Standard__with_std": true,
      "transformer__MinMax NN__clip": false,
      "transformer__MinMax NN__copy": true
    }
  },
  "13": {
    "fit_time": [
      4.128666639328003,
      0.9046258926391602,
      0.8700602054595947,
      1.992173194885254,
      0.4864225387573242
    ],
    "score_time": [
      0.04737091064453125,
      0.05200481414794922,
      0.04335641860961914,
      0.04897165298461914,
      0.04132795333862305
    ],
    "test_r": [
      0.5784707501349925,
      0.20249976982450862,
      0.3852897262746921,
      0.5134432346562163,
      0.33106857173461857
    ],
    "test_r2": [
      0.24347998622402034,
      0.006067909155913154,
      0.1254814006805547,
      0.2554466591231408,
      0.10333813895166111
    ],
    "test_rmse": [
      -0.07808332546877819,
      -0.10549880576880692,
      -0.0830325485140409,
      -0.09092808492498564,
      -0.10064295663193211
    ],
    "test_mae": [
      -0.06380432791913403,
      -0.08109568627019714,
      -0.06414528491755639,
      -0.06663900377637448,
      -0.07985609307192026
    ],
    "best_params": {
      "check_inverse": true,
      "func": null,
      "inverse_func": null,
      "regressor__activation": "relu",
      "regressor__alpha": 0.001,
      "regressor__batch_size": "auto",
      "regressor__beta_1": 0.9,
      "regressor__beta_2": 0.999,
      "regressor__early_stopping": true,
      "regressor__epsilon": 1e-08,
      "regressor__learning_rate": "invscaling",
      "regressor__learning_rate_init": 0.0001,
      "regressor__max_fun": 15000,
      "regressor__max_iter": 200,
      "regressor__momentum": 0.9,
      "regressor__n_iter_no_change": 10,
      "regressor__n_layers": 6,
      "regressor__n_neurons": 91,
      "regressor__nesterovs_momentum": true,
      "regressor__power_t": 0.5,
      "regressor__random_state": null,
      "regressor__shuffle": true,
      "regressor__solver": "adam",
      "regressor__tol": 0.0001,
      "regressor__validation_fraction": 0.1,
      "regressor__verbose": false,
      "regressor__warm_start": false,
      "transformer__memory": null,
      "transformer__verbose": false,
      "transformer__MinMax__clip": false,
      "transformer__MinMax__copy": true,
      "transformer__Standard__copy": true,
      "transformer__Standard__with_mean": true,
      "transformer__Standard__with_std": true,
      "transformer__MinMax NN__clip": false,
      "transformer__MinMax NN__copy": true
    }
  },
  "42": {
    "fit_time": [
      1.0493354797363281,
      0.6736345291137695,
      0.9361581802368164,
      0.911339521408081,
      0.8945739269256592
    ],
    "score_time": [
      0.04236412048339844,
      0.042595863342285156,
      0.044617652893066406,
      0.045403480529785156,
      0.041550636291503906
    ],
    "test_r": [
      0.5844165141980079,
      0.4707830935494571,
      0.49550152091303207,
      0.5523582000613173,
      0.5366556535117033
    ],
    "test_r2": [
      0.3341153141155526,
      0.21271122856733138,
      0.2246101429710594,
      0.30436301024456236,
      0.2577557547028142
    ],
    "test_rmse": [
      -0.07076420188839605,
      -0.09253358143037269,
      -0.0971436247204737,
      -0.07892641904370895,
      -0.08374225667261664
    ],
    "test_mae": [
      -0.05710479241039821,
      -0.06997312887800893,
      -0.06801585855048799,
      -0.0625095218744013,
      -0.06860072998459349
    ],
    "best_params": {
      "check_inverse": true,
      "func": null,
      "inverse_func": null,
      "regressor__activation": "relu",
      "regressor__alpha": 0.000355409275324941,
      "regressor__batch_size": "auto",
      "regressor__beta_1": 0.9,
      "regressor__beta_2": 0.999,
      "regressor__early_stopping": true,
      "regressor__epsilon": 1e-08,
      "regressor__learning_rate": "invscaling",
      "regressor__learning_rate_init": 0.001531931515055945,
      "regressor__max_fun": 15000,
      "regressor__max_iter": 200,
      "regressor__momentum": 0.9,
      "regressor__n_iter_no_change": 10,
      "regressor__n_layers": 4,
      "regressor__n_neurons": 65,
      "regressor__nesterovs_momentum": true,
      "regressor__power_t": 0.5,
      "regressor__random_state": null,
      "regressor__shuffle": true,
      "regressor__solver": "adam",
      "regressor__tol": 0.0001,
      "regressor__validation_fraction": 0.1,
      "regressor__verbose": false,
      "regressor__warm_start": false,
      "transformer__memory": null,
      "transformer__verbose": false,
      "transformer__MinMax__clip": false,
      "transformer__MinMax__copy": true,
      "transformer__Standard__copy": true,
      "transformer__Standard__with_mean": true,
      "transformer__Standard__with_std": true,
      "transformer__MinMax NN__clip": false,
      "transformer__MinMax NN__copy": true
    }
  },
  "69": {
    "fit_time": [
      1.6910974979400635,
      0.6362085342407227,
      3.585876226425171,
      2.5466954708099365,
      1.9117631912231445
    ],
    "score_time": [
      0.04333329200744629,
      0.04312324523925781,
      0.052303314208984375,
      0.04969143867492676,
      0.042616844177246094
    ],
    "test_r": [
      0.4368364143505847,
      0.5101781003320873,
      0.6373825737136404,
      0.5554119046198881,
      0.45949286030859493
    ],
    "test_r2": [
      0.16127659944460737,
      0.22662745635363357,
      0.3774408804417664,
      0.29569020621394493,
      0.19365708379411029
    ],
    "test_rmse": [
      -0.09362601509812153,
      -0.08674061741029408,
      -0.0807153308061121,
      -0.08618259080833805,
      -0.08165782389102488
    ],