Dataset,num_of_folds,Features,Targets,Model,r_mean,r_std,r2_mean,r2_std,rmse_mean,rmse_std,mae_mean,mae_std,num_of_data
OPV_Min,5,DA_BigSMILES,calc_PCE_percent,KNN,0.5617173403165052,0.03861624987513592,0.29499658665892825,0.053029217507431524,2.5870561459161534,0.26713075828440913,1.9900306306306308,0.21078841434891976,558
