fold,r,r2,rmse,mae
1.0,0.7351267277312599,0.5315908188841443,2.326107403189234,1.8026501176281216
2.0,0.6626777071460053,0.40890080388706695,2.072059084212783,1.6789538838271514
3.0,0.7151407930254454,0.5113934687643861,2.2598260280987166,1.7608063603876156
4.0,0.6179431359859912,0.3627711028063795,2.34475781321624,1.8425103702415013
5.0,0.7293032976296993,0.5176386579374892,2.1100315957051965,1.6589252964981176
