fold,r,r2,rmse,mae
1.0,0.5512763035951036,0.29783451588787135,2.6977387046428083,2.025427763818604
2.0,0.6997165953144391,0.46870177702285976,2.008347289846584,1.5625134984902243
3.0,0.6881873521264859,0.4519908075754484,2.538134884746128,1.993817849382131
4.0,0.6992695546279079,0.48311153115077565,2.107916971677698,1.746937758375925
5.0,0.7054645089110758,0.48737484812333143,2.186390448170234,1.7024092944586933
