Dataset,num_of_folds,Features,Targets,Model,r_mean,r_std,r2_mean,r2_std,rmse_mean,rmse_std,mae_mean,mae_std,num_of_data
OPV_Min,5,DA_mordred,calc_PCE_percent,Lasso,0.24046782261674227,0.13102201611622968,-0.03430740812040793,0.12432965767321119,3.2095540025280442,0.12685448305847632,2.5545882665581536,0.14619225388193083,397
