fold,r,r2,rmse,mae
1.0,0.5652721945975284,0.31381175847452125,2.6668695952063035,1.961842767916843
2.0,0.6991396869529711,0.46272369765465093,2.019614479448192,1.583170155971756
3.0,0.698073132815856,0.4644804535520747,2.5090449395628958,1.9935770126066532
4.0,0.7152683507163315,0.5112184449926591,2.049804692710575,1.6721531253568134
5.0,0.7351667944972676,0.5277523244848226,2.098517911195826,1.6492620744690218
