{
  "6": {
    "fit_time": [
      20.952497243881226,
      21.31115984916687,
      21.205925941467285,
      21.177729606628418,
      7.904024362564087
    ],
    "score_time": [
      0.0597538948059082,
      0.04758620262145996,
      0.04730701446533203,
      0.051428794860839844,
      0.043914794921875
    ],
    "test_r": [
      0.7319684642305576,
      0.7812628730602345,
      0.777360505991646,
      0.784085735144317,
      0.7390891825031718
    ],
    "test_r2": [
      0.5182822481101066,
      0.6038238463716932,
      0.5963615967786715,
      0.6100714402512988,
      0.5306827327119563
    ],
    "test_rmse": [
      -2.0569507480219644,
      -2.039889297506149,
      -1.9182627393409046,
      -1.9673461106095946,
      -2.1145583639255925
    ],
    "test_mae": [
      -1.466007078015797,
      -1.5100279159870884,
      -1.4823827833085765,
      -1.3220439494249074,
      -1.5753645765926156
    ]
  },
  "13": {
    "fit_time": [
      21.130033493041992,
      21.085979223251343,
      21.27432680130005,
      21.323229551315308,
      7.7469141483306885
    ],
    "score_time": [
      0.055609941482543945,
      0.05664682388305664,
      0.04744100570678711,
      0.04419565200805664,
      0.043883562088012695
    ],
    "test_r": [
      0.7535471875811096,
      0.8025786496211962,
      0.7185599726444778,
      0.7622932516234622,
      0.716204628014074
    ],
    "test_r2": [
      0.547725355980886,
      0.6440239027685908,
      0.5075207591260957,
      0.5771087743933045,
      0.5031787947465297
    ],
    "test_rmse": [
      -2.080660939351243,
      -1.8516675106270142,
      -2.0527723257854276,
      -2.049871037670016,
      -2.184650275553471
    ],
    "test_mae": [
      -1.483296327068002,
      -1.357417804424189,
      -1.6026424546736355,
      -1.518465266084817,
      -1.4997181779317068
    ]
  },
  "42": {
    "fit_time": [
      20.915748834609985,
      21.160192489624023,
      21.09296941757202,
      21.213560581207275,
      7.850560188293457
    ],
    "score_time": [
      0.059999942779541016,
      0.04705190658569336,
      0.05549001693725586,
      0.044376373291015625,
      0.043885231018066406
    ],
    "test_r": [
      0.7623336996181069,
      0.798469599081962,
      0.7287360913900862,
      0.7155505587450177,
      0.7503442633947625
    ],
    "test_r2": [
      0.5803552380701313,
      0.5984823016557291,
      0.5282694044864447,
      0.48296130911329194,
      0.5575406319066811
    ],
    "test_rmse": [
      -2.0331627032038053,
      -1.6336567918963718,
      -2.3871248974142736,
      -2.1456411944535687,
      -2.1174653499762432
    ],
    "test_mae": [
      -1.5712327042593233,
      -1.2421158235927579,
      -1.708935623447039,
      -1.5479074148049676,
      -1.511477768737346
    ]
  },
  "69": {
    "fit_time": [
      21.21772050857544,
      21.28819704055786,
      21.317762851715088,
      20.871498823165894,
      7.801342010498047
    ],
    "score_time": [
      0.05918312072753906,
      0.050437211990356445,
      0.04767942428588867,
      0.057926177978515625,
      0.0436093807220459
    ],
    "test_r": [
      0.7792580415767898,
      0.8270219104242847,
      0.7217792591854311,
      0.8065486729657696,
      0.6513104262408496
    ],
    "test_r2": [
      0.5941299505862307,
      0.681671596732899,
      0.5022541641284386,
      0.648583745414103,
      0.3732422318056662
    ],
    "test_rmse": [
      -1.8960837346523092,
      -1.7888259980234538,
      -2.084280062466772,
      -1.9270867030635448,
      -2.446089679011737
    ],
    "test_mae": [
      -1.3554977012981466,
      -1.3995730527836119,
      -1.4767476614960695,
      -1.4235970808639151,
      -1.762524828323451
    ]
  },
  "420": {
    "fit_time": [
      20.579013109207153,
      21.45019292831421,
      20.951375246047974,
      21.30207347869873,
      8.050204992294312
    ],
    "score_time": [
      0.05824565887451172,
      0.0475006103515625,
      0.05912637710571289,
      0.052010536193847656,
      0.04421591758728027
    ],
    "test_r": [
      0.7965038655368919,
      0.6679287917832444,
      0.7823677122046635,
      0.8032474657239675,
      0.7671754156116478
    ],
    "test_r2": [
      0.633238903712512,
      0.3885666764516613,
      0.6081188229338395,
      0.6442860005472374,
      0.5834017789259895
    ],
    "test_rmse": [
      -1.8689598336016815,
      -2.2366912513310595,
      -1.811624743786,
      -1.9680333926480793,
      -2.123279292801405
    ],
    "test_mae": [
      -1.3944235136785181,
      -1.654373329651634,
      -1.419924544093906,
      -1.4448888257018562,
      -1.457896850162767
    ]
  },
  "1234567890": {
    "fit_time": [
      21.49193000793457,
      21.442915201187134,
      21.340531826019287,
      21.486011266708374,
      7.92267918586731
    ],
    "score_time": [
      0.04678821563720703,
      0.053481101989746094,
      0.05818033218383789,
      0.046143293380737305,
      0.044112443923950195
    ],
    "test_r": [
      0.7969163094476408,
      0.7630860363152476,
      0.6743472283808989,
      0.8032051412924444,
      0.8463842818457366
    ],
    "test_r2": [
      0.6317485393595019,
      0.5781403974473809,
      0.4291802796326232,
      0.6113410864516171,
      0.7060770098750797
    ],
    "test_rmse": [
      -1.8655566582126062,
      -2.126355734368024,
      -2.5310678704214022,
      -1.7772011205392575,
      -1.5465215997619863
    ],
    "test_mae": [
      -1.4592149079484347,
      -1.6365760238276015,
      -1.7185138429129965,
      -1.4043076247632755,
      -1.1633695796937162
    ]
  },
  "473129": {
    "fit_time": [
      21.181596279144287,
      21.29625105857849,
      21.053709983825684,
      21.396803379058838,
      7.805392503738403
    ],
    "score_time": [
      0.05534195899963379,
      0.047039031982421875,
      0.05644416809082031,
      0.04752159118652344,
      0.04377031326293945
    ],
    "test_r": [
      0.7359279581287252,
      0.7431990055293818,
      0.8021071905189695,
      0.7409487171402629,
      0.7758166813054171
    ],
    "test_r2": [
      0.533079289545241,
      0.5389940720093045,
      0.6333582386659946,
      0.5403544564691658,
      0.5975114751449658
    ],
    "test_rmse": [
      -2.098123198720051,
      -2.0531630423388187,
      -1.9240167353092876,
      -2.184384302581157,
      -1.7963627486969003
    ],
    "test_mae": [
      -1.5488342640743507,
      -1.621173803680039,
      -1.336446633909352,
      -1.530275876621149,
      -1.364582894033592
    ]
  },
  "r_avg": 0.7602132792514985,
  "r_stdev": 0.04355723160753764,
  "r_stderr": 0.016463086090283817,
  "r2_avg": 0.5669619157803104,
  "r2_stdev": 0.07380235475349403,
  "r2_stderr": 0.027894668121244408,
  "rmse_avg": 2.0196396567906048,
  "rmse_stdev": 0.20403229988140004,
  "rmse_stderr": 0.07711696070153398,
  "mae_avg": 1.4849079573677468,
  "mae_stdev": 0.12941233788940854,
  "mae_stderr": 0.04891326609126234
}