{
  "6": {
    "fit_time": [
      32.1842839717865,
      32.027703046798706
    ],
    "score_time": [
      6.469020128250122,
      6.497059106826782
    ],
    "test_r": [
      0.7490352127280758,
      0.7709434958135588
    ],
    "test_r2": [
      0.5585084677467067,
      0.588477518344322
    ],
    "test_rmse": [
      -2.053216401735408,
      -1.9867609002469566
    ],
    "test_mae": [
      -1.5544480691707872,
      -1.5252074998064076
    ]
  },
  "r_avg": 0.7599893542708174,
  "r_stdev": 0.010954141542741491,
  "r_stderr": 0.004140276335470771,
  "r2_avg": 0.5734929930455144,
  "r2_stdev": 0.014984525298807672,
  "r2_stderr": 0.005663618207857274,
  "rmse_avg": 2.0199886509911824,
  "rmse_stdev": 0.03322775074422568,
  "rmse_stderr": 0.012558909299323217,
  "mae_avg": 1.5398277844885975,
  "mae_stdev": 0.014620284682189788,
  "mae_stderr": 0.00552594819514874
}