{
  "6": {
    "fit_time": [
      1.3927264213562012,
      1.0877768993377686,
      1.9809045791625977,
      1.2758314609527588,
      1.119499683380127
    ],
    "score_time": [
      0.07546210289001465,
      0.08024430274963379,
      0.06560683250427246,
      0.07845449447631836,
      0.06277918815612793
    ],
    "test_r": [
      0.6610503074097186,
      0.5739019265470571,
      0.7056872252651352,
      0.7699476390660921,
      0.6948668065291794
    ],
    "test_r2": [
      0.34046408025759434,
      0.2699082995355595,
      0.4583817259666403,
      0.5881874928831102,
      0.4566529321804935
    ],
    "test_rmse": [
      -2.40683763674173,
      -2.7691797016368276,
      -2.222073938438895,
      -2.02179917244488,
      -2.27522878663193
    ],
    "test_mae": [
      -1.736416874173438,
      -2.2482589343763735,
      -1.7202149761531333,
      -1.414141627676435,
      -1.792949512478503
    ],
    "best_params": {
      "check_inverse": true,
      "func": null,
      "inverse_func": null,
      "regressor__activation": "relu",
      "regressor__alpha": 0.0004510910337688182,
      "regressor__batch_size": "auto",
      "regressor__beta_1": 0.9,
      "regressor__beta_2": 0.999,
      "regressor__early_stopping": true,
      "regressor__epsilon": 1e-08,
      "regressor__learning_rate": "invscaling",
      "regressor__learning_rate_init": 0.0036652815093629817,
      "regressor__max_fun": 15000,
      "regressor__max_iter": 200,
      "regressor__momentum": 0.9,
      "regressor__n_iter_no_change": 10,
      "regressor__n_layers": 3,
      "regressor__n_neurons": 57,
      "regressor__nesterovs_momentum": true,
      "regressor__power_t": 0.5,
      "regressor__random_state": null,
      "regressor__shuffle": true,
      "regressor__solver": "adam",
      "regressor__tol": 0.0001,
      "regressor__validation_fraction": 0.1,
      "regressor__verbose": false,
      "regressor__warm_start": false,
      "transformer__memory": null,
      "transformer__verbose": false,
      "transformer__MinMax__clip": false,
      "transformer__MinMax__copy": true,
      "transformer__Standard__copy": true,
      "transformer__Standard__with_mean": true,
      "transformer__Standard__with_std": true,
      "transformer__MinMax NN__clip": false,
      "transformer__MinMax NN__copy": true
    }
  },
  "13": {
    "fit_time": [
      2.3380417823791504,
      2.051356077194214,
      2.4059646129608154,
      4.010813474655151,
      1.9906821250915527
    ],
    "score_time": [
      0.09697723388671875,
      0.09874081611633301,
      0.09279823303222656,
      0.08336257934570312,
      0.07907223701477051
    ],
    "test_r": [
      0.6738243875329032,
      0.7240596430725846,
      0.6394333703241223,
      0.791406847610442,
      0.7007297082296288
    ],
    "test_r2": [
      0.4269323062984116,
      0.5235707365003122,
      0.3564017941594929,
      0.6256171444026857,
      0.4664231633211483
    ],
    "test_rmse": [
      -2.342087719785888,
      -2.142159491001026,
      -2.3466819463007065,
      -1.9287244170510058,
      -2.264020452647676
    ],
    "test_mae": [
      -1.741804166980297,
      -1.6242612892443993,
      -1.8627960666514565,
      -1.460166083854453,
      -1.6299094887810652
    ],
    "best_params": {
      "check_inverse": true,
      "func": null,
      "inverse_func": null,
      "regressor__activation": "relu",
      "regressor__alpha": 0.0004369005192566819,
      "regressor__batch_size": "auto",
      "regressor__beta_1": 0.9,
      "regressor__beta_2": 0.999,
      "regressor__early_stopping": true,
      "regressor__epsilon": 1e-08,
      "regressor__learning_rate": "constant",
      "regressor__learning_rate_init": 0.00010291229489465461,
      "regressor__max_fun": 15000,
      "regressor__max_iter": 200,
      "regressor__momentum": 0.9,
      "regressor__n_iter_no_change": 10,
      "regressor__n_layers": 5,
      "regressor__n_neurons": 62,
      "regressor__nesterovs_momentum": true,
      "regressor__power_t": 0.5,
      "regressor__random_state": null,
      "regressor__shuffle": true,
      "regressor__solver": "adam",
      "regressor__tol": 0.0001,
      "regressor__validation_fraction": 0.1,
      "regressor__verbose": false,
      "regressor__warm_start": false,
      "transformer__memory": null,
      "transformer__verbose": false,
      "transformer__MinMax__clip": false,
      "transformer__MinMax__copy": true,
      "transformer__Standard__copy": true,
      "transformer__Standard__with_mean": true,
      "transformer__Standard__with_std": true,
      "transformer__MinMax NN__clip": false,
      "transformer__MinMax NN__copy": true
    }
  },
  "42": {
    "fit_time": [
      1.2034358978271484,
      0.8342111110687256,
      1.619483470916748,
      1.0638885498046875,
      0.6344294548034668
    ],
    "score_time": [
      0.11023712158203125,
      0.12054276466369629,
      0.09752726554870605,
      0.11548733711242676,
      0.0987241268157959
    ],
    "test_r": [
      0.7298143614928804,
      0.6338716263813379,
      0.7650382046074344,
      0.6810927251572154,
      0.6730572283552597
    ],
    "test_r2": [
      0.52536066612627,
      0.24227675027854956,
      0.583664715595261,
      0.39463806172285343,
      0.4507173318926745
    ],
    "test_rmse": [
      -2.1622857884717597,
      -2.2442114959318595,
      -2.2425892167745594,
      -2.321684130108228,
      -2.3592695513429427
    ],
    "test_mae": [
      -1.6926337030046592,
      -1.7099703111713391,
      -1.7114150850422223,
      -1.7621191062611468,
      -1.7478018996454974
    ],
    "best_params": {
      "check_inverse": true,
      "func": null,
      "inverse_func": null,
      "regressor__activation": "relu",
      "regressor__alpha": 0.0002853983686604181,
      "regressor__batch_size": "auto",
      "regressor__beta_1": 0.9,
      "regressor__beta_2": 0.999,
      "regressor__early_stopping": true,
      "regressor__epsilon": 1e-08,
      "regressor__learning_rate": "constant",
      "regressor__learning_rate_init": 0.0021892527128216433,
      "regressor__max_fun": 15000,
      "regressor__max_iter": 200,
      "regressor__momentum": 0.9,
      "regressor__n_iter_no_change": 10,
      "regressor__n_layers": 3,
      "regressor__n_neurons": 36,
      "regressor__nesterovs_momentum": true,
      "regressor__power_t": 0.5,
      "regressor__random_state": null,
      "regressor__shuffle": true,
      "regressor__solver": "adam",
      "regressor__tol": 0.0001,
      "regressor__validation_fraction": 0.1,
      "regressor__verbose": false,
      "regressor__warm_start": false,
      "transformer__memory": null,
      "transformer__verbose": false,
      "transformer__MinMax__clip": false,
      "transformer__MinMax__copy": true,
      "transformer__Standard__copy": true,
      "transformer__Standard__with_mean": true,
      "transformer__Standard__with_std": true,
      "transformer__MinMax NN__clip": false,
      "transformer__MinMax NN__copy": true
    }
  },
  "69": {
    "fit_time": [
      2.3033089637756348,
      2.7822091579437256,
      1.8922481536865234,
      2.64213490486145,
      1.438143253326416
    ],
    "score_time": [
      0.13762903213500977,
      0.12395954132080078,
      0.141740083694458,
      0.13318181037902832,
      0.11450433731079102
    ],
    "test_r": [
      0.7476321917501878,
      0.7333177441494092,
      0.7041487344177637,
      0.7718604241360653,
      0.6950457278265018
    ],
    "test_r2": [
      0.5369378357439221,
      0.5148647294043225,
      0.46996723609239177,
      0.4987179842081685,
      0.477316527956374
    ],
    "test_rmse": [
      -2.0252734019446605,
      -2.2083190949469502,
      -2.1508177636390227,
      -2.301608188066351,
      -2.2337877046543047
    ],