{
  "6": {
    "fit_time": [
      3.439795970916748,
      3.451307773590088
    ],
    "score_time": [
      0.14951491355895996,
      0.15441608428955078
    ],
    "test_r": [
      0.7588129432261204,
      0.7690646584744737
    ],
    "test_r2": [
      0.5734411411247995,
      0.5798106946274109
    ],
    "test_rmse": [
      -2.018194501867873,
      -2.0075728732378906
    ],
    "test_mae": [
      -1.478660898637116,
      -1.4855401849287033
    ]
  },
  "r_avg": 0.763938800850297,
  "r_stdev": 0.005125857624176666,
  "r_stderr": 0.001937392075642263,
  "r2_avg": 0.5766259178761052,
  "r2_stdev": 0.0031847767513056846,
  "r2_stderr": 0.0012037324664592917,
  "rmse_avg": 2.0128836875528817,
  "rmse_stdev": 0.005310814314991141,
  "rmse_stderr": 0.0020072991338154866,
  "mae_avg": 1.4821005417829096,
  "mae_stdev": 0.0034396431457937027,
  "mae_stderr": 0.0013000629089397174
}