{
  "6": {
    "fit_time": [
      3.3313989639282227,
      3.3577640056610107
    ],
    "score_time": [
      1.3104910850524902,
      1.3096370697021484
    ],
    "test_r": [
      0.7527070013777261,
      0.773103523853973
    ],
    "test_r2": [
      0.5650148468625426,
      0.5890944558458571
    ],
    "test_rmse": [
      -2.03803084528066,
      -1.985271106751208
    ],
    "test_mae": [
      -1.4947115831968927,
      -1.472770055705646
    ]
  },
  "r_avg": 0.7629052626158495,
  "r_stdev": 0.010198261238123452,
  "r_stderr": 0.0038545804344777596,
  "r2_avg": 0.5770546513541999,
  "r2_stdev": 0.012039804491657258,
  "r2_stderr": 0.004550618359823362,
  "rmse_avg": 2.0116509760159342,
  "rmse_stdev": 0.02637986926472602,
  "rmse_stderr": 0.00997065338469448,
  "mae_avg": 1.4837408194512693,
  "mae_stdev": 0.010970763745623335,
  "mae_stderr": 0.004146558937623259
}