Dataset,num_of_folds,Features,Targets,Model,r_mean,r_std,r2_mean,r2_std,rmse_mean,rmse_std,mae_mean,mae_std,num_of_data
OPV_Min,5,DA_mordred_pca,calc_PCE_percent,KRR,0.2554291653456011,0.04598493987924039,-5.835069058766751,1.4066562288862838,7.940257987980154,0.26178875747366187,6.949905976468022,0.45832927177499705,558
