{
  "6": {
    "fit_time": [
      1.8886704444885254,
      0.335374116897583,
      2.273674488067627,
      0.8958327770233154,
      3.0790719985961914
    ],
    "score_time": [
      0.045130014419555664,
      0.04215741157531738,
      0.05234503746032715,
      0.04363512992858887,
      0.04024243354797363
    ],
    "test_r": [
      0.7191620470076396,
      0.46123336035806006,
      0.7484359512288163,
      0.6056069706820387,
      0.8108408751665959
    ],
    "test_r2": [
      0.48694098209071746,
      0.18703248232422798,
      0.541024496395595,
      0.33600073225911586,
      0.6560708259173245
    ],
    "test_rmse": [
      -3.2484532328785334,
      -4.481282445901527,
      -2.9931088765170415,
      -4.148094335236605,
      -2.6067561658697844
    ],
    "test_mae": [
      -2.369381928854978,
      -3.415934559135538,
      -2.1156401764944683,
      -2.991496419838498,
      -1.9357388997267362
    ],
    "best_params": {
      "check_inverse": true,
      "func": null,
      "inverse_func": null,
      "regressor__activation": "relu",
      "regressor__alpha": 0.001,
      "regressor__batch_size": "auto",
      "regressor__beta_1": 0.9,
      "regressor__beta_2": 0.999,
      "regressor__early_stopping": true,
      "regressor__epsilon": 1e-08,
      "regressor__learning_rate": "constant",
      "regressor__learning_rate_init": 0.0001,
      "regressor__max_fun": 15000,
      "regressor__max_iter": 200,
      "regressor__momentum": 0.9,
      "regressor__n_iter_no_change": 10,
      "regressor__n_layers": 2,
      "regressor__n_neurons": 94,
      "regressor__nesterovs_momentum": true,
      "regressor__power_t": 0.5,
      "regressor__random_state": null,
      "regressor__shuffle": true,
      "regressor__solver": "adam",
      "regressor__tol": 0.0001,
      "regressor__validation_fraction": 0.1,
      "regressor__verbose": false,
      "regressor__warm_start": false,
      "transformer__memory": null,
      "transformer__verbose": false,
      "transformer__MinMax__clip": false,
      "transformer__MinMax__copy": true,
      "transformer__Standard__copy": true,
      "transformer__Standard__with_mean": true,
      "transformer__Standard__with_std": true,
      "transformer__MinMax NN__clip": false,
      "transformer__MinMax NN__copy": true
    }
  },
  "13": {
    "fit_time": [
      1.7167840003967285,
      1.554152011871338,
      2.753260612487793,
      2.85599422454834,
      2.659648895263672
    ],
    "score_time": [
      0.04720568656921387,
      0.042287349700927734,
      0.04897570610046387,
      0.04690241813659668,
      0.041062355041503906
    ],
    "test_r": [
      0.7712558999023092,
      0.7737644199735171,
      0.7235734428834091,
      0.7868914471351736,
      0.8412090619793567
    ],
    "test_r2": [
      0.5911770328977912,
      0.5785086666635022,
      0.4871250765975099,
      0.5947328461308643,
      0.7036210374203161
    ],
    "test_rmse": [
      -2.7115649887719746,
      -3.0956772473210195,
      -2.938230454085489,
      -3.0987232748064466,
      -2.9463307650795927
    ],
    "test_mae": [
      -2.120276883346141,
      -2.375349517257763,
      -2.1943830010698067,
      -2.176550796752453,
      -2.291316417850077
    ],
    "best_params": {
      "check_inverse": true,
      "func": null,
      "inverse_func": null,
      "regressor__activation": "tanh",
      "regressor__alpha": 0.00034599686783579,
      "regressor__batch_size": "auto",
      "regressor__beta_1": 0.9,
      "regressor__beta_2": 0.999,
      "regressor__early_stopping": true,
      "regressor__epsilon": 1e-08,
      "regressor__learning_rate": "constant",
      "regressor__learning_rate_init": 0.00014435762044285542,
      "regressor__max_fun": 15000,
      "regressor__max_iter": 200,
      "regressor__momentum": 0.9,
      "regressor__n_iter_no_change": 10,
      "regressor__n_layers": 6,
      "regressor__n_neurons": 51,
      "regressor__nesterovs_momentum": true,
      "regressor__power_t": 0.5,
      "regressor__random_state": null,
      "regressor__shuffle": true,
      "regressor__solver": "adam",
      "regressor__tol": 0.0001,
      "regressor__validation_fraction": 0.1,
      "regressor__verbose": false,
      "regressor__warm_start": false,
      "transformer__memory": null,
      "transformer__verbose": false,
      "transformer__MinMax__clip": false,
      "transformer__MinMax__copy": true,
      "transformer__Standard__copy": true,
      "transformer__Standard__with_mean": true,
      "transformer__Standard__with_std": true,
      "transformer__MinMax NN__clip": false,
      "transformer__MinMax NN__copy": true
    }
  },
  "42": {
    "fit_time": [
      5.2767274379730225,
      6.010009765625,
      6.28666615486145,
      4.075043201446533,
      1.5377976894378662
    ],
    "score_time": [
      0.06413960456848145,
      0.06710100173950195,
      0.05881810188293457,
      0.04359006881713867,
      0.04942965507507324
    ],
    "test_r": [
      0.8596609299178355,
      0.7384191374616147,
      0.7556203787148388,
      0.7578736364681231,
      0.6554813412370136
    ],
    "test_r2": [
      0.6979012056468595,
      0.540426255670893,
      0.5497051317228563,
      0.5657575058458919,
      0.42744025564415733
    ],
    "test_rmse": [
      -2.458671564825493,
      -3.43283897872741,
      -3.4330113491514433,
      -2.788606388934365,
      -3.5011966365289404
    ],
    "test_mae": [
      -1.927593217810052,
      -2.5248956295019216,
      -2.316379655003739,
      -2.114682641288517,
      -2.6551569115594797
    ],
    "best_params": {
      "check_inverse": true,
      "func": null,
      "inverse_func": null,
      "regressor__activation": "tanh",
      "regressor__alpha": 0.001,
      "regressor__batch_size": "auto",
      "regressor__beta_1": 0.9,
      "regressor__beta_2": 0.999,
      "regressor__early_stopping": true,
      "regressor__epsilon": 1e-08,
      "regressor__learning_rate": "invscaling",
      "regressor__learning_rate_init": 0.0001,
      "regressor__max_fun": 15000,
      "regressor__max_iter": 200,
      "regressor__momentum": 0.9,
      "regressor__n_iter_no_change": 10,
      "regressor__n_layers": 6,
      "regressor__n_neurons": 100,
      "regressor__nesterovs_momentum": true,
      "regressor__power_t": 0.5,
      "regressor__random_state": null,
      "regressor__shuffle": true,
      "regressor__solver": "adam",
      "regressor__tol": 0.0001,
      "regressor__validation_fraction": 0.1,
      "regressor__verbose": false,
      "regressor__warm_start": false,
      "transformer__memory": null,
      "transformer__verbose": false,
      "transformer__MinMax__clip": false,
      "transformer__MinMax__copy": true,
      "transformer__Standard__copy": true,
      "transformer__Standard__with_mean": true,
      "transformer__Standard__with_std": true,
      "transformer__MinMax NN__clip": false,
      "transformer__MinMax NN__copy": true
    }
  },
  "69": {
    "fit_time": [
      1.4046707153320312,
      1.1595654487609863,
      1.4087729454040527,
      1.5493416786193848,
      0.7181012630462646
    ],
    "score_time": [
      0.0473017692565918,
      0.04340076446533203,
      0.04417300224304199,
      0.04330635070800781,
      0.04252123832702637
    ],
    "test_r": [
      0.6433595826521796,
      0.8105371356093625,
      0.7322745263036735,
      0.7824851618739553,
      0.7262608930213541
    ],
    "test_r2": [
      0.3910630419375236,
      0.6509261437933778,
      0.5284246111263691,
      0.6109790863344442,
      0.5272837190634205
    ],
    "test_rmse": [
      -3.5331440324256222,
      -2.7549228153497363,
      -3.4961906548179744,
      -3.0800045037550103,
      -2.9797079740155246
    ],
    "test_mae": [
      -2.6288463400535536,
      -2.1518082775361274,
      -2.6251295899836276,
      -2.141479690030179,
      -2.3308563478530964
    ],
    "best_params": {
      "check_inverse": true,