{
  "6": {
    "fit_time": [
      4.556262016296387,
      4.575375080108643,
      4.738845109939575,
      4.363301992416382,
      4.066652297973633
    ],
    "score_time": [
      0.21832609176635742,
      0.22177696228027344,
      0.20832395553588867,
      0.19880104064941406,
      0.2020716667175293
    ],
    "test_r": [
      0.7405639123147777,
      0.8217942414875357,
      0.8259331038947362,
      0.8100723700300807,
      0.7637918898529433
    ],
    "test_r2": [
      0.5461651496046631,
      0.6369195812970551,
      0.6730006423312448,
      0.6356795942208506,
      0.5765640642288437
    ],
    "test_rmse": [
      -2.949995061826056,
      -3.197936691916985,
      -2.6702122478071875,
      -2.847966502996362,
      -2.9668221810728452
    ],
    "test_mae": [
      -1.909202375152957,
      -2.2694988344985227,
      -1.9685559033959525,
      -1.8719475319836532,
      -2.029200355513053
    ]
  },
  "13": {
    "fit_time": [
      4.67929220199585,
      4.494391918182373,
      4.44500207901001,
      4.306868076324463,
      4.454120874404907
    ],
    "score_time": [
      0.23104596138000488,
      0.22704410552978516,
      0.2326188087463379,
      0.2996370792388916,
      0.2218029499053955
    ],
    "test_r": [
      0.7754274209745041,
      0.7823512959836713,
      0.8578800080787816,
      0.8017733071752081,
      0.7885515314156594
    ],
    "test_r2": [
      0.5858942663992852,
      0.601566003093713,
      0.720592728192228,
      0.636632859618969,
      0.6086939070740286
    ],
    "test_rmse": [
      -3.1388714868024525,
      -3.171781040293832,
      -2.394301951628159,
      -2.7793259979313256,
      -2.858825310541026
    ],
    "test_mae": [
      -2.111678948234768,
      -2.2390271879810224,
      -1.749790778844309,
      -1.9388993141489788,
      -1.9671430856158112
    ]
  },
  "42": {
    "fit_time": [
      5.823966979980469,
      4.381073951721191,
      4.620895862579346,
      4.541479825973511,
      5.3530659675598145
    ],
    "score_time": [
      0.2860908508300781,
      0.2274019718170166,
      0.21875929832458496,
      0.18884706497192383,
      0.20791196823120117
    ],
    "test_r": [
      0.8388320118353001,
      0.8111319704918176,
      0.7428756866400994,
      0.8489074455953026,
      0.8286887339494662
    ],
    "test_r2": [
      0.6804256074538954,
      0.6367757579526208,
      0.5152422621256671,
      0.676020499728939,
      0.6656862177556446
    ],
    "test_rmse": [
      -2.6448781901590817,
      -2.4718097525728044,
      -3.8227673280015435,
      -2.583540842958537,
      -2.680731887192665
    ],
    "test_mae": [
      -1.927146703406142,
      -1.8303628470429698,
      -2.575317888145127,
      -1.6403247853534229,
      -1.9314013973354967
    ]
  },
  "69": {
    "fit_time": [
      4.757279872894287,
      4.811830997467041,
      5.814864873886108,
      4.256217002868652,
      4.022713899612427
    ],
    "score_time": [
      0.2353191375732422,
      0.1971731185913086,
      0.2215430736541748,
      0.21741509437561035,
      0.21370315551757812
    ],
    "test_r": [
      0.8243748000688527,
      0.8582380538645122,
      0.8399855214027446,
      0.7783361371024435,
      0.7323489710231006
    ],
    "test_r2": [
      0.6730511232171372,
      0.7063845690535084,
      0.6610849177913483,
      0.601847170327422,
      0.5200913989676217
    ],
    "test_rmse": [
      -2.567384334745761,
      -2.674177738845992,
      -2.6829857514081805,
      -3.092624726510643,
      -3.2698953541434026
    ],
    "test_mae": [
      -1.7805187406958274,
      -1.8848765888031964,
      -1.9228158742130828,
      -2.0885663051042624,
      -2.301407156250429
    ]
  },
  "420": {
    "fit_time": [
      4.882885932922363,
      5.088974952697754,
      5.929838180541992,
      4.2935709953308105,
      4.160211086273193
    ],
    "score_time": [
      0.24297213554382324,
      0.20131206512451172,
      0.23350310325622559,
      0.22760415077209473,
      0.20636987686157227
    ],
    "test_r": [
      0.7999337464075154,
      0.7859172918506105,
      0.8753334827373838,
      0.8402762949299344,
      0.741132063133158
    ],
    "test_r2": [
      0.6071345938943494,
      0.6144524121122955,
      0.7563359125409607,
      0.6936997015202924,
      0.5344363240092086
    ],
    "test_rmse": [
      -2.923953718515261,
      -2.7849688065932128,
      -2.1549397937380927,
      -2.8423080989332052,
      -3.3798621476199595
    ],
    "test_mae": [
      -1.9983692935835191,
      -2.0478992790128983,
      -1.5098790244426432,
      -2.0929076013259986,
      -2.16067753748744
    ]
  },
  "1234567890": {
    "fit_time": [
      4.599222183227539,
      4.564304828643799,
      4.535485029220581,
      4.538940906524658,
      3.9705049991607666
    ],
    "score_time": [
      0.22162199020385742,
      0.22710609436035156,
      0.23117899894714355,
      0.19191312789916992,
      0.2058260440826416
    ],
    "test_r": [
      0.8512083017097719,
      0.7849334922501591,
      0.7678632611807454,
      0.8579119374003921,
      0.8440462137530085
    ],
    "test_r2": [
      0.7067066212532198,
      0.6036324804256319,
      0.5498740463275639,
      0.7221383394539631,
      0.7092394203149678
    ],
    "test_rmse": [
      -2.466637407638043,
      -3.0668003721080215,
      -3.5493394053621086,
      -2.446200526133327,
      -2.284491323068223
    ],
    "test_mae": [
      -1.86487342864454,
      -2.071592973373966,
      -2.439564342296254,
      -1.7203043998145373,
      -1.6348260147869502
    ]
  },
  "473129": {
    "fit_time": [
      4.7125091552734375,
      4.589324712753296,
      4.399457931518555,
      4.447664022445679,
      5.226836204528809
    ],
    "score_time": [
      0.19938993453979492,
      0.21186423301696777,
      0.2287890911102295,
      0.22393107414245605,
      0.20372390747070312
    ],
    "test_r": [
      0.8149835673829422,
      0.8130227689779392,
      0.7972540801141229,
      0.8041185384158103,
      0.827574383605819
    ],
    "test_r2": [
      0.6573608318869656,
      0.6167418864478774,
      0.6299135789986952,
      0.621968689157619,
      0.6712703008138388
    ],
    "test_rmse": [
      -2.9177170861303074,
      -2.8540840060343173,
      -2.9169190377628698,
      -3.090227061730666,
      -2.3032088068376395
    ],
    "test_mae": [
      -2.115331260854098,
      -2.047383632165627,
      -1.9707984610085811,
      -2.1203281266597256,
      -1.664848187120061
    ]
  },
  "r_avg": 0.8079247953437385,
  "r_stdev": 0.03716785998723441,
  "r_stderr": 0.014048130612955796,
  "r2_avg": 0.6358063845597753,
  "r2_stdev": 0.05931586651395377,
  "r2_stderr": 0.022419290228032202,
  "rmse_avg": 2.841385485073146,
  "rmse_stdev": 0.3579440489854755,
  "rmse_stderr": 0.13529013384158425,
  "mae_avg": 1.9827790332655948,
  "mae_stdev": 0.22292404677365485,
  "mae_stderr": 0.08425736985988877
}