fold,r,r2,rmse,mae
1.0,0.758300740407385,0.5711939810196501,1.825081761397051,1.4178863054400117
2.0,0.7370571014024739,0.5311478376059446,2.2241238933385623,1.7373556713822838
3.0,0.7412634749888709,0.5408652715437652,2.2941387843531276,1.682388941689922
4.0,0.7129391483849316,0.5020965552185441,2.1853685053888725,1.6594211241449268
5.0,0.7575629787372609,0.5573174809165193,2.0052843807535754,1.5028582401773074
