{
  "6": {
    "fit_time": [
      10.413297176361084,
      13.212791919708252,
      13.731478214263916,
      12.459176063537598,
      10.505651473999023
    ],
    "score_time": [
      0.08203125,
      0.07916092872619629,
      0.06370306015014648,
      0.05093741416931152,
      0.04072928428649902
    ],
    "test_r": [
      0.6516087668087299,
      0.7127840190634419,
      0.6265378229316909,
      0.7373292363356817,
      0.6828062038251971
    ],
    "test_r2": [
      0.4107717559166675,
      0.496432525326407,
      0.33663076414826354,
      0.5397614878957027,
      0.4404614369444305
    ],
    "test_rmse": [
      -0.07369810857303075,
      -0.07206366656228629,
      -0.07394915180605377,
      -0.07251402912906399,
      -0.07268843488549259
    ],
    "test_mae": [
      -0.05321570249692381,
      -0.05386196379012572,
      -0.05592846528313378,
      -0.05213710620670423,
      -0.05573273458257389
    ]
  },
  "13": {
    "fit_time": [
      10.481229305267334,
      13.099698543548584,
      13.032785177230835,
      12.903120040893555,
      10.216351747512817
    ],
    "score_time": [
      0.09753537178039551,
      0.0795748233795166,
      0.0662374496459961,
      0.05000805854797363,
      0.040609121322631836
    ],
    "test_r": [
      0.700691240929599,
      0.699440273027443,
      0.5635868433516825,
      0.6677701351226316,
      0.7103875621721766
    ],
    "test_r2": [
      0.4742241143639774,
      0.48556432153898244,
      0.26076733740714353,
      0.4196535840979124,
      0.5023459514281201
    ],
    "test_rmse": [
      -0.07546748128248039,
      -0.06924128488622405,
      -0.07704141881278616,
      -0.07257538771765464,
      -0.07201342856397848
    ],
    "test_mae": [
      -0.05493521740890937,
      -0.04937917750606787,
      -0.05850053414314815,
      -0.05021829816262748,
      -0.05353531163975402
    ]
  },
  "42": {
    "fit_time": [
      10.448302507400513,
      13.133022546768188,
      13.341121435165405,
      12.39517593383789,
      10.366983890533447
    ],
    "score_time": [
      0.11843562126159668,
      0.07662081718444824,
      0.06476974487304688,
      0.04999351501464844,
      0.04234004020690918
    ],
    "test_r": [
      0.6687328271925437,
      0.7228226786492138,
      0.662525983191803,
      0.6010150970814923,
      0.7263079301814998
    ],
    "test_r2": [
      0.4418522416889483,
      0.4788477135819281,
      0.43261694044951204,
      0.2818880519988334,
      0.5235847583854781
    ],
    "test_rmse": [
      -0.07176914039260687,
      -0.059445772945937,
      -0.0847798710052815,
      -0.07696466545849394,
      -0.07433736971462482
    ],
    "test_mae": [
      -0.0531905177472809,
      -0.046808630158317634,
      -0.058797376349725684,
      -0.05697620517002802,
      -0.05335071601766207
    ]
  },
  "69": {
    "fit_time": [
      10.391188144683838,
      12.789111614227295,
      13.538769245147705,
      12.422727346420288,
      10.437653303146362
    ],
    "score_time": [
      0.12272310256958008,
      0.08082389831542969,
      0.06305670738220215,
      0.05132102966308594,
      0.04111933708190918
    ],
    "test_r": [
      0.7653576006496383,
      0.7220120913312162,
      0.6779219579899696,
      0.7077112631554979,
      0.5885907256531686
    ],
    "test_r2": [
      0.5562172042227781,
      0.5153125281812677,
      0.43327063448033265,
      0.494557659798339,
      0.30321326284348993
    ],
    "test_rmse": [
      -0.05899691546933105,
      -0.07137834096714517,
      -0.06771771671492542,
      -0.07535357991503819,
      -0.08670365712075917
    ],
    "test_mae": [
      -0.04441184992560302,
      -0.051771032929828834,
      -0.0491231672863376,
      -0.05321547268125914,
      -0.06422759441129336
    ]
  },
  "420": {
    "fit_time": [
      10.17336916923523,
      12.979634046554565,
      13.779726505279541,
      12.448250770568848,
      10.454181671142578
    ],
    "score_time": [
      0.07246661186218262,
      0.08002161979675293,
      0.06332921981811523,
      0.0505213737487793,
      0.04219770431518555
    ],
    "test_r": [
      0.6638225581695141,
      0.6426048689280084,
      0.7096771693814974,
      0.7399307884326819,
      0.7534663580404112
    ],
    "test_r2": [
      0.39684472120825154,
      0.39619657810147224,
      0.4996557329414697,
      0.5261698284048664,
      0.5510651015919098
    ],
    "test_rmse": [
      -0.07490092704574437,
      -0.07269563867086176,
      -0.0671857710491524,
      -0.06522433295298631,
      -0.07455732845587698
    ],
    "test_mae": [
      -0.05482270213033708,
      -0.05312573673451366,
      -0.05134512820760116,
      -0.049620012408715976,
      -0.05306521514040703
    ]
  },
  "1234567890": {
    "fit_time": [
      10.453863620758057,
      12.977198839187622,
      13.547039031982422,
      12.255647420883179,
      10.425315380096436
    ],
    "score_time": [
      0.07818484306335449,
      0.08005309104919434,
      0.06551575660705566,
      0.05102038383483887,
      0.04096865653991699
    ],
    "test_r": [
      0.7104177580819261,
      0.7383229902999677,
      0.6863395246233395,
      0.7328433539263115,
      0.7385119332422987
    ],
    "test_r2": [
      0.4748207163596251,
      0.544939951872163,
      0.4495344355419496,
      0.5034193894440936,
      0.49353196757082485
    ],
    "test_rmse": [
      -0.06227610989056663,
      -0.0736076969351065,
      -0.08639201137199531,
      -0.06577240069105904,
      -0.0585916950573359
    ],
    "test_mae": [
      -0.0470196536763546,
      -0.05473836276769628,
      -0.06268250634381319,
      -0.0517202018927402,
      -0.04272881490846454
    ]
  },
  "473129": {
    "fit_time": [
      10.875113487243652,
      12.24067497253418,
      13.350443840026855,
      12.425829648971558,
      10.00498652458191
    ],
    "score_time": [
      0.07995367050170898,
      0.07600069046020508,
      0.06322836875915527,
      0.05118370056152344,
      0.042807817459106445
    ],
    "test_r": [
      0.6934260362518991,
      0.6300135608021108,
      0.6871646452853273,
      0.6650840411169934,
      0.7611569354741142
    ],
    "test_r2": [
      0.47674739839427405,
      0.3317087539815443,
      0.46761056608881335,
      0.4333535552068072,
      0.574068287869962
    ],
    "test_rmse": [
      -0.07314978131565662,
      -0.07371168803178876,
      -0.0798249384066158,
      -0.07345064942617792,
      -0.05911982226824753
    ],
    "test_mae": [
      -0.052311101207623334,
      -0.05488085913016544,
      -0.056711691867588884,
      -0.05460746510566973,
      -0.042865545736457365
    ]
  },
  "r_avg": 0.6899635080200207,
  "r_stdev": 0.0479494187509068,
  "r_stderr": 0.018123176789285246,
  "r2_avg": 0.45564689312218687,
  "r2_stdev": 0.07716523232706325,
  "r2_stderr": 0.029165716371133046,
  "rmse_avg": 0.0719760060997819,
  "rmse_stdev": 0.006886794251859186,
  "rmse_stderr": 0.0026029635601269325,
  "mae_avg": 0.052901773461584374,
  "mae_stdev": 0.0046504916088604634,
  "mae_stderr": 0.0017577206101767782
}