{
  "6": {
    "fit_time": [
      0.2192986011505127,
      0.22964143753051758,
      0.23096251487731934,
      0.22178220748901367,
      0.20488595962524414
    ],
    "score_time": [
      0.0800027847290039,
      0.08086609840393066,
      0.08040809631347656,
      0.07959580421447754,
      0.07537102699279785
    ],
    "test_r": [
      0.6382278817956418,
      0.5991938191204121,
      0.6389363865585269,
      0.6622552070049464,
      0.6358824690222629
    ],
    "test_r2": [
      0.35848530604146456,
      0.3453285529439982,
      0.40659590561883596,
      0.3966646250326896,
      0.397700285712403
    ],
    "test_rmse": [
      -0.07689849995049156,
      -0.08216733839680349,
      -0.06994083337383991,
      -0.08302520432652971,
      -0.07541480888112198
    ],
    "test_mae": [
      -0.055354786560778635,
      -0.05634076347035532,
      -0.052138090370319586,
      -0.05888583389893115,
      -0.05644876794632244
    ]
  },
  "13": {
    "fit_time": [
      0.2259080410003662,
      0.21791553497314453,
      0.22100377082824707,
      0.2322371006011963,
      0.2167372703552246
    ],
    "score_time": [
      0.08023357391357422,
      0.08045578002929688,
      0.08095192909240723,
      0.08026432991027832,
      0.07951211929321289
    ],
    "test_r": [
      0.5699358691940208,
      0.6682177223875808,
      0.6239421083348111,
      0.5959721925100818,
      0.581617777992712
    ],
    "test_r2": [
      0.25716149246921105,
      0.4126716080773519,
      0.372098860145196,
      0.35267501346027696,
      0.32317986898798345
    ],
    "test_rmse": [
      -0.0897029505510702,
      -0.07398438625824999,
      -0.0710034308528575,
      -0.07664907122610205,
      -0.08398202673978628
    ],
    "test_mae": [
      -0.06194488696696838,
      -0.052603309555988444,
      -0.055084787141422405,
      -0.055524047594080195,
      -0.0578166207967632
    ]
  },
  "42": {
    "fit_time": [
      0.22101831436157227,
      0.2273726463317871,
      0.23019623756408691,
      0.2195570468902588,
      0.20725393295288086
    ],
    "score_time": [
      0.08196401596069336,
      0.07940816879272461,
      0.08219146728515625,
      0.0800180435180664,
      0.07879996299743652
    ],
    "test_r": [
      0.6008420858507766,
      0.6559179548893899,
      0.632742405078067,
      0.5955943646366888,
      0.6458511147104191
    ],
    "test_r2": [
      0.3445827382180907,
      0.4272874796025481,
      0.3715421891407792,
      0.3315132221490231,
      0.3663485502607454
    ],
    "test_rmse": [
      -0.07777178909426853,
      -0.06231706537430442,
      -0.0892262484205819,
      -0.0742577387970054,
      -0.08573133433791179
    ],
    "test_mae": [
      -0.0557138452434199,
      -0.04694391973186395,
      -0.06132876719074605,
      -0.0547122095685914,
      -0.06150528151627071
    ]
  },
  "69": {
    "fit_time": [
      0.2288501262664795,
      0.21914386749267578,
      0.22023820877075195,
      0.22918438911437988,
      0.21624183654785156
    ],
    "score_time": [
      0.08157801628112793,
      0.07869672775268555,
      0.08012247085571289,
      0.07880592346191406,
      0.07950234413146973
    ],
    "test_r": [
      0.6777867812787017,
      0.6599368951569937,
      0.5550826149799855,
      0.6316654186835214,
      0.5562912192812269
    ],
    "test_r2": [
      0.4500934105220873,
      0.40040342639596804,
      0.27548438491777694,
      0.3937157732490846,
      0.2548312953633274
    ],
    "test_rmse": [
      -0.06567325425125092,
      -0.07938987599669556,
      -0.0765664167679012,
      -0.08252893007692526,
      -0.089663313064621
    ],
    "test_mae": [
      -0.05025587706837847,
      -0.056069559070111664,
      -0.05248480860381989,
      -0.0568409758986735,
      -0.067420370258594
    ]
  },
  "420": {
    "fit_time": [
      0.21822214126586914,
      0.2299954891204834,
      0.22861742973327637,
      0.2196190357208252,
      0.20766329765319824
    ],
    "score_time": [
      0.08167171478271484,
      0.07984781265258789,
      0.0784609317779541,
      0.08134818077087402,
      0.0779411792755127
    ],
    "test_r": [
      0.5830253631445712,
      0.5320934038578764,
      0.6897303308803688,
      0.6457414631961339,
      0.6737568036839782
    ],
    "test_r2": [
      0.31367324007732666,
      0.2744068692459246,
      0.4453363521048993,
      0.40811227125399985,
      0.4021108285403624
    ],
    "test_rmse": [
      -0.07989840186814387,
      -0.07969061028257915,
      -0.07073880084606697,
      -0.07289839366543509,
      -0.08604170313681729
    ],
    "test_mae": [
      -0.05838061387912804,
      -0.056215681022261266,
      -0.052409858906106166,
      -0.05511776571815144,
      -0.056647932990532196
    ]
  },
  "1234567890": {
    "fit_time": [
      0.22303271293640137,
      0.22093915939331055,
      0.21751618385314941,
      0.22927117347717285,
      0.21857810020446777
    ],
    "score_time": [
      0.07947397232055664,
      0.08047175407409668,
      0.08253216743469238,
      0.0786592960357666,
      0.08081817626953125
    ],
    "test_r": [
      0.6350289598666664,
      0.6859411718796009,
      0.6288193539186209,
      0.641871464287695,
      0.6143656477915254
    ],
    "test_r2": [
      0.3756752170538318,
      0.4401015675283174,
      0.3184821348904573,
      0.40629344861313943,
      0.35345699237111605
    ],
    "test_rmse": [
      -0.06790049971796294,
      -0.08164761463372795,
      -0.09612738535536292,
      -0.07191752540923005,
      -0.0662001163397233
    ],
    "test_mae": [
      -0.051392026575783116,
      -0.057339192029030574,
      -0.06775560042811898,
      -0.053514705914334354,
      -0.04764870977435036
    ]
  },
  "473129": {
    "fit_time": [
      0.21887993812561035,
      0.22753357887268066,
      0.22974133491516113,
      0.2200615406036377,
      0.20403409004211426
    ],
    "score_time": [
      0.08063197135925293,
      0.07888460159301758,
      0.08159470558166504,
      0.08038091659545898,
      0.07961153984069824
    ],
    "test_r": [
      0.6498492001919934,
      0.5596440402559169,
      0.5890693118476208,
      0.6603716069342362,
      0.6708232797276183
    ],
    "test_r2": [
      0.40766478848244025,
      0.2896883989585598,
      0.3345753222399429,
      0.3766845404902587,
      0.4387293599511253
    ],
    "test_rmse": [
      -0.07782893882992153,
      -0.07599375853565173,
      -0.08924282916200474,
      -0.07703596108271654,
      -0.06786553767827395
    ],
    "test_mae": [
      -0.05485932380617305,
      -0.055790140939326834,
      -0.06134783838389551,
      -0.054026955471481806,
      -0.05159271035788136
    ]
  },
  "r_avg": 0.6253149625694625,
  "r_stdev": 0.04066303292711532,
  "r_stderr": 0.015369181811253994,
  "r2_avg": 0.3663815805745869,
  "r2_stdev": 0.05324540974744839,
  "r2_stderr": 0.0201248732353547,
  "rmse_avg": 0.07791207409376961,
  "rmse_stdev": 0.007777714879454224,
  "rmse_stderr": 0.002939699905628941,
  "mae_avg": 0.055984473275684406,
  "mae_stdev": 0.004486044785178502,
  "mae_stderr": 0.0016955655531257843
}