{
  "6": {
    "fit_time": [
      0.1188511848449707,
      0.11794066429138184,
      0.11642742156982422,
      0.11779212951660156,
      0.1108708381652832
    ],
    "score_time": [
      0.007480621337890625,
      0.00742793083190918,
      0.007502317428588867,
      0.007412433624267578,
      0.00679469108581543
    ],
    "test_r": [
      0.629353830386944,
      0.7189050475991194,
      0.7578448903043941,
      0.6691487799115332,
      0.6942175075267024
    ],
    "test_r2": [
      0.36159913835447666,
      0.503943088063161,
      0.568369115355631,
      0.43872054799908666,
      0.45650037032650415
    ],
    "test_rmse": [
      -2.367959661250858,
      -2.282591451503302,
      -1.9836639808274574,
      -2.3603576829993727,
      -2.275548185392107
    ],
    "test_mae": [
      -1.825575486738347,
      -1.7560427131893057,
      -1.5817873808678935,
      -1.7050216342497813,
      -1.7318481981046794
    ]
  },
  "13": {
    "fit_time": [
      0.11447405815124512,
      0.11813020706176758,
      0.11907434463500977,
      0.11524081230163574,
      0.1135551929473877
    ],
    "score_time": [
      0.007375001907348633,
      0.007469654083251953,
      0.007803440093994141,
      0.007468461990356445,
      0.0067691802978515625
    ],
    "test_r": [
      0.7173368472645798,
      0.7259514934104075,
      0.6735516534764461,
      0.7333672340823255,
      0.6859272252691139
    ],
    "test_r2": [
      0.5003255354219389,
      0.5191844504853836,
      0.42735309754136774,
      0.5361567042422903,
      0.46390242242907775
    ],
    "test_rmse": [
      -2.186974764808214,
      -2.1519978839880505,
      -2.213554798382413,
      -2.146830932613202,
      -2.269362030569794
    ],
    "test_mae": [
      -1.6029715418296344,
      -1.6613033048189263,
      -1.7780553481474601,
      -1.5639656848864594,
      -1.64666260643584
    ]
  },
  "42": {
    "fit_time": [
      0.11668968200683594,
      0.11752676963806152,
      0.11939430236816406,
      0.11496734619140625,
      0.11313080787658691
    ],
    "score_time": [
      0.007416486740112305,
      0.007515907287597656,
      0.007386922836303711,
      0.00738072395324707,
      0.006745576858520508
    ],
    "test_r": [
      0.72065580364,
      0.7046524539784529,
      0.6809426009683943,
      0.6227063062023314,
      0.6789284849730889
    ],
    "test_r2": [
      0.5165144135326931,
      0.43390024080155765,
      0.461979921670289,
      0.32409888660215347,
      0.45559117246184344
    ],
    "test_rmse": [
      -2.1823429341553693,
      -1.939791094532975,
      -2.5493376610859335,
      -2.4532237355142414,
      -2.3487792105698313
    ],
    "test_mae": [
      -1.7340478907768602,
      -1.5273228277932271,
      -1.8669654018302884,
      -1.7633095000316226,
      -1.826496529055741
    ]
  },
  "69": {
    "fit_time": [
      0.1161658763885498,
      0.11936306953430176,
      0.11972975730895996,
      0.11482381820678711,
      0.11230134963989258
    ],
    "score_time": [
      0.007399797439575195,
      0.007452249526977539,
      0.007540225982666016,
      0.00739598274230957,
      0.006766557693481445
    ],
    "test_r": [
      0.6866612059071419,
      0.7675122851587848,
      0.6999437911428521,
      0.7618955418659901,
      0.6074063578824992
    ],
    "test_r2": [
      0.4409719234176328,
      0.5888027933384026,
      0.48168007297064064,
      0.5801985074831011,
      0.33259461237990084
    ],
    "test_rmse": [
      -2.225260304044791,
      -2.0330847396631695,
      -2.126920266221237,
      -2.1062616534592253,
      -2.524162826433374
    ],
    "test_mae": [
      -1.6490287102512124,
      -1.5695043952425873,
      -1.609472910422038,
      -1.5927247561186424,
      -1.972141641376374
    ]
  },
  "420": {
    "fit_time": [
      0.11681723594665527,
      0.11805891990661621,
      0.11980891227722168,
      0.1157376766204834,
      0.11289787292480469
    ],
    "score_time": [
      0.007396697998046875,
      0.007489204406738281,
      0.007443904876708984,
      0.0074160099029541016,
      0.00670623779296875
    ],
    "test_r": [
      0.6804168021409813,
      0.5562262387744198,
      0.7534906167470017,
      0.7285809781126215,
      0.7086339942580636
    ],
    "test_r2": [
      0.4588338180632714,
      0.23024114182630973,
      0.5627028181304461,
      0.5266866047924151,
      0.498110635862104
    ],
    "test_rmse": [
      -2.2702498802215514,
      -2.509625014531934,
      -1.913724342703704,
      -2.2701595550437967,
      -2.330517749679317
    ],
    "test_mae": [
      -1.8012205838791158,
      -1.9355649933598886,
      -1.5006289067917178,
      -1.6529626914168793,
      -1.6206685351864039
    ]
  },
  "1234567890": {
    "fit_time": [
      0.11698198318481445,
      0.1167609691619873,
      0.11868405342102051,
      0.11395001411437988,
      0.11212491989135742
    ],
    "score_time": [
      0.007443428039550781,
      0.007311105728149414,
      0.007442951202392578,
      0.007458925247192383,
      0.00683140754699707
    ],
    "test_r": [
      0.7275753507344948,
      0.7780279693196752,
      0.6183238549247188,
      0.7125957044859561,
      0.7757594801104417
    ],
    "test_r2": [
      0.5283517779723806,
      0.6032832727411709,
      0.35536289898865103,
      0.4645286578927488,
      0.5817821883656742
    ],
    "test_rmse": [
      -2.111277430571661,
      -2.0620168479795944,
      -2.689750241333273,
      -2.0860291773777857,
      -1.8447625521950415
    ],
    "test_mae": [
      -1.675822695250426,
      -1.604733907646058,
      -1.9786190287080097,
      -1.5558772573110178,
      -1.3545670393479032
    ]
  },
  "473129": {
    "fit_time": [
      0.11630010604858398,
      0.11554265022277832,
      0.11797809600830078,
      0.11546802520751953,
      0.11248612403869629
    ],
    "score_time": [
      0.007402896881103516,
      0.007386922836303711,
      0.007406949996948242,
      0.007423877716064453,
      0.006728172302246094
    ],
    "test_r": [
      0.6556912762940571,
      0.7585765087541368,
      0.7399695385157641,
      0.6885117311046539,
      0.7036582120775534
    ],
    "test_r2": [
      0.42414689615443746,
      0.5730136495505385,
      0.5287281049554693,
      0.46574598063760664,
      0.4818989100958587
    ],
    "test_rmse": [
      -2.3300501736826233,
      -1.9759555889449656,
      -2.1813414420810395,
      -2.355002752932031,
      -2.038095555752857
    ],
    "test_mae": [
      -1.7571570477965892,
      -1.5574857810852296,
      -1.633138488259697,
      -1.7190009984577383,
      -1.5563353510498386
    ]
  },
  "r_avg": 0.7006556456373041,
  "r_stdev": 0.050251406825695344,
  "r_stderr": 0.018993246498846223,
  "r2_avg": 0.4764515534544633,
  "r2_stdev": 0.08217805957573829,
  "r2_stderr": 0.0310603869804648,
  "rmse_avg": 2.2199018315156027,
  "rmse_stdev": 0.18989241670300264,
  "rmse_stderr": 0.07177258720759896,
  "mae_avg": 1.6819437647918123,
  "mae_stdev": 0.13559879010848397,
  "mae_stderr": 0.05125152524404195
}