{
  "6": {
    "fit_time": [
      3.5202560424804688,
      3.522501230239868
    ],
    "score_time": [
      0.10273599624633789,
      0.10332298278808594
    ],
    "test_r": [
      0.6683671784030727,
      0.6682894347017969
    ],
    "test_r2": [
      0.44301657336217415,
      0.44149736472468504
    ],
    "test_rmse": [
      -2.3075834283728396,
      -2.312709091963105
    ],
    "test_mae": [
      -1.7491292141021284,
      -1.7854316515058808
    ]
  },
  "r_avg": 0.6683283065524348,
  "r_stdev": 3.887185063788934e-05,
  "r_stderr": 1.4692178541243236e-05,
  "r2_avg": 0.4422569690434296,
  "r2_stdev": 0.0007596043187445556,
  "r2_stderr": 0.000287103446029819,
  "rmse_avg": 2.310146260167972,
  "rmse_stdev": 0.002562831795132725,
  "rmse_stderr": 0.0009686593688586322,
  "mae_avg": 1.7672804328040046,
  "mae_stdev": 0.018151218701876193,
  "mae_stderr": 0.006860515811129864
}