{
  "6": {
    "fit_time": [
      3.5363810062408447,
      3.516464948654175
    ],
    "score_time": [
      0.09969496726989746,
      0.0995478630065918
    ],
    "test_r": [
      0.6686513421791168,
      0.6681335049536099
    ],
    "test_r2": [
      0.4437417167741561,
      0.4413567130810411
    ],
    "test_rmse": [
      -2.3060808038536846,
      -2.313000286522722
    ],
    "test_mae": [
      -1.7459745615667182,
      -1.788096737350843
    ]
  },
  "r_avg": 0.6683924235663634,
  "r_stdev": 0.00025891861275345596,
  "r_stderr": 9.786203702164015e-05,
  "r2_avg": 0.4425492149275986,
  "r2_stdev": 0.0011925018465575032,
  "r2_stderr": 0.00045072333199663704,
  "rmse_avg": 2.309540545188203,
  "rmse_stdev": 0.003459741334518762,
  "rmse_stderr": 0.0013076593102496245,
  "mae_avg": 1.7670356494587804,
  "mae_stdev": 0.021061087892062402,
  "mae_stderr": 0.007960342986124382
}