{
  "6": {
    "fit_time": [
      3.3482255935668945,
      3.373687267303467,
      3.388047456741333,
      3.366732358932495,
      3.132493495941162
    ],
    "score_time": [
      0.0706484317779541,
      0.0707235336303711,
      0.07103514671325684,
      0.07108426094055176,
      0.06994509696960449
    ],
    "test_r": [
      0.7017744654988726,
      0.6807258904342105,
      0.5624569927862678,
      0.7518706789704883,
      0.6665507666910345
    ],
    "test_r2": [
      0.4896808786975979,
      0.4615607800245265,
      0.304719237067431,
      0.5542809400098971,
      0.44119007324355597
    ],
    "test_rmse": [
      -2.1255863365948344,
      -2.281597609194158,
      -2.537901655099199,
      -2.325387664165997,
      -2.0917539021132927
    ],
    "test_mae": [
      -1.6259004169652234,
      -1.7982148893318581,
      -1.8005038882464506,
      -1.782037677591983,
      -1.6724448982084614
    ]
  },
  "13": {
    "fit_time": [
      3.3335232734680176,
      3.3595728874206543,
      3.3493902683258057,
      3.3201935291290283,
      3.111461877822876
    ],
    "score_time": [
      0.07261180877685547,
      0.07093644142150879,
      0.07278561592102051,
      0.06969714164733887,
      0.06931376457214355
    ],
    "test_r": [
      0.6598570992913898,
      0.7421648622307656,
      0.6404330082405927,
      0.6627397385556574,
      0.7282380502123734
    ],
    "test_r2": [
      0.4203884082269401,
      0.5379507471525501,
      0.3936496219623449,
      0.43370896382206914,
      0.5217133189452059
    ],
    "test_rmse": [
      -2.0791679018503135,
      -2.183686547487624,
      -2.1162387863203906,
      -2.4831886199603934,
      -2.3483115548159814
    ],
    "test_mae": [
      -1.6107021670750579,
      -1.6963017045271545,
      -1.650355190736169,
      -1.8256569797270972,
      -1.7681142817454731
    ]
  },
  "42": {
    "fit_time": [
      3.3320603370666504,
      3.337587594985962,
      3.345974922180176,
      3.3613147735595703,
      3.1361243724823
    ],
    "score_time": [
      0.07125091552734375,
      0.07226061820983887,
      0.07092833518981934,
      0.06958675384521484,
      0.06989693641662598
    ],
    "test_r": [
      0.735480801349517,
      0.6064584136325817,
      0.6979670740079991,
      0.6541758143735448,
      0.7440075526872375
    ],
    "test_r2": [
      0.5132769613706267,
      0.3561161476796927,
      0.4781532573238281,
      0.42730006844381685,
      0.5502605945548633
    ],
    "test_rmse": [
      -2.0954768442946228,
      -2.5859072291453185,
      -2.3558077231789087,
      -2.2278715105849605,
      -1.9924917285155364
    ],
    "test_mae": [
      -1.6396665070884093,
      -1.93252700516868,
      -1.7206843000453789,
      -1.730682320032152,
      -1.5624716927807214
    ]
  },
  "69": {
    "fit_time": [
      3.3949179649353027,
      3.3840386867523193,
      3.36206316947937,
      3.3798880577087402,
      3.134552001953125
    ],
    "score_time": [
      0.0709991455078125,
      0.07191896438598633,
      0.0713186264038086,
      0.06943821907043457,
      0.06961822509765625
    ],
    "test_r": [
      0.6678149827087144,
      0.7338740880392243,
      0.6379310748130866,
      0.7426196552564224,
      0.5659176774621578
    ],
    "test_r2": [
      0.43221690379271416,
      0.5380582071999129,
      0.40598608556222515,
      0.5422278976610918,
      0.3149743789298367
    ],
    "test_rmse": [
      -2.3245066227276223,
      -2.080562556486817,
      -2.602585548329421,
      -2.1127488626337882,
      -2.3012055692204125
    ],
    "test_mae": [
      -1.8367836286037091,
      -1.705196280186936,
      -1.9269301148620188,
      -1.579554493800056,
      -1.70762083400244
    ]
  },
  "420": {
    "fit_time": [
      3.3665568828582764,
      3.349560499191284,
      3.3528084754943848,
      3.314680814743042,
      3.106778383255005
    ],
    "score_time": [
      0.07114481925964355,
      0.07100439071655273,
      0.07199764251708984,
      0.07035112380981445,
      0.06886744499206543
    ],
    "test_r": [
      0.7632021090997204,
      0.6712751846061769,
      0.6789170867055545,
      0.5760986845401826,
      0.700507799956327
    ],
    "test_r2": [
      0.5641432590924513,
      0.45033779746605074,
      0.45780862308995796,
      0.3221743003667239,
      0.47394235689891395
    ],
    "test_rmse": [
      -2.0360445577777253,
      -2.30653469513241,
      -2.1794784927396,
      -2.3562997697329884,
      -2.436370653715068
    ],
    "test_mae": [
      -1.6010830347584222,
      -1.7477319390026518,
      -1.7326912862386459,
      -1.8621830107284452,
      -1.7932750731968605
    ]
  },
  "1234567890": {
    "fit_time": [
      3.3208532333374023,
      3.370419502258301,
      3.3528690338134766,
      3.356259822845459,
      3.128753662109375
    ],
    "score_time": [
      0.07124590873718262,
      0.0712425708770752,
      0.07195734977722168,
      0.07082247734069824,
      0.07018613815307617
    ],
    "test_r": [
      0.6827757013774477,
      0.7112758436085563,
      0.6666792565835874,
      0.793144753503029,
      0.6881437721344384
    ],
    "test_r2": [
      0.4625386245522759,
      0.5054143049065911,
      0.4439186757771505,
      0.6028415962385705,
      0.462496658589873
    ],
    "test_rmse": [
      -2.2623857589442506,
      -2.2167677815442546,
      -2.4719286223187207,
      -1.908414859142627,
      -2.0842585989532383
    ],
    "test_mae": [
      -1.7975983289871034,
      -1.6742790606073417,
      -1.8332219118338786,
      -1.4827989589065116,
      -1.6567908364295325
    ]
  },
  "473129": {
    "fit_time": [
      3.379565954208374,
      3.3291051387786865,
      3.3528409004211426,
      3.375336170196533,
      3.1294612884521484
    ],
    "score_time": [
      0.07060050964355469,
      0.07097220420837402,
      0.0704190731048584,
      0.07283568382263184,
      0.06969308853149414
    ],
    "test_r": [
      0.6833935458238615,
      0.6828243372372044,
      0.7594281236660146,
      0.7519149214114852,
      0.6229863809640316
    ],
    "test_r2": [
      0.4639608271250296,
      0.4555185123234059,
      0.5619262312597555,
      0.5635420414151613,
      0.38477263423846464
    ],
    "test_rmse": [
      -2.3942069471213245,
      -2.173130163554541,
      -2.069558333563693,
      -2.0554112883916424,
      -2.336279048945464
    ],
    "test_mae": [
      -1.8028957575657087,
      -1.7131436709624173,
      -1.5970202725637468,
      -1.5429571910548434,
      -1.7303272304492454
    ]
  },
  "r_avg": 0.6861607482417075,
  "r_stdev": 0.055830672212890696,
  "r_stderr": 0.021102010600696136,
  "r2_avg": 0.4655071404288887,
  "r2_stdev": 0.07370855162058491,
  "r2_stderr": 0.027859213869547796,
  "rmse_avg": 2.2439729812656326,
  "rmse_stdev": 0.1722365654303082,
  "rmse_stderr": 0.06509930268578573,
  "mae_avg": 1.7182956238288796,
  "mae_stdev": 0.10511841420765898,
  "mae_stderr": 0.039731026029563486
}