{
  "6": {
    "fit_time": [
      3.3684189319610596,
      3.3646881580352783,
      3.3738818168640137,
      3.334563970565796,
      3.1134419441223145
    ],
    "score_time": [
      0.0726621150970459,
      0.07059407234191895,
      0.07087969779968262,
      0.0702207088470459,
      0.06926488876342773
    ],
    "test_r": [
      0.7015926463038958,
      0.6822105635395483,
      0.5624210573304201,
      0.7556635015232509,
      0.6665581469961115
    ],
    "test_r2": [
      0.48937985231551906,
      0.46348303239519395,
      0.3045321908505929,
      0.5587565532865458,
      0.44104637970393257
    ],
    "test_rmse": [
      -2.1262131632276486,
      -2.2775212644229765,
      -2.5382430085540264,
      -2.3136832126149396,
      -2.092022823787652
    ],
    "test_mae": [
      -1.626747990106981,
      -1.7939501760898962,
      -1.8016825150206357,
      -1.775023629153172,
      -1.6710830561351433
    ]
  },
  "13": {
    "fit_time": [
      3.329397201538086,
      3.3629531860351562,
      3.3636958599090576,
      3.343139410018921,
      3.1484711170196533
    ],
    "score_time": [
      0.07152867317199707,
      0.07044601440429688,
      0.07219600677490234,
      0.07011127471923828,
      0.0750887393951416
    ],
    "test_r": [
      0.6562751858843128,
      0.7390224155673776,
      0.6412223753655738,
      0.6625103880338374,
      0.7283172912166658
    ],
    "test_r2": [
      0.4151773657434763,
      0.5337349654282413,
      0.39466779266003615,
      0.4333977195510058,
      0.5217644128407568
    ],
    "test_rmse": [
      -2.0884934475104155,
      -2.1936260096273505,
      -2.114461268165648,
      -2.4838709299517325,
      -2.34818612001441
    ],
    "test_mae": [
      -1.62114858580176,
      -1.7049998904898034,
      -1.6486820369321311,
      -1.8265694242844224,
      -1.7687371053206018
    ]
  },
  "42": {
    "fit_time": [
      3.329498291015625,
      3.304487943649292,
      3.3525545597076416,
      3.360124111175537,
      3.129790782928467
    ],
    "score_time": [
      0.07706522941589355,
      0.07058572769165039,
      0.07229948043823242,
      0.07098770141601562,
      0.0685265064239502
    ],
    "test_r": [
      0.7354600775436861,
      0.6072664482608084,
      0.6983513938393541,
      0.6620172554576805,
      0.742431585327198
    ],
    "test_r2": [
      0.5131724069080655,
      0.3570886657482726,
      0.47872580859893876,
      0.43684291203523073,
      0.5480594198335307
    ],
    "test_rmse": [
      -2.095701900099685,
      -2.583953622285239,
      -2.3545150152075376,
      -2.209232134079241,
      -1.9973617366192502
    ],
    "test_mae": [
      -1.6392818686465518,
      -1.934684386313499,
      -1.719209164482047,
      -1.7208906110930504,
      -1.5662786811551437
    ]
  },
  "69": {
    "fit_time": [
      3.3722422122955322,
      3.3574154376983643,
      3.3443288803100586,
      3.3756887912750244,
      3.108732223510742
    ],
    "score_time": [
      0.07082962989807129,
      0.07137155532836914,
      0.07008838653564453,
      0.07181119918823242,
      0.0698401927947998
    ],
    "test_r": [
      0.6658762081623086,
      0.7332021376900054,
      0.6383688179926902,
      0.7419062196888356,
      0.5665605062491738
    ],
    "test_r2": [
      0.4284367842790828,
      0.5370443807535408,
      0.4065195771883998,
      0.5409242548330491,
      0.31565207379670934
    ],
    "test_rmse": [
      -2.3322316996690593,
      -2.0828444167825952,
      -2.601416577829983,
      -2.115755065691735,
      -2.300066997865308
    ],
    "test_mae": [
      -1.8427613707197945,
      -1.707341648808222,
      -1.9251271108801642,
      -1.5817460177979552,
      -1.708623528472784
    ]
  },
  "420": {
    "fit_time": [
      3.391740560531616,
      3.3898215293884277,
      3.319141387939453,
      3.3612284660339355,
      3.122671604156494
    ],
    "score_time": [
      0.07241702079772949,
      0.07079815864562988,
      0.07176685333251953,
      0.07143497467041016,
      0.07015514373779297
    ],
    "test_r": [
      0.7639647256120635,
      0.6685635071548013,
      0.6770862301601983,
      0.5755896040622335,
      0.7004523234636235
    ],
    "test_r2": [
      0.5649640662979285,
      0.4465990783910684,
      0.4550458336546077,
      0.3212815851117037,
      0.4737697824968198
    ],
    "test_rmse": [
      -2.0341265105947897,
      -2.314365751162549,
      -2.1850243103068268,
      -2.3578509152657965,
      -2.4367702494030996
    ],
    "test_mae": [
      -1.6015830780313995,
      -1.752783132836272,
      -1.7371967339161032,
      -1.8651275598797843,
      -1.7929487241129949
    ]
  },
  "1234567890": {
    "fit_time": [
      3.3160667419433594,
      3.3455421924591064,
      3.393688201904297,
      3.355334758758545,
      3.119114875793457
    ],
    "score_time": [
      0.06992506980895996,
      0.07109665870666504,
      0.06980323791503906,
      0.0724785327911377,
      0.069183349609375
    ],
    "test_r": [
      0.6839857883349096,
      0.7134327895433025,
      0.6643265472688465,
      0.7949197864322778,
      0.6882767184984031
    ],
    "test_r2": [
      0.46409670221359645,
      0.5083167641505667,
      0.44080816602474227,
      0.6052922403878971,
      0.4627277167522643
    ],
    "test_rmse": [
      -2.2591040988384155,
      -2.210253697589806,
      -2.478832500793951,
      -1.9025178636813775,
      -2.0838105675728413
    ],
    "test_mae": [
      -1.7962538472253302,
      -1.670905558253688,
      -1.8373432774705218,
      -1.4770431257804792,
      -1.6554505431659186
    ]
  },
  "473129": {
    "fit_time": [
      3.3479747772216797,
      3.330519199371338,
      3.3599681854248047,
      3.360762596130371,
      3.1410152912139893
    ],
    "score_time": [
      0.06990170478820801,
      0.07087254524230957,
      0.07223653793334961,
      0.07126283645629883,
      0.06919240951538086
    ],
    "test_r": [
      0.6852752341469691,
      0.6830633961771243,
      0.7596658001643184,
      0.7517958107767094,
      0.6238353637938782
    ],
    "test_r2": [
      0.4664882142219139,
      0.45572677350037694,
      0.5623886257616582,
      0.563422301841274,
      0.3858267745544499
    ],
    "test_rmse": [
      -2.388556019418511,
      -2.172714518632439,
      -2.068465817740499,
      -2.0556932138203545,
      -2.3342766820870593
    ],
    "test_mae": [
      -1.7982983233354113,
      -1.7141454451321485,
      -1.596337716956954,
      -1.5418383200440287,
      -1.7273782689341555
    ]
  },
  "r_avg": 0.6863276527874969,
  "r_stdev": 0.05586596877602308,
  "r_stderr": 0.021115351447579506,
  "r2_avg": 0.4655760335460282,
  "r2_stdev": 0.0738290241736192,
  "r2_stderr": 0.027904748214567475,
  "rmse_avg": 2.243764660883279,
  "rmse_stdev": 0.1720555502983842,
  "rmse_stderr": 0.06503088539684138,
  "mae_avg": 1.71854864150797,
  "mae_stdev": 0.10528942311210629,
  "mae_stderr": 0.039795661320012804
}