{
  "6": {
    "fit_time": [
      0.09807157516479492,
      0.08695387840270996
    ],
    "score_time": [
      0.012107133865356445,
      0.010185956954956055
    ],
    "test_r": [
      0.5477834674468186,
      0.6218121756352336
    ],
    "test_r2": [
      0.27584927936334025,
      0.375681516482123
    ],
    "test_rmse": [
      -2.6311812079217702,
      -2.445183693031974
    ],
    "test_mae": [
      -1.9400774771904288,
      -1.9583628193486295
    ],
    "best_params": {
      "check_inverse": true,
      "func": null,
      "inverse_func": null,
      "regressor__activation": "relu",
      "regressor__alpha": 0.0004510910337688182,
      "regressor__batch_size": "auto",
      "regressor__beta_1": 0.9,
      "regressor__beta_2": 0.999,
      "regressor__early_stopping": true,
      "regressor__epsilon": 1e-08,
      "regressor__learning_rate": "invscaling",
      "regressor__learning_rate_init": 0.0036652815093629817,
      "regressor__max_fun": 15000,
      "regressor__max_iter": 200,
      "regressor__momentum": 0.9,
      "regressor__n_iter_no_change": 10,
      "regressor__n_layers": 3,
      "regressor__n_neurons": 57,
      "regressor__nesterovs_momentum": true,
      "regressor__power_t": 0.5,
      "regressor__random_state": null,
      "regressor__shuffle": true,
      "regressor__solver": "adam",
      "regressor__tol": 0.0001,
      "regressor__validation_fraction": 0.1,
      "regressor__verbose": false,
      "regressor__warm_start": false,
      "transformer__memory": null,
      "transformer__verbose": false,
      "transformer__MinMax__clip": false,
      "transformer__MinMax__copy": true,
      "transformer__Standard__copy": true,
      "transformer__Standard__with_mean": true,
      "transformer__Standard__with_std": true,
      "transformer__MinMax NN__clip": false,
      "transformer__MinMax NN__copy": true
    }
  },
  "r_avg": 0.5847978215410261,
  "r_stdev": 0.0370143540942075,
  "r_stderr": 0.01399011083899407,
  "r2_avg": 0.3257653979227316,
  "r2_stdev": 0.049916118559391376,
  "r2_stderr": 0.018866519445966467,
  "rmse_avg": 2.538182450476872,
  "rmse_stdev": 0.09299875744489805,
  "rmse_stderr": 0.03515022634817384,
  "mae_avg": 1.949220148269529,
  "mae_stdev": 0.009142671079100384,
  "mae_stderr": 0.0034556048563088794
}