{
  "6": {
    "fit_time": [
      0.09275627136230469,
      0.07635498046875
    ],
    "score_time": [
      0.008441686630249023,
      0.00929403305053711
    ],
    "test_r": [
      0.6086897787477258,
      0.6285797541097212
    ],
    "test_r2": [
      0.3407358208974275,
      0.3276695797837136
    ],
    "test_rmse": [
      -2.5105334642463353,
      -2.537463332927052
    ],
    "test_mae": [
      -1.905360561718234,
      -1.9783218226946693
    ],
    "best_params": {
      "check_inverse": true,
      "func": null,
      "inverse_func": null,
      "regressor__activation": "relu",
      "regressor__alpha": 0.0004510910337688182,
      "regressor__batch_size": "auto",
      "regressor__beta_1": 0.9,
      "regressor__beta_2": 0.999,
      "regressor__early_stopping": true,
      "regressor__epsilon": 1e-08,
      "regressor__learning_rate": "invscaling",
      "regressor__learning_rate_init": 0.0036652815093629817,
      "regressor__max_fun": 15000,
      "regressor__max_iter": 200,
      "regressor__momentum": 0.9,
      "regressor__n_iter_no_change": 10,
      "regressor__n_layers": 3,
      "regressor__n_neurons": 57,
      "regressor__nesterovs_momentum": true,
      "regressor__power_t": 0.5,
      "regressor__random_state": null,
      "regressor__shuffle": true,
      "regressor__solver": "adam",
      "regressor__tol": 0.0001,
      "regressor__validation_fraction": 0.1,
      "regressor__verbose": false,
      "regressor__warm_start": false,
      "transformer__memory": null,
      "transformer__verbose": false,
      "transformer__MinMax__clip": false,
      "transformer__MinMax__copy": true,
      "transformer__Standard__copy": true,
      "transformer__Standard__with_mean": true,
      "transformer__Standard__with_std": true,
      "transformer__MinMax NN__clip": false,
      "transformer__MinMax NN__copy": true
    }
  },
  "r_avg": 0.6186347664287235,
  "r_stdev": 0.009944987680997719,
  "r_stderr": 0.0037588520279315594,
  "r2_avg": 0.33420270034057054,
  "r2_stdev": 0.006533120556856953,
  "r2_stderr": 0.002469287468378187,
  "rmse_avg": 2.5239983985866936,
  "rmse_stdev": 0.013464934340358337,
  "rmse_stderr": 0.005089266812057385,
  "mae_avg": 1.9418411922064518,
  "mae_stdev": 0.03648063048821759,
  "mae_stderr": 0.01378838227752351
}