{
  "6": {
    "fit_time": [
      0.13019204139709473,
      0.4721384048461914,
      0.13829946517944336,
      0.3615078926086426,
      0.17218613624572754
    ],
    "score_time": [
      0.00914621353149414,
      0.0076367855072021484,
      0.009439229965209961,
      0.008171558380126953,
      0.008542776107788086
    ],
    "test_r": [
      0.35872242895937606,
      0.5647658613700246,
      0.6047257659380263,
      0.6940418651681343,
      0.5950717193902181
    ],
    "test_r2": [
      0.05973772107334929,
      0.2841484274244691,
      0.3624308964623799,
      0.4708329856076192,
      0.33707828111623905
    ],
    "test_rmse": [
      -2.8852426002190943,
      -2.6307658857902187,
      -2.4302911968849505,
      -2.5337347256819696,
      -2.2782934182296763
    ],
    "test_mae": [
      -2.3151612594806137,
      -1.9077125151284533,
      -1.7267816506905314,
      -2.0299820183830763,
      -1.8023361705436973
    ],
    "best_params": {
      "check_inverse": true,
      "func": null,
      "inverse_func": null,
      "regressor__activation": "relu",
      "regressor__alpha": 0.0002473910369523975,
      "regressor__batch_size": "auto",
      "regressor__beta_1": 0.9,
      "regressor__beta_2": 0.999,
      "regressor__early_stopping": true,
      "regressor__epsilon": 1e-08,
      "regressor__learning_rate": "constant",
      "regressor__learning_rate_init": 0.0007762512287013527,
      "regressor__max_fun": 15000,
      "regressor__max_iter": 200,
      "regressor__momentum": 0.9,
      "regressor__n_iter_no_change": 10,
      "regressor__n_layers": 3,
      "regressor__n_neurons": 82,
      "regressor__nesterovs_momentum": true,
      "regressor__power_t": 0.5,
      "regressor__random_state": null,
      "regressor__shuffle": true,
      "regressor__solver": "adam",
      "regressor__tol": 0.0001,
      "regressor__validation_fraction": 0.1,
      "regressor__verbose": false,
      "regressor__warm_start": false,
      "transformer__memory": null,
      "transformer__verbose": false,
      "transformer__MinMax__clip": false,
      "transformer__MinMax__copy": true,
      "transformer__Standard__copy": true,
      "transformer__Standard__with_mean": true,
      "transformer__Standard__with_std": true,
      "transformer__MinMax NN__clip": false,
      "transformer__MinMax NN__copy": true
    }
  },
  "13": {
    "fit_time": [
      0.21909475326538086,
      0.1802506446838379,
      0.4559175968170166,
      0.2285921573638916,
      0.25147438049316406
    ],
    "score_time": [
      0.010747432708740234,
      0.010872602462768555,
      0.008793115615844727,
      0.010123729705810547,
      0.009079933166503906
    ],
    "test_r": [
      0.5224444084583805,
      0.6454905960187537,
      0.5598639656941331,
      0.5776085012517413,
      0.7163344256394961
    ],
    "test_r2": [
      0.25273697185618904,
      0.4069059379288339,
      0.28127777033516277,
      0.3267974366217766,
      0.4983813979124786
    ],
    "test_rmse": [
      -2.360792291553399,
      -2.4740470270016854,
      -2.3040048146233216,
      -2.707464345708464,
      -2.4049075636291124
    ],
    "test_mae": [
      -1.8219783900967585,
      -1.8873515014830151,
      -1.785689763292404,
      -2.0142418886828306,
      -1.875464895800069
    ],
    "best_params": {
      "check_inverse": true,
      "func": null,
      "inverse_func": null,
      "regressor__activation": "relu",
      "regressor__alpha": 0.001,
      "regressor__batch_size": "auto",
      "regressor__beta_1": 0.9,
      "regressor__beta_2": 0.999,
      "regressor__early_stopping": true,
      "regressor__epsilon": 1e-08,
      "regressor__learning_rate": "invscaling",
      "regressor__learning_rate_init": 0.01,
      "regressor__max_fun": 15000,
      "regressor__max_iter": 200,
      "regressor__momentum": 0.9,
      "regressor__n_iter_no_change": 10,
      "regressor__n_layers": 6,
      "regressor__n_neurons": 100,
      "regressor__nesterovs_momentum": true,
      "regressor__power_t": 0.5,
      "regressor__random_state": null,
      "regressor__shuffle": true,
      "regressor__solver": "adam",
      "regressor__tol": 0.0001,
      "regressor__validation_fraction": 0.1,
      "regressor__verbose": false,
      "regressor__warm_start": false,
      "transformer__memory": null,
      "transformer__verbose": false,
      "transformer__MinMax__clip": false,
      "transformer__MinMax__copy": true,
      "transformer__Standard__copy": true,
      "transformer__Standard__with_mean": true,
      "transformer__Standard__with_std": true,
      "transformer__MinMax NN__clip": false,
      "transformer__MinMax NN__copy": true
    }
  },
  "42": {
    "fit_time": [
      0.4573476314544678,
      0.12971282005310059,
      0.3706057071685791,
      0.11865687370300293,
      0.22293496131896973
    ],
    "score_time": [
      0.009191274642944336,
      0.010630369186401367,
      0.009523391723632812,
      0.010790824890136719,
      0.010288238525390625
    ],
    "test_r": [
      0.6758252811859693,
      0.5859239402787286,
      0.6663838154287886,
      0.5482404114904601,
      0.6275100253791843
    ],
    "test_r2": [
      0.44334322122759706,
      0.3323669231087434,
      0.4089758958198626,
      0.29788213655162543,
      0.392702804537447
    ],
    "test_rmse": [
      -2.2409680529461893,
      -2.6331651338835402,
      -2.50709591599191,
      -2.4667866283021915,
      -2.315350233313327
    ],
    "test_mae": [
      -1.7324768459439155,
      -2.012710842714724,
      -1.7989564973083434,
      -1.91352899107236,
      -1.781734029954542
    ],
    "best_params": {
      "check_inverse": true,
      "func": null,
      "inverse_func": null,
      "regressor__activation": "relu",
      "regressor__alpha": 0.001,
      "regressor__batch_size": "auto",
      "regressor__beta_1": 0.9,
      "regressor__beta_2": 0.999,
      "regressor__early_stopping": true,
      "regressor__epsilon": 1e-08,
      "regressor__learning_rate": "invscaling",
      "regressor__learning_rate_init": 0.0006868893784147993,
      "regressor__max_fun": 15000,
      "regressor__max_iter": 200,
      "regressor__momentum": 0.9,
      "regressor__n_iter_no_change": 10,
      "regressor__n_layers": 3,
      "regressor__n_neurons": 66,
      "regressor__nesterovs_momentum": true,
      "regressor__power_t": 0.5,
      "regressor__random_state": null,
      "regressor__shuffle": true,
      "regressor__solver": "adam",
      "regressor__tol": 0.0001,
      "regressor__validation_fraction": 0.1,
      "regressor__verbose": false,
      "regressor__warm_start": false,
      "transformer__memory": null,
      "transformer__verbose": false,
      "transformer__MinMax__clip": false,
      "transformer__MinMax__copy": true,
      "transformer__Standard__copy": true,
      "transformer__Standard__with_mean": true,
      "transformer__Standard__with_std": true,
      "transformer__MinMax NN__clip": false,
      "transformer__MinMax NN__copy": true
    }
  },
  "69": {
    "fit_time": [
      0.23247647285461426,
      0.10888528823852539,
      0.3654215335845947,
      0.13483953475952148,
      0.17279839515686035
    ],
    "score_time": [
      0.011417388916015625,
      0.012584209442138672,
      0.010300636291503906,
      0.012529850006103516,
      0.010577678680419922
    ],
    "test_r": [
      0.620968973099045,
      0.6679915081491453,
      0.6226039735461402,
      0.6872057045133296,
      0.5728078764816588
    ],
    "test_r2": [
      0.36324047334358744,
      0.4310529327200382,
      0.3527903737261575,
      0.4689552568769585,
      0.31943838655338974
    ],
    "test_rmse": [
      -2.4616555523445776,
      -2.3089954765378753,
      -2.7166218464458556,
      -2.275562522307395,
      -2.293695346878999
    ],