{
  "6": {
    "fit_time": [
      0.10323500633239746,
      0.08837008476257324
    ],
    "score_time": [
      0.0169680118560791,
      0.01456308364868164
    ],
    "test_r": [
      0.5725525396491056,
      0.6361622292083767
    ],
    "test_r2": [
      0.22789088695197457,
      0.2506923204419873
    ],
    "test_rmse": [
      -2.716912264864312,
      -2.678788872458378
    ],
    "test_mae": [
      -2.1880522794750754,
      -2.133694225102472
    ],
    "best_params": {
      "check_inverse": true,
      "func": null,
      "inverse_func": null,
      "regressor__activation": "relu",
      "regressor__alpha": 0.0004510910337688182,
      "regressor__batch_size": "auto",
      "regressor__beta_1": 0.9,
      "regressor__beta_2": 0.999,
      "regressor__early_stopping": true,
      "regressor__epsilon": 1e-08,
      "regressor__learning_rate": "invscaling",
      "regressor__learning_rate_init": 0.0036652815093629817,
      "regressor__max_fun": 15000,
      "regressor__max_iter": 200,
      "regressor__momentum": 0.9,
      "regressor__n_iter_no_change": 10,
      "regressor__n_layers": 3,
      "regressor__n_neurons": 57,
      "regressor__nesterovs_momentum": true,
      "regressor__power_t": 0.5,
      "regressor__random_state": null,
      "regressor__shuffle": true,
      "regressor__solver": "adam",
      "regressor__tol": 0.0001,
      "regressor__validation_fraction": 0.1,
      "regressor__verbose": false,
      "regressor__warm_start": false,
      "transformer__memory": null,
      "transformer__verbose": false,
      "transformer__standardscaler__copy": true,
      "transformer__standardscaler__with_mean": true,
      "transformer__standardscaler__with_std": true
    }
  },
  "r_avg": 0.6043573844287411,
  "r_stdev": 0.03180484477963558,
  "r_stderr": 0.012021101396275232,
  "r2_avg": 0.23929160369698094,
  "r2_stdev": 0.011400716745006367,
  "r2_stderr": 0.0043090658964538035,
  "rmse_avg": 2.697850568661345,
  "rmse_stdev": 0.01906169620296705,
  "rmse_stderr": 0.007204643960016428,
  "mae_avg": 2.1608732522887735,
  "mae_stdev": 0.02717902718630172,
  "mae_stderr": 0.010272706687373989
}