{
  "6": {
    "fit_time": [
      0.3149709701538086,
      0.31218814849853516
    ],
    "score_time": [
      0.021091938018798828,
      0.0220029354095459
    ],
    "test_r": [
      0.6590624120961753,
      0.7066343343822449
    ],
    "test_r2": [
      0.43073652201272083,
      0.49480387882700816
    ],
    "test_rmse": [
      -2.3328828800800605,
      -2.1995730916655134
    ],
    "test_mae": [
      -1.7104346135101849,
      -1.712177714816296
    ]
  },
  "r_avg": 0.6828483732392101,
  "r_stdev": 0.023785961143034773,
  "r_stderr": 0.008990248268445094,
  "r2_avg": 0.4627702004198645,
  "r2_stdev": 0.03203367840714366,
  "r2_stderr": 0.012107592377703116,
  "rmse_avg": 2.2662279858727867,
  "rmse_stdev": 0.06665489420727355,
  "rmse_stderr": 0.02519318196253794,
  "mae_avg": 1.7113061641632403,
  "mae_stdev": 0.0008715506530555528,
  "mae_stderr": 0.0003294151832829898
}