{
  "6": {
    "fit_time": [
      0.26552391052246094,
      0.2580909729003906
    ],
    "score_time": [
      0.016729116439819336,
      0.01587200164794922
    ],
    "test_r": [
      0.6599480511916914,
      0.7029091321981052
    ],
    "test_r2": [
      0.4311178780206999,
      0.48768669039519297
    ],
    "test_rmse": [
      -2.332101336924129,
      -2.215012665022242
    ],
    "test_mae": [
      -1.7084258679509474,
      -1.7179148762654155
    ]
  },
  "r_avg": 0.6814285916948983,
  "r_stdev": 0.021480540503206913,
  "r_stderr": 0.008118881171247962,
  "r2_avg": 0.45940228420794643,
  "r2_stdev": 0.028284406187246536,
  "r2_stderr": 0.010690500678941563,
  "rmse_avg": 2.2735570009731854,
  "rmse_stdev": 0.05854433595094344,
  "rmse_stderr": 0.02212767908537349,
  "mae_avg": 1.7131703721081815,
  "mae_stdev": 0.004744504157234042,
  "mae_stderr": 0.0017932540134790523
}