{
  "6": {
    "fit_time": [
      0.3346681594848633,
      0.3434791564941406
    ],
    "score_time": [
      0.03607988357543945,
      0.03438901901245117
    ],
    "test_r": [
      0.6677103327560294,
      0.7056835356048813
    ],
    "test_r2": [
      0.44145900479272193,
      0.49311154519282296
    ],
    "test_rmse": [
      -2.3108076806608313,
      -2.2032541367032596
    ],
    "test_mae": [
      -1.7100839028871955,
      -1.7164106140761852
    ]
  },
  "r_avg": 0.6866969341804554,
  "r_stdev": 0.01898660142442593,
  "r_stderr": 0.007176260801619389,
  "r2_avg": 0.46728527499277245,
  "r2_stdev": 0.025826270200050516,
  "r2_stderr": 0.009761412605956003,
  "rmse_avg": 2.2570309086820455,
  "rmse_stdev": 0.05377677197878583,
  "rmse_stderr": 0.020325709281099162,
  "mae_avg": 1.7132472584816902,
  "mae_stdev": 0.0031633555944948766,
  "mae_stderr": 0.0011956360302140467
}