{
  "6": {
    "fit_time": [
      0.015937328338623047,
      0.015905141830444336,
      0.015732288360595703,
      0.01569223403930664,
      0.014624595642089844
    ],
    "score_time": [
      0.009432077407836914,
      0.009085416793823242,
      0.009137153625488281,
      0.009150266647338867,
      0.008559942245483398
    ],
    "test_r": [
      0.23879446373780996,
      -0.018524414420800408,
      0.08086361674426061,
      0.00857754801915439,
      0.10558112678647301
    ],
    "test_r2": [
      0.015331943352926092,
      -0.020880659699994863,
      -0.008987787084558496,
      -0.09651765375539645,
      -0.06719536338069476
    ],
    "test_rmse": [
      -2.9525873430810137,
      -3.1416528778402646,
      -3.0572970481161477,
      -3.6473091433909013,
      -2.8906831870649894
    ],
    "test_mae": [
      -2.3260708048084147,
      -2.5372403144059543,
      -2.3893250959650403,
      -2.813169281937111,
      -2.290667361755681
    ]
  },
  "13": {
    "fit_time": [
      0.015960216522216797,
      0.015434503555297852,
      0.01564168930053711,
      0.015555620193481445,
      0.015011072158813477
    ],
    "score_time": [
      0.00912022590637207,
      0.009003639221191406,
      0.009467363357543945,
      0.009001493453979492,
      0.008309602737426758
    ],
    "test_r": [
      0.014417546293052787,
      0.07809791028690834,
      0.09882163229712418,
      0.08976748844825364,
      0.08442619920430092
    ],
    "test_r2": [
      -0.024392233163211374,
      -0.10332034334963258,
      0.008519792421551653,
      -0.0366015648411413,
      -0.03765820587762847
    ],
    "test_rmse": [
      -2.764102662065883,
      -3.3744032093846847,
      -2.706106397696126,
      -3.359663612832466,
      -3.458905794562432
    ],
    "test_mae": [
      -2.1948053054431225,
      -2.6366026085109704,
      -2.191453944084232,
      -2.591395396491267,
      -2.719183324320671
    ]
  },
  "42": {
    "fit_time": [
      0.01622748374938965,
      0.015740394592285156,
      0.015643835067749023,
      0.015549182891845703,
      0.014989852905273438
    ],
    "score_time": [
      0.009204626083374023,
      0.009093523025512695,
      0.009033918380737305,
      0.009416818618774414,
      0.008357763290405273
    ],
    "test_r": [
      0.07315316227902019,
      0.12070037290649886,
      0.2729769667768241,
      -0.026898766934571543,
      0.13813984734182944
    ],
    "test_r2": [
      0.004277447129099388,
      -0.07019103847222552,
      -0.07271160703367663,
      -0.032322138779640186,
      -0.023665313953984413
    ],
    "test_rmse": [
      -2.997167993814485,
      -3.333802196430485,
      -3.3776126510832993,
      -2.9911224665263725,
      -3.0060420427941086
    ],
    "test_mae": [
      -2.439459481556966,
      -2.5388045941708635,
      -2.6725336491654463,
      -2.4362883305049245,
      -2.253821467030431
    ]
  },
  "69": {
    "fit_time": [
      0.015834808349609375,
      0.01589202880859375,
      0.015836477279663086,
      0.01576685905456543,
      0.014819622039794922
    ],
    "score_time": [
      0.009416341781616211,
      0.009066343307495117,
      0.009141206741333008,
      0.009099483489990234,
      0.008578777313232422
    ],
    "test_r": [
      0.20495793429357145,
      0.023387726186617358,
      -0.0026035609645167586,
      0.004686647910195322,
      0.06341991639229956
    ],
    "test_r2": [
      0.016179109851677254,
      -0.07956538504452104,
      -0.04954396431744823,
      -0.07331609871493194,
      -0.009135360954357408
    ],
    "test_rmse": [
      -3.0598319737683664,
      -3.180618832144185,
      -3.459449716973525,
      -3.2350949904186144,
      -2.7930372067786635
    ],
    "test_mae": [
      -2.4326379272263647,
      -2.506969696813064,
      -2.7033917194329513,
      -2.435689937792222,
      -2.2386740149091384
    ]
  },
  "420": {
    "fit_time": [
      0.016005992889404297,
      0.01574230194091797,
      0.01577448844909668,
      0.015762805938720703,
      0.01475071907043457
    ],
    "score_time": [
      0.009160280227661133,
      0.009044408798217773,
      0.009434700012207031,
      0.009165287017822266,
      0.00827646255493164
    ],
    "test_r": [
      0.14797084560688098,
      0.00932062159399965,
      0.1342178748347548,
      0.07353347673216598,
      0.011556506792106538
    ],
    "test_r2": [
      0.011910224099349498,
      -0.014856650960759499,
      -0.06807863209150522,
      -0.0005787683307481029,
      -0.15844989851472224
    ],
    "test_rmse": [
      -3.0655866580594955,
      -3.1341112326263474,
      -3.0589888779805943,
      -2.8628405951814235,
      -3.6154746452673985
    ],
    "test_mae": [
      -2.4288373451598213,
      -2.439678066381375,
      -2.35822393051415,
      -2.2702074779061756,
      -2.8256243564279773
    ]
  },
  "1234567890": {
    "fit_time": [
      0.015755414962768555,
      0.015772342681884766,
      0.01596999168395996,
      0.01583409309387207,
      0.014822006225585938
    ],
    "score_time": [
      0.009389638900756836,
      0.009086370468139648,
      0.009117603302001953,
      0.009127140045166016,
      0.008723735809326172
    ],
    "test_r": [
      -0.004781353773183189,
      0.13618087431630024,
      0.08311112504749985,
      0.1423611151768973,
      0.10519477445521762
    ],
    "test_r2": [
      -0.06751323031975143,
      -0.08818399075599093,
      -0.02441096993480185,
      -0.003187593016714896,
      0.008005484148046027
    ],
    "test_rmse": [
      -3.1884503737746246,
      -3.2881422037682984,
      -3.355087736655383,
      -3.0330668838047252,
      -2.831494049830259
    ],
    "test_mae": [
      -2.4399336781864136,
      -2.5818978927304674,
      -2.652074514870167,
      -2.3538833886273896,
      -2.2641915497213483
    ]
  },
  "473129": {
    "fit_time": [
      0.015874385833740234,
      0.015752553939819336,
      0.01565718650817871,
      0.015703916549682617,
      0.01508331298828125
    ],
    "score_time": [
      0.009160280227661133,
      0.00908350944519043,
      0.009450197219848633,
      0.009143590927124023,
      0.00847625732421875
    ],
    "test_r": [
      0.19282598590574312,
      -0.046844332117697084,
      -0.006027811991057709,
      0.021247492867441965,
      0.14438244370699752
    ],
    "test_r2": [
      -0.07746982215660991,
      -0.04160518666077828,
      -0.0320165675054922,
      -0.05620181956387538,
      0.009601991561561385
    ],
    "test_rmse": [
      -3.3944231453493607,
      -3.005700805170182,
      -3.1764891942619924,
      -3.1974295514803455,
      -2.964229131564785
    ],
    "test_mae": [
      -2.5867683149835994,
      -2.358655119941739,
      -2.5115534539823337,
      -2.53307271558924,
      -2.3359999885430827
    ]
  },
  "r_avg": 0.07991408579252494,
  "r_stdev": 0.07686157750363164,
  "r_stderr": 0.029050945635818004,
  "r2_avg": -0.03899233873344521,
  "r2_stdev": 0.04033031681326056,
  "r2_stderr": 0.015243426940619203,
  "rmse_avg": 3.1416573266154915,
  "rmse_stdev": 0.23301868348031776,
  "rmse_stderr": 0.08807278390294222,
  "mae_avg": 2.4653938871397174,
  "mae_stdev": 0.16723947978858741,
  "mae_stderr": 0.06321058184463074
}