{
  "6": {
    "fit_time": [
      0.09748101234436035,
      0.09795475006103516
    ],
    "score_time": [
      0.008775949478149414,
      0.009472131729125977
    ],
    "test_r": [
      0.6388389093721477,
      0.680386779099138
    ],
    "test_r2": [
      0.3903918240071831,
      0.4467046770525437
    ],
    "test_rmse": [
      -2.4141356347586327,
      -2.3019023376450733
    ],
    "test_mae": [
      -1.7797305147754872,
      -1.7422473704074382
    ]
  },
  "r_avg": 0.6596128442356428,
  "r_stdev": 0.020773934863495158,
  "r_stderr": 0.00785180934300896,
  "r2_avg": 0.4185482505298634,
  "r2_stdev": 0.0281564265226803,
  "r2_stderr": 0.010642128912467887,
  "rmse_avg": 2.358018986201853,
  "rmse_stdev": 0.05611664855677967,
  "rmse_stderr": 0.021210099498807238,
  "mae_avg": 1.7609889425914627,
  "mae_stdev": 0.018741572184024502,
  "mae_stderr": 0.007083648453899212
}