{
  "6": {
    "fit_time": [
      0.06453275680541992,
      0.06634402275085449,
      0.06582903861999512,
      0.06589746475219727,
      0.0637826919555664
    ],
    "score_time": [
      0.006780385971069336,
      0.006602048873901367,
      0.006580829620361328,
      0.0065343379974365234,
      0.005906105041503906
    ],
    "test_r": [
      0.7174466387319763,
      0.695766876063967,
      0.6305849117646501,
      0.7715076106019639,
      0.6683815058303664
    ],
    "test_r2": [
      0.4889432973138197,
      0.47547264530547784,
      0.3773556778679603,
      0.5911796382285102,
      0.42736660202827625
    ],
    "test_rmse": [
      -2.127121872653676,
      -2.2519294520469697,
      -2.4016775491028937,
      -2.2270553988306263,
      -2.117468062467199
    ],
    "test_mae": [
      -1.4815753369520528,
      -1.6448131034520803,
      -1.7377611227302494,
      -1.703769585871054,
      -1.7019854988130403
    ]
  },
  "13": {
    "fit_time": [
      0.0653390884399414,
      0.06393265724182129,
      0.06752586364746094,
      0.06591534614562988,
      0.06477141380310059
    ],
    "score_time": [
      0.006695747375488281,
      0.0069010257720947266,
      0.0064852237701416016,
      0.006551265716552734,
      0.005975246429443359
    ],
    "test_r": [
      0.686188329349835,
      0.7563290984482196,
      0.6086893703466746,
      0.7241542729953898,
      0.7428854397302252
    ],
    "test_r2": [
      0.42999881969248255,
      0.55125167144585,
      0.3059690347546351,
      0.5216115318212535,
      0.5464831264576844
    ],
    "test_rmse": [
      -2.061858740794455,
      -2.152026349218204,
      -2.264082601265927,
      -2.2823393433545482,
      -2.286695286121435
    ],
    "test_mae": [
      -1.5326748269232193,
      -1.6062728130731114,
      -1.6762785536241043,
      -1.705985615449424,
      -1.6686513178388633
    ]
  },
  "42": {
    "fit_time": [
      0.06532406806945801,
      0.06650018692016602,
      0.06635260581970215,
      0.06622648239135742,
      0.06467032432556152
    ],
    "score_time": [
      0.00674748420715332,
      0.006625175476074219,
      0.006576061248779297,
      0.006516933441162109,
      0.005861759185791016
    ],
    "test_r": [
      0.6730734386259766,
      0.6305850521641289,
      0.7164729570683892,
      0.6610348677512242,
      0.6931327950611519
    ],
    "test_r2": [
      0.44279179908361854,
      0.3438090265872583,
      0.49019572956731905,
      0.42629175805180886,
      0.4646705353080274
    ],
    "test_rmse": [
      -2.2420777255327513,
      -2.610503617407751,
      -2.32846699974193,
      -2.2298318723560393,
      -2.1738352676181543
    ],
    "test_mae": [
      -1.7538488036593802,
      -1.9591484633663538,
      -1.6273239751827093,
      -1.5941136431307295,
      -1.674394738414308
    ]
  },
  "69": {
    "fit_time": [
      0.06608319282531738,
      0.06575608253479004,
      0.06414580345153809,
      0.06547784805297852,
      0.06620025634765625
    ],
    "score_time": [
      0.0065686702728271484,
      0.0065419673919677734,
      0.006649494171142578,
      0.006521701812744141,
      0.005858898162841797
    ],
    "test_r": [
      0.7283939230550615,
      0.7205331722244024,
      0.6921486206869211,
      0.6933358367356419,
      0.612622167874807
    ],
    "test_r2": [
      0.5210774318503276,
      0.49550389325123456,
      0.4676346212069875,
      0.45695723753879913,
      0.3576768521313537
    ],
    "test_rmse": [
      -2.1348738118000576,
      -2.1742829490463373,
      -2.46383492437888,
      -2.301125104221422,
      -2.228326348154934
    ],
    "test_mae": [
      -1.621854255092452,
      -1.6666783200924171,
      -1.8601842031841638,
      -1.7013478948822434,
      -1.6685095039087363
    ]
  },
  "420": {
    "fit_time": [
      0.06561160087585449,
      0.06408262252807617,
      0.06557631492614746,
      0.0652470588684082,
      0.06404876708984375
    ],
    "score_time": [
      0.006654024124145508,
      0.006740093231201172,
      0.0065460205078125,
      0.0065174102783203125,
      0.005923032760620117
    ],
    "test_r": [
      0.7937279506522854,
      0.6803786174927744,
      0.6494414146627773,
      0.6231098746220173,
      0.6902744540442719
    ],
    "test_r2": [
      0.6298831394867586,
      0.43432389534071025,
      0.3946546419578204,
      0.30915045339579716,
      0.4557473878362639
    ],
    "test_rmse": [
      -1.876224614909084,
      -2.3398928568303052,
      -2.3029149166797693,
      -2.378829216197419,
      -2.4781463659279797
    ],
    "test_mae": [
      -1.4377344322663455,
      -1.6210963472489097,
      -1.7553079689441142,
      -1.78541490030557,
      -1.7944820833709594
    ]
  },
  "1234567890": {
    "fit_time": [
      0.06635284423828125,
      0.06492972373962402,
      0.06541109085083008,
      0.06563353538513184,
      0.06669783592224121
    ],
    "score_time": [
      0.006652116775512695,
      0.006714582443237305,
      0.0066680908203125,
      0.006491899490356445,
      0.005978584289550781
    ],
    "test_r": [
      0.6774050680032796,
      0.6499170227830304,
      0.6799110730837686,
      0.7326564844745256,
      0.679585697413134
    ],
    "test_r2": [
      0.42426408568318197,
      0.4034778045156957,
      0.4511114260006285,
      0.522154002895677,
      0.4462014612791826
    ],
    "test_rmse": [
      -2.3415567591946993,
      -2.4345165375958815,
      -2.4558897500214214,
      -2.0933164545994845,
      -2.115616378063891
    ],
    "test_mae": [
      -1.6337222837988676,
      -1.8611186804703226,
      -1.7878982900122087,
      -1.5308859409165487,
      -1.5733941487251466
    ]
  },
  "473129": {
    "fit_time": [
      0.06577587127685547,
      0.06621098518371582,
      0.06486964225769043,
      0.06438732147216797,
      0.06431031227111816
    ],
    "score_time": [
      0.0067102909088134766,
      0.006338596343994141,
      0.006623506546020508,
      0.006439208984375,
      0.005959033966064453
    ],
    "test_r": [
      0.6680539728249992,
      0.6983938353449048,
      0.7209832037312013,
      0.7358567871015352,
      0.6275363065636512
    ],
    "test_r2": [
      0.4273584404622841,
      0.45567999497863787,
      0.5122315495186817,
      0.5311046235454137,
      0.35264629203473163
    ],
    "test_rmse": [
      -2.4745991211061886,
      -2.1728078855157054,
      -2.1837901396465016,
      -2.1304213417005022,
      -2.396501536983452
    ],
    "test_mae": [
      -1.7757336476208128,
      -1.7563045340957513,
      -1.5712292869930489,
      -1.5068510788394127,
      -1.764113493072395
    ]
  },
  "r_avg": 0.6894428185116894,
  "r_stdev": 0.04422811297952755,
  "r_stderr": 0.016716655414499692,
  "r2_avg": 0.45520657509783286,
  "r2_stdev": 0.07300865238858054,
  "r2_stderr": 0.0275946768251637,
  "rmse_avg": 2.2638410614596136,
  "rmse_stdev": 0.1464320137961585,
  "rmse_stderr": 0.055346098926144935,
  "mae_avg": 1.678355962637746,
  "mae_stdev": 0.11201338949856882,
  "mae_stderr": 0.042337081731803866
}