fold,r,r2,rmse,mae
1.0,0.6304655876214357,0.3849913488475112,2.437820207738445,1.8769920535598483
2.0,0.5173827256255518,0.22800194312963662,2.621914846467317,1.8802703542794499
3.0,0.6435021137103577,0.4103559285906556,2.6556173266758356,2.0374570855578864
4.0,0.6456276882774746,0.3977529856375329,2.216677756440955,1.6727464727453278
5.0,0.6263334553911664,0.3706532708698952,2.358156612930118,1.7718217856604768
