fold,r,r2,rmse,mae
1.0,0.24809723898516028,0.061552239992059735,2.8886897824954185,1.944936657026715
2.0,0.41051025701934757,0.1685186711180908,2.0507430655669214,1.3360358143725406
3.0,0.33463858358357,0.11198298162281797,2.276103392225941,1.8019697840421736
4.0,0.5769653477837462,0.3328890125432192,1.7131504899262813,1.3659042354960347
5.0,0.3463553945819079,0.11996205935598911,2.881375091094188,1.9901553951672508
