fold,r,r2,rmse,mae
1.0,0.5696401694764223,0.31379555394303493,2.6669010844643357,1.9389705681048692
2.0,0.662134064610989,0.4367446725158588,2.067865497142184,1.6112518392800086
3.0,0.6180351643537622,0.3789025900778381,2.7020951349684466,2.033905811830232
4.0,0.6569571930499076,0.42799944698057124,2.217447278931455,1.756996154400774
5.0,0.6739353321454026,0.4524009703851447,2.2597432656332144,1.713985970323395
