Dataset,num_of_folds,Features,Targets,Model,r_mean,r_std,r2_mean,r2_std,rmse_mean,rmse_std,mae_mean,mae_std,num_of_data
OPV_Min,5,DA_BigSMILES,calc_PCE_percent,RF,0.6522066803544787,0.055443339035504906,0.4196957006791635,0.07339748647348851,2.338500625860983,0.20682444458482557,1.762608654509665,0.1387129995792748,557
