Dataset,num_of_folds,Features,Targets,Model,r_mean,r_std,r2_mean,r2_std,rmse_mean,rmse_std,mae_mean,mae_std,num_of_data
OPV_Min,5,DA_BigSMILES,calc_PCE_percent,RF,0.6361403847272966,0.038177340363520516,0.40196864678048955,0.05047163770178379,2.3828104522279276,0.2546884497538803,1.811022068787856,0.15381217755316934,558
