fold,r,r2,rmse,mae
1.0,0.7918753035071481,0.6237264872086687,1.709636229942589,1.336701247145558
2.0,0.7929068760526443,0.6260629710235407,1.9862789978210567,1.5443359399493675
3.0,0.7549321309008883,0.5682010005485549,2.2247972094946378,1.6233788491593795
4.0,0.6863778931397336,0.4704904928084518,2.253663108297168,1.662978707520107
5.0,0.7644075932313558,0.5834078098896349,1.945294445534353,1.3544473998189184
