fold,r,r2,rmse,mae
1.0,0.49583064434646856,0.2234708508804083,2.9949939223925703,2.2976776827849164
2.0,0.5377668698128933,0.2587293519152186,2.320386620262147,1.8481551168331019
3.0,0.5640494228164765,0.31495358618959335,2.67581060751888,2.036766198383958
4.0,0.5432152999560426,0.2850045609179147,2.483715779074498,1.9135562684029843
5.0,0.6108430645520518,0.35959223235648907,2.431257769574849,1.826400261791039
