{
  "6": {
    "fit_time": [
      0.9055681228637695,
      0.5488231182098389
    ],
    "score_time": [
      1.966472864151001,
      0.05702972412109375
    ],
    "test_r": [
      0.7149387008387782,
      0.6296106635264561
    ],
    "test_r2": [
      0.4981773589405999,
      0.3867878786650446
    ],
    "test_rmse": [
      -2.190339327638269,
      -2.423336702170882
    ],
    "test_mae": [
      -1.6709444513640046,
      -1.8807276087425029
    ],
    "best_params": {
      "check_inverse": true,
      "func": null,
      "inverse_func": null,
      "regressor__activation": "relu",
      "regressor__alpha": 0.0004510910337688182,
      "regressor__batch_size": "auto",
      "regressor__beta_1": 0.9,
      "regressor__beta_2": 0.999,
      "regressor__early_stopping": true,
      "regressor__epsilon": 1e-08,
      "regressor__learning_rate": "invscaling",
      "regressor__learning_rate_init": 0.0036652815093629817,
      "regressor__max_fun": 15000,
      "regressor__max_iter": 200,
      "regressor__momentum": 0.9,
      "regressor__n_iter_no_change": 10,
      "regressor__n_layers": 3,
      "regressor__n_neurons": 57,
      "regressor__nesterovs_momentum": true,
      "regressor__power_t": 0.5,
      "regressor__random_state": null,
      "regressor__shuffle": true,
      "regressor__solver": "adam",
      "regressor__tol": 0.0001,
      "regressor__validation_fraction": 0.1,
      "regressor__verbose": false,
      "regressor__warm_start": false,
      "transformer__memory": null,
      "transformer__verbose": false,
      "transformer__MinMax__clip": false,
      "transformer__MinMax__copy": true,
      "transformer__Standard__copy": true,
      "transformer__Standard__with_mean": true,
      "transformer__Standard__with_std": true,
      "transformer__MinMax NN__clip": false,
      "transformer__MinMax NN__copy": true
    }
  },
  "r_avg": 0.6722746821826171,
  "r_stdev": 0.04266401865616104,
  "r_stderr": 0.016125483327831744,
  "r2_avg": 0.44248261880282225,
  "r2_stdev": 0.05569474013777764,
  "r2_stderr": 0.021050633105560983,
  "rmse_avg": 2.3068380149045753,
  "rmse_stdev": 0.1164986872663063,
  "rmse_stderr": 0.04403236493887623,
  "mae_avg": 1.7758360300532536,
  "mae_stdev": 0.10489157868924914,
  "mae_stderr": 0.03964529026238794
}