{
  "6": {
    "fit_time": [
      5.885437965393066,
      5.866594314575195,
      5.887179613113403,
      5.662407159805298,
      4.7182838916778564
    ],
    "score_time": [
      0.029525041580200195,
      0.031082868576049805,
      0.029719114303588867,
      0.030882835388183594,
      0.029343128204345703
    ],
    "test_r": [
      0.7594444239680854,
      0.8028112924151878,
      0.6833783041961077,
      0.8216939222724371,
      0.7380203553706147
    ],
    "test_r2": [
      0.5763649005138689,
      0.64106713816785,
      0.46265357504441285,
      0.6575276344475375,
      0.5407905812575178
    ],
    "test_rmse": [
      -1.936661846932753,
      -1.8628475746556337,
      -2.231114527935655,
      -2.03834422887724,
      -1.8961990525518522
    ],
    "test_mae": [
      -1.4189906929046048,
      -1.400897163148395,
      -1.5211710809829038,
      -1.5360493738574879,
      -1.40564713473886
    ]
  },
  "13": {
    "fit_time": [
      5.745182275772095,
      5.814590215682983,
      5.565867185592651,
      5.700537204742432,
      4.877077579498291
    ],
    "score_time": [
      0.02971816062927246,
      0.029523849487304688,
      0.031002283096313477,
      0.03087592124938965,
      0.028226852416992188
    ],
    "test_r": [
      0.7383880115562608,
      0.8001482642824702,
      0.6324727847191219,
      0.7308504680436427,
      0.8193524152235634
    ],
    "test_r2": [
      0.5379824826988425,
      0.626398373769429,
      0.3862476750438507,
      0.5302425493044266,
      0.6568030798721859
    ],
    "test_rmse": [
      -1.856308920702606,
      -1.9635887783057546,
      -2.1291164659163058,
      -2.261656808123675,
      -1.9892220396751945
    ],
    "test_mae": [
      -1.443887567208782,
      -1.4782319875107102,
      -1.5576032154248105,
      -1.648317400460194,
      -1.4739321083181016
    ]
  },
  "42": {
    "fit_time": [
      5.7786705493927,
      5.86858057975769,
      5.810728311538696,
      5.642548322677612,
      4.706533908843994
    ],
    "score_time": [
      0.030864238739013672,
      0.028931856155395508,
      0.029813766479492188,
      0.031229019165039062,
      0.02852773666381836
    ],
    "test_r": [
      0.7791749884976112,
      0.7251486143602637,
      0.7447643345275162,
      0.757118968738655,
      0.8203795387047973
    ],
    "test_r2": [
      0.5959652649871823,
      0.5215074192717883,
      0.5319385138333439,
      0.5718174075279194,
      0.6702739327260994
    ],
    "test_rmse": [
      -1.9091992972497829,
      -2.229188415608301,
      -2.2311039564538526,
      -1.9263760844645712,
      -1.7060537032903054
    ],
    "test_mae": [
      -1.4776931812417147,
      -1.628023055480578,
      -1.4747278982181748,
      -1.4265484808498228,
      -1.3353141296761164
    ]
  },
  "69": {
    "fit_time": [
      5.702308893203735,
      5.836824655532837,
      5.790817975997925,
      5.879954099655151,
      4.643637180328369
    ],
    "score_time": [
      0.03096604347229004,
      0.029920578002929688,
      0.030180931091308594,
      0.02928018569946289,
      0.028105497360229492
    ],
    "test_r": [
      0.7806611529055514,
      0.818897951441087,
      0.7374054153778385,
      0.7698178493024286,
      0.6877833887523341
    ],
    "test_r2": [
      0.6046801318901555,
      0.6695837028751452,
      0.5364746436840172,
      0.5745369317671408,
      0.4658407464252179
    ],
    "test_rmse": [
      -1.9396076099876436,
      -1.7596159115538295,
      -2.299023724870439,
      -2.0368270280370866,
      -2.0320640236726093
    ],
    "test_mae": [
      -1.4589757299558124,
      -1.3476162088426675,
      -1.7372367768654615,
      -1.425080292887814,
      -1.4211461080363965
    ]
  },
  "420": {
    "fit_time": [
      5.830683708190918,
      5.712145090103149,
      5.793753385543823,
      5.842399597167969,
      4.567943334579468
    ],
    "score_time": [
      0.030068397521972656,
      0.030729293823242188,
      0.029901742935180664,
      0.02930307388305664,
      0.027850627899169922
    ],
    "test_r": [
      0.7932312852821324,
      0.7986921093048984,
      0.7745556943405261,
      0.7386555930853709,
      0.7369212911662139
    ],
    "test_r2": [
      0.6249696472051339,
      0.6302981556813287,
      0.5965587248104374,
      0.5451547412324715,
      0.5316418792924238
    ],
    "test_rmse": [
      -1.888637478834603,
      -1.8916372754586506,
      -1.8800372254601896,
      -1.9302046668915616,
      -2.2988769176829815
    ],
    "test_mae": [
      -1.4420480379449567,
      -1.3489203695562937,
      -1.3687223896158383,
      -1.4651071225994192,
      -1.605532115973766
    ]
  },
  "1234567890": {
    "fit_time": [
      5.568748950958252,
      5.727490663528442,
      6.004950284957886,
      5.61672043800354,
      4.79395866394043
    ],
    "score_time": [
      0.030601978302001953,
      0.02962207794189453,
      0.028811216354370117,
      0.030267715454101562,
      0.02796173095703125
    ],
    "test_r": [
      0.7400539628885078,
      0.7535720909790435,
      0.791324902165935,
      0.8118039324916068,
      0.7860593330281661
    ],
    "test_r2": [
      0.526923357588537,
      0.5663681827088186,
      0.6157970082414999,
      0.65414487825692,
      0.6119300807415036
    ],
    "test_rmse": [
      -2.1225541646980384,
      -2.0756780633960434,
      -2.0546939517817067,
      -1.78089377903654,
      -1.7709895878493702
    ],
    "test_mae": [
      -1.530458852837014,
      -1.4817085130359213,
      -1.5243377101713578,
      -1.3785135799832717,
      -1.317256427625064
    ]
  },
  "473129": {
    "fit_time": [
      5.735975742340088,
      5.818928480148315,
      5.877581596374512,
      5.85919189453125,
      4.531604766845703
    ],
    "score_time": [
      0.030674457550048828,
      0.029958486557006836,
      0.029242277145385742,
      0.030179738998413086,
      0.02804732322692871
    ],
    "test_r": [
      0.7178105925988519,
      0.7718540153532224,
      0.8225444934620092,
      0.8473541064154805,
      0.7039263923190211
    ],
    "test_r2": [
      0.510017423594555,
      0.5924762650212332,
      0.6729045586790711,
      0.7094164321441835,
      0.4887578859006657
    ],
    "test_rmse": [
      -2.2890418925252334,
      -1.8800553474104809,
      -1.7883037752495694,
      -1.6771158167545568,
      -2.1297086897827984
    ],
    "test_mae": [
      -1.6854025288302041,
      -1.4387238286499804,
      -1.2590584582955688,
      -1.2773961136267706,
      -1.4896531617506794
    ]
  },
  "r_avg": 0.7638877782724732,
  "r_stdev": 0.046154115587082364,
  "r_stderr": 0.017444615975078546,
  "r2_avg": 0.5781730258916205,
  "r2_stdev": 0.06979737932650253,
  "r2_stderr": 0.02638092969456666,
  "rmse_avg": 1.9912156751907832,
  "rmse_stdev": 0.17509128048841194,
  "rmse_stderr": 0.0661782835583134,
  "mae_avg": 1.4637122513458718,
  "mae_stdev": 0.10760309058882055,
  "mae_stderr": 0.04067014542856769
}