{
  "6": {
    "fit_time": [
      1.8915948867797852,
      1.3287639617919922,
      1.3649110794067383,
      1.3144159317016602,
      1.361090898513794
    ],
    "score_time": [
      0.1861131191253662,
      0.3753621578216553,
      0.35434699058532715,
      0.374176025390625,
      0.35303401947021484
    ],
    "test_r": [
      0.7268981558430788,
      0.7529115527407925,
      0.7171482269685002,
      0.7602285267813443,
      0.7058093584390569
    ],
    "test_r2": [
      0.5249868303109444,
      0.562416658101263,
      0.5043213125124241,
      0.5368287150578421,
      0.48697667573658787
    ],
    "test_rmse": [
      -2.0507402448863963,
      -2.0568427974473655,
      -2.142864969580378,
      -2.370476065724167,
      -2.004227823449898
    ],
    "test_mae": [
      -1.5458680801941007,
      -1.530417322606288,
      -1.5144131823121743,
      -1.7826127442168027,
      -1.5443924492253254
    ]
  },
  "13": {
    "fit_time": [
      1.840714931488037,
      1.8813822269439697,
      1.8326539993286133,
      1.846642255783081,
      1.8307199478149414
    ],
    "score_time": [
      0.3195171356201172,
      0.29824280738830566,
      0.31543684005737305,
      0.3091099262237549,
      0.31584787368774414
    ],
    "test_r": [
      0.709482075607922,
      0.7534843998310646,
      0.667881827844726,
      0.7240422174656617,
      0.7978356221767305
    ],
    "test_r2": [
      0.4940697016445611,
      0.5458381670819761,
      0.44346066388516847,
      0.5151547731756168,
      0.6047587938376426
    ],
    "test_rmse": [
      -1.942523918256897,
      -2.1649679898808234,
      -2.0274529115465905,
      -2.2976899670920314,
      -2.134728653434033
    ],
    "test_mae": [
      -1.4493405755694204,
      -1.5881145856181182,
      -1.5243906569119698,
      -1.6562154570445684,
      -1.568715476662317
    ]
  },
  "42": {
    "fit_time": [
      0.9841358661651611,
      0.9757311344146729,
      0.9740810394287109,
      0.9834811687469482,
      0.9974071979522705
    ],
    "score_time": [
      0.28052496910095215,
      0.26622796058654785,
      0.27081918716430664,
      0.27728796005249023,
      0.27322888374328613
    ],
    "test_r": [
      0.7760207938721727,
      0.7406511989550211,
      0.723624106521482,
      0.7456429218570757,
      0.7682464365422011
    ],
    "test_r2": [
      0.5797258781343377,
      0.5280434107142999,
      0.486229558715242,
      0.547263309720182,
      0.5826991977198153
    ],
    "test_rmse": [
      -1.9471895894141367,
      -2.2139112154098455,
      -2.337506945292385,
      -1.9808401038190757,
      -1.9192902906729994
    ],
    "test_mae": [
      -1.503465946536618,
      -1.5906299006946474,
      -1.5742426088519035,
      -1.5110704334671026,
      -1.4501823753281353
    ]
  },
  "69": {
    "fit_time": [
      1.682492971420288,
      1.6559128761291504,
      1.7125167846679688,
      1.7151708602905273,
      1.701735258102417
    ],
    "score_time": [
      0.31272125244140625,
      0.31494712829589844,
      0.30689001083374023,
      0.3036038875579834,
      0.30690598487854004
    ],
    "test_r": [
      0.700817146087003,
      0.7796408803262725,
      0.7371150864616756,
      0.7993973012966308,
      0.6986744926431437
    ],
    "test_r2": [
      0.4904453904004108,
      0.6041557642100702,
      0.4982122675914682,
      0.6011678350088983,
      0.4792568029345494
    ],
    "test_rmse": [
      -2.202089295789816,
      -1.9259690914278647,
      -2.3920305643842927,
      -1.9720517321584445,
      -2.0063828705500417
    ],
    "test_mae": [
      -1.6103404779270905,
      -1.4991368679021557,
      -1.7359443344292382,
      -1.4303092628888519,
      -1.474371518681339
    ]
  },
  "420": {
    "fit_time": [
      1.6419320106506348,
      1.654453992843628,
      1.626821756362915,
      1.6375949382781982,
      1.627591848373413
    ],
    "score_time": [
      0.3452889919281006,
      0.3295478820800781,
      0.34067511558532715,
      0.3437650203704834,
      0.33991193771362305
    ],
    "test_r": [
      0.7803975188003047,
      0.7178308163381479,
      0.7399985553389667,
      0.7035804336631597,
      0.7361751445156423
    ],
    "test_r2": [
      0.5868703386589946,
      0.5065173684295738,
      0.537265711231838,
      0.4891492728105057,
      0.5177787441695143
    ],
    "test_rmse": [
      -1.9822507142913186,
      -2.1854858088928517,
      -2.0134559175884057,
      -2.045589723628669,
      -2.332651540219332
    ],
    "test_mae": [
      -1.512532101325365,
      -1.5820491102360523,
      -1.5014527092535497,
      -1.5396107668599117,
      -1.7052960817026095
    ]
  },
  "1234567890": {
    "fit_time": [
      1.6806612014770508,
      1.743074893951416,
      1.733306884765625,
      1.734980821609497,
      1.7327141761779785
    ],
    "score_time": [
      0.2998490333557129,
      0.29270172119140625,
      0.2962801456451416,
      0.29230213165283203,
      0.2872297763824463
    ],
    "test_r": [
      0.7298064549613836,
      0.7437841064740776,
      0.7722604995077607,
      0.7751863125515904,
      0.7747806011535171
    ],
    "test_r2": [
      0.4773931285026837,
      0.550091401840978,
      0.5767133249484736,
      0.5991701281630799,
      0.5804608725331444
    ],
    "test_rmse": [
      -2.2309024818326124,
      -2.114275473125608,
      -2.1566718511795173,
      -1.9172155864281706,
      -1.8413962443698046
    ],
    "test_mae": [
      -1.5985644814255335,
      -1.555337964895841,
      -1.5406667369491713,
      -1.4821980187590187,
      -1.3779146259066994
    ]
  },
  "473129": {
    "fit_time": [
      1.6710257530212402,
      1.6685888767242432,
      1.724595069885254,
      1.6938512325286865,
      1.7147140502929688
    ],
    "score_time": [
      0.30741024017333984,
      0.2965388298034668,
      0.2682511806488037,
      0.2685878276824951,
      0.2681460380554199
    ],
    "test_r": [
      0.7438965991972866,
      0.7392553471044232,
      0.7613373240594706,
      0.8303555236365602,
      0.6538101819844988
    ],
    "test_r2": [
      0.5217009766414715,
      0.5442043879689384,
      0.5652398429493612,
      0.6613783443433345,
      0.4095155920199738
    ],
    "test_rmse": [
      -2.2615863250735977,
      -1.9882878136966735,
      -2.0617163552545703,
      -1.8104431551336362,
      -2.288817203289763
    ],
    "test_mae": [
      -1.6956749720278037,
      -1.5200633633489207,
      -1.4686810388482232,
      -1.4267458302852807,
      -1.5690358430915496
    ]
  },
  "r_avg": 0.74251450707281,
  "r_stdev": 0.03625817619044399,
  "r_stderr": 0.013704302456096872,
  "r2_avg": 0.5354131754772904,
  "r2_stdev": 0.051341687330954525,
  "r2_stderr": 0.019405333795448745,
  "rmse_avg": 2.0948720924063435,
  "rmse_stdev": 0.15296687367606981,
  "rmse_stderr": 0.057816043796844754,
  "mae_avg": 1.5474285114852484,
  "mae_stdev": 0.08720448062273602,
  "mae_stderr": 0.032960195562615785
}