{
  "6": {
    "fit_time": [
      0.26624202728271484,
      1.5888371467590332
    ],
    "score_time": [
      0.28243207931518555,
      0.2606019973754883
    ],
    "test_r": [
      0.6522843117822331,
      0.7109871436957784
    ],
    "test_r2": [
      0.41909611567110683,
      0.48337076594640804
    ],
    "test_rmse": [
      -2.3590313052363987,
      -2.2712313433120577
    ],
    "test_mae": [
      -1.7424115482918043,
      -1.7053960250906417
    ]
  },
  "r_avg": 0.6816357277390057,
  "r_stdev": 0.029351415956772653,
  "r_stderr": 0.011093792464176197,
  "r2_avg": 0.45123344080875744,
  "r2_stdev": 0.03213732513765061,
  "r2_stderr": 0.012146767159578303,
  "rmse_avg": 2.315131324274228,
  "rmse_stdev": 0.043899980962170515,
  "rmse_stderr": 0.016592633169481886,
  "mae_avg": 1.723903786691223,
  "mae_stdev": 0.01850776160058132,
  "mae_stderr": 0.006995276359944129
}