{
  "6": {
    "fit_time": [
      1.7907466888427734,
      1.8172309398651123,
      1.8060989379882812,
      1.7863202095031738,
      1.8018248081207275
    ],
    "score_time": [
      0.3014671802520752,
      0.2903730869293213,
      0.29693102836608887,
      0.29279422760009766,
      0.29489803314208984
    ],
    "test_r": [
      0.7268981558430788,
      0.7529115527407925,
      0.7171482269685002,
      0.7602285267813443,
      0.7058093584390569
    ],
    "test_r2": [
      0.5249868303109444,
      0.562416658101263,
      0.5043213125124241,
      0.5368287150578421,
      0.48697667573658787
    ],
    "test_rmse": [
      -2.0507402448863963,
      -2.0568427974473655,
      -2.142864969580378,
      -2.370476065724167,
      -2.004227823449898
    ],
    "test_mae": [
      -1.5458680801941007,
      -1.530417322606288,
      -1.5144131823121743,
      -1.7826127442168027,
      -1.5443924492253254
    ]
  },
  "13": {
    "fit_time": [
      1.7293319702148438,
      1.7500569820404053,
      1.7189199924468994,
      1.731259822845459,
      1.7029109001159668
    ],
    "score_time": [
      0.3130531311035156,
      0.30715012550354004,
      0.30059289932250977,
      0.31464505195617676,
      0.30908703804016113
    ],
    "test_r": [
      0.709482075607922,
      0.7534843998310646,
      0.667881827844726,
      0.7240422174656617,
      0.7978356221767305
    ],
    "test_r2": [
      0.4940697016445611,
      0.5458381670819761,
      0.44346066388516847,
      0.5151547731756168,
      0.6047587938376426
    ],
    "test_rmse": [
      -1.942523918256897,
      -2.1649679898808234,
      -2.0274529115465905,
      -2.2976899670920314,
      -2.134728653434033
    ],
    "test_mae": [
      -1.4493405755694204,
      -1.5881145856181182,
      -1.5243906569119698,
      -1.6562154570445684,
      -1.568715476662317
    ]
  },
  "42": {
    "fit_time": [
      1.5809872150421143,
      1.4780402183532715,
      1.4964690208435059,
      1.584563970565796,
      1.5463299751281738
    ],
    "score_time": [
      0.24613285064697266,
      0.3142876625061035,
      0.30455827713012695,
      0.23949003219604492,
      0.29262709617614746
    ],
    "test_r": [
      0.7760207938721727,
      0.7406511989550211,
      0.723624106521482,
      0.7456429218570757,
      0.7682464365422011
    ],
    "test_r2": [
      0.5797258781343377,
      0.5280434107142999,
      0.486229558715242,
      0.547263309720182,
      0.5826991977198153
    ],
    "test_rmse": [
      -1.9471895894141367,
      -2.2139112154098455,
      -2.337506945292385,
      -1.9808401038190757,
      -1.9192902906729994
    ],
    "test_mae": [
      -1.503465946536618,
      -1.5906299006946474,
      -1.5742426088519035,
      -1.5110704334671026,
      -1.4501823753281353
    ]
  },
  "69": {
    "fit_time": [
      1.6994338035583496,
      1.691478967666626,
      1.7142400741577148,
      1.7014172077178955,
      1.7005488872528076
    ],
    "score_time": [
      0.3508479595184326,
      0.35518813133239746,
      0.3475492000579834,
      0.3546431064605713,
      0.35100388526916504
    ],
    "test_r": [
      0.700817146087003,
      0.7796408803262725,
      0.7371150864616756,
      0.7993973012966308,
      0.6986744926431437
    ],
    "test_r2": [
      0.4904453904004108,
      0.6041557642100702,
      0.4982122675914682,
      0.6011678350088983,
      0.4792568029345494
    ],
    "test_rmse": [
      -2.202089295789816,
      -1.9259690914278647,
      -2.3920305643842927,
      -1.9720517321584445,
      -2.0063828705500417
    ],
    "test_mae": [
      -1.6103404779270905,
      -1.4991368679021557,
      -1.7359443344292382,
      -1.4303092628888519,
      -1.474371518681339
    ]
  },
  "420": {
    "fit_time": [
      1.776838779449463,
      1.7411787509918213,
      1.7486088275909424,
      1.7419841289520264,
      1.72440505027771
    ],
    "score_time": [
      0.2621192932128906,
      0.29733729362487793,
      0.29332828521728516,
      0.3002810478210449,
      0.3048830032348633
    ],
    "test_r": [
      0.7803975188003047,
      0.7178308163381479,
      0.7399985553389667,
      0.7035804336631597,
      0.7361751445156423
    ],
    "test_r2": [
      0.5868703386589946,
      0.5065173684295738,
      0.537265711231838,
      0.4891492728105057,
      0.5177787441695143
    ],
    "test_rmse": [
      -1.9822507142913186,
      -2.1854858088928517,
      -2.0134559175884057,
      -2.045589723628669,
      -2.332651540219332
    ],
    "test_mae": [
      -1.512532101325365,
      -1.5820491102360523,
      -1.5014527092535497,
      -1.5396107668599117,
      -1.7052960817026095
    ]
  },
  "1234567890": {
    "fit_time": [
      1.6258468627929688,
      1.7015180587768555,
      1.6800742149353027,
      1.6792759895324707,
      1.676619052886963
    ],
    "score_time": [
      0.3818938732147217,
      0.3639538288116455,
      0.375349760055542,
      0.3766028881072998,
      0.3681178092956543
    ],
    "test_r": [
      0.7298064549613836,
      0.7437841064740776,
      0.7722604995077607,
      0.7751863125515904,
      0.7747806011535171
    ],
    "test_r2": [
      0.4773931285026837,
      0.550091401840978,
      0.5767133249484736,
      0.5991701281630799,
      0.5804608725331444
    ],
    "test_rmse": [
      -2.2309024818326124,
      -2.114275473125608,
      -2.1566718511795173,
      -1.9172155864281706,
      -1.8413962443698046
    ],
    "test_mae": [
      -1.5985644814255335,
      -1.555337964895841,
      -1.5406667369491713,
      -1.4821980187590187,
      -1.3779146259066994
    ]
  },
  "473129": {
    "fit_time": [
      1.6269021034240723,
      1.6375880241394043,
      1.6488492488861084,
      1.6213359832763672,
      1.6248888969421387
    ],
    "score_time": [
      0.30597400665283203,
      0.29865384101867676,
      0.29118967056274414,
      0.2955918312072754,
      0.2957479953765869
    ],
    "test_r": [
      0.7438965991972866,
      0.7392553471044232,
      0.7613373240594706,
      0.8303555236365602,
      0.6538101819844988
    ],
    "test_r2": [
      0.5217009766414715,
      0.5442043879689384,
      0.5652398429493612,
      0.6613783443433345,
      0.4095155920199738
    ],
    "test_rmse": [
      -2.2615863250735977,
      -1.9882878136966735,
      -2.0617163552545703,
      -1.8104431551336362,
      -2.288817203289763
    ],
    "test_mae": [
      -1.6956749720278037,
      -1.5200633633489207,
      -1.4686810388482232,
      -1.4267458302852807,
      -1.5690358430915496
    ]
  },
  "r_avg": 0.74251450707281,
  "r_stdev": 0.03625817619044399,
  "r_stderr": 0.013704302456096872,
  "r2_avg": 0.5354131754772904,
  "r2_stdev": 0.051341687330954525,
  "r2_stderr": 0.019405333795448745,
  "rmse_avg": 2.0948720924063435,
  "rmse_stdev": 0.15296687367606981,
  "rmse_stderr": 0.057816043796844754,
  "mae_avg": 1.5474285114852484,
  "mae_stdev": 0.08720448062273602,
  "mae_stderr": 0.032960195562615785
}