{
  "6": {
    "fit_time": [
      8.34903073310852,
      9.369056940078735
    ],
    "score_time": [
      0.22820210456848145,
      1.4796149730682373
    ],
    "test_r": [
      0.7252780569985275,
      0.7740639463382141
    ],
    "test_r2": [
      0.5209703508817112,
      0.5962406378007983
    ],
    "test_rmse": [
      -2.1387239509636387,
      -1.9679321658360227
    ],
    "test_mae": [
      -1.5938026290628529,
      -1.4374979666663954
    ]
  },
  "r_avg": 0.7496710016683708,
  "r_stdev": 0.024392944669843264,
  "r_stderr": 0.009219666477280546,
  "r2_avg": 0.5586054943412547,
  "r2_stdev": 0.03763514345954355,
  "r2_stderr": 0.014224747164313043,
  "rmse_avg": 2.053328058399831,
  "rmse_stdev": 0.08539589256380797,
  "rmse_stderr": 0.032276613530032264,
  "mae_avg": 1.515650297864624,
  "mae_stdev": 0.07815233119822873,
  "mae_stderr": 0.02953880467578111
}