{
  "6": {
    "fit_time": [
      0.6125247478485107,
      1.056189775466919
    ],
    "score_time": [
      0.10180807113647461,
      0.09505009651184082
    ],
    "test_r": [
      0.6567912912699613,
      0.1298761264835863
    ],
    "test_r2": [
      0.419208467662757,
      -34.802114788808844
    ],
    "test_rmse": [
      -2.383712487599018,
      -18.69738967222324
    ],
    "test_mae": [
      -1.8642530692627235,
      -3.119818113030237
    ],
    "best_params": {
      "check_inverse": true,
      "func": null,
      "inverse_func": null,
      "regressor__activation": "relu",
      "regressor__alpha": 0.0004510910337688182,
      "regressor__batch_size": "auto",
      "regressor__beta_1": 0.9,
      "regressor__beta_2": 0.999,
      "regressor__early_stopping": true,
      "regressor__epsilon": 1e-08,
      "regressor__learning_rate": "invscaling",
      "regressor__learning_rate_init": 0.0036652815093629817,
      "regressor__max_fun": 15000,
      "regressor__max_iter": 200,
      "regressor__momentum": 0.9,
      "regressor__n_iter_no_change": 10,
      "regressor__n_layers": 3,
      "regressor__n_neurons": 57,
      "regressor__nesterovs_momentum": true,
      "regressor__power_t": 0.5,
      "regressor__random_state": null,
      "regressor__shuffle": true,
      "regressor__solver": "adam",
      "regressor__tol": 0.0001,
      "regressor__validation_fraction": 0.1,
      "regressor__verbose": false,
      "regressor__warm_start": false,
      "transformer__memory": null,
      "transformer__verbose": false,
      "transformer__MinMax__clip": false,
      "transformer__MinMax__copy": true,
      "transformer__Standard__copy": true,
      "transformer__Standard__with_mean": true,
      "transformer__Standard__with_std": true,
      "transformer__MinMax NN__clip": false,
      "transformer__MinMax NN__copy": true
    }
  },
  "r_avg": 0.39333370887677377,
  "r_stdev": 0.2634575823931875,
  "r_stderr": 0.09957760628952617,
  "r2_avg": -17.191453160573044,
  "r2_stdev": 17.6106616282358,
  "r2_stderr": 6.6562044416599635,
  "rmse_avg": 10.540551079911129,
  "rmse_stdev": 8.156838592312111,
  "rmse_stderr": 3.0829951999645737,
  "mae_avg": 2.49203559114648,
  "mae_stdev": 0.6277825218837568,
  "mae_stderr": 0.2372794900481978
}