fold,r,r2,rmse,mae
1.0,0.5782217655640769,0.3195874735573173,2.1821955433632416,1.691969131009037
2.0,0.5460132714497961,0.24005418774930254,2.9398562429030175,2.3381982090129507
3.0,0.5323911679696405,0.2705053744810787,2.54290229399347,1.928220722154087
4.0,0.5639826982003018,0.2995494585751286,2.6034440388759417,1.8982732609616921
5.0,0.6267707117860154,0.36775150986432537,2.396281958360006,1.85819818437769
