{
  "6": {
    "fit_time": [
      0.11215996742248535,
      0.10542798042297363
    ],
    "score_time": [
      0.007971048355102539,
      0.006906032562255859
    ],
    "test_r": [
      0.5993033848778611,
      0.6470256337396894
    ],
    "test_r2": [
      0.34161751846685107,
      0.41497259254465757
    ],
    "test_rmse": [
      -2.507336766308749,
      -2.3688465443107742
    ],
    "test_mae": [
      -1.8675070084482397,
      -1.7457831072014725
    ]
  },
  "r_avg": 0.6231645093087752,
  "r_stdev": 0.02386112443091415,
  "r2_avg": 0.3782950555057543,
  "r2_stdev": 0.03667753703890325,
  "rmse_avg": -2.4380916553097616,
  "rmse_stdev": 0.06924511099898734,
  "mae_avg": -1.806645057824856,
  "mae_stdev": 0.06086195062338362
}