{
  "6": {
    "fit_time": [
      0.008314132690429688,
      0.007772922515869141,
      0.008053064346313477,
      0.008558034896850586,
      0.0086212158203125
    ],
    "score_time": [
      0.0060350894927978516,
      0.005181789398193359,
      0.0050427913665771484,
      0.005651950836181641,
      0.004349946975708008
    ],
    "test_r": [
      0.5271888015225307,
      0.45577163114885505,
      0.5552233368069142,
      0.49113662905183525,
      0.5189284153676789
    ],
    "test_r2": [
      0.2587787292716617,
      0.1339191852068743,
      0.24545423576769443,
      0.23657963745332822,
      0.24741074964900012
    ],
    "test_rmse": [
      -2.551534849492675,
      -3.016071570091244,
      -2.6227364022238144,
      -2.7527712132075877,
      -2.6777215599983673
    ],
    "test_mae": [
      -2.039195623619102,
      -2.354340473099882,
      -2.1042999521478962,
      -2.1553555805645033,
      -2.093629377317612
    ]
  },
  "r_avg": 0.5096497627795628,
  "r_stdev": 0.03381198341399496,
  "r2_avg": 0.22442850746971174,
  "r2_stdev": 0.045803471091715564,
  "rmse_avg": -2.724167119002738,
  "rmse_stdev": 0.16017096085387744,
  "mae_avg": -2.149364201349799,
  "mae_stdev": 0.10892698590403846
}