{
  "6": {
    "fit_time": [
      0.00905299186706543,
      0.009554862976074219
    ],
    "score_time": [
      0.015049934387207031,
      0.013492107391357422
    ],
    "test_r": [
      0.5911172043311558,
      0.5100511243738965
    ],
    "test_r2": [
      0.3368372038191223,
      0.2092799148416996
    ],
    "test_rmse": [
      -2.5164228076417956,
      -2.753976352082519
    ],
    "test_mae": [
      -1.9499875969735052,
      -2.0705398291621835
    ]
  },
  "r_avg": 0.5505841643525262,
  "r_stdev": 0.040533039978629615,
  "r2_avg": 0.27305855933041095,
  "r2_stdev": 0.06377864448871134,
  "rmse_avg": -2.6351995798621575,
  "rmse_stdev": 0.11877677222036165,
  "mae_avg": -2.0102637130678445,
  "mae_stdev": 0.06027611609433914
}