{
  "6": {
    "fit_time": [
      1.8543109893798828,
      1.8236382007598877,
      1.9106793403625488,
      1.8629388809204102,
      1.7940092086791992
    ],
    "score_time": [
      0.010771751403808594,
      0.01059579849243164,
      0.010567903518676758,
      0.010579586029052734,
      0.010364055633544922
    ],
    "test_r": [
      0.5241444512782651,
      0.6987005371697397,
      0.6216274400731575,
      0.6785315875513838,
      0.6868011761581096
    ],
    "test_r2": [
      0.25615593248733504,
      0.46710061744546816,
      0.3740787393454984,
      0.4552521078824371,
      0.4712087442790487
    ],
    "test_rmse": [
      -0.08280480061989172,
      -0.07413275290813447,
      -0.07183157438179348,
      -0.07889115918710049,
      -0.0706630597415539
    ],
    "test_mae": [
      -0.058402575618583676,
      -0.05522723586772852,
      -0.05617366715376272,
      -0.05580882338224838,
      -0.05383133205961295
    ]
  },
  "13": {
    "fit_time": [
      1.8432557582855225,
      1.8649299144744873,
      1.8279852867126465,
      1.92197847366333,
      1.7876536846160889
    ],
    "score_time": [
      0.010763883590698242,
      0.010637283325195312,
      0.010682821273803711,
      0.010651826858520508,
      0.010379552841186523
    ],
    "test_r": [
      0.6337731238327469,
      0.6366068070357219,
      0.6268569174485208,
      0.5488990423282272,
      0.6788722729539887
    ],
    "test_r2": [
      0.3864044577893453,
      0.4025699170892998,
      0.3499131688460566,
      0.2854903135936532,
      0.4519008282989375
    ],
    "test_rmse": [
      -0.08152684234950221,
      -0.07461791700027871,
      -0.07224692757630359,
      -0.08052853005588119,
      -0.07557519741650007
    ],
    "test_mae": [
      -0.057192669856185485,
      -0.05428822454113347,
      -0.055790296504140705,
      -0.058160139686114685,
      -0.056657119951953765
    ]
  },
  "42": {
    "fit_time": [
      1.7940878868103027,
      1.9422078132629395,
      1.9248926639556885,
      1.9047043323516846,
      1.823089838027954
    ],
    "score_time": [
      0.010748863220214844,
      0.010586977005004883,
      0.010601043701171875,
      0.010928869247436523,
      0.010484457015991211
    ],
    "test_r": [
      0.6829840935697726,
      0.6279903750362446,
      0.5941241442610474,
      0.4822191280705486,
      0.627566055243483
    ],
    "test_r2": [
      0.46531306833852804,
      0.3822558023142726,
      0.3500078910189892,
      0.19485835902124704,
      0.3867683146043913
    ],
    "test_rmse": [
      -0.0702445988885063,
      -0.06472066814367328,
      -0.09074205516904144,
      -0.08149509190837406,
      -0.08433865292257797
    ],
    "test_mae": [
      -0.05078165664995747,
      -0.0502621797712456,
      -0.0633747233503104,
      -0.06426121514119307,
      -0.06066617506200007
    ]
  },
  "69": {
    "fit_time": [
      1.7836699485778809,
      1.8440289497375488,
      1.8260293006896973,
      1.894665002822876,
      1.7942216396331787
    ],
    "score_time": [
      0.010586738586425781,
      0.010667562484741211,
      0.010538339614868164,
      0.010748863220214844,
      0.010421037673950195
    ],
    "test_r": [
      0.6851831160967442,
      0.6683238040634021,
      0.6186308788822166,
      0.6508647161201577,
      0.5569720901939726
    ],
    "test_r2": [
      0.43717380443681797,
      0.43913101369522844,
      0.3588516966260459,
      0.41803747091714005,
      0.29297764066586673
    ],
    "test_rmse": [
      -0.06644024517780012,
      -0.07678321019789608,
      -0.07202672972746664,
      -0.08085662157807384,
      -0.08733816290742473
    ],
    "test_mae": [
      -0.05069261901092459,
      -0.05626556934842191,
      -0.05299064036116487,
      -0.056033576611578075,
      -0.06679036933285684
    ]
  },
  "420": {
    "fit_time": [
      1.888573408126831,
      1.8253557682037354,
      1.8598802089691162,
      1.8733139038085938,
      1.857795238494873
    ],
    "score_time": [
      0.010717153549194336,
      0.010639190673828125,
      0.0107421875,
      0.010508537292480469,
      0.010521888732910156
    ],
    "test_r": [
      0.6205653762188645,
      0.5990313494246728,
      0.700647112770538,
      0.6397795838632027,
      0.6443665330095268
    ],
    "test_r2": [
      0.3645985492125532,
      0.3584929470268883,
      0.49034107462524845,
      0.3716110085973482,
      0.4106042734515185
    ],
    "test_rmse": [
      -0.07687705312624649,
      -0.07493095870372375,
      -0.06780826912954328,
      -0.07511256185331805,
      -0.085428375072694
    ],
    "test_mae": [
      -0.05888661190220989,
      -0.056291525051003065,
      -0.0538165680188334,
      -0.05796454946374947,
      -0.05846507897962898
    ]
  },
  "1234567890": {
    "fit_time": [
      1.8361470699310303,
      1.7890753746032715,
      1.8420593738555908,
      1.841357707977295,
      1.8722648620605469
    ],
    "score_time": [
      0.010744094848632812,
      0.010740280151367188,
      0.010780811309814453,
      0.010698556900024414,
      0.010572433471679688
    ],
    "test_r": [
      0.6493067766885885,
      0.6693883342169082,
      0.5844606596079178,
      0.7628755308632023,
      0.603942701525038
    ],
    "test_r2": [
      0.4076750441064285,
      0.44392678283476106,
      0.32612766248123226,
      0.5510635859217352,
      0.3407824712006483
    ],
    "test_rmse": [
      -0.06613748841477904,
      -0.08136822916157262,
      -0.09558666773048348,
      -0.06253760304069139,
      -0.06684584483525893
    ],
    "test_mae": [
      -0.05174245744114516,
      -0.05869837085323567,
      -0.07002996512011055,
      -0.04935913009413007,
      -0.04884364925766251
    ]
  },
  "473129": {
    "fit_time": [
      1.860999345779419,
      1.8471524715423584,
      1.862637996673584,
      1.8632228374481201,
      1.8428471088409424
    ],
    "score_time": [
      0.010956525802612305,
      0.01067042350769043,
      0.010945796966552734,
      0.010842084884643555,
      0.010539770126342773
    ],
    "test_r": [
      0.6013861506245598,
      0.5662269704030152,
      0.6863301078819131,
      0.6128065644141466,
      0.7151986929531832
    ],
    "test_r2": [
      0.35366686720272356,
      0.3069849569944876,
      0.4698410875678324,
      0.3662254521198237,
      0.48567115675273864
    ],
    "test_rmse": [
      -0.08129906366233004,
      -0.07506280710587405,
      -0.07965754390854148,
      -0.07767959505864198,
      -0.06496561764181924
    ],
    "test_mae": [
      -0.05546577137111401,
      -0.05756858148733706,
      -0.0588119049406879,
      -0.05554840850955335,
      -0.04946821123063621
    ]
  },
  "r_avg": 0.6338852629095066,
  "r_stdev": 0.056245544117234154,
  "r_stderr": 0.021258817441387648,
  "r2_avg": 0.390658937394045,
  "r2_stdev": 0.07273237613034049,
  "r2_stderr": 0.02749025421481304,
  "rmse_avg": 0.07626007075152264,
  "rmse_stdev": 0.007571713104831335,
  "rmse_stderr": 0.0028618385534446354,
  "mae_avg": 0.056417474085204415,
  "mae_stdev": 0.004681353607768611,
  "mae_stderr": 0.0017693853493301074
}