{
  "6": {
    "fit_time": [
      0.01197195053100586,
      0.010922908782958984,
      0.010915040969848633,
      0.011909008026123047,
      0.011899232864379883
    ],
    "score_time": [
      0.00742793083190918,
      0.007373809814453125,
      0.0069179534912109375,
      0.006463050842285156,
      0.006021976470947266
    ],
    "test_r": [
      0.22924128715814104,
      0.14352624306874842,
      0.13919459267736897,
      0.15255079487524087,
      0.16493807918816047
    ],
    "test_r2": [
      0.04589876027787021,
      -0.001500930782043497,
      0.00045993692556789423,
      -0.08275363940549973,
      -0.1126676506583475
    ],
    "test_rmse": [
      -10.11548610697538,
      -9.858320823877692,
      -8.951181567255139,
      -12.2017344216176,
      -8.840812847108158
    ],
    "test_mae": [
      -7.759839200281675,
      -7.402095279923471,
      -6.710623792228375,
      -8.60924606950168,
      -6.758299263898327
    ]
  },
  "13": {
    "fit_time": [
      0.01312875747680664,
      0.013960123062133789,
      0.014065980911254883,
      0.013773918151855469,
      0.015177249908447266
    ],
    "score_time": [
      0.008157968521118164,
      0.00998997688293457,
      0.008059263229370117,
      0.00773310661315918,
      0.008894920349121094
    ],
    "test_r": [
      0.17599849128865303,
      0.2971574920561135,
      0.08591414338233357,
      0.15081403557228706,
      0.08038281671303528
    ],
    "test_r2": [
      0.005393475891082189,
      -0.009259956156459692,
      -0.052109358064468925,
      -0.009101518484488924,
      -0.03745115392776266
    ],
    "test_rmse": [
      -8.953106323452198,
      -10.630916530963493,
      -9.107397337568056,
      -10.585650860081033,
      -10.825622205483906
    ],
    "test_mae": [
      -6.899859666412114,
      -7.705598512864937,
      -6.723224642848966,
      -7.975190237566925,
      -8.033152199513488
    ]
  },
  "42": {
    "fit_time": [
      0.01307225227355957,
      0.01378774642944336,
      0.013010740280151367,
      0.012379884719848633,
      0.012891054153442383
    ],
    "score_time": [
      0.006753683090209961,
      0.007559061050415039,
      0.007199287414550781,
      0.0069348812103271484,
      0.0066111087799072266
    ],
    "test_r": [
      0.14871201825989633,
      0.16549536411995297,
      0.2772237456108957,
      0.04726110031540258,
      0.12470501370626523
    ],
    "test_r2": [
      0.02128603127213513,
      -0.08588972920700644,
      -0.04441053680892537,
      -0.027196126784046593,
      -0.033390121604720324
    ],
    "test_rmse": [
      -8.579105188766627,
      -10.867388811844364,
      -11.274307318593614,
      -9.590864426549633,
      -9.881056743246855
    ],
    "test_mae": [
      -6.8139867183059035,
      -7.960894874598456,
      -8.004842211856763,
      -7.306725072057565,
      -7.240865306448189
    ]
  },
  "69": {
    "fit_time": [
      0.012580156326293945,
      0.013328075408935547,
      0.012144088745117188,
      0.012272119522094727,
      0.012379884719848633
    ],
    "score_time": [
      0.00687098503112793,
      0.006597995758056641,
      0.00718998908996582,
      0.006587982177734375,
      0.006602048873901367
    ],
    "test_r": [
      0.24263387357782373,
      0.05162289007339034,
      0.270822498050674,
      0.09055155152156637,
      0.13173583458992816
    ],
    "test_r2": [
      0.04098386999557302,
      -0.07776357809876222,
      -0.008421769359874265,
      -0.059211195550084694,
      -0.03288678169450421
    ],
    "test_rmse": [
      -10.011522211398981,
      -10.239762546613626,
      -10.272752802403186,
      -10.568879907928963,
      -9.241964042461959
    ],
    "test_mae": [
      -7.271164835026885,
      -7.573549782529989,
      -7.60796836790312,
      -7.829036879626197,
      -6.998119984466691
    ]
  },
  "420": {
    "fit_time": [
      0.016923904418945312,
      0.01652669906616211,
      0.018601179122924805,
      0.020711898803710938,
      0.01702594757080078
    ],
    "score_time": [
      0.0110321044921875,
      0.01104116439819336,
      0.011847972869873047,
      0.008799076080322266,
      0.010332822799682617
    ],
    "test_r": [
      0.06611528504736405,
      0.06596425643783317,
      0.27812215199928914,
      0.15995798396175753,
      0.1426538734044013
    ],
    "test_r2": [
      -0.018799418344176866,
      -0.0460220497796775,
      -0.04044931100063587,
      0.012840777044222484,
      -0.07587031545551803
    ],
    "test_rmse": [
      -10.30045792790773,
      -10.131306119124929,
      -9.218812055128803,
      -8.707229326594398,
      -11.874841054103273
    ],
    "test_mae": [
      -7.813557412558878,
      -7.078695420671852,
      -7.142368375185013,
      -6.730427579932549,
      -8.67232990684293
    ]
  },
  "1234567890": {
    "fit_time": [
      0.014436960220336914,
      0.014959096908569336,
      0.015931129455566406,
      0.014138936996459961,
      0.013750076293945312
    ],
    "score_time": [
      0.006876945495605469,
      0.008251190185546875,
      0.007703065872192383,
      0.008134841918945312,
      0.007582187652587891
    ],
    "test_r": [
      0.11762625114834664,
      0.40693149750283264,
      0.13185184953832282,
      0.07559979626029698,
      0.17114523084967406
    ],
    "test_r2": [
      -0.06573083027252058,
      0.0071579027844015375,
      -0.0037380262685764443,
      -0.053417622796616326,
      0.01935539285812793
    ],
    "test_rmse": [
      -10.533878803593584,
      -10.265040499524968,
      -10.245645621318275,
      -10.530514838366418,
      -8.522338152366013
    ],
    "test_mae": [
      -7.418049468065496,
      -7.398400000606926,
      -7.985024702791301,
      -7.588703043888593,
      -6.685579800869717
    ]
  },
  "473129": {
    "fit_time": [
      0.013028860092163086,
      0.011719226837158203,
      0.013844013214111328,
      0.01269078254699707,
      0.012370109558105469
    ],
    "score_time": [
      0.006701231002807617,
      0.006525754928588867,
      0.007105827331542969,
      0.006832122802734375,
      0.006381034851074219
    ],
    "test_r": [
      0.17868840871485117,
      -0.052076127260886305,
      0.1350739542027394,
      0.1928980374042271,
      0.23770870871754118
    ],
    "test_r2": [
      -0.06408841818833744,
      -0.06877984738382481,
      -0.02490203344643982,
      -0.022590774594694718,
      0.030275391625625425
    ],
    "test_rmse": [
      -10.63713973192571,
      -10.095756875202602,
      -10.415508931281748,
      -9.78932491217997,
      -9.49516821377924
    ],
    "test_mae": [
      -7.981631249038007,
      -7.58831998445154,
      -7.541054046677972,
      -7.029897717827678,
      -7.1896069766702775
    ]
  },
  "r_avg": 0.15653551496384197,
  "r_stdev": 0.0855670253126369,
  "r_stderr": 0.032341295629258006,
  "r2_avg": -0.027850033012668793,
  "r2_stdev": 0.038318226171637014,
  "r2_stderr": 0.014482928161611161,
  "rmse_avg": -10.038879888188232,
  "rmse_stdev": 0.8596653260503047,
  "rmse_stderr": 0.3249229519249089,
  "mae_avg": -7.457940816683955,
  "mae_stdev": 0.5143445799659518,
  "mae_stderr": 0.19440397811198332
}