{
  "6": {
    "fit_time": [
      2.9626479148864746,
      2.936004161834717,
      2.9541969299316406,
      2.9869258403778076,
      2.6713075637817383
    ],
    "score_time": [
      0.07227015495300293,
      0.07150959968566895,
      0.06943678855895996,
      0.0710141658782959,
      0.06997537612915039
    ],
    "test_r": [
      0.5263326417486448,
      0.36401501225654675,
      0.40702118320673686,
      0.5559117754007189,
      0.44737680712724026
    ],
    "test_r2": [
      0.258636017968624,
      0.07676518353524397,
      0.15825732252782287,
      0.29239126780682156,
      0.11766860120510281
    ],
    "test_rmse": [
      -0.09584310056953044,
      -0.0925400894857957,
      -0.09206642511276025,
      -0.09166503145399538,
      -0.0771957201375926
    ],
    "test_mae": [
      -0.07476053703538496,
      -0.07231282119809403,
      -0.06607467123467087,
      -0.06933584650935097,
      -0.06094197948114014
    ]
  },
  "13": {
    "fit_time": [
      2.9704442024230957,
      2.9407970905303955,
      2.9441137313842773,
      2.9533417224884033,
      2.7194669246673584
    ],
    "score_time": [
      0.07160282135009766,
      0.07189130783081055,
      0.07140254974365234,
      0.0701143741607666,
      0.07162261009216309
    ],
    "test_r": [
      0.39456572478367047,
      0.5374449627030735,
      0.5014282190911102,
      0.5024323835558929,
      0.5384405262655996
    ],
    "test_r2": [
      0.09319596603095714,
      0.28863227038541606,
      0.19589478025867824,
      0.21931805335491805,
      0.2364822965861122
    ],
    "test_rmse": [
      -0.08061460866127823,
      -0.09375997535195943,
      -0.08531984240094775,
      -0.09152549983931814,
      -0.09130187498802513
    ],
    "test_mae": [
      -0.061468826177484774,
      -0.06776114503361816,
      -0.06833973850320407,
      -0.07084967648627216,
      -0.06837272895473442
    ]
  },
  "42": {
    "fit_time": [
      2.931828260421753,
      2.944077491760254,
      2.962218761444092,
      2.915900230407715,
      2.709728479385376
    ],
    "score_time": [
      0.07096242904663086,
      0.07147645950317383,
      0.07169461250305176,
      0.06972599029541016,
      0.06821560859680176
    ],
    "test_r": [
      0.4891986899419292,
      0.6025716643542415,
      0.344978091031172,
      0.5707583324311976,
      0.4195058283042583
    ],
    "test_r2": [
      0.22327762988724453,
      0.35031479240412977,
      0.07474361117620187,
      0.32313010685659216,
      0.14022566821571414
    ],
    "test_rmse": [
      -0.07436709813178796,
      -0.08012332387299026,
      -0.11081000428224566,
      -0.08511230312718948,
      -0.08630010319580203
    ],
    "test_mae": [
      -0.05840025540357988,
      -0.06198500058491535,
      -0.08046659073944828,
      -0.06653548870800637,
      -0.06308418998390422
    ]
  },
  "69": {
    "fit_time": [
      3.0494751930236816,
      3.000138759613037,
      3.025578737258911,
      3.031881332397461,
      2.69854998588562
    ],
    "score_time": [
      0.07108068466186523,
      0.07232451438903809,
      0.07305526733398438,
      0.07028746604919434,
      0.07013511657714844
    ],
    "test_r": [
      0.474126278297038,
      0.5839884313648064,
      0.4337322329187711,
      0.5928966545463115,
      0.36186648368945973
    ],
    "test_r2": [
      0.22120003869293225,
      0.33487219463861484,
      0.1767038188474358,
      0.3344262455389351,
      0.10064789394009221
    ],
    "test_rmse": [
      -0.08245085027741987,
      -0.08402111777109124,
      -0.09973969298822541,
      -0.08469659490346539,
      -0.085186973957284
    ],
    "test_mae": [
      -0.0615844615042093,
      -0.06740976840169861,
      -0.06969431216638086,
      -0.06859512110031474,
      -0.06386381455489522
    ]
  },
  "420": {
    "fit_time": [
      3.0112898349761963,
      2.976278305053711,
      2.9436187744140625,
      2.962473154067993,
      2.706578016281128
    ],
    "score_time": [
      0.07156848907470703,
      0.07173919677734375,
      0.07062077522277832,
      0.0714409351348877,
      0.06901049613952637
    ],
    "test_r": [
      0.44743291604586444,
      0.5806133723354929,
      0.4563825091652226,
      0.4842403498874731,
      0.5078564381021997
    ],
    "test_r2": [
      0.19571943665779112,
      0.32126111644233846,
      0.17966666313142765,
      0.208777774749754,
      0.23909811604457343
    ],
    "test_rmse": [
      -0.09698012904034839,
      -0.08066940806980549,
      -0.08590428706719362,
      -0.07522235608360761,
      -0.09790093519584793
    ],
    "test_mae": [
      -0.07010983503169091,
      -0.0613342690219572,
      -0.06638039323250546,
      -0.05935579024252422,
      -0.07443184619430433
    ]
  },
  "1234567890": {
    "fit_time": [
      2.961674928665161,
      2.9746503829956055,
      3.0032918453216553,
      2.959291458129883,
      2.696230173110962
    ],
    "score_time": [
      0.0732121467590332,
      0.07187676429748535,
      0.07140684127807617,
      0.07177209854125977,
      0.07072663307189941
    ],
    "test_r": [
      0.43012929574862,
      0.5432074636731095,
      0.4547278790101364,
      0.46517364089991103,
      0.5289084086844772
    ],
    "test_r2": [
      0.17385836253699372,
      0.29126637796653754,
      0.20669046974066263,
      0.21230556293622893,
      0.2763452932433471
    ],
    "test_rmse": [
      -0.08904454934273441,
      -0.08931219935421911,
      -0.08275514572026348,
      -0.09067728111683865,
      -0.08706927971519714
    ],
    "test_mae": [
      -0.06437479163852984,
      -0.0684422040285491,
      -0.06357665507764912,
      -0.06932215237073176,
      -0.07041467714224806
    ]
  },
  "473129": {
    "fit_time": [
      2.9557976722717285,
      2.9958176612854004,
      2.9662954807281494,
      2.9379947185516357,
      2.7000222206115723
    ],
    "score_time": [
      0.07069253921508789,
      0.07091331481933594,
      0.07175469398498535,
      0.07144689559936523,
      0.07006001472473145
    ],
    "test_r": [
      0.4449305302901057,
      0.4861871037689425,
      0.6099416298124237,
      0.4566907129283594,
      0.5162444399209013
    ],
    "test_r2": [
      0.18429722073702148,
      0.2325467989852975,
      0.3644765439716413,
      0.10531959267931568,
      0.2617900916296815
    ],
    "test_rmse": [
      -0.09662057233536257,
      -0.09024867797144683,
      -0.08437174495535572,
      -0.07731231567076907,
      -0.08649943414179619
    ],
    "test_mae": [
      -0.0730112657802559,
      -0.06849675807061034,
      -0.06550129045561275,
      -0.057188044011765964,
      -0.06933034104263783
    ]
  },
  "r_avg": 0.48746453180833316,
  "r_stdev": 0.06927843875764367,
  "r_stderr": 0.02618478859593481,
  "r2_avg": 0.21914866232314864,
  "r2_stdev": 0.07954083817147105,
  "r2_stderr": 0.03006361098219228,
  "rmse_avg": 0.08786367275112829,
  "rmse_stdev": 0.007514831435216668,
  "rmse_stderr": 0.0028403393031648425,
  "mae_avg": 0.06694592248865372,
  "mae_stdev": 0.004962907070667233,
  "mae_stderr": 0.0018758025555585085
}