{
  "6": {
    "fit_time": [
      1.573904037475586,
      1.5358753204345703,
      1.517502784729004,
      1.5312364101409912,
      1.5184602737426758
    ],
    "score_time": [
      0.002103090286254883,
      0.002073526382446289,
      0.0020101070404052734,
      0.0020797252655029297,
      0.0022902488708496094
    ],
    "test_r": [
      0.7531708691293043,
      0.7559441114650151,
      0.7526445136378354,
      0.7941675469828899,
      0.6725155181931628
    ],
    "test_r2": [
      0.28732142926853965,
      0.3566657565792165,
      0.3507842168201757,
      0.38168834901485926,
      0.1465912603288525
    ],
    "test_rmse": [
      1.9819167854906883,
      2.1327417550925243,
      2.499170218479602,
      2.10690485963001,
      2.3467853121193665
    ],
    "test_mae": [
      1.4860169877944658,
      1.6360404939561062,
      1.9109363425537487,
      1.5870287005200794,
      1.7559409329867892
    ]
  },
  "13": {
    "fit_time": [
      1.529421329498291,
      1.5060462951660156,
      1.5397834777832031,
      1.5229828357696533,
      1.5287094116210938
    ],
    "score_time": [
      0.0019259452819824219,
      0.0021915435791015625,
      0.0023758411407470703,
      0.002130746841430664,
      0.0020737648010253906
    ],
    "test_r": [
      0.717441436277114,
      0.7439373377150553,
      0.7639059486102692,
      0.7437281905355616,
      0.7731969027500435
    ],
    "test_r2": [
      0.08377900278664252,
      0.36061889782921186,
      -0.3518029753087366,
      0.2379338070473076,
      0.45306441278724285
    ],
    "test_rmse": [
      2.156545553389063,
      2.3017924155868985,
      2.210927342395124,
      2.109780333245411,
      2.0019372780757605
    ],
    "test_mae": [
      1.5874181003172667,
      1.7062880330635626,
      1.8554966962187311,
      1.6395594785112348,
      1.5526061787300005
    ]
  },
  "42": {
    "fit_time": [
      1.5395362377166748,
      1.524106502532959,
      1.506216049194336,
      1.4882030487060547,
      1.4550702571868896
    ],
    "score_time": [
      0.001987934112548828,
      0.0024623870849609375,
      0.002064943313598633,
      0.0024738311767578125,
      0.0019719600677490234
    ],
    "test_r": [
      0.7041841460476083,
      0.7801448548160553,
      0.7753017433204346,
      0.7597920057085306,
      0.7478175413869591
    ],
    "test_r2": [
      0.04137136840978317,
      0.4579196602076365,
      0.37184139996221754,
      0.34124515317313886,
      0.20262245978646054
    ],
    "test_rmse": [
      2.2416987178682866,
      1.6297985132213575,
      2.216355280236706,
      1.9546827791132704,
      2.154479297118404
    ],
    "test_mae": [
      1.7966830407431444,
      1.3221280744068091,
      1.6538793583771612,
      1.495024629736587,
      1.5627304897931071
    ]
  },
  "69": {
    "fit_time": [
      1.4783990383148193,
      1.4540140628814697,
      1.4615507125854492,
      1.4476380348205566,
      1.452977180480957
    ],
    "score_time": [
      0.0018358230590820312,
      0.0026149749755859375,
      0.002017498016357422,
      0.0019106864929199219,
      0.0019028186798095703
    ],
    "test_r": [
      0.7769970057679225,
      0.8486236456282228,
      0.7583526548775184,
      0.7708585561671317,
      0.6199811429409328
    ],
    "test_r2": [
      0.45932798374570305,
      0.6305588650864188,
      0.3245851863812489,
      0.35315302136140536,
      -0.08581766985486805
    ],
    "test_rmse": [
      1.8925170163959466,
      1.6900233211559996,
      1.9750625637948866,
      2.0719936874853757,
      2.4713292470242316
    ],
    "test_mae": [
      1.4111996498520185,
      1.3229203714518423,
      1.3969823792097078,
      1.6291960030340844,
      1.9188588546764298
    ]
  },
  "420": {
    "fit_time": [
      1.4601037502288818,
      1.452418565750122,
      1.4509146213531494,
      1.4619810581207275,
      1.450526237487793
    ],
    "score_time": [
      0.0019369125366210938,
      0.002376556396484375,
      0.0020856857299804688,
      0.001956939697265625,
      0.0019032955169677734
    ],
    "test_r": [
      0.6393602060268898,
      0.6838859768909606,
      0.7916198132580794,
      0.8164930957339643,
      0.7712927591533352
    ],
    "test_r2": [
      0.06968315285631099,
      0.0016885509262690723,
      0.3131738567371012,
      0.19566000758683832,
      0.4105627732745022
    ],
    "test_rmse": [
      2.4366956162410056,
      2.1270513466721703,
      1.7791210223167142,
      2.1771300282201937,
      2.1225684267746314
    ],
    "test_mae": [
      1.7070392704146156,
      1.669774080703601,
      1.359340649718605,
      1.7819579975257798,
      1.448832065927015
    ]
  },
  "1234567890": {
    "fit_time": [
      1.4575400352478027,
      1.4502661228179932,
      1.448613166809082,
      1.452138900756836,
      1.507436752319336
    ],
    "score_time": [
      0.001844167709350586,
      0.002026081085205078,
      0.0018956661224365234,
      0.001989603042602539,
      0.0018856525421142578
    ],
    "test_r": [
      0.8116622777070994,
      0.8008233909162945,
      0.666874541815704,
      0.7998522111815869,
      0.8138196746766507
    ],
    "test_r2": [
      0.3095455438795872,
      0.2055977125209909,
      -0.17976419573832936,
      0.2774971782943114,
      0.5887743918145297
    ],
    "test_rmse": [
      1.9943563517123166,
      2.1551764980649053,
      2.5586069893778167,
      2.1061523212582443,
      1.766301751797047
    ],
    "test_mae": [
      1.5326133306952474,
      1.8063953363011795,
      1.839270316081457,
      1.6921925641209463,
      1.395342912806147
    ]
  },
  "473129": {
    "fit_time": [
      1.636833667755127,
      1.4706833362579346,
      1.461866855621338,
      1.4605066776275635,
      1.4597814083099365
    ],
    "score_time": [
      0.0019488334655761719,
      0.001974821090698242,
      0.001951456069946289,
      0.0018987655639648438,
      0.0024895668029785156
    ],
    "test_r": [
      0.7584092825550233,
      0.7807859213410193,
      0.7533284240942071,
      0.7701830214098326,
      0.7954309518562857
    ],
    "test_r2": [
      0.36459148344531744,
      0.40022447215546675,
      0.41182181270456397,
      0.062253845033445665,
      -0.28283750392999085
    ],
    "test_rmse": [
      2.0121799327822982,
      1.9414362591484153,
      2.285142441686243,
      2.2099120729371116,
      2.4078327026782063
    ],
    "test_mae": [
      1.5539277142651373,
      1.4922525776606015,
      1.770431237931268,
      1.7024447748012435,
      2.0657469261768115
    ]
  },
  "r_avg": 0.7561864920164142,
  "r_stdev": 0.04977728972882871,
  "r_stderr": 0.01881404708018436,
  "r2_avg": 0.24434070477066772,
  "r2_stdev": 0.2227575870181374,
  "r2_stderr": 0.08419445398611737,
  "rmse_avg": 2.12074588681675,
  "rmse_stdev": 0.21802909687735225,
  "rmse_stderr": 0.08240725270192618,
  "mae_avg": 1.6298427586017867,
  "mae_stdev": 0.17947315150989382,
  "mae_stderr": 0.06783447512974221
}