{
  "6": {
    "fit_time": [
      0.5379683971405029,
      0.7107386589050293,
      1.2652080059051514,
      2.1148550510406494,
      0.5995278358459473
    ],
    "score_time": [
      0.04957318305969238,
      0.05021190643310547,
      0.04956459999084473,
      0.053775787353515625,
      0.048821449279785156
    ],
    "test_r": [
      0.522071780945703,
      0.46604638186306563,
      0.6816457600607094,
      0.6823274420372978,
      0.5653938928921788
    ],
    "test_r2": [
      0.2440341405573675,
      0.21218568805527793,
      0.4463259725429307,
      0.3975730137540976,
      0.30261400205532674
    ],
    "test_rmse": [
      -2.5767878190526035,
      -2.8765661586452347,
      -2.2466681423769717,
      -2.445346787206366,
      -2.577644505790971
    ],
    "test_mae": [
      -1.9181267496896435,
      -2.1878590169579,
      -1.856339148097485,
      -1.9321952350371625,
      -1.9391044871978356
    ],
    "best_params": {
      "check_inverse": true,
      "func": null,
      "inverse_func": null,
      "regressor__activation": "relu",
      "regressor__alpha": 0.001,
      "regressor__batch_size": "auto",
      "regressor__beta_1": 0.9,
      "regressor__beta_2": 0.999,
      "regressor__early_stopping": true,
      "regressor__epsilon": 1e-08,
      "regressor__learning_rate": "constant",
      "regressor__learning_rate_init": 0.0001,
      "regressor__max_fun": 15000,
      "regressor__max_iter": 200,
      "regressor__momentum": 0.9,
      "regressor__n_iter_no_change": 10,
      "regressor__n_layers": 5,
      "regressor__n_neurons": 94,
      "regressor__nesterovs_momentum": true,
      "regressor__power_t": 0.5,
      "regressor__random_state": null,
      "regressor__shuffle": true,
      "regressor__solver": "adam",
      "regressor__tol": 0.0001,
      "regressor__validation_fraction": 0.1,
      "regressor__verbose": false,
      "regressor__warm_start": false,
      "transformer__memory": null,
      "transformer__verbose": false,
      "transformer__MinMax__clip": false,
      "transformer__MinMax__copy": true,
      "transformer__Standard__copy": true,
      "transformer__Standard__with_mean": true,
      "transformer__Standard__with_std": true,
      "transformer__MinMax NN__clip": false,
      "transformer__MinMax NN__copy": true
    }
  },
  "13": {
    "fit_time": [
      0.29254150390625,
      0.44310927391052246,
      0.6291747093200684,
      0.360640287399292,
      0.47002458572387695
    ],
    "score_time": [
      0.059407949447631836,
      0.059326171875,
      0.05937695503234863,
      0.06148886680603027,
      0.05806589126586914
    ],
    "test_r": [
      0.39724649900353803,
      0.6072841559325451,
      0.6081863347347087,
      0.6265335198577133,
      0.5798404958635347
    ],
    "test_r2": [
      0.14641473026123042,
      0.3565639756338491,
      0.2966590989949154,
      0.3809083372747306,
      0.3253389100888029
    ],
    "test_rmse": [
      -2.858404256187368,
      -2.4894606961899046,
      -2.4531819271990942,
      -2.480217000365548,
      -2.5458024121825518
    ],
    "test_mae": [
      -2.2126364665684943,
      -1.877657112735781,
      -2.055559108602001,
      -1.953153021319458,
      -1.897808846218207
    ],
    "best_params": {
      "check_inverse": true,
      "func": null,
      "inverse_func": null,
      "regressor__activation": "relu",
      "regressor__alpha": 3.2755265911392996e-05,
      "regressor__batch_size": "auto",
      "regressor__beta_1": 0.9,
      "regressor__beta_2": 0.999,
      "regressor__early_stopping": true,
      "regressor__epsilon": 1e-08,
      "regressor__learning_rate": "adaptive",
      "regressor__learning_rate_init": 0.0003438949940351325,
      "regressor__max_fun": 15000,
      "regressor__max_iter": 200,
      "regressor__momentum": 0.9,
      "regressor__n_iter_no_change": 10,
      "regressor__n_layers": 4,
      "regressor__n_neurons": 28,
      "regressor__nesterovs_momentum": true,
      "regressor__power_t": 0.5,
      "regressor__random_state": null,
      "regressor__shuffle": true,
      "regressor__solver": "adam",
      "regressor__tol": 0.0001,
      "regressor__validation_fraction": 0.1,
      "regressor__verbose": false,
      "regressor__warm_start": false,
      "transformer__memory": null,
      "transformer__verbose": false,
      "transformer__MinMax__clip": false,
      "transformer__MinMax__copy": true,
      "transformer__Standard__copy": true,
      "transformer__Standard__with_mean": true,
      "transformer__Standard__with_std": true,
      "transformer__MinMax NN__clip": false,
      "transformer__MinMax NN__copy": true
    }
  },
  "42": {
    "fit_time": [
      0.8693468570709229,
      1.1799311637878418,
      0.700603723526001,
      1.9072539806365967,
      0.5240333080291748
    ],
    "score_time": [
      0.07056736946105957,
      0.0724644660949707,
      0.07059717178344727,
      0.07269883155822754,
      0.0694730281829834
    ],
    "test_r": [
      0.631798136331339,
      0.6463701347322723,
      0.6998711223038036,
      0.586785732615168,
      0.492560611694778
    ],
    "test_r2": [
      0.38347844292444333,
      0.40606726627047895,
      0.4528204191291443,
      0.2862248857673587,
      0.17342558661703933
    ],
    "test_rmse": [
      -2.4643668850431357,
      -1.9869050190515063,
      -2.5709466304070605,
      -2.521019924763965,
      -2.8941470506859086
    ],
    "test_mae": [
      -2.0227089035796535,
      -1.54505693274974,
      -1.9695960642871586,
      -1.8347388640060769,
      -2.2113200586400357
    ],
    "best_params": {
      "check_inverse": true,
      "func": null,
      "inverse_func": null,
      "regressor__activation": "relu",
      "regressor__alpha": 1.2698520398582489e-05,
      "regressor__batch_size": "auto",
      "regressor__beta_1": 0.9,
      "regressor__beta_2": 0.999,
      "regressor__early_stopping": true,
      "regressor__epsilon": 1e-08,
      "regressor__learning_rate": "invscaling",
      "regressor__learning_rate_init": 0.0005924058033079392,
      "regressor__max_fun": 15000,
      "regressor__max_iter": 200,
      "regressor__momentum": 0.9,
      "regressor__n_iter_no_change": 10,
      "regressor__n_layers": 2,
      "regressor__n_neurons": 99,
      "regressor__nesterovs_momentum": true,
      "regressor__power_t": 0.5,
      "regressor__random_state": null,
      "regressor__shuffle": true,
      "regressor__solver": "adam",
      "regressor__tol": 0.0001,
      "regressor__validation_fraction": 0.1,
      "regressor__verbose": false,
      "regressor__warm_start": false,
      "transformer__memory": null,
      "transformer__verbose": false,
      "transformer__MinMax__clip": false,
      "transformer__MinMax__copy": true,
      "transformer__Standard__copy": true,
      "transformer__Standard__with_mean": true,
      "transformer__Standard__with_std": true,
      "transformer__MinMax NN__clip": false,
      "transformer__MinMax NN__copy": true
    }
  },
  "69": {
    "fit_time": [
      1.6631722450256348,
      0.9657440185546875,
      0.801156759262085,
      1.210383653640747,
      1.4144830703735352
    ],
    "score_time": [
      0.0818932056427002,
      0.08179664611816406,
      0.08130669593811035,
      0.0818324089050293,
      0.08001184463500977
    ],
    "test_r": [
      0.5842624934482958,
      0.6044709317701943,
      0.52577256667272,
      0.6370108952799344,
      0.5632349351392429
    ],
    "test_r2": [
      0.28095772156114585,
      0.35526217916429903,
      0.2633832769741541,
      0.3690123250375049,
      0.3127110880652303
    ],
    "test_rmse": [
      -2.5237203168389994,
      -2.5457864826750933,
      -2.535555047469613,
      -2.5822647693689857,
      -2.561487148099069
    ],
    "test_mae": [
      -2.05507041352599,
      -2.002528026557643,
      -1.9254572453157375,
      -1.9161477559774673,
      -2.0784507568503043
    ],