{
  "6": {
    "fit_time": [
      2.3481199741363525,
      0.32982492446899414
    ],
    "score_time": [
      0.24623608589172363,
      0.25370001792907715
    ],
    "test_r": [
      0.6751078512303208,
      0.732866269228667
    ],
    "test_r2": [
      0.4555249824571045,
      0.5069161926690049
    ],
    "test_rmse": [
      -2.2801452561946163,
      -2.1747492604833627
    ],
    "test_mae": [
      -1.6916182223939713,
      -1.6108453728773398
    ]
  },
  "r_avg": 0.703987060229494,
  "r_stdev": 0.028879208999173123,
  "r_stderr": 0.0109153150102958,
  "r2_avg": 0.4812205875630547,
  "r2_stdev": 0.025695605105950203,
  "r2_stderr": 0.009712025842523677,
  "rmse_avg": 2.2274472583389895,
  "rmse_stdev": 0.05269799785562679,
  "rmse_stderr": 0.019917970988143366,
  "mae_avg": 1.6512317976356554,
  "mae_stdev": 0.040386424758315775,
  "mae_stderr": 0.015264633750503628
}