fold,r,r2,rmse,mae
1.0,0.7020180891186973,0.489977835955798,2.4272336753195267,1.8766610711827734
2.0,0.700730254410391,0.4781235608649772,1.9469544715683733,1.500786701930011
3.0,0.780240518201506,0.59746815112746,2.051140908960886,1.6395582418715022
4.0,0.7023750599844071,0.4552982418796414,2.167852098526687,1.6862644129405542
5.0,0.8058552087073756,0.6348137793581923,1.8359459952146375,1.4643864477850645
