fold,r,r2,rmse,mae
1.0,0.5683233029559777,0.315740258745402,2.5351632354999607,1.978018018018018
2.0,0.4347934332908318,0.08507860640593956,2.740012270740098,1.9453040540540547
3.0,0.6746517743420352,0.4333616016829427,2.585701324636919,1.9711111111111108
4.0,0.6683720960652084,0.43661670335438363,2.1885795076398895,1.8366396396396394
5.0,0.5638096402058203,0.30424998022447425,2.569660742847844,1.969936936936937
