Datatype,R_mean,R_std,RMSE_mean,RMSE_std,num_of_data
SMILES,0.5530278391115335,0.030489556892871836,0.1684443,0.012271737,447
