Datatype,R_mean,R_std,RMSE_mean,RMSE_std,num_of_data
SMILES,0.5472693865019831,0.04151478774377541,0.17297402,0.01245509,447
