{
  "6": {
    "fit_time": [
      0.15802717208862305,
      0.1601264476776123,
      0.16179108619689941,
      0.16025781631469727,
      0.14110708236694336
    ],
    "score_time": [
      0.008307695388793945,
      0.007890701293945312,
      0.007826089859008789,
      0.007467985153198242,
      0.007111787796020508
    ],
    "test_r": [
      0.6487026005953673,
      0.6868384661350386,
      0.6767760899175823,
      0.5873980860603234,
      0.6416326678494981
    ],
    "test_r2": [
      0.4056309367213089,
      0.46132616762385503,
      0.4361550869018245,
      0.31002333552282935,
      0.37355134572337545
    ],
    "test_rmse": [
      -3.375984669923117,
      -3.8952145846484845,
      -3.5063249913870482,
      -3.9193164458796654,
      -3.608613764516415
    ],
    "test_mae": [
      -2.5130875670370574,
      -3.09308472836519,
      -2.8545600570777094,
      -2.8209057793639265,
      -2.6242430739106966
    ]
  },
  "13": {
    "fit_time": [
      0.15995049476623535,
      0.16151785850524902,
      0.15965533256530762,
      0.16097235679626465,
      0.14220952987670898
    ],
    "score_time": [
      0.00798177719116211,
      0.007805347442626953,
      0.007938861846923828,
      0.0076067447662353516,
      0.007135868072509766
    ],
    "test_r": [
      0.6672621989678982,
      0.6960771007200421,
      0.7326067631862071,
      0.6601720148337534,
      0.6043632637494122
    ],
    "test_r2": [
      0.437729122705787,
      0.46732600936377267,
      0.5312021956814271,
      0.4144910774161292,
      0.34609717859308997
    ],
    "test_rmse": [
      -3.6575536743101806,
      -3.667378634185057,
      -3.101364787062008,
      -3.528039372314241,
      -3.695608173466341
    ],
    "test_mae": [
      -2.9556504994253925,
      -2.8591355272889563,
      -2.3530956617856873,
      -2.562709296219166,
      -2.8631359564063255
    ]
  },
  "42": {
    "fit_time": [
      0.1615285873413086,
      0.15933799743652344,
      0.16083621978759766,
      0.16011381149291992,
      0.1419370174407959
    ],
    "score_time": [
      0.007804155349731445,
      0.007920980453491211,
      0.007760286331176758,
      0.007619619369506836,
      0.0070803165435791016
    ],
    "test_r": [
      0.6677901286208124,
      0.6306323963718738,
      0.6700600124235445,
      0.6212489524727899,
      0.6636537945956538
    ],
    "test_r2": [
      0.439162900647213,
      0.3178050795319546,
      0.4393137973698946,
      0.3603674582585602,
      0.4362480006542191
    ],
    "test_rmse": [
      -3.5037899016365595,
      -3.3875200081765398,
      -4.111264564739844,
      -3.6301271863838354,
      -3.481130363915085
    ],
    "test_mae": [
      -2.6434340827378504,
      -2.4757000558012865,
      -3.1946785232561887,
      -2.6603364023853664,
      -2.808026285010495
    ]
  },
  "69": {
    "fit_time": [
      0.16156840324401855,
      0.15700960159301758,
      0.1620016098022461,
      0.16025233268737793,
      0.1410682201385498
    ],
    "score_time": [
      0.007883071899414062,
      0.00837254524230957,
      0.007687091827392578,
      0.007831573486328125,
      0.007036447525024414
    ],
    "test_r": [
      0.6757978120472768,
      0.7402976338591275,
      0.7009434798607965,
      0.6740526183623645,
      0.6125752894589627
    ],
    "test_r2": [
      0.43741733032021324,
      0.5474657785138429,
      0.4823831518444368,
      0.4181359503833689,
      0.34074143814686175
    ],
    "test_rmse": [
      -3.3677832835370234,
      -3.3199117894912793,
      -3.3157144368388165,
      -3.738635135924487,
      -3.8325027648463377
    ],
    "test_mae": [
      -2.5374545339797594,
      -2.587710909378944,
      -2.5466367244058112,
      -2.8493380547611893,
      -2.9326494669246017
    ]
  },
  "420": {
    "fit_time": [
      0.1592392921447754,
      0.16109561920166016,
      0.15962624549865723,
      0.15757203102111816,
      0.13998007774353027
    ],
    "score_time": [
      0.007779836654663086,
      0.0077667236328125,
      0.007718563079833984,
      0.007832527160644531,
      0.006955862045288086
    ],
    "test_r": [
      0.5971405809302235,
      0.5774235030099417,
      0.7475538085565241,
      0.736935836537651,
      0.6536737377080137
    ],
    "test_r2": [
      0.3490076290822206,
      0.2911111622263226,
      0.5210034270957937,
      0.5423502100971841,
      0.403524742734232
    ],
    "test_rmse": [
      -3.7638867651659003,
      -3.7763340887938033,
      -3.021381610077316,
      -3.4742740795288274,
      -3.825653741178635
    ],
    "test_mae": [
      -2.9474872046142395,
      -3.0183799476396938,
      -2.3365929619979284,
      -2.610427023352759,
      -2.758071632385405
    ]
  },
  "1234567890": {
    "fit_time": [
      0.1586296558380127,
      0.160783052444458,
      0.16517996788024902,
      0.1603543758392334,
      0.14078569412231445
    ],
    "score_time": [
      0.008053779602050781,
      0.008057117462158203,
      0.007696390151977539,
      0.007834196090698242,
      0.00690150260925293
    ],
    "test_r": [
      0.6845049291055932,
      0.7285202489354993,
      0.6586788185553178,
      0.7094344930956892,
      0.683980786907398
    ],
    "test_r2": [
      0.4659122810172275,
      0.5222511816646793,
      0.42597902112533037,
      0.48454475629150706,
      0.4106151899941112
    ],
    "test_rmse": [
      -3.328591348287939,
      -3.3669470658726794,
      -4.008153874780371,
      -3.3317562637138014,
      -3.2525293125963906
    ],
    "test_mae": [
      -2.6580145181746215,
      -2.672649050696896,
      -3.0172372692160647,
      -2.477076197909334,
      -2.478053380486239
    ]
  },
  "473129": {
    "fit_time": [
      0.16038966178894043,
      0.1600341796875,
      0.161848783493042,
      0.15870380401611328,
      0.14231562614440918
    ],
    "score_time": [
      0.008066892623901367,
      0.007729053497314453,
      0.007728099822998047,
      0.007622718811035156,
      0.00716400146484375
    ],
    "test_r": [
      0.7260338613808818,
      0.6975910869526358,
      0.6912139193284296,
      0.616874615013433,
      0.6632794675855083
    ],
    "test_r2": [
      0.5199064013510116,
      0.4707120505374226,
      0.4549859259206466,
      0.3694403052267561,
      0.3971857892862195
    ],
    "test_rmse": [
      -3.453724033941571,
      -3.354031029967544,
      -3.5397831564735895,
      -3.991072425518899,
      -3.1189296732193696
    ],
    "test_mae": [
      -2.6993880845488505,
      -2.601375884597673,
      -2.6577792593666865,
      -3.1172004766825716,
      -2.424971654237316
    ]
  },
  "r_avg": 0.6694777446768877,
  "r_stdev": 0.044079284008508295,
  "r_stderr": 0.016660403350899893,
  "r2_avg": 0.4294600975878466,
  "r2_stdev": 0.0668134300328562,
  "r2_stderr": 0.025253102872307368,
  "rmse_avg": 3.550023628637114,
  "rmse_stdev": 0.26540887480786163,
  "rmse_stderr": 0.10031512549872539,
  "mae_avg": 2.720293649469368,
  "mae_stdev": 0.22010359414483552,
  "mae_stderr": 0.08319133896838958
}