{
  "6": {
    "fit_time": [
      0.010140180587768555,
      0.010157585144042969,
      0.010201215744018555,
      0.009988546371459961,
      0.009649038314819336
    ],
    "score_time": [
      0.006506204605102539,
      0.006479978561401367,
      0.0069162845611572266,
      0.006090402603149414,
      0.005852222442626953
    ],
    "test_r": [
      0.2669499158451897,
      0.09076604026416206,
      0.33531185206099823,
      0.40884763566559335,
      0.22635162949672488
    ],
    "test_r2": [
      0.061539418373895205,
      -87.99907416959307,
      0.10786482049115254,
      0.11308160503743969,
      -0.12447049329482063
    ],
    "test_rmse": [
      -4.741896870310168,
      -43.260821685888416,
      -4.4949198628481355,
      -4.74545881735147,
      -4.647312001207461
    ],
    "test_mae": [
      -3.730870217673792,
      -7.9201378120584796,
      -3.4570954048767497,
      -3.5509213975238954,
      -3.333757396587732
    ]
  },
  "13": {
    "fit_time": [
      0.011704206466674805,
      0.011143684387207031,
      0.011232614517211914,
      0.011229753494262695,
      0.009196043014526367
    ],
    "score_time": [
      0.006745100021362305,
      0.006723642349243164,
      0.006463050842285156,
      0.0063822269439697266,
      0.005807161331176758
    ],
    "test_r": [
      0.2933949025091174,
      0.26933899993642735,
      0.0856702900273262,
      0.4404443494448376,
      0.05959472179371455
    ],
    "test_r2": [
      0.03867974955025,
      0.05754722969127646,
      -1576.3516264722548,
      0.17268263663252026,
      -1.2190231862916021
    ],
    "test_rmse": [
      -4.334434592162698,
      -4.544830686607412,
      -169.5568747957489,
      -4.511150401082188,
      -7.9239954425116945
    ],
    "test_mae": [
      -3.5253344609678385,
      -3.5489718108823145,
      -19.718494614162864,
      -3.4618704196268015,
      -4.15363402347929
    ]
  },
  "42": {
    "fit_time": [
      0.010833024978637695,
      0.010981321334838867,
      0.011086702346801758,
      0.01114654541015625,
      0.009299516677856445
    ],
    "score_time": [
      0.006840944290161133,
      0.006630897521972656,
      0.00652003288269043,
      0.0064542293548583984,
      0.005732059478759766
    ],
    "test_r": [
      0.33522353513071246,
      0.3700517222738852,
      0.129621671872309,
      0.3723497395453523,
      0.0916252382660373
    ],
    "test_r2": [
      -0.035296952233978995,
      0.12803748033205542,
      -0.3548614540549022,
      0.13137745345944807,
      -143.50013023623958
    ],
    "test_rmse": [
      -3.8908753196979817,
      -4.880354566697115,
      -6.102877659279929,
      -4.187522893460949,
      -54.89418314001436
    ],
    "test_mae": [
      -3.142811088863815,
      -3.855906343649783,
      -4.086749177532376,
      -3.1621358168074374,
      -8.81544120048566
    ]
  },
  "69": {
    "fit_time": [
      0.010894775390625,
      0.01111602783203125,
      0.011110305786132812,
      0.011205434799194336,
      0.009307861328125
    ],
    "score_time": [
      0.007003307342529297,
      0.006891012191772461,
      0.006457805633544922,
      0.0064029693603515625,
      0.0057735443115234375
    ],
    "test_r": [
      0.11679254907231405,
      0.19352907355472657,
      0.3612834327786325,
      0.3634070949989463,
      0.10087654705147982
    ],
    "test_r2": [
      -0.15297558136477685,
      -0.1480809563086838,
      0.12858452585762548,
      0.12989126765324377,
      -112.76283102920857
    ],
    "test_rmse": [
      -4.411285809300159,
      -5.163143733425545,
      -4.882512689587707,
      -4.927224643658903,
      -44.18465994470738
    ],
    "test_mae": [
      -3.549000246092905,
      -3.7628155556565988,
      -3.7218364692957437,
      -3.864526525518804,
      -7.252435583965648
    ]
  },
  "420": {
    "fit_time": [
      0.010880470275878906,
      0.011044979095458984,
      0.011081457138061523,
      0.011158227920532227,
      0.009274959564208984
    ],
    "score_time": [
      0.0067937374114990234,
      0.006652355194091797,
      0.006794452667236328,
      0.006442070007324219,
      0.005700349807739258
    ],
    "test_r": [
      -0.0017976180505037747,
      0.4211647340262982,
      0.2649284075895679,
      0.4228388541058638,
      0.3761267979967335
    ],
    "test_r2": [
      -5.920075322911298,
      0.16422770683702892,
      -0.0020936475703210444,
      0.10434614118551033,
      0.10855465002720277
    ],
    "test_rmse": [
      -12.89543069355173,
      -4.214988772652854,
      -4.836884647258565,
      -3.8435622182557023,
      -4.806878057526164
    ],
    "test_mae": [
      -4.915713088906865,
      -3.1937564161061878,
      -3.8272471151754486,
      -3.014637155481254,
      -3.6464059574875867
    ]
  },
  "1234567890": {
    "fit_time": [
      0.010880470275878906,
      0.011197090148925781,
      0.011049270629882812,
      0.011176824569702148,
      0.009314537048339844
    ],
    "score_time": [
      0.006969928741455078,
      0.006787300109863281,
      0.0064580440521240234,
      0.0063974857330322266,
      0.005800724029541016
    ],
    "test_r": [
      0.11118790512606261,
      0.10502922281218234,
      0.35594607897875585,
      0.3366921158876433,
      0.33639225513266546
    ],
    "test_r2": [
      -37.202183949201505,
      -0.47508744118135304,
      0.11326912695928215,
      0.1035503250340356,
      0.11283451202708472
    ],
    "test_rmse": [
      -26.889138083976775,
      -6.006783431664774,
      -4.553372082526122,
      -4.685749573464673,
      -4.341731663821569
    ],
    "test_mae": [
      -5.8200411486591825,
      -3.9514152759172316,
      -3.4912778134962146,
      -3.7315660722279036,
      -3.2619960637313716
    ]
  },
  "473129": {
    "fit_time": [
      0.010949850082397461,
      0.011042356491088867,
      0.011095285415649414,
      0.01114344596862793,
      0.009769678115844727
    ],
    "score_time": [
      0.006943941116333008,
      0.0065424442291259766,
      0.0065135955810546875,
      0.006823062896728516,
      0.005951404571533203
    ],
    "test_r": [
      0.4205538221396575,
      0.23064883023822597,
      0.43238982262608405,
      0.022661032971669,
      0.2631278929730429
    ],
    "test_r2": [
      0.17221220691976014,
      0.028182616353578438,
      0.18322328248654862,
      -2.472665218927812,
      0.05361404020807381
    ],
    "test_rmse": [
      -4.600502733048874,
      -4.572317388271966,
      -4.304501899046604,
      -7.977765597163663,
      -4.749794438621371
    ],
    "test_mae": [
      -3.5844546935379547,
      -3.4807358373215713,
      -3.412777519609591,
      -4.141026800236334,
      -3.6546735894786795
    ]
  },
  "r_avg": 0.25740917417549813,
  "r_stdev": 0.13341530502391244,
  "r_stderr": 0.05042624545472837,
  "r2_avg": -56.185919294729146,
  "r2_stdev": 262.78037345886554,
  "r2_stderr": 99.32164537154803,
  "rmse_avg": 14.101878195325716,
  "rmse_stdev": 29.392238940982907,
  "rmse_stderr": 11.109222101889891,
  "mae_avg": 4.535499146088054,
  "mae_stdev": 2.9153532853156943,
  "mae_stderr": 1.1018999681200656
}