{
  "6": {
    "fit_time": [
      0.009605884552001953,
      0.009155988693237305,
      0.011052608489990234,
      0.011608123779296875,
      0.011566877365112305
    ],
    "score_time": [
      0.007969141006469727,
      0.008291006088256836,
      0.006446123123168945,
      0.006615877151489258,
      0.0063571929931640625
    ],
    "test_r": [
      0.24457613861222824,
      0.22500636954145192,
      0.03417227888915115,
      0.0050905708844825315,
      0.2041650896129713
    ],
    "test_r2": [
      0.05135767013940895,
      0.029742758472470654,
      -0.058274741739928304,
      -0.1645130483959838,
      -0.00914161217119247
    ],
    "test_rmse": [
      -4.41717093442826,
      -4.895636533704821,
      -4.544927677515525,
      -5.49334662999167,
      -4.465210717391682
    ],
    "test_mae": [
      -3.4505578688776657,
      -3.6554224543899294,
      -3.388317210413218,
      -3.9257499850700004,
      -3.4611752625388954
    ]
  },
  "13": {
    "fit_time": [
      0.010401010513305664,
      0.010638236999511719,
      0.01128077507019043,
      0.010812044143676758,
      0.010598897933959961
    ],
    "score_time": [
      0.0069158077239990234,
      0.0064427852630615234,
      0.006106138229370117,
      0.00626373291015625,
      0.006247997283935547
    ],
    "test_r": [
      0.1451652089871134,
      0.2420309299086841,
      -0.0473018657298678,
      0.19805285322516872,
      0.1605885873156532
    ],
    "test_r2": [
      0.015764695261560324,
      -0.06965629922666494,
      -0.056321513376167864,
      -0.021508180744122196,
      -0.010811802876621757
    ],
    "test_rmse": [
      -4.20728415183974,
      -4.931550414064652,
      -4.216753224093671,
      -4.919636505620636,
      -5.44117840847087
    ],
    "test_mae": [
      -3.2459986728445704,
      -3.5946401038312463,
      -3.2830855370515044,
      -3.623533722062165,
      -4.056075782404709
    ]
  },
  "42": {
    "fit_time": [
      0.00874185562133789,
      0.008699893951416016,
      0.008717060089111328,
      0.00864720344543457,
      0.008479118347167969
    ],
    "score_time": [
      0.0056879520416259766,
      0.005620002746582031,
      0.005856990814208984,
      0.006072998046875,
      0.0057070255279541016
    ],
    "test_r": [
      0.19086424389461032,
      0.1814913559832546,
      0.15124307838383702,
      0.13896920350304723,
      0.13749181377195446
    ],
    "test_r2": [
      0.033740448042288596,
      -0.025620169134624282,
      -0.059327075521746986,
      -0.006286008277671895,
      -0.018920171105109906
    ],
    "test_rmse": [
      -4.3971666211510705,
      -5.128249006730177,
      -5.2655261831580376,
      -4.245039883172038,
      -4.670637666313042
    ],
    "test_mae": [
      -3.361369738036609,
      -3.948529225632523,
      -3.911656260088882,
      -3.0759496392039427,
      -3.454452322864025
    ]
  },
  "69": {
    "fit_time": [
      0.008135318756103516,
      0.008673906326293945,
      0.008336067199707031,
      0.008554220199584961,
      0.008768796920776367
    ],
    "score_time": [
      0.005295753479003906,
      0.005455970764160156,
      0.005326032638549805,
      0.005486965179443359,
      0.0051670074462890625
    ],
    "test_r": [
      0.12015942543854602,
      0.07767412235638536,
      0.2922155873581789,
      0.09214953787399904,
      0.055927829506015055
    ],
    "test_r2": [
      0.0051993789362440035,
      -0.07310209183401573,
      0.01830751293936861,
      -0.05231698481920377,
      -0.019479008192385683
    ],
    "test_rmse": [
      -4.515888386234866,
      -4.830268745702036,
      -5.044373964649589,
      -5.0656848407604995,
      -4.375851416466038
    ],
    "test_mae": [
      -3.3682985236743272,
      -3.5707346194586504,
      -3.7649879303006544,
      -3.6372921865600905,
      -3.50040086791291
    ]
  },
  "420": {
    "fit_time": [
      0.008349895477294922,
      0.008670806884765625,
      0.008404016494750977,
      0.009194135665893555,
      0.009134054183959961
    ],
    "score_time": [
      0.006433010101318359,
      0.006492137908935547,
      0.006428956985473633,
      0.006191730499267578,
      0.0056569576263427734
    ],
    "test_r": [
      0.2237577679667778,
      0.11472211414982854,
      0.13368213199260567,
      0.2395350524482567,
      0.09445379334469772
    ],
    "test_r2": [
      0.02804820473591818,
      -0.00017934749222447977,
      -0.045151192568619214,
      0.04606155548223312,
      -0.12304622448634395
    ],
    "test_rmse": [
      -4.668995758121518,
      -4.801842151709149,
      -4.641755009350748,
      -4.200484905367233,
      -5.412436996961785
    ],
    "test_mae": [
      -3.565773019802487,
      -3.656682807123948,
      -3.523383846534547,
      -3.118287177535783,
      -3.9550825983720013
    ]
  },
  "1234567890": {
    "fit_time": [
      0.011507034301757812,
      0.011252880096435547,
      0.011246204376220703,
      0.012075185775756836,
      0.01270604133605957
    ],
    "score_time": [
      0.0071680545806884766,
      0.007390022277832031,
      0.006905794143676758,
      0.005957841873168945,
      0.006501913070678711
    ],
    "test_r": [
      0.232869962860688,
      0.23056129169826237,
      0.09975309522632429,
      0.03620867343685394,
      0.20768081629422086
    ],
    "test_r2": [
      0.02130081451440402,
      -0.0564181155688146,
      -0.02605914100486184,
      -0.037236958181091406,
      0.03427733680303546
    ],
    "test_rmse": [
      -4.6336789024161185,
      -5.096047146696959,
      -4.926065917436193,
      -4.883555088882127,
      -4.1718589854207515
    ],
    "test_mae": [
      -3.4307348803361633,
      -3.9304507674098015,
      -3.552529490211528,
      -3.587332659146827,
      -3.263694856622595
    ]
  },
  "473129": {
    "fit_time": [
      0.01001119613647461,
      0.009924173355102539,
      0.009606122970581055,
      0.009855031967163086,
      0.009535074234008789
    ],
    "score_time": [
      0.006109952926635742,
      0.005989789962768555,
      0.006644010543823242,
      0.006036996841430664,
      0.005944967269897461
    ],
    "test_r": [
      0.1503655047159157,
      0.13036583273184138,
      0.15994300065781641,
      0.19382583181744317,
      0.12736238700435765
    ],
    "test_r2": [
      -0.12012084717360705,
      0.014817247131380995,
      0.009298366775070233,
      -0.004528011633763374,
      -0.007640459178123615
    ],
    "test_rmse": [
      -5.059778544342501,
      -4.868618804657223,
      -4.803714048064496,
      -4.51362039993867,
      -4.5208309608669355
    ],
    "test_mae": [
      -3.7388220323547827,
      -3.714391121466588,
      -3.678995350059697,
      -3.3215345170819517,
      -3.336408333598056
    ]
  },
  "r_avg": 0.1492805604475073,
  "r_stdev": 0.07490110545889288,
  "r_stderr": 0.028309956852578998,
  "r2_avg": -0.021649800441985886,
  "r2_stdev": 0.04864645312933076,
  "r2_stderr": 0.018386631020795574,
  "rmse_avg": -4.750704729476895,
  "rmse_stdev": 0.3628319107524168,
  "rmse_stderr": 0.13713757193846818,
  "mae_avg": -3.561495182024951,
  "mae_stdev": 0.2420064981660803,
  "mae_stderr": 0.09146985854415106
}