{
  "6": {
    "fit_time": [
      0.008454322814941406,
      0.008378028869628906,
      0.008493185043334961,
      0.008193492889404297,
      0.008061408996582031
    ],
    "score_time": [
      0.005999088287353516,
      0.0060579776763916016,
      0.0061495304107666016,
      0.005700111389160156,
      0.005613565444946289
    ],
    "test_r": [
      -0.05277998827159373,
      -0.07816052126877134,
      0.2922776451895429,
      0.35412422004334554,
      -0.0736337858860909
    ],
    "test_r2": [
      -1.8089314242508075e+24,
      -7.092867050349369e+30,
      0.07508568742678723,
      0.08723711351013563,
      -1.3783807855429658e+28
    ],
    "test_rmse": [
      -6583474205235.834,
      -1.2212734881458104e+16,
      -4.576751902634226,
      -4.8141028467093765,
      -514532016286213.0
    ],
    "test_mae": [
      -982258909511.7797,
      -1186205673107771.2,
      -3.596539013002544,
      -3.6122260628651475,
      -50213183224401.41
    ]
  },
  "13": {
    "fit_time": [
      0.008844137191772461,
      0.00868844985961914,
      0.008738994598388672,
      0.008689165115356445,
      0.0078105926513671875
    ],
    "score_time": [
      0.0061588287353515625,
      0.006140232086181641,
      0.006151676177978516,
      0.006099224090576172,
      0.005360841751098633
    ],
    "test_r": [
      0.15239370290919343,
      0.2611469348414407,
      0.0828499746463313,
      0.41945199356119345,
      0.05853942220532646
    ],
    "test_r2": [
      -7769.0591786080095,
      0.03617625958089332,
      -3.8475617667744613e+31,
      0.16359395732241755,
      -1.0362632003271512e+28
    ],
    "test_rmse": [
      -389.68220274822085,
      -4.596070911244151,
      -2.6481583120223164e+16,
      -4.5358618423482415,
      -541499842837530.6
    ],
    "test_mae": [
      -41.32192706952107,
      -3.606825726636492,
      -2572598646813214.5,
      -3.554764616973616,
      -52844973612680.2
    ]
  },
  "42": {
    "fit_time": [
      0.008803606033325195,
      0.008707046508789062,
      0.008740901947021484,
      0.00858306884765625,
      0.007881641387939453
    ],
    "score_time": [
      0.006189823150634766,
      0.006225109100341797,
      0.0063092708587646484,
      0.006236076354980469,
      0.0053522586822509766
    ],
    "test_r": [
      0.3279311676869618,
      0.0018249748254619488,
      -0.07487899644206052,
      0.3528353972247801,
      0.083425364954739
    ],
    "test_r2": [
      -0.03704192255283534,
      -2.560902478158354e+24,
      -6.182277511157129e+27,
      0.10823579662427085,
      -1.3397233514298763e+30
    ],
    "test_rmse": [
      -3.894152931724517,
      -8363710403460.533,
      -412250763188874.6,
      -4.242937778064999,
      -5285666663781282.0
    ],
    "test_mae": [
      -3.118131527568153,
      -812355370298.0488,
      -40041333803138.336,
      -3.1788826681706457,
      -515828248276581.94
    ]
  },
  "69": {
    "fit_time": [
      0.008788824081420898,
      0.008606910705566406,
      0.008746623992919922,
      0.008724212646484375,
      0.00788259506225586
    ],
    "score_time": [
      0.006155729293823242,
      0.0061151981353759766,
      0.006163597106933594,
      0.0061151981353759766,
      0.0053598880767822266
    ],
    "test_r": [
      0.08770658669123568,
      0.07507662041629097,
      0.35532602404671954,
      0.36781469076776685,
      0.08879687152989103
    ],
    "test_r2": [
      -0.2652535365953659,
      -2.3306635477913027e+29,
      0.12048419160153623,
      0.13272386539786596,
      -5.218649278088712e+30
    ],
    "test_rmse": [
      -4.621084627885153,
      -2326310872927796.0,
      -4.905153152386177,
      -4.919197932523388,
      -9463469282681186.0
    ],
    "test_mae": [
      -3.740628729633545,
      -226171688954459.12,
      -3.717598784276191,
      -3.8648540819452295,
      -923540036336859.1
    ]
  },
  "420": {
    "fit_time": [
      0.008883476257324219,
      0.008750438690185547,
      0.008680105209350586,
      0.008574724197387695,
      0.007881402969360352
    ],
    "score_time": [
      0.006189584732055664,
      0.006227970123291016,
      0.006232261657714844,
      0.006181001663208008,
      0.0053958892822265625
    ],
    "test_r": [
      -0.05707495491042915,
      0.40982320160853464,
      0.09286385370658806,
      0.42056895767762215,
      0.37182847952998466
    ],
    "test_r2": [
      -4.162530649609074e+28,
      0.16639229587504267,
      -2.043991320867668e+31,
      0.11611862409209728,
      0.09493652940212949
    ],
    "test_rmse": [
      -1000136237186117.5,
      -4.209526977813312,
      -2.184495223106175e+16,
      -3.818218754784844,
      -4.843454912839988
    ],
    "test_mae": [
      -97522440721637.42,
      -3.223501425430375,
      -2121769326590009.0,
      -2.992824644981511,
      -3.682261900736608
    ]
  },
  "1234567890": {
    "fit_time": [
      0.008737564086914062,
      0.008692264556884766,
      0.008758306503295898,
      0.008690118789672852,
      0.007807493209838867
    ],
    "score_time": [
      0.00612950325012207,
      0.006120443344116211,
      0.006157636642456055,
      0.006097555160522461,
      0.005295515060424805
    ],
    "test_r": [
      -0.0878475988161027,
      0.0699743252692243,
      -0.042701777337453416,
      0.14202050000128136,
      0.3591287796455272
    ],
    "test_r2": [
      -2.2421546882834514e+30,
      -5.991028877233294e+27,
      -6.934156686985011e+24,
      -21393014.83753356,
      0.12800704069471291
    ],
    "test_rmse": [
      -6514267247319811.0,
      -382810461672589.75,
      -12733097108905.566,
      -22890.333682280067,
      -4.304444857428169
    ],
    "test_mae": [
      -632721568093873.8,
      -37181838938507.93,
      -2033414332573.902,
      -2237.7060193688676,
      -3.2787103165322833
    ]
  },
  "473129": {
    "fit_time": [
      0.008856534957885742,
      0.008763551712036133,
      0.00870823860168457,
      0.008625030517578125,
      0.007906436920166016
    ],
    "score_time": [
      0.006201982498168945,
      0.0062313079833984375,
      0.006262779235839844,
      0.006200075149536133,
      0.005400419235229492
    ],
    "test_r": [
      0.4135124350731005,
      0.015658490455989046,
      0.42075094822593617,
      0.06865995873596922,
      0.26311384927733517
    ],
    "test_r2": [
      0.1668967857776711,
      -5.975515109618066e+24,
      0.16276133186548247,
      -1.3004622569600804e+31,
      0.0454752466262478
    ],
    "test_rmse": [
      -4.615249555619032,
      -11337876242165.57,
      -4.3580867219400865,
      -1.5438272031667678e+16,
      -4.770174516650251
    ],
    "test_mae": [
      -3.6101451118851333,
      -1101231894404.181,
      -3.5040509022950497,
      -1585231731177778.0,
      -3.6731253991398836
    ]
  },
  "r_avg": 0.1697813642232803,
  "r_stdev": 0.17744397341526874,
  "r_stderr": 0.06706751790056538,
  "r2_avg": -2.5178450428914724e+30,
  "r2_stdev": 7.425479283499177e+30,
  "r2_stderr": 2.8065673642287005e+30,
  "rmse_avg": 2927357251722148.5,
  "rmse_stdev": 6399231341433638.0,
  "rmse_stderr": 2418682101629095.0,
  "mae_avg": 287051427147429.6,
  "mae_stdev": 626659549781514.0,
  "mae_stderr": 236855046489369.53
}