{
  "6": {
    "fit_time": [
      2.9810431003570557,
      2.979653835296631,
      2.9851267337799072,
      2.9655091762542725,
      2.6705827713012695
    ],
    "score_time": [
      0.07122373580932617,
      0.07871103286743164,
      0.07399177551269531,
      0.07006597518920898,
      0.0679624080657959
    ],
    "test_r": [
      0.6584295061514501,
      0.5908114603425162,
      0.5827703066570383,
      0.6859121975436114,
      0.6358363089855719
    ],
    "test_r2": [
      0.41360617115473997,
      0.328854534382217,
      0.33645122237837144,
      0.41781111981917407,
      0.3623165389076586
    ],
    "test_rmse": [
      -3.7483383150255367,
      -3.7567331731688913,
      -3.876529091526205,
      -3.8447519925165,
      -3.499696433550056
    ],
    "test_mae": [
      -2.9355838070795794,
      -2.8971656133581036,
      -2.8716603452432055,
      -2.993776065672191,
      -2.6569058563643635
    ]
  },
  "13": {
    "fit_time": [
      2.9527461528778076,
      2.997389793395996,
      2.9893627166748047,
      2.954435110092163,
      2.711951732635498
    ],
    "score_time": [
      0.07178020477294922,
      0.07146072387695312,
      0.07095575332641602,
      0.06987881660461426,
      0.07094907760620117
    ],
    "test_r": [
      0.5941620635199788,
      0.6708318446159004,
      0.5368365705825399,
      0.7394057240332902,
      0.6667500115682119
    ],
    "test_r2": [
      0.33453339363393986,
      0.4372268851037102,
      0.28094792568160853,
      0.5320911799161681,
      0.41937598702039425
    ],
    "test_rmse": [
      -3.6062974252780866,
      -3.5120006037664644,
      -3.6201895965162723,
      -3.3925937128267765,
      -4.0533190846989315
    ],
    "test_mae": [
      -2.842663309860571,
      -2.726829600753872,
      -2.774137083333846,
      -2.6452405307504154,
      -2.9839507229979056
    ]
  },
  "42": {
    "fit_time": [
      2.9809861183166504,
      2.9514691829681396,
      2.99170184135437,
      2.98622989654541,
      2.7061750888824463
    ],
    "score_time": [
      0.07199430465698242,
      0.07094073295593262,
      0.07247042655944824,
      0.06922435760498047,
      0.07034039497375488
    ],
    "test_r": [
      0.56308805017957,
      0.6664783720835157,
      0.6755649947755104,
      0.6206651537922899,
      0.6452267197266293
    ],
    "test_r2": [
      0.2895638638521314,
      0.44022881628044364,
      0.4334730299384928,
      0.3684119837473935,
      0.40977003551260305
    ],
    "test_rmse": [
      -3.2231266302787605,
      -3.910278909176409,
      -3.9463674033860845,
      -3.5707429377967466,
      -3.5083493664345466
    ],
    "test_mae": [
      -2.5594257948389725,
      -2.977119305599529,
      -3.0185617974019405,
      -2.803870156335248,
      -2.753220445117909
    ]
  },
  "69": {
    "fit_time": [
      2.9845352172851562,
      2.9904463291168213,
      2.9847447872161865,
      2.9678778648376465,
      2.676023244857788
    ],
    "score_time": [
      0.0717628002166748,
      0.07204818725585938,
      0.07155466079711914,
      0.07000041007995605,
      0.06865859031677246
    ],
    "test_r": [
      0.5947645812761436,
      0.7184394911868391,
      0.5254094344785136,
      0.7241855356689495,
      0.5661816430259634
    ],
    "test_r2": [
      0.3301338891534855,
      0.5138945444042528,
      0.2547222827919873,
      0.4987160597396709,
      0.31540633156398057
    ],
    "test_rmse": [
      -3.3623982080698553,
      -3.359643581180715,
      -4.515333318976682,
      -3.739878517488709,
      -3.427581265987868
    ],
    "test_mae": [
      -2.5441633541453226,
      -2.7268550497906734,
      -3.2134933575257256,
      -2.920695338266423,
      -2.697860837541858
    ]
  },
  "420": {
    "fit_time": [
      2.967026948928833,
      3.032541275024414,
      3.0300416946411133,
      2.9394938945770264,
      2.675318717956543
    ],
    "score_time": [
      0.07183361053466797,
      0.07104682922363281,
      0.07089948654174805,
      0.06975507736206055,
      0.07294726371765137
    ],
    "test_r": [
      0.5888526991331169,
      0.7469934626230041,
      0.6213814072276939,
      0.5444103581080943,
      0.7350738863016192
    ],
    "test_r2": [
      0.33246435869820423,
      0.5152220037788703,
      0.37732571606819165,
      0.21709111072206988,
      0.5272010259106681
    ],
    "test_rmse": [
      -4.005139711429771,
      -3.2101393624391816,
      -3.8127825790076444,
      -3.59351471079337,
      -3.5006928355112206
    ],
    "test_mae": [
      -3.0424698468349147,
      -2.5053146293729736,
      -2.8776795387771172,
      -2.7939716993729347,
      -2.736509160640438
    ]
  },
  "1234567890": {
    "fit_time": [
      3.0114214420318604,
      3.012122869491577,
      2.943869113922119,
      2.9720981121063232,
      2.6685521602630615
    ],
    "score_time": [
      0.07150459289550781,
      0.07183241844177246,
      0.07134151458740234,
      0.07171797752380371,
      0.07021021842956543
    ],
    "test_r": [
      0.5315169888402363,
      0.692355126465831,
      0.7496464101639778,
      0.6462334057769682,
      0.6358092016326842
    ],
    "test_r2": [
      0.2606145202443496,
      0.4691989234497691,
      0.5210452857462866,
      0.39776130459889225,
      0.40339858627869785
    ],
    "test_rmse": [
      -3.7408323434060278,
      -3.6032881128572245,
      -3.3464508584920196,
      -3.840612097751494,
      -3.5604328430431376
    ],
    "test_mae": [
      -2.757556748292722,
      -2.7391547795754803,
      -2.620075661059097,
      -3.062544530428241,
      -2.7487857731284233
    ]
  },
  "473129": {
    "fit_time": [
      3.003100633621216,
      2.962942361831665,
      3.00919508934021,
      2.9840004444122314,
      2.6612350940704346
    ],
    "score_time": [
      0.0712132453918457,
      0.0714869499206543,
      0.07169818878173828,
      0.06972980499267578,
      0.06977558135986328
    ],
    "test_r": [
      0.7174665852887819,
      0.6311059835997069,
      0.7091701023807723,
      0.5870795136332088,
      0.6097242818820274
    ],
    "test_r2": [
      0.4866901710148025,
      0.394060795913895,
      0.5022940554193578,
      0.25394878916511443,
      0.33629064589149726
    ],
    "test_rmse": [
      -3.622726719845283,
      -3.6104269622841727,
      -3.3601420916957006,
      -3.697720941340141,
      -3.9776781489850297
    ],
    "test_mae": [
      -2.878983306610647,
      -2.694851744439404,
      -2.6214850869957154,
      -2.8480972004024245,
      -3.0150978260899226
    ]
  },
  "r_avg": 0.6402448395214787,
  "r_stdev": 0.06510539539257479,
  "r_stderr": 0.024607526459611898,
  "r2_avg": 0.3917755167966597,
  "r2_stdev": 0.08758480618861961,
  "r2_stderr": 0.033103945114696914,
  "rmse_avg": 3.655906568186615,
  "rmse_stdev": 0.26373424590405664,
  "rmse_stderr": 0.09968217526761271,
  "mae_avg": 2.8138787401142316,
  "mae_stdev": 0.16202089239713688,
  "mae_stderr": 0.06123814121136855
}