{
  "6": {
    "fit_time": [
      3.4869580268859863,
      3.5192630290985107,
      3.473339796066284,
      3.5256662368774414,
      3.500584125518799
    ],
    "score_time": [
      0.08249187469482422,
      0.07950592041015625,
      0.0797431468963623,
      0.07973766326904297,
      0.0805060863494873
    ],
    "test_r": [
      0.623831771918722,
      0.6942670256001936,
      0.5796264150329785,
      0.558433454233296,
      0.6316063137476436
    ],
    "test_r2": [
      0.3843864542856871,
      0.47967759166318946,
      0.3298001076342275,
      0.22795099710538724,
      0.3886169099621848
    ],
    "test_rmse": [
      -3.5583366979457844,
      -3.585105873243852,
      -3.616845339848585,
      -4.4728801086283525,
      -3.4755425705632725
    ],
    "test_mae": [
      -2.6763312122114815,
      -2.8600194193784056,
      -2.5994997734244163,
      -3.3848651910443857,
      -2.6735872018738576
    ]
  },
  "13": {
    "fit_time": [
      3.3504741191864014,
      3.3201828002929688,
      3.3440887928009033,
      3.3825230598449707,
      3.396174907684326
    ],
    "score_time": [
      0.07963991165161133,
      0.08004212379455566,
      0.08028316497802734,
      0.0782768726348877,
      0.07839417457580566
    ],
    "test_r": [
      0.4849831517206688,
      0.7371318695555725,
      0.6505210501061303,
      0.6411332835600846,
      0.6520333110923174
    ],
    "test_r2": [
      0.20183709244056913,
      0.51277115139842,
      0.4218273077867064,
      0.3799195847016107,
      0.3906056952496536
    ],
    "test_rmse": [
      -3.788769158360319,
      -3.328341254066049,
      -3.119671827588408,
      -3.83297598584561,
      -4.224808316596845
    ],
    "test_mae": [
      -2.982364965420292,
      -2.604480601238649,
      -2.4479707075507,
      -2.886506597966481,
      -3.1079853664322816
    ]
  },
  "42": {
    "fit_time": [
      3.4701619148254395,
      3.4221088886260986,
      3.4291436672210693,
      3.4022698402404785,
      3.452850103378296
    ],
    "score_time": [
      0.08929991722106934,
      0.09377622604370117,
      0.09289216995239258,
      0.09497594833374023,
      0.08960080146789551
    ],
    "test_r": [
      0.6794037814125526,
      0.6378639330688932,
      0.6838468851112719,
      0.6342431059688591,
      0.5758988284453207
    ],
    "test_r2": [
      0.44772543802737186,
      0.40421944962693557,
      0.45013642762534967,
      0.36454510679123153,
      0.31982745215814357
    ],
    "test_rmse": [
      -3.3243255112940484,
      -3.9085798506019303,
      -3.7936233957682695,
      -3.3733656781551455,
      -3.8160639779240966
    ],
    "test_mae": [
      -2.5736150920534495,
      -3.035888186673489,
      -2.851258652961901,
      -2.653656964887855,
      -2.793840183484691
    ]
  },
  "69": {
    "fit_time": [
      3.3609237670898438,
      3.4081718921661377,
      3.3343498706817627,
      3.390691041946411,
      3.3421339988708496
    ],
    "score_time": [
      0.08751487731933594,
      0.08718705177307129,
      0.08608412742614746,
      0.0878899097442627,
      0.08711695671081543
    ],
    "test_r": [
      0.670999911112088,
      0.6928340147430598,
      0.5747451375794642,
      0.7262227839011247,
      0.5431962172406662
    ],
    "test_r2": [
      0.449320529800712,
      0.4657361447410836,
      0.3155770869647888,
      0.47174280565508986,
      0.28859289754597106
    ],
    "test_rmse": [
      -3.3598865910256364,
      -3.40822824105138,
      -4.211936470759112,
      -3.589116760956742,
      -3.655379916848193
    ],
    "test_mae": [
      -2.6425192269838003,
      -2.582684735625999,
      -3.087093941333722,
      -2.7473341099639437,
      -2.857826945880739
    ]
  },
  "420": {
    "fit_time": [
      3.4170799255371094,
      3.3908567428588867,
      3.3893139362335205,
      3.365614175796509,
      3.3483810424804688
    ],
    "score_time": [
      0.0870671272277832,
      0.08707404136657715,
      0.08568000793457031,
      0.08660078048706055,
      0.08650398254394531
    ],
    "test_r": [
      0.6202575024922287,
      0.5965946518361159,
      0.6957112388924366,
      0.5845364600944791,
      0.7260098943629976
    ],
    "test_r2": [
      0.37274626328078175,
      0.340978780099764,
      0.4574980168202083,
      0.34117212280991227,
      0.47602665352774076
    ],
    "test_rmse": [
      -3.7507899599901653,
      -3.897791800441195,
      -3.3442082938390794,
      -3.490802161966776,
      -3.696993064547083
    ],
    "test_mae": [
      -2.8361368077376494,
      -2.9280957624305306,
      -2.623650300564112,
      -2.5994070138310414,
      -2.896053078914227
    ]
  },
  "1234567890": {
    "fit_time": [
      3.546895980834961,
      3.5159027576446533,
      3.5500099658966064,
      3.521023988723755,
      3.552777051925659
    ],
    "score_time": [
      0.08365583419799805,
      0.08427643775939941,
      0.08420085906982422,
      0.08276104927062988,
      0.08355593681335449
    ],
    "test_r": [
      0.6746458023579489,
      0.6053637405674442,
      0.6777972396459496,
      0.6254374383384851,
      0.545691562492489
    ],
    "test_r2": [
      0.4359538562968055,
      0.3496512603639633,
      0.44948389495727004,
      0.3856480500105267,
      0.2911438669896377
    ],
    "test_rmse": [
      -3.5176987072705437,
      -3.9984223721604586,
      -3.608270073499292,
      -3.758423546016669,
      -3.574229699285487
    ],
    "test_mae": [
      -2.61969325267162,
      -2.92488131500211,
      -2.8012531340447597,
      -2.9389561059152505,
      -2.803866011005198
    ]
  },
  "473129": {
    "fit_time": [
      3.385765790939331,
      3.3723089694976807,
      3.370234727859497,
      3.3932271003723145,
      3.378443956375122
    ],
    "score_time": [
      0.08667206764221191,
      0.08833909034729004,
      0.08569121360778809,
      0.08691883087158203,
      0.08649706840515137
    ],
    "test_r": [
      0.6962988569867224,
      0.7102003786965547,
      0.7107485045488912,
      0.6186506189257769,
      0.5480569314626147
    ],
    "test_r2": [
      0.3584947761341507,
      0.47617862130090627,
      0.5040443313856806,
      0.37681933982453686,
      0.28194386037044117
    ],
    "test_rmse": [
      -3.8291216824018894,
      -3.5500868815311977,
      -3.3988119528644654,
      -3.555093188950212,
      -3.8163190037119055
    ],
    "test_mae": [
      -2.826092718789162,
      -2.8279304986389473,
      -2.642704063521143,
      -2.728308088768011,
      -2.7892508582326876
    ]
  },
  "r_avg": 0.6373949447672013,
  "r_stdev": 0.061014123720510106,
  "r_stderr": 0.02306117111814239,
  "r2_avg": 0.3883599978667612,
  "r2_stdev": 0.07584317303815206,
  "r2_stderr": 0.028666024928712775,
  "rmse_avg": -3.663738454729944,
  "rmse_stdev": 0.27953565554144816,
  "rmse_stderr": 0.10565454673401231,
  "mae_avg": -2.7953030881844856,
  "mae_stdev": 0.18538210041427736,
  "mae_stderr": 0.07006784788842599
}