{
  "6": {
    "fit_time": [
      0.0827779769897461,
      0.08442473411560059,
      0.08295726776123047,
      0.08154773712158203,
      0.08066606521606445
    ],
    "score_time": [
      0.007458686828613281,
      0.007334470748901367,
      0.007148027420043945,
      0.006616830825805664,
      0.00649261474609375
    ],
    "test_r": [
      0.6308523523197771,
      0.5775484420830872,
      0.6067811685828818,
      0.6381537066548979,
      0.5229006942045583
    ],
    "test_r2": [
      0.3323453398220042,
      0.19071216149563386,
      0.34338720209906914,
      0.3203722582842201,
      -0.07893747711224686
    ],
    "test_rmse": [
      -3.9996319503057274,
      -4.125280906608859,
      -3.8562154683408076,
      -4.154051980154182,
      -4.55224824986923
    ],
    "test_mae": [
      -2.9273001828283634,
      -3.166044890745631,
      -2.8851482154738224,
      -3.2058527035486133,
      -3.5076769204565457
    ]
  },
  "13": {
    "fit_time": [
      0.08350777626037598,
      0.08397531509399414,
      0.08313274383544922,
      0.08383893966674805,
      0.08178830146789551
    ],
    "score_time": [
      0.007467031478881836,
      0.00735163688659668,
      0.0073528289794921875,
      0.007287025451660156,
      0.0064508914947509766
    ],
    "test_r": [
      0.6044380892916824,
      0.6495044452967462,
      0.6561470135047286,
      0.6714359456502631,
      0.6204502031030908
    ],
    "test_r2": [
      0.28185290434380095,
      0.2516773053873518,
      0.25108548695695165,
      0.42263257316030634,
      0.3582356443818474
    ],
    "test_rmse": [
      -3.746322084436897,
      -4.049788745676919,
      -3.694598653662284,
      -3.768576854105827,
      -4.261388142504164
    ],
    "test_mae": [
      -2.9309826243598507,
      -3.026724909116637,
      -2.7031418800578932,
      -3.0311704625175118,
      -3.102829807463147
    ]
  },
  "42": {
    "fit_time": [
      0.0835568904876709,
      0.08121585845947266,
      0.08378434181213379,
      0.08289837837219238,
      0.0823063850402832
    ],
    "score_time": [
      0.00783228874206543,
      0.007477283477783203,
      0.007324695587158203,
      0.007093191146850586,
      0.0064623355865478516
    ],
    "test_r": [
      0.49476501025512226,
      0.6755365153561587,
      0.6563889272954636,
      0.6015622821140203,
      0.6163583139780235
    ],
    "test_r2": [
      0.08222750195826611,
      0.3830977032334638,
      0.37510976141397834,
      0.2627035791719935,
      0.3043741539627457
    ],
    "test_rmse": [
      -3.6633833427144835,
      -4.104976357722485,
      -4.144661726777876,
      -3.858004307363721,
      -3.8087289112626825
    ],
    "test_mae": [
      -2.841162220577024,
      -3.106387540394405,
      -3.068943985273253,
      -2.883459404264178,
      -2.9100970496223084
    ]
  },
  "69": {
    "fit_time": [
      0.08291149139404297,
      0.08353638648986816,
      0.0814814567565918,
      0.08364725112915039,
      0.08112096786499023
    ],
    "score_time": [
      0.0073833465576171875,
      0.007565021514892578,
      0.007327556610107422,
      0.007128238677978516,
      0.006402254104614258
    ],
    "test_r": [
      0.5593165693471714,
      0.6892613195860152,
      0.5799387658801229,
      0.7033564302449488,
      0.605973179909717
    ],
    "test_r2": [
      0.22069641348421087,
      0.3957889683657121,
      0.27119574204337293,
      0.4651991444632434,
      0.21776001209829599
    ],
    "test_rmse": [
      -3.626673672019718,
      -3.7456076541030017,
      -4.465151486381405,
      -3.862883817980197,
      -3.663880732460342
    ],
    "test_mae": [
      -2.7389497819936506,
      -2.9294686086194694,
      -3.257036428631477,
      -2.9985430946350102,
      -2.839661404564268
    ]
  },
  "420": {
    "fit_time": [
      0.08153986930847168,
      0.08466291427612305,
      0.08156847953796387,
      0.08294296264648438,
      0.0830991268157959
    ],
    "score_time": [
      0.0075054168701171875,
      0.007334470748901367,
      0.007506370544433594,
      0.006970405578613281,
      0.006501913070678711
    ],
    "test_r": [
      0.5390362534288645,
      0.7074988893731755,
      0.658123564448756,
      0.5052098242231597,
      0.7292939366765887
    ],
    "test_r2": [
      0.2179159067142451,
      0.47492438919292723,
      0.3530205275985805,
      -0.03233596473109546,
      0.47587656001127443
    ],
    "test_rmse": [
      -4.335180328349835,
      -3.3408991070722203,
      -3.886483483317699,
      -4.12642868503674,
      -3.6858065235647057
    ],
    "test_mae": [
      -3.2597635906147513,
      -2.6183068925029835,
      -2.900138387410146,
      -3.2067540950235864,
      -2.8550557850428993
    ]
  },
  "1234567890": {
    "fit_time": [
      0.08578372001647949,
      0.08198189735412598,
      0.08275604248046875,
      0.08366990089416504,
      0.08208847045898438
    ],
    "score_time": [
      0.0073239803314208984,
      0.0076084136962890625,
      0.007454395294189453,
      0.0071604251861572266,
      0.006468772888183594
    ],
    "test_r": [
      0.46289023498193477,
      0.6967692275610952,
      0.6909121299240399,
      0.6036882848627452,
      0.6451434229814185
    ],
    "test_r2": [
      0.00596279496019847,
      0.4175102274568281,
      0.3999792964331894,
      0.31251850736810005,
      0.3124478151846025
    ],
    "test_rmse": [
      -4.337446244283794,
      -3.7746548259280863,
      -3.7455909214007135,
      -4.103426160623927,
      -3.8222007437768606
    ],
    "test_mae": [
      -3.273884356426743,
      -2.9079839060441506,
      -2.871532962637128,
      -3.0748625895182293,
      -2.8865108812422977
    ]
  },
  "473129": {
    "fit_time": [
      0.08235836029052734,
      0.0839383602142334,
      0.08488988876342773,
      0.08225250244140625,
      0.07973432540893555
    ],
    "score_time": [
      0.0074536800384521484,
      0.00741124153137207,
      0.0073277950286865234,
      0.0071527957916259766,
      0.006345987319946289
    ],
    "test_r": [
      0.6768310216134936,
      0.6307999474877187,
      0.7248227246260333,
      0.556128019414989,
      0.6128547097564998
    ],
    "test_r2": [
      0.4380268695293823,
      0.3609847248243765,
      0.4586974632077815,
      -0.0006937075047190877,
      0.3317456802227571
    ],
    "test_rmse": [
      -3.790561609046847,
      -3.7076579169159487,
      -3.504219162395504,
      -4.282529837581125,
      -3.9912741353790704
    ],
    "test_mae": [
      -2.9833085617029442,
      -2.8445545141651944,
      -2.760026277764788,
      -3.2123832770756313,
      -2.976840569632394
    ]
  },
  "r_avg": 0.6228763304576854,
  "r_stdev": 0.06547809077537171,
  "r_stderr": 0.02474839207356371,
  "r2_avg": 0.29080278484236144,
  "r2_stdev": 0.14368806765299016,
  "r2_stderr": 0.05430898476817662,
  "rmse_avg": 3.9310404208321117,
  "rmse_stdev": 0.2744300838995899,
  "rmse_stderr": 0.1037248220389865,
  "mae_avg": 2.9912139646270557,
  "mae_stdev": 0.18589589613253366,
  "mae_stderr": 0.07026204441631112
}