{
  "6": {
    "fit_time": [
      0.047666072845458984,
      0.047389984130859375,
      0.047392845153808594,
      0.04668426513671875,
      0.04530620574951172
    ],
    "score_time": [
      0.006122112274169922,
      0.0059680938720703125,
      0.0077321529388427734,
      0.007742881774902344,
      0.007720947265625
    ],
    "test_r": [
      0.5465298395311731,
      0.6498862271053213,
      0.6019824437869841,
      0.6417471227813925,
      0.6066587419501979
    ],
    "test_r2": [
      0.13334024686779666,
      0.3429638935748822,
      0.2925624084821613,
      0.32045330932952,
      0.3095249586711172
    ],
    "test_rmse": [
      -4.221990681010502,
      -4.028657423433415,
      -3.7159668251754576,
      -4.196376779246444,
      -3.693515223922169
    ],
    "test_mae": [
      -3.0850471526329675,
      -3.0431052590823837,
      -2.717298021713893,
      -3.045893181341666,
      -2.8131355403970786
    ]
  },
  "13": {
    "fit_time": [
      0.03901481628417969,
      0.03844714164733887,
      0.03878593444824219,
      0.038172006607055664,
      0.03817486763000488
    ],
    "score_time": [
      0.005448102951049805,
      0.005432844161987305,
      0.005470991134643555,
      0.005339145660400391,
      0.005319118499755859
    ],
    "test_r": [
      0.49433694610649115,
      0.6931456274523468,
      0.6727694576199066,
      0.6777453173384618,
      0.6854752354376761
    ],
    "test_r2": [
      0.13319068440741477,
      0.40005765376331925,
      0.3570926902102225,
      0.44430453606528786,
      0.4627279175755117
    ],
    "test_rmse": [
      -3.94833651064218,
      -3.693312953510182,
      -3.289684928002616,
      -3.628528318387707,
      -3.966933782050055
    ],
    "test_mae": [
      -2.9613680214933846,
      -2.6785144995704844,
      -2.435735928040964,
      -2.8640278382213036,
      -3.0160143486658737
    ]
  },
  "42": {
    "fit_time": [
      0.04608011245727539,
      0.04505300521850586,
      0.04439806938171387,
      0.04397988319396973,
      0.0439150333404541
    ],
    "score_time": [
      0.005811929702758789,
      0.005827903747558594,
      0.005877971649169922,
      0.0057909488677978516,
      0.006289958953857422
    ],
    "test_r": [
      0.6521158953825437,
      0.650325785032862,
      0.6688740425731003,
      0.6457820588367491,
      0.6467207887613733
    ],
    "test_r2": [
      0.3895420358000846,
      0.3704145275987194,
      0.40296625725586965,
      0.37061075364615426,
      0.35451845178216945
    ],
    "test_rmse": [
      -3.4950541155522536,
      -4.017937503395094,
      -3.9529942155842535,
      -3.357227075692133,
      -3.7174746307667483
    ],
    "test_mae": [
      -2.7679717485620343,
      -3.1828451528786506,
      -2.905972014075076,
      -2.449259583155314,
      -2.6534071198243776
    ]
  },
  "69": {
    "fit_time": [
      0.04722118377685547,
      0.04667091369628906,
      0.04558682441711426,
      0.04616093635559082,
      0.04659104347229004
    ],
    "score_time": [
      0.005914926528930664,
      0.005580902099609375,
      0.005702972412109375,
      0.005626201629638672,
      0.0054552555084228516
    ],
    "test_r": [
      0.6408015495640975,
      0.7394844906843855,
      0.6480155900716181,
      0.6441864764202677,
      0.5641858638246064
    ],
    "test_r2": [
      0.3509757569170603,
      0.4890314384211949,
      0.3844754894490138,
      0.3559212549235121,
      0.21877474541090647
    ],
    "test_rmse": [
      -3.6475867988673873,
      -3.3330963186914198,
      -3.9943141385339525,
      -3.9630938823065787,
      -3.8305537455000134
    ],
    "test_mae": [
      -2.7049347350520834,
      -2.5224319140613085,
      -2.9741458300708072,
      -3.038040953565527,
      -3.0281925166977772
    ]
  },
  "420": {
    "fit_time": [
      0.0528569221496582,
      0.052700042724609375,
      0.05485796928405762,
      0.05440497398376465,
      0.05238795280456543
    ],
    "score_time": [
      0.007898092269897461,
      0.008955001831054688,
      0.007860183715820312,
      0.008440017700195312,
      0.009527206420898438
    ],
    "test_r": [
      0.6229560216532166,
      0.6313457621561893,
      0.671000149714405,
      0.5012035694276314,
      0.6931626037255283
    ],
    "test_r2": [
      0.26530675635036105,
      0.3613259027092114,
      0.38145989284879467,
      0.12213952711392284,
      0.38732923385062856
    ],
    "test_rmse": [
      -4.059327951750679,
      -3.8371483475227213,
      -3.5708909460488396,
      -4.029507792055622,
      -3.9976762225564455
    ],
    "test_mae": [
      -3.073168589850085,
      -2.915841304107949,
      -2.7362909948384324,
      -3.128059202035268,
      -3.031698820775858
    ]
  },
  "1234567890": {
    "fit_time": [
      0.043988943099975586,
      0.043177127838134766,
      0.04338788986206055,
      0.04251217842102051,
      0.042205095291137695
    ],
    "score_time": [
      0.006134986877441406,
      0.00609898567199707,
      0.006905078887939453,
      0.0066297054290771484,
      0.006540775299072266
    ],
    "test_r": [
      0.6290675155168209,
      0.7150223456451122,
      0.5702766294374516,
      0.7265564391907756,
      0.5444770845880291
    ],
    "test_r2": [
      0.35832781875255026,
      0.4352489034300836,
      0.1665079684338322,
      0.5190424762347239,
      0.18936710503230247
    ],
    "test_rmse": [
      -3.751957650619042,
      -3.726010365505402,
      -4.4398137125180686,
      -3.325450297079479,
      -3.822218587498433
    ],
    "test_mae": [
      -2.937734643806011,
      -2.781601213868018,
      -3.2305315643769723,
      -2.5676726434848924,
      -2.8907536466033377
    ]
  },
  "473129": {
    "fit_time": [
      0.04923105239868164,
      0.04989790916442871,
      0.050511837005615234,
      0.05009913444519043,
      0.05029487609863281
    ],
    "score_time": [
      0.007556915283203125,
      0.007215261459350586,
      0.007007122039794922,
      0.00665283203125,
      0.006780147552490234
    ],
    "test_r": [
      0.7067360560765131,
      0.6903067631089443,
      0.750969616934734,
      0.619258879887171,
      0.6209712306260554
    ],
    "test_r2": [
      0.4287044162094624,
      0.41273573350339954,
      0.5453256457831026,
      0.2326441646366878,
      0.32455478279912175
    ],
    "test_rmse": [
      -3.613512009821686,
      -3.7589293233269743,
      -3.254287641947985,
      -3.9449581997530454,
      -3.7013532508255307
    ],
    "test_mae": [
      -2.663182576380739,
      -2.9597686338424687,
      -2.5285243502231656,
      -2.9870551376872587,
      -2.7674136902943807
    ]
  },
  "r_avg": 0.6418308619414322,
  "r_stdev": 0.06035914594706027,
  "r_stderr": 0.02281361278916767,
  "r2_avg": 0.34324198108114573,
  "r2_stdev": 0.10488942374806223,
  "r2_stderr": 0.03964447577117786,
  "rmse_avg": -3.7864479471171566,
  "rmse_stdev": 0.2748774225249708,
  "rmse_stderr": 0.10389390014678528,
  "mae_avg": -2.859618239179366,
  "mae_stdev": 0.20773839238817554,
  "mae_stderr": 0.07851773200278082
}