{
  "6": {
    "fit_time": [
      0.28681159019470215,
      0.1154630184173584,
      0.15416836738586426,
      0.19545531272888184,
      0.21108269691467285
    ],
    "score_time": [
      0.0065190792083740234,
      0.0073926448822021484,
      0.0074274539947509766,
      0.006764888763427734,
      0.0062830448150634766
    ],
    "test_r": [
      0.6544214775487461,
      0.43878755663382135,
      0.5772487232611797,
      0.705238259047677,
      0.6075129927558335
    ],
    "test_r2": [
      0.4126768183758389,
      0.17351300073599396,
      0.3112064046771691,
      0.4911604547781129,
      0.3059754495681075
    ],
    "test_rmse": [
      -2.2803231719771526,
      -2.826758606406904,
      -2.5260342358700263,
      -2.4845926102674434,
      -2.33112707412079
    ],
    "test_mae": [
      -1.6757123071680513,
      -2.276000835840016,
      -1.8187013371279352,
      -1.979020365749136,
      -1.8677475207480578
    ],
    "best_params": {
      "check_inverse": true,
      "func": null,
      "inverse_func": null,
      "regressor__activation": "relu",
      "regressor__alpha": 2.349514376842389e-05,
      "regressor__batch_size": "auto",
      "regressor__beta_1": 0.9,
      "regressor__beta_2": 0.999,
      "regressor__early_stopping": true,
      "regressor__epsilon": 1e-08,
      "regressor__learning_rate": "constant",
      "regressor__learning_rate_init": 0.001889379069961101,
      "regressor__max_fun": 15000,
      "regressor__max_iter": 200,
      "regressor__momentum": 0.9,
      "regressor__n_iter_no_change": 10,
      "regressor__n_layers": 5,
      "regressor__n_neurons": 61,
      "regressor__nesterovs_momentum": true,
      "regressor__power_t": 0.5,
      "regressor__random_state": null,
      "regressor__shuffle": true,
      "regressor__solver": "adam",
      "regressor__tol": 0.0001,
      "regressor__validation_fraction": 0.1,
      "regressor__verbose": false,
      "regressor__warm_start": false,
      "transformer__memory": null,
      "transformer__verbose": false,
      "transformer__MinMax__clip": false,
      "transformer__MinMax__copy": true,
      "transformer__Standard__copy": true,
      "transformer__Standard__with_mean": true,
      "transformer__Standard__with_std": true,
      "transformer__MinMax NN__clip": false,
      "transformer__MinMax NN__copy": true
    }
  },
  "13": {
    "fit_time": [
      0.10153341293334961,
      0.08481264114379883,
      0.1161653995513916,
      0.07083559036254883,
      0.060002803802490234
    ],
    "score_time": [
      0.00778651237487793,
      0.008173704147338867,
      0.007174968719482422,
      0.0077059268951416016,
      0.0070421695709228516
    ],
    "test_r": [
      0.5204649163034055,
      0.677669267657207,
      0.5680814646581255,
      0.5566195191743375,
      0.6855849310173132
    ],
    "test_r2": [
      0.19831465732109388,
      0.454178532256174,
      0.31470058235829845,
      0.29178720849272566,
      0.44968313551440275
    ],
    "test_rmse": [
      -2.4452485069561667,
      -2.373402901563553,
      -2.2497954021994366,
      -2.7769735866745595,
      -2.518940925335247
    ],
    "test_mae": [
      -1.9055868391901911,
      -1.8250614631300925,
      -1.758325852447098,
      -2.090216715279117,
      -1.9639005809697108
    ],
    "best_params": {
      "check_inverse": true,
      "func": null,
      "inverse_func": null,
      "regressor__activation": "relu",
      "regressor__alpha": 0.0009265980189380313,
      "regressor__batch_size": "auto",
      "regressor__beta_1": 0.9,
      "regressor__beta_2": 0.999,
      "regressor__early_stopping": true,
      "regressor__epsilon": 1e-08,
      "regressor__learning_rate": "invscaling",
      "regressor__learning_rate_init": 0.00959837359962508,
      "regressor__max_fun": 15000,
      "regressor__max_iter": 200,
      "regressor__momentum": 0.9,
      "regressor__n_iter_no_change": 10,
      "regressor__n_layers": 3,
      "regressor__n_neurons": 60,
      "regressor__nesterovs_momentum": true,
      "regressor__power_t": 0.5,
      "regressor__random_state": null,
      "regressor__shuffle": true,
      "regressor__solver": "adam",
      "regressor__tol": 0.0001,
      "regressor__validation_fraction": 0.1,
      "regressor__verbose": false,
      "regressor__warm_start": false,
      "transformer__memory": null,
      "transformer__verbose": false,
      "transformer__MinMax__clip": false,
      "transformer__MinMax__copy": true,
      "transformer__Standard__copy": true,
      "transformer__Standard__with_mean": true,
      "transformer__Standard__with_std": true,
      "transformer__MinMax NN__clip": false,
      "transformer__MinMax NN__copy": true
    }
  },
  "42": {
    "fit_time": [
      0.37676024436950684,
      0.3164191246032715,
      0.501528263092041,
      0.379014253616333,
      0.3986063003540039
    ],
    "score_time": [
      0.009536027908325195,
      0.009435653686523438,
      0.008129596710205078,
      0.008638381958007812,
      0.007894277572631836
    ],
    "test_r": [
      0.5859518346269733,
      0.6063593239622579,
      0.6399957973210397,
      0.6680774484920037,
      0.6630837016355166
    ],
    "test_r2": [
      0.3391983438074573,
      0.36125241132843855,
      0.3917974244735284,
      0.44209694289966883,
      0.43874372207711787
    ],
    "test_rmse": [
      -2.4416166376551716,
      -2.5755726828837475,
      -2.5432700688168106,
      -2.1989023574142266,
      -2.225853938693329
    ],
    "test_mae": [
      -1.8630365448841353,
      -2.0096188468660796,
      -1.8744298217555277,
      -1.7315437678929515,
      -1.6809333667651065
    ],
    "best_params": {
      "check_inverse": true,
      "func": null,
      "inverse_func": null,
      "regressor__activation": "relu",
      "regressor__alpha": 0.001,
      "regressor__batch_size": "auto",
      "regressor__beta_1": 0.9,
      "regressor__beta_2": 0.999,
      "regressor__early_stopping": true,
      "regressor__epsilon": 1e-08,
      "regressor__learning_rate": "adaptive",
      "regressor__learning_rate_init": 0.0003826142760727937,
      "regressor__max_fun": 15000,
      "regressor__max_iter": 200,
      "regressor__momentum": 0.9,
      "regressor__n_iter_no_change": 10,
      "regressor__n_layers": 3,
      "regressor__n_neurons": 100,
      "regressor__nesterovs_momentum": true,
      "regressor__power_t": 0.5,
      "regressor__random_state": null,
      "regressor__shuffle": true,
      "regressor__solver": "adam",
      "regressor__tol": 0.0001,
      "regressor__validation_fraction": 0.1,
      "regressor__verbose": false,
      "regressor__warm_start": false,
      "transformer__memory": null,
      "transformer__verbose": false,
      "transformer__MinMax__clip": false,
      "transformer__MinMax__copy": true,
      "transformer__Standard__copy": true,
      "transformer__Standard__with_mean": true,
      "transformer__Standard__with_std": true,
      "transformer__MinMax NN__clip": false,
      "transformer__MinMax NN__copy": true
    }
  },
  "69": {
    "fit_time": [
      0.37549567222595215,
      0.44070982933044434,
      0.21419286727905273,
      0.4407541751861572,
      0.21243596076965332
    ],
    "score_time": [
      0.010655879974365234,
      0.009653568267822266,
      0.010677099227905273,
      0.008844137191772461,
      0.009096384048461914
    ],
    "test_r": [
      0.5798661353109381,
      0.7271465110987668,
      0.6066678012945514,
      0.7043668068558087,
      0.5353353179889327
    ],
    "test_r2": [
      0.23340956032819515,
      0.5090738119521314,
      0.3648251117331087,
      0.43272762871456427,
      0.24547229253511837
    ],
    "test_rmse": [
      -2.7009793127686286,
      -2.144841728807926,
      -2.69124579792873,
      -2.351900971170593,
      -2.415124952883188
    ],