{
  "6": {
    "fit_time": [
      2.038832902908325,
      1.3522322177886963
    ],
    "score_time": [
      0.012086153030395508,
      0.011884689331054688
    ],
    "test_r": [
      0.6251300923087924,
      0.6488245568843325
    ],
    "test_r2": [
      0.38657083602023723,
      0.38128708420356305
    ],
    "test_rmse": [
      -2.4216896459030197,
      -2.4341816572090815
    ],
    "test_mae": [
      -1.8003362543564496,
      -1.911503899043883
    ]
  },
  "r_avg": 0.6369773245965624,
  "r_stdev": 0.011847232287770071,
  "r_stderr": 0.004477832908264916,
  "r2_avg": 0.38392896011190014,
  "r2_stdev": 0.002641875908337088,
  "r2_stderr": 0.000998535235450401,
  "rmse_avg": 2.4279356515560506,
  "rmse_stdev": 0.006246005653030906,
  "rmse_stderr": 0.0023607682350604803,
  "mae_avg": 1.8559200767001665,
  "mae_stdev": 0.05558382234371673,
  "mae_stderr": 0.0210087101199814
}