fold,r,r2,rmse,mae
1.0,0.6240372961052788,0.3518122976609508,2.736323609445842,2.0883861640136114
2.0,0.5835142736429232,0.3311353431709121,2.204149636432826,1.7913218813876148
3.0,0.6442046914813592,0.3974540938742147,2.5095187362546425,1.9645620256801162
4.0,0.5293934641142779,0.270714982688694,2.508412211462691,1.9278133087130325
5.0,0.6362828253199893,0.3854993968865311,2.381572834207011,1.8334420088302803
