fold,r,r2,rmse,mae
1.0,0.41805644094534905,0.17241722674103654,2.9287740314795037,2.1972757478389626
2.0,0.5631077409702767,0.30821279154288916,2.2916901420701787,1.7340142744142217
3.0,0.5942526298839972,0.32063289525661876,2.8260057008133397,2.1508221534236656
4.0,0.589306491671014,0.3449338923488887,2.3729994838520656,1.8823017130577078
5.0,0.5794170100148319,0.33390709056005563,2.4922704669362403,1.9165948287511563
