Dataset,num_of_folds,Features,Targets,Model,r_mean,r_std,r2_mean,r2_std,rmse_mean,rmse_std,mae_mean,mae_std,num_of_data
OPV_Min,5,DA_mordred,calc_PCE_percent,SVM,0.5488280626970938,0.06624606325131868,0.2960207792898978,0.06302397135791497,2.582347965030266,0.2513176571611401,1.9762017434971426,0.1734306623071519,558
