fold,r,r2,rmse,mae
1.0,0.6456693696240612,0.4151939266854169,2.4619888473370812,1.7443822087172187
2.0,0.7541208812432754,0.5588604192696001,1.8300276262945834,1.3810770517013458
3.0,0.7943158098352061,0.6148721655348901,2.1277628905962236,1.6102003805164584
4.0,0.7415380438344589,0.549073274969539,1.9688293112527926,1.546289237655675
5.0,0.8497761708646444,0.7159167916170432,1.6276107438120435,1.2831530770224178
