fold,r,r2,rmse,mae
1.0,0.20163063940202422,-0.0053513783431768935,3.1184759958843364,2.446109395737269
2.0,0.22328761860958668,-0.01849682097802896,3.0520986272271258,2.4565728525028425
3.0,0.5175453567715135,0.23825475620157932,3.0079475590233566,2.507750640588774
4.0,0.08581643745860539,-0.15621796916270592,3.135471868702246,2.5480428185017243
5.0,0.20779951681913156,-0.06852523701396107,3.469383398940552,2.7581701008991844
