Dataset,num_of_folds,Features,Targets,Model,r_mean,r_std,r2_mean,r2_std,rmse_mean,rmse_std,mae_mean,mae_std,num_of_data
OPV_Min,5,DA_mordred,calc_PCE_percent,RF,0.24721591381217226,0.14375815218913804,-0.0020673298592587042,0.13131221666131743,3.156675489955523,0.16294253520846752,2.543329161645959,0.11351036865437006,397
