fold,r,r2,rmse,mae
1.0,0.4077098622319607,0.10029852813865892,3.223786553623307,2.6200036062957235
2.0,0.23893034512778416,-0.03519585396872138,2.7420995194538627,2.228060716319077
3.0,0.24895298510890207,0.04311850480329382,3.1624556991193304,2.541677568817562
4.0,0.3373961732317667,0.06346938864152751,2.842570530411458,2.2943660942374144
5.0,0.38155656819514083,0.13428529528779443,2.826767622162019,2.2373690759469853
