{
  "6": {
    "fit_time": [
      39.38597297668457,
      39.37791204452515,
      39.44840335845947,
      39.16656994819641,
      39.916337966918945
    ],
    "score_time": [
      0.043998003005981445,
      0.052842140197753906,
      0.04824090003967285,
      0.05729198455810547,
      0.03817176818847656
    ],
    "test_r": [
      0.6817419690960752,
      0.7029264228061742,
      0.7446830515801615,
      0.8282843667733286,
      0.7640141339775671
    ],
    "test_r2": [
      0.45297115441643954,
      0.4783313878291232,
      0.5445440497707394,
      0.6816732028497308,
      0.5819562513222051
    ],
    "test_rmse": [
      -0.06924772332167949,
      -0.08749601851869035,
      -0.07052225870770182,
      -0.06430297959119131,
      -0.06602711517098207
    ],
    "test_mae": [
      -0.04376192193678073,
      -0.05640009596962763,
      -0.05233672595756297,
      -0.04646154551712617,
      -0.04426407598364906
    ]
  },
  "13": {
    "fit_time": [
      39.468024015426636,
      39.68405199050903,
      39.71945285797119,
      40.019575119018555,
      39.35992884635925
    ],
    "score_time": [
      0.05214881896972656,
      0.051386117935180664,
      0.05000615119934082,
      0.04235696792602539,
      0.05242323875427246
    ],
    "test_r": [
      0.7727716400624631,
      0.6348727655990901,
      0.8505011563441847,
      0.7380458778117216,
      0.7665278777976512
    ],
    "test_r2": [
      0.5954190546280226,
      0.3745615923047757,
      0.7158792421974547,
      0.5324035693422638,
      0.585617585332036
    ],
    "test_rmse": [
      -0.06963066710943966,
      -0.09306614853116876,
      -0.059948389280242056,
      -0.07149260598938163,
      -0.0602142390259891
    ],
    "test_mae": [
      -0.04922384693349028,
      -0.05921733205532338,
      -0.04011642130216036,
      -0.050949113068857244,
      -0.04506614231814259
    ]
  },
  "42": {
    "fit_time": [
      36.85962510108948,
      37.300376892089844,
      38.03829503059387,
      36.73157978057861,
      37.37862181663513
    ],
    "score_time": [
      1.3580448627471924,
      1.9728059768676758,
      0.040405988693237305,
      1.3605928421020508,
      0.04256916046142578
    ],
    "test_r": [
      0.826384722697515,
      0.8062511518463019,
      0.6736428666317336,
      0.6817131237019701,
      0.6878250754921054
    ],
    "test_r2": [
      0.6756839797102361,
      0.6427294361755655,
      0.36429275907650094,
      0.4490390798366347,
      0.4690807907721888
    ],
    "test_rmse": [
      -0.06009795316842872,
      -0.06011718554092874,
      -0.08283654773735022,
      -0.0828377408457946,
      -0.08429194630939572
    ],
    "test_mae": [
      -0.04235535931883028,
      -0.03908123846171575,
      -0.058049472157627416,
      -0.056834266281484296,
      -0.053931344411543534
    ]
  },
  "69": {
    "fit_time": [
      38.02849197387695,
      37.27666187286377,
      38.877962827682495,
      38.383365869522095,
      37.67640805244446
    ],
    "score_time": [
      0.044531822204589844,
      1.342069149017334,
      1.6114931106567383,
      0.03859114646911621,
      1.8914611339569092
    ],
    "test_r": [
      0.8114711181927654,
      0.6978479959684634,
      0.794539979552481,
      0.71357301112209,
      0.8126520855954662
    ],
    "test_r2": [
      0.657109057009129,
      0.4852877790926945,
      0.6292995501019927,
      0.4858550826401289,
      0.6573543824496018
    ],
    "test_rmse": [
      -0.057842685864594734,
      -0.08982170089152698,
      -0.06365484543009535,
      -0.06796459691165532,
      -0.06580809133291546
    ],
    "test_mae": [
      -0.0437277342495649,
      -0.05762630354768899,
      -0.04605195437182163,
      -0.04609143955637165,
      -0.04677604933326359
    ]
  },
  "420": {
    "fit_time": [
      37.54192614555359,
      39.037407875061035,
      39.04750299453735,
      37.93285298347473,
      38.10574293136597
    ],
    "score_time": [
      1.3347418308258057,
      0.03914904594421387,
      0.0387270450592041,
      0.04849123954772949,
      0.04677104949951172
    ],
    "test_r": [
      0.7021416630832649,
      0.8102346248606405,
      0.7931736895245526,
      0.6889893318735302,
      0.8223037573298511
    ],
    "test_r2": [
      0.4613239641468415,
      0.6400053110168342,
      0.6277756466585986,
      0.46933881624987406,
      0.6720443641524683
    ],
    "test_rmse": [
      -0.07507820532704312,
      -0.07759560294353576,
      -0.057730966182453394,
      -0.08288595200290204,
      -0.054636587542059946
    ],
    "test_mae": [
      -0.05079945048377097,
      -0.050266511872715726,
      -0.04299533782339238,
      -0.053933983513661896,
      -0.03955283585313144
    ]
  },
  "1234567890": {
    "fit_time": [
      37.58514618873596,
      38.37328314781189,
      38.879433155059814,
      39.40721392631531,
      38.97833490371704
    ],
    "score_time": [
      0.058705806732177734,
      1.655404806137085,
      0.038095951080322266,
      0.03350019454956055,
      0.038587093353271484
    ],
    "test_r": [
      0.8077945353151041,
      0.6572233489536011,
      0.8038922713930934,
      0.8337061258237497,
      0.7121999381800593
    ],
    "test_r2": [
      0.6341710401162949,
      0.3858398151947544,
      0.6303818540031265,
      0.6802427937519293,
      0.49180064853261374
    ],
    "test_rmse": [
      -0.06824583082798473,
      -0.079561197055795,
      -0.06397608207474004,
      -0.06520980407841676,
      -0.07387217623450955
    ],
    "test_mae": [
      -0.049952704839203256,
      -0.04750720768827462,
      -0.04425361285923952,
      -0.04898231458432234,
      -0.04907009066605271
    ]
  },
  "473129": {
    "fit_time": [
      38.76919221878052,
      39.26690673828125,
      38.652509927749634,
      39.15634107589722,
      38.188987016677856
    ],
    "score_time": [
      0.046176910400390625,
      0.03389739990234375,
      0.04231119155883789,
      0.03607916831970215,
      0.05613088607788086
    ],
    "test_r": [
      0.7343778169990669,
      0.7363673358442118,
      0.8016130111511668,
      0.6864718888487207,
      0.7785325657088655
    ],
    "test_r2": [
      0.525667353299665,
      0.5401229046418544,
      0.6204185844311018,
      0.46312704951166916,
      0.5952203754271417
    ],
    "test_rmse": [
      -0.07765944189835923,
      -0.0758699376198084,
      -0.0659884869713755,
      -0.08128648188614003,
      -0.059158504393715554
    ],
    "test_mae": [
      -0.05335953983935277,
      -0.05104032444877059,
      -0.045724520135941325,
      -0.052059442930704254,
      -0.043159120999170415
    ]
  },
  "r_avg": 0.7531226370725369,
  "r_stdev": 0.05909629095235384,
  "r_stderr": 0.02233629846660638,
  "r2_avg": 0.5570448430854924,
  "r2_stdev": 0.0964882608337278,
  "r2_stderr": 0.03646913465759679,
  "rmse_avg": -0.07102790560908546,
  "rmse_stdev": 0.010057845175828082,
  "rmse_stderr": 0.0038015081514902595,
  "mae_avg": -0.04859941089343819,
  "mae_stdev": 0.005375036249360197,
  "mae_stderr": 0.00203157274339492
}