{
  "6": {
    "fit_time": [
      0.10571789741516113,
      0.10881567001342773,
      0.10906744003295898,
      0.10945582389831543,
      0.07767701148986816
    ],
    "score_time": [
      0.033754587173461914,
      0.03496289253234863,
      0.035223960876464844,
      0.03508806228637695,
      0.030729055404663086
    ],
    "test_r": [
      0.6973781357879221,
      0.6705834358812057,
      0.8035590451013186,
      0.8272220819602123,
      0.7770400009434666
    ],
    "test_r2": [
      0.44485731207320234,
      0.4004549374925065,
      0.6015700091538142,
      0.661326488552411,
      0.5738500532227193
    ],
    "test_rmse": [
      -0.06975939372854752,
      -0.09379978717300222,
      -0.06595975505094802,
      -0.06632619947305697,
      -0.06666420052963586
    ],
    "test_mae": [
      -0.04053133845185654,
      -0.0604504875072111,
      -0.04393174158988779,
      -0.042755879116348657,
      -0.04295804081926256
    ]
  },
  "13": {
    "fit_time": [
      0.10365581512451172,
      0.10775208473205566,
      0.1071481704711914,
      0.10550165176391602,
      0.078460693359375
    ],
    "score_time": [
      0.03377199172973633,
      0.035539865493774414,
      0.035684823989868164,
      0.03602790832519531,
      0.030685901641845703
    ],
    "test_r": [
      0.8301106265306211,
      0.6988469273403264,
      0.8472104094214319,
      0.7053634500083669,
      0.7628509611365102
    ],
    "test_r2": [
      0.6888152048991012,
      0.4298084859800225,
      0.7135431444565155,
      0.4449647810799653,
      0.5383236074369493
    ],
    "test_rmse": [
      -0.06106706225045517,
      -0.08886072298727761,
      -0.06019433858213742,
      -0.07789073553320089,
      -0.06355758365217999
    ],
    "test_mae": [
      -0.04192032962371043,
      -0.04961433299482598,
      -0.040886803362897815,
      -0.049002890844649226,
      -0.040855789033862465
    ]
  },
  "42": {
    "fit_time": [
      0.09888291358947754,
      0.10576653480529785,
      0.10659122467041016,
      0.10478091239929199,
      0.07865381240844727
    ],
    "score_time": [
      0.034039974212646484,
      0.03522920608520508,
      0.03520011901855469,
      0.03575754165649414,
      0.030710697174072266
    ],
    "test_r": [
      0.7924908464558595,
      0.7447168920148006,
      0.7422892931846183,
      0.5954009442464673,
      0.7304694731945652
    ],
    "test_r2": [
      0.6177828225065192,
      0.4822291775935795,
      0.37322802386937404,
      0.2684066084707204,
      0.5260627566447813
    ],
    "test_rmse": [
      -0.06524249792613786,
      -0.0723717058445017,
      -0.08225232770831778,
      -0.09545589095511131,
      -0.07964018890565842
    ],
    "test_mae": [
      -0.04597917992155948,
      -0.04680416109607307,
      -0.04804312712274607,
      -0.06104300453125495,
      -0.046185641454402945
    ]
  },
  "69": {
    "fit_time": [
      0.1123192310333252,
      0.11359882354736328,
      0.11491656303405762,
      0.11139655113220215,
      0.08060240745544434
    ],
    "score_time": [
      0.03448152542114258,
      0.03537893295288086,
      0.03458094596862793,
      0.036005496978759766,
      0.030874013900756836
    ],
    "test_r": [
      0.7465180368647681,
      0.7175421865250873,
      0.7805660159663286,
      0.7889876865496712,
      0.8269888855167963
    ],
    "test_r2": [
      0.4996509394195845,
      0.4874632085049503,
      0.5842926329218207,
      0.5636030013668445,
      0.6712112549156657
    ],
    "test_rmse": [
      -0.06987261355371667,
      -0.08963168434959376,
      -0.06740836166049542,
      -0.06261535534527199,
      -0.06446369205796161
    ],
    "test_mae": [
      -0.0459145244738192,
      -0.054974081065501466,
      -0.04439527679739967,
      -0.040455220386039895,
      -0.04261941295047938
    ]
  },
  "420": {
    "fit_time": [
      0.08219695091247559,
      0.1435544490814209,
      0.08643507957458496,
      0.13780713081359863,
      0.08342242240905762
    ],
    "score_time": [
      0.03171277046203613,
      0.03087592124938965,
      0.033545494079589844,
      0.032811641693115234,
      0.031049013137817383
    ],
    "test_r": [
      0.7625389707489891,
      0.8061688994164373,
      0.822841158988749,
      0.712252544775216,
      0.6723846252881551
    ],
    "test_r2": [
      0.5479453839156816,
      0.6440091938163197,
      0.6483382681339845,
      0.45833941534220934,
      0.33555626809686157
    ],
    "test_rmse": [
      -0.0687773612003339,
      -0.07716288489541816,
      -0.05611371074629275,
      -0.08374056492248982,
      -0.07776875058855387
    ],
    "test_mae": [
      -0.04157624165717141,
      -0.04766651149838062,
      -0.037515245974461146,
      -0.05268197098167307,
      -0.05323926518354908
    ]
  },
  "1234567890": {
    "fit_time": [
      0.12490248680114746,
      0.11433267593383789,
      0.12022066116333008,
      0.1154170036315918,
      0.0780797004699707
    ],
    "score_time": [
      0.03535723686218262,
      0.03479790687561035,
      0.03502845764160156,
      0.0358123779296875,
      0.030668258666992188
    ],
    "test_r": [
      0.8366946866370423,
      0.6462864504656991,
      0.801240369862829,
      0.8071223806527078,
      0.7460358351034834
    ],
    "test_r2": [
      0.6955922959647052,
      0.3299331882751695,
      0.5948777241940337,
      0.6200531744499487,
      0.5205064054531081
    ],
    "test_rmse": [
      -0.06225366206690269,
      -0.08310354183493188,
      -0.06697829067072673,
      -0.07108273592590242,
      -0.0717555082604824
    ],
    "test_mae": [
      -0.04122306970531484,
      -0.0483547221329861,
      -0.04307698241475777,
      -0.04686729131134636,
      -0.046526300730326556
    ]
  },
  "473129": {
    "fit_time": [
      0.11465597152709961,
      0.11584305763244629,
      0.11285209655761719,
      0.11083698272705078,
      0.08034443855285645
    ],
    "score_time": [
      0.03589367866516113,
      0.03596997261047363,
      0.036726951599121094,
      0.036924123764038086,
      0.03076028823852539
    ],
    "test_r": [
      0.7006809461120732,
      0.7582760258163002,
      0.7332702963741718,
      0.7354271531046239,
      0.8294969334478984
    ],
    "test_r2": [
      0.44082721955220605,
      0.5486927257922267,
      0.49854594335319125,
      0.5040506966676235,
      0.6676542309092695
    ],
    "test_rmse": [
      -0.08431906228368855,
      -0.07515969411738582,
      -0.07584575426737589,
      -0.07812701079337465,
      -0.05360470884519096
    ],
    "test_mae": [
      -0.05363590839972559,
      -0.04550006262349909,
      -0.05113563751757755,
      -0.04585505141217756,
      -0.03765652560430843
    ]
  },
  "r_avg": 0.7559100746121349,
  "r_stdev": 0.05933857222604325,
  "r_stderr": 0.022427872180536403,
  "r2_avg": 0.5321819024136454,
  "r2_stdev": 0.11125283747956119,
  "r2_stderr": 0.04204962008874354,
  "rmse_avg": 0.07282363824817882,
  "rmse_stdev": 0.01028317039175553,
  "rmse_stderr": 0.0038866730779839676,
  "mae_avg": 0.046338058579744115,
  "mae_stdev": 0.005581717806736904,
  "mae_stderr": 0.0021096910293095334
}