{
  "6": {
    "fit_time": [
      0.17351412773132324,
      0.1562817096710205
    ],
    "score_time": [
      0.06804394721984863,
      0.06592726707458496
    ],
    "test_r": [
      0.6500672227676857,
      0.7512366502745216
    ],
    "test_r2": [
      0.3218646152991086,
      0.5321189873775216
    ],
    "test_rmse": [
      -0.08807022254158994,
      -0.07451944213679361
    ],
    "test_mae": [
      -0.05688898943361534,
      -0.04835382978173376
    ]
  },
  "r_avg": 0.7006519365211037,
  "r_stdev": 0.05058471375341794,
  "r_stderr": 0.01911922467613322,
  "r2_avg": 0.4269918013383151,
  "r2_stdev": 0.10512718603920651,
  "r2_stderr": 0.03973434147025168,
  "rmse_avg": 0.08129483233919177,
  "rmse_stdev": 0.006775390202398167,
  "rmse_stderr": 0.0025608567872813046,
  "mae_avg": 0.05262140960767455,
  "mae_stdev": 0.0042675798259407885,
  "mae_stderr": 0.0016129935599365197
}