{
  "6": {
    "fit_time": [
      0.31198811531066895,
      0.34431982040405273,
      0.3511219024658203,
      0.35497331619262695,
      0.2355506420135498
    ],
    "score_time": [
      0.03234100341796875,
      0.026278257369995117,
      0.024992942810058594,
      0.025922775268554688,
      0.02239680290222168
    ],
    "test_r": [
      0.02532758599331985,
      -0.03298556097838346,
      0.031302930422148885,
      -0.07565036096042191,
      0.014206433010948014
    ],
    "test_r2": [
      -1.3234245222379933e+23,
      -6.57613912515281e+23,
      -8.076273914067786e+23,
      -1.6896407163028033e+23,
      -5.5705495097125736e+23
    ],
    "test_rmse": [
      -34060418073.596725,
      -98237303687.49446,
      -93909287053.9777,
      -46848067479.63414,
      -76218513633.73572
    ],
    "test_mae": [
      -15305602356.247019,
      -30609531844.88596,
      -32835650874.14445,
      -16502461850.251434,
      -34225576363.500893
    ]
  },
  "13": {
    "fit_time": [
      0.378307580947876,
      0.3851456642150879,
      0.3856680393218994,
      0.387645959854126,
      0.20960330963134766
    ],
    "score_time": [
      0.02540278434753418,
      0.024002552032470703,
      0.023899078369140625,
      0.022936344146728516,
      0.022635698318481445
    ],
    "test_r": [
      0.018982759255580496,
      -0.051924277572667696,
      0.02759340738692695,
      0.06609605935443051,
      -0.09181490755786413
    ],
    "test_r2": [
      -2.9631439609653583e+24,
      -1.821793453161273e+21,
      -7.867835999831787e+23,
      -1.2509222111945082e+23,
      -1.1866761504257245e+23
    ],
    "test_rmse": [
      -188440487652.31284,
      -5022836438.016936,
      -99759367278.05246,
      -36977767387.14931,
      -32222902028.5676
    ],
    "test_mae": [
      -60447848499.730064,
      -2056176582.619701,
      -28303197645.67056,
      -11097256913.16808,
      -8936599646.803219
    ]
  },
  "42": {
    "fit_time": [
      0.3733489513397217,
      0.3860630989074707,
      0.3904294967651367,
      0.3827531337738037,
      0.20578360557556152
    ],
    "score_time": [
      0.026490449905395508,
      0.023438692092895508,
      0.023793458938598633,
      0.02373218536376953,
      0.021091461181640625
    ],
    "test_r": [
      -0.1090259296353392,
      -0.13677841208289154,
      -0.004302540555330305,
      0.1449725117591596,
      0.0442241869908336
    ],
    "test_r2": [
      -9.964664530800727e+23,
      -6.690788098752838e+22,
      -2.5162763476979782e+23,
      -1.9366566635529037e+23,
      -7.898292666764266e+22
    ],
    "test_rmse": [
      -105343276244.22469,
      -26015888377.3902,
      -52116180516.769966,
      -49112740201.37811,
      -32511609768.899025
    ],
    "test_mae": [
      -39955432547.31213,
      -7381562215.516105,
      -16929278177.413105,
      -16951851771.285288,
      -11856504225.146826
    ]
  },
  "69": {
    "fit_time": [
      0.3939042091369629,
      0.3936035633087158,
      0.39571070671081543,
      0.3973109722137451,
      0.20440673828125
    ],
    "score_time": [
      0.024687528610229492,
      0.024149179458618164,
      0.022544145584106445,
      0.023163795471191406,
      0.02137446403503418
    ],
    "test_r": [
      -0.03202347669736378,
      0.17495526922395827,
      0.012397811271169623,
      0.024329764308748534,
      -0.08686222090808914
    ],
    "test_r2": [
      -5.726637410603763e+24,
      -5.354490336638857e+23,
      -5.9411529131735e+23,
      -2.2787390521464143e+24,
      -1.1532689119451984e+24
    ],
    "test_rmse": [
      -236385202611.60333,
      -91613210814.75896,
      -80585197854.08063,
      -143082747066.77353,
      -120731889262.72331
    ],
    "test_mae": [
      -66734388606.16564,
      -38976936264.5038,
      -30664325218.775974,
      -31626727844.61098,
      -45748211487.77343
    ]
  },
  "420": {
    "fit_time": [
      0.3709578514099121,
      0.3826334476470947,
      0.38187384605407715,
      0.3841564655303955,
      0.20559000968933105
    ],
    "score_time": [
      0.02609872817993164,
      0.023836851119995117,
      0.02377486228942871,
      0.022480249404907227,
      0.0211789608001709
    ],
    "test_r": [
      -0.004588780778148655,
      -0.0007801515019376856,
      0.05088905192878184,
      -0.03714826025629766,
      0.1060320829912287
    ],
    "test_r2": [
      -9.279459740595102e+23,
      -7.507319129825692e+23,
      -2.248872054826003e+22,
      -1.5961786759407588e+24,
      -6.724080989340224e+21
    ],
    "test_rmse": [
      -98539737470.67004,
      -112055068169.80084,
      -14190209514.509636,
      -143751710668.07513,
      -7823345048.385216
    ],
    "test_mae": [
      -27769653834.559975,
      -29011964358.800274,
      -5931558329.117002,
      -53943138794.42132,
      -3129373342.940138
    ]
  },
  "1234567890": {
    "fit_time": [
      0.36812257766723633,
      0.3803696632385254,
      0.37940430641174316,
      0.3823685646057129,
      0.21161770820617676
    ],
    "score_time": [
      0.027887821197509766,
      0.024579524993896484,
      0.024549245834350586,
      0.023130416870117188,
      0.02119731903076172
    ],
    "test_r": [
      0.05219249388489577,
      -0.030476253570812104,
      -0.011289688758135227,
      -0.013413171374162163,
      -0.04685417044180984
    ],
    "test_r2": [
      -2.4053728699592607e+24,
      -8.776753337520697e+21,
      -8.940471974104854e+23,
      -1.422231828404804e+22,
      -1.226949791218723e+24
    ],
    "test_rmse": [
      -174996067056.48996,
      -9511027254.542837,
      -99499573939.72438,
      -13752698490.534008,
      -114782911241.31409
    ],
    "test_mae": [
      -47995016844.90484,
      -2990084719.8647585,
      -28191363522.2716,
      -5088202559.898978,
      -38477104084.127884
    ]
  },
  "473129": {
    "fit_time": [
      0.3894476890563965,
      0.3756580352783203,
      0.38928699493408203,
      0.39034152030944824,
      0.2044811248779297
    ],
    "score_time": [
      0.0241849422454834,
      0.025920629501342773,
      0.022797107696533203,
      0.022416353225708008,
      0.02135634422302246
    ],
    "test_r": [
      0.041403684365950925,
      -0.043334528374030665,
      0.0222821142292089,
      0.03805096644294874,
      0.03608132825721777
    ],
    "test_r2": [
      -1.465519099751286e+24,
      -1.2191659267196127e+23,
      -1.2273742664713158e+24,
      -6.593703255510249e+23,
      -2.961024986172939e+23
    ],
    "test_rmse": [
      -136504980805.28189,
      -39064317890.611,
      -118659962535.94832,
      -90083917661.16025,
      -50597481508.38116
    ],
    "test_mae": [
      -32984043279.753254,
      -17554274421.859898,
      -27201227442.258556,
      -32836973862.968407,
      -17672105761.323456
    ]
  },
  "r_avg": 0.0034876499735363355,
  "r_stdev": 0.06471143353141216,
  "r_stderr": 0.024458622872371834,
  "r2_avg": -8.519626659611837e+23,
  "r2_stdev": 1.1055990993291813e+24,
  "r2_stderr": 4.1787718093743024e+23,
  "rmse_avg": 82085940076.7591,
  "rmse_stdev": 54916243149.45542,
  "rmse_stderr": 20756388901.6305,
  "mae_avg": 26226320174.131287,
  "mae_stdev": 16354218076.429552,
  "mae_stderr": 6181313416.735673
}