{
  "6": {
    "fit_time": [
      27.54233193397522,
      27.633016109466553
    ],
    "score_time": [
      4.1946961879730225,
      4.206263065338135
    ],
    "test_r": [
      0.6081515460292014,
      0.6530262055693631
    ],
    "test_r2": [
      0.3645275652660267,
      0.42290971181119896
    ],
    "test_rmse": [
      -0.08525488029995,
      -0.08276062605502142
    ],
    "test_mae": [
      -0.056803018231865884,
      -0.057275877214776554
    ]
  },
  "r_avg": 0.6305888757992822,
  "r_stdev": 0.02243732977008084,
  "r_stderr": 0.00848051352228285,
  "r2_avg": 0.39371863853861283,
  "r2_stdev": 0.029191073272586132,
  "r2_stderr": 0.011033188626046755,
  "rmse_avg": 0.08400775317748571,
  "rmse_stdev": 0.0012471271224642894,
  "rmse_stderr": 0.0004713697456177291,
  "mae_avg": 0.057039447723321215,
  "mae_stdev": 0.00023642949145533457,
  "mae_stderr": 8.936194814175512e-05
}