{
  "6": {
    "fit_time": [
      0.4965689182281494,
      0.5120687484741211,
      0.5103821754455566,
      0.4996049404144287,
      0.4986708164215088
    ],
    "score_time": [
      0.07973098754882812,
      0.07032322883605957,
      0.0727849006652832,
      0.07504105567932129,
      0.07709217071533203
    ],
    "test_r": [
      0.5306160643864912,
      0.6168379048483509,
      0.7063355682146617,
      0.7360984751882899,
      0.5753354904264653
    ],
    "test_r2": [
      0.2813137842555422,
      0.31430542252474647,
      0.4818047178877193,
      0.5072185341679842,
      0.32808903345730644
    ],
    "test_rmse": [
      -0.07937249702263562,
      -0.10031278665673576,
      -0.07522284429835058,
      -0.08000583826475767,
      -0.08370806842834691
    ],
    "test_mae": [
      -0.056540910813541366,
      -0.07097764078599289,
      -0.056301670885218806,
      -0.05998561936997445,
      -0.06404573064432156
    ]
  },
  "13": {
    "fit_time": [
      0.45537877082824707,
      0.393481969833374,
      0.4420468807220459,
      0.44041895866394043,
      0.4392819404602051
    ],
    "score_time": [
      0.09924006462097168,
      0.106903076171875,
      0.110260009765625,
      0.10009407997131348,
      0.09497404098510742
    ],
    "test_r": [
      0.6811500568662345,
      0.6373348157578922,
      0.7747789976626034,
      0.6188108486275815,
      0.6725579485595583
    ],
    "test_r2": [
      0.4158083444381626,
      0.38189778686785225,
      0.5397893101686688,
      0.37630544925350096,
      0.4013555429414314
    ],
    "test_rmse": [
      -0.08367110764874758,
      -0.09251872027309363,
      -0.07629645994845559,
      -0.08256795132520474,
      -0.07237407508602885
    ],
    "test_mae": [
      -0.06223758336069639,
      -0.06685164842929413,
      -0.05893106791061409,
      -0.05858194350247379,
      -0.05527654286657821
    ]
  },
  "42": {
    "fit_time": [
      0.348067045211792,
      1.3738958835601807,
      0.3448300361633301,
      0.33014678955078125,
      0.3497331142425537
    ],
    "score_time": [
      0.11955785751342773,
      0.05651712417602539,
      0.11893224716186523,
      0.11852598190307617,
      0.11713910102844238
    ],
    "test_r": [
      0.6870074594295694,
      0.7543896285129041,
      0.6741168745104025,
      0.5791065324182462,
      0.5537118575135443
    ],
    "test_r2": [
      0.408286329145474,
      0.5523175455554117,
      0.44758696689624167,
      0.31936595434538784,
      0.27086595260659296
    ],
    "test_rmse": [
      -0.08117667927815572,
      -0.06729535052765055,
      -0.07721921283988557,
      -0.0920713864737447,
      -0.09878148520627797
    ],
    "test_mae": [
      -0.06317653094855277,
      -0.051402999068194954,
      -0.057962656461488286,
      -0.06548943742013241,
      -0.06968995605528669
    ]
  },
  "69": {
    "fit_time": [
      0.4543602466583252,
      0.47522783279418945,
      0.4826548099517822,
      0.47564172744750977,
      0.47890591621398926
    ],
    "score_time": [
      0.081298828125,
      0.0773780345916748,
      0.07164502143859863,
      0.07482433319091797,
      0.07254409790039062
    ],
    "test_r": [
      0.675250278968052,
      0.688311964551207,
      0.6585988743922699,
      0.5393768379124042,
      0.7453950091523994
    ],
    "test_r2": [
      0.4524822494443229,
      0.44218463373287764,
      0.3789532163016305,
      0.27318157698158774,
      0.4866077119510136
    ],
    "test_rmse": [
      -0.07309194951559718,
      -0.09350703185632073,
      -0.08239143554459724,
      -0.08080773531632378,
      -0.08055293603587967
    ],
    "test_mae": [
      -0.055104162617926375,
      -0.06499532275982584,
      -0.06202800211972653,
      -0.05890269668154086,
      -0.06436439125509687
    ]
  },
  "420": {
    "fit_time": [
      0.4709360599517822,
      0.43877291679382324,
      0.48508596420288086,
      0.5055170059204102,
      0.4724540710449219
    ],
    "score_time": [
      0.07904601097106934,
      0.09898996353149414,
      0.07250595092773438,
      0.06512284278869629,
      0.07782697677612305
    ],
    "test_r": [
      0.6073122734804342,
      0.7090211689545918,
      0.6256758023650595,
      0.678512498805899,
      0.6524906966007311
    ],
    "test_r2": [
      0.3649801939498677,
      0.45147160368852746,
      0.35756254365202234,
      0.4089818092741916,
      0.41910829050723575
    ],
    "test_rmse": [
      -0.08151615575286965,
      -0.09578304134343911,
      -0.07584411023714893,
      -0.08747273249019416,
      -0.07271493269515643
    ],
    "test_mae": [
      -0.06204847663178066,
      -0.06798548986893918,
      -0.058443584784759306,
      -0.061486196554623465,
      -0.055596149404895615
    ]
  },
  "1234567890": {
    "fit_time": [
      0.5126631259918213,
      0.5074310302734375,
      0.48424720764160156,
      0.5063591003417969,
      0.4650402069091797
    ],
    "score_time": [
      0.06759500503540039,
      0.06955385208129883,
      0.08011388778686523,
      0.06860804557800293,
      0.0899660587310791
    ],
    "test_r": [
      0.7262804051422455,
      0.5909780584794023,
      0.6771570330246568,
      0.7530950968377915,
      0.6010157070770615
    ],
    "test_r2": [
      0.46090819783726134,
      0.3332559319911028,
      0.4518751614381016,
      0.4963486944169282,
      0.36038681766177816
    ],
    "test_rmse": [
      -0.08284540930438393,
      -0.08289723782150266,
      -0.07790776389409879,
      -0.08184039315466986,
      -0.08287480947652638
    ],
    "test_mae": [
      -0.06062064254150166,
      -0.05775858389974645,
      -0.05935780571374123,
      -0.06060467597663756,
      -0.059898661846904074
    ]
  },
  "473129": {
    "fit_time": [
      0.4864346981048584,
      0.5213181972503662,
      0.5244097709655762,
      0.5163908004760742,
      0.5216560363769531
    ],
    "score_time": [
      0.08975005149841309,
      0.07152986526489258,
      0.07102727890014648,
      0.0741422176361084,
      0.07162308692932129
    ],
    "test_r": [
      0.595174128308511,
      0.7671471900305478,
      0.6968041610817655,
      0.6033281666681922,
      0.7095616342984661
    ],
    "test_r2": [
      0.3529891964164722,
      0.5290585648822709,
      0.4028673595675102,
      0.3425606493185388,
      0.4571678958999589
    ],
    "test_rmse": [
      -0.09070025812550701,
      -0.0767772033427945,
      -0.08276583592778582,
      -0.0899519149649523,
      -0.06850789550891528
    ],
    "test_mae": [
      -0.06518421509347923,
      -0.05528903251731214,
      -0.06224531057774939,
      -0.06394783279356633,
      -0.05538460336972774
    ]
  },
  "r_avg": 0.6599621574015567,
  "r_stdev": 0.0657517404055743,
  "r_stderr": 0.0248518219118324,
  "r2_avg": 0.40712122781214927,
  "r2_stdev": 0.07449642341429186,
  "r2_stderr": 0.028157001416855076,
  "rmse_avg": -0.08238129273104956,
  "rmse_stdev": 0.0078909356890683,
  "rmse_stderr": 0.0029824933492684034,
  "mae_avg": -0.06081993644376688,
  "mae_stdev": 0.004443475364336505,
  "mae_stderr": 0.001679475824410931
}