{
  "6": {
    "fit_time": [
      0.6154682636260986,
      0.6192688941955566,
      0.6140015125274658,
      0.6140968799591064,
      0.2608363628387451
    ],
    "score_time": [
      0.17479228973388672,
      0.1745438575744629,
      0.1704549789428711,
      0.17037582397460938,
      0.11142396926879883
    ],
    "test_r": [
      0.8053812868073171,
      0.8190524402999608,
      0.846660194409897,
      0.8211893550289235,
      0.7322297822014845
    ],
    "test_r2": [
      0.6318078579002253,
      0.6275144563237909,
      0.7005291781634604,
      0.6437319801410812,
      0.5291039756680992
    ],
    "test_rmse": [
      -2.6571105603323275,
      -3.2390910739349894,
      -2.5553452825599035,
      -2.8163170761375453,
      -3.128672990158212
    ],
    "test_mae": [
      -1.783922207341895,
      -2.214484019528591,
      -1.843687072997247,
      -1.7874001370708426,
      -2.123100015647981
    ]
  },
  "13": {
    "fit_time": [
      0.6129727363586426,
      0.6240100860595703,
      0.6233556270599365,
      0.6061100959777832,
      0.26902127265930176
    ],
    "score_time": [
      0.16985177993774414,
      0.17404770851135254,
      0.17228078842163086,
      0.16956782341003418,
      0.11479067802429199
    ],
    "test_r": [
      0.7430490834149583,
      0.8202787365405364,
      0.8376534415759995,
      0.8071393162459032,
      0.7778153250925882
    ],
    "test_r2": [
      0.5331578897219473,
      0.6488136039791796,
      0.6848372864097652,
      0.6468393227974067,
      0.5922209804422532
    ],
    "test_rmse": [
      -3.3327514412386727,
      -2.9777884892114455,
      -2.5428894658539543,
      -2.7400143339052434,
      -2.9183794061315065
    ],
    "test_mae": [
      -2.150286682094067,
      -2.1419266850549983,
      -1.777704867830465,
      -1.8976050948419971,
      -1.957196101981967
    ]
  },
  "42": {
    "fit_time": [
      0.6140391826629639,
      0.6117253303527832,
      0.6273829936981201,
      0.6161308288574219,
      0.2656991481781006
    ],
    "score_time": [
      0.17080450057983398,
      0.1706840991973877,
      0.17090535163879395,
      0.16791534423828125,
      0.11277127265930176
    ],
    "test_r": [
      0.8418703336733838,
      0.8373068599641399,
      0.7555225968934722,
      0.8158278159707899,
      0.8187114610518613
    ],
    "test_r2": [
      0.6759786049840626,
      0.6870156663709857,
      0.5418410072287753,
      0.6291953086179591,
      0.6243126127404766
    ],
    "test_rmse": [
      -2.6632168695346468,
      -2.2945045757590523,
      -3.716409813177477,
      -2.763943596165119,
      -2.841774070776238
    ],
    "test_mae": [
      -1.9301858183521803,
      -1.6842028815345718,
      -2.552012089477276,
      -1.7297731987708944,
      -1.9353299836180093
    ]
  },
  "69": {
    "fit_time": [
      0.6018991470336914,
      0.6156806945800781,
      0.6188020706176758,
      0.6216938495635986,
      0.26378822326660156
    ],
    "score_time": [
      0.16657710075378418,
      0.17197418212890625,
      0.17081499099731445,
      0.1705639362335205,
      0.11146783828735352
    ],
    "test_r": [
      0.8280912033163716,
      0.8682159448269313,
      0.7828807449657931,
      0.7825755702505963,
      0.7795776274826101
    ],
    "test_r2": [
      0.6732650538625415,
      0.7239290548848264,
      0.5877000060721151,
      0.6093496960773161,
      0.578735602383756
    ],
    "test_rmse": [
      -2.56654424612366,
      -2.593051738007127,
      -2.9592358691873635,
      -3.063348478673748,
      -3.0635993309874263
    ],
    "test_mae": [
      -1.809629981239245,
      -1.8108323516810982,
      -1.9513118694242473,
      -2.1148358743824587,
      -2.1509341213409394
    ]
  },
  "420": {
    "fit_time": [
      0.6100640296936035,
      0.6109495162963867,
      0.6188690662384033,
      0.6196057796478271,
      0.26259899139404297
    ],
    "score_time": [
      0.17095661163330078,
      0.16866230964660645,
      0.17114567756652832,
      0.17039823532104492,
      0.11116695404052734
    ],
    "test_r": [
      0.8235845817680867,
      0.7587743642957182,
      0.874390920262001,
      0.8487043236555105,
      0.7278197775693396
    ],
    "test_r2": [
      0.6439426283624634,
      0.5748630479707322,
      0.7492490647573575,
      0.6812180153965537,
      0.5108924465910376
    ],
    "test_rmse": [
      -2.783611299087484,
      -2.924460550129431,
      -2.186052859775158,
      -2.89964163867872,
      -3.46426916237729
    ],
    "test_mae": [
      -1.970845772245784,
      -2.0486274272310423,
      -1.5949459335966618,
      -2.070753037092154,
      -2.208546084754783
    ]
  },
  "1234567890": {
    "fit_time": [
      0.6131362915039062,
      0.6171979904174805,
      0.6233770847320557,
      0.6151671409606934,
      0.26610422134399414
    ],
    "score_time": [
      0.16596269607543945,
      0.17099928855895996,
      0.15848612785339355,
      0.19561767578125,
      0.11238336563110352
    ],
    "test_r": [
      0.8738741534706536,
      0.8145663642851495,
      0.7359985307438294,
      0.8457633965363329,
      0.8341408534484304
    ],
    "test_r2": [
      0.7336593531684457,
      0.6502904784867234,
      0.5013142071905174,
      0.6911055069449239,
      0.6901091795352721
    ],
    "test_rmse": [
      -2.350568485633249,
      -2.8806480881014163,
      -3.735889320140133,
      -2.579186962065985,
      -2.3584469169946676
    ],
    "test_mae": [
      -1.7469258572338486,
      -2.0968871529623594,
      -2.4416347182679132,
      -1.7135861108396888,
      -1.6241195286429264
    ]
  },
  "473129": {
    "fit_time": [
      0.5954422950744629,
      0.6176106929779053,
      0.613548994064331,
      0.6182236671447754,
      0.2669496536254883
    ],
    "score_time": [
      0.16482043266296387,
      0.17442846298217773,
      0.17293143272399902,
      0.17021393775939941,
      0.11099624633789062
    ],
    "test_r": [
      0.8145370792388833,
      0.8261671899392773,
      0.7994358424583865,
      0.787054164800866,
      0.8423746289911758
    ],
    "test_r2": [
      0.6440291873330265,
      0.6511453030297172,
      0.6289910955572064,
      0.5879462110624588,
      0.6866985404005381
    ],
    "test_rmse": [
      -2.9739377257723714,
      -2.722973158664087,
      -2.920552155134298,
      -3.2262904400647514,
      -2.2485111754305995
    ],
    "test_mae": [
      -2.1356385190244547,
      -1.9930741442078868,
      -1.926313966327299,
      -2.102390138613886,
      -1.605797953079322
    ]
  },
  "r_avg": 0.8093775797564903,
  "r_stdev": 0.039128284258917026,
  "r_stderr": 0.014789101339676813,
  "r2_avg": 0.6341523831587713,
  "r2_stdev": 0.061612667349556866,
  "r2_stderr": 0.02328739934546808,
  "rmse_avg": 2.84825796131158,
  "rmse_stdev": 0.3697946382241429,
  "rmse_stderr": 0.13976923555802598,
  "mae_avg": 1.9607556399523134,
  "mae_stdev": 0.22182704334671544,
  "mae_stderr": 0.0838427415377363
}