{
  "6": {
    "fit_time": [
      6.156064987182617,
      6.412257194519043
    ],
    "score_time": [
      0.12604427337646484,
      0.11133956909179688
    ],
    "test_r": [
      0.0688494529295711,
      0.037284900237378696
    ],
    "test_r2": [
      -854648.0807158784,
      -256.8698784116452
    ],
    "test_rmse": [
      -2861.379638671875,
      -50.74253463745117
    ],
    "test_mae": [
      -178.60154724121094,
      -6.791437149047852
    ]
  },
  "r_avg": 0.0530671765834749,
  "r_stdev": 0.015782276346096205,
  "r_stderr": 0.0059651397620382445,
  "r2_avg": -427452.475297145,
  "r2_stdev": 427195.6054187334,
  "r2_stderr": 161464.76187394932,
  "rmse_avg": 1456.061086654663,
  "rmse_stdev": 1405.318552017212,
  "rmse_stderr": 531.1604859232757,
  "mae_avg": 92.6964921951294,
  "mae_stdev": 85.90505504608154,
  "mae_stderr": 32.46905885932087
}