{
  "6": {
    "fit_time": [
      0.13966012001037598,
      0.14179086685180664,
      0.1385180950164795,
      0.13649725914001465,
      0.14405608177185059
    ],
    "score_time": [
      0.009619951248168945,
      0.009338140487670898,
      0.009375810623168945,
      0.010104656219482422,
      0.008346796035766602
    ],
    "test_r": [
      0.6678922254377586,
      0.6184419589897132,
      0.614610148758302,
      0.4956471330259842,
      0.5475761274701519
    ],
    "test_r2": [
      0.43129722443241814,
      0.37665326717864034,
      0.3397926305747182,
      0.17912754304013212,
      0.2400122462369163
    ],
    "test_rmse": [
      -2.2349625045592756,
      -2.5587465938424314,
      -2.453307775061764,
      -2.85447399075203,
      -2.690851351894452
    ],
    "test_mae": [
      -1.7551742053586914,
      -2.0093654463643986,
      -1.815940033231379,
      -2.2511138013287835,
      -2.1725676554031677
    ]
  },
  "13": {
    "fit_time": [
      0.09771013259887695,
      0.09697294235229492,
      0.09990787506103516,
      0.09940505027770996,
      0.09665465354919434
    ],
    "score_time": [
      0.00737309455871582,
      0.007419109344482422,
      0.006587028503417969,
      0.0066509246826171875,
      0.00687718391418457
    ],
    "test_r": [
      0.629710219855053,
      0.7042208354834723,
      0.5186176543392296,
      0.6383238762152619,
      0.522251807042847
    ],
    "test_r2": [
      0.3302277540617585,
      0.48719769625257425,
      0.19920313017663793,
      0.39184008258855585,
      0.2279310111736106
    ],
    "test_rmse": [
      -2.532000385955546,
      -2.2224273428813253,
      -2.6176284564567034,
      -2.4582219876732716,
      -2.7233904879342115
    ],
    "test_mae": [
      -1.884736957915225,
      -1.7443054374883185,
      -2.1053778935382037,
      -1.9003834354196036,
      -2.1648407673849537
    ]
  },
  "42": {
    "fit_time": [
      0.11464190483093262,
      0.11280989646911621,
      0.11409711837768555,
      0.11291694641113281,
      0.11629700660705566
    ],
    "score_time": [
      0.00591588020324707,
      0.005900144577026367,
      0.005794048309326172,
      0.005800962448120117,
      0.006417751312255859
    ],
    "test_r": [
      0.640825419815404,
      0.5494688506218126,
      0.6057894529288329,
      0.619650045664337,
      0.5934207638425207
    ],
    "test_r2": [
      0.4087580904484116,
      0.25276669331388424,
      0.33382674808457824,
      0.3255382376097077,
      0.33367592097182586
    ],
    "test_rmse": [
      -2.4133140234035633,
      -2.2286228905237007,
      -2.8367542592772796,
      -2.4506102378752543,
      -2.5984978915940284
    ],
    "test_mae": [
      -1.9145335972477782,
      -1.7469362974167233,
      -2.308603273000776,
      -1.9131100891714605,
      -2.053468554745686
    ]
  },
  "69": {
    "fit_time": [
      0.11494278907775879,
      0.11631894111633301,
      0.11335515975952148,
      0.11719989776611328,
      0.1152188777923584
    ],
    "score_time": [
      0.006032228469848633,
      0.006213188171386719,
      0.005808115005493164,
      0.007009029388427734,
      0.006627082824707031
    ],
    "test_r": [
      0.6536890898076411,
      0.6315980090751134,
      0.5763833594146559,
      0.6944078122962982,
      0.49188929949637333
    ],
    "test_r2": [
      0.4070754013093547,
      0.3848664238929701,
      0.2741816976924011,
      0.4787966355330855,
      0.1120669514392012
    ],
    "test_rmse": [
      -2.2917315552426656,
      -2.4866526180088733,
      -2.5169014683885766,
      -2.3468964994002204,
      -2.911472033264849
    ],
    "test_mae": [
      -1.811831001715523,
      -1.9701283729360257,
      -1.9859482494965712,
      -1.783577538945763,
      -2.3124966073279336
    ]
  },
  "420": {
    "fit_time": [
      0.10680985450744629,
      0.10896086692810059,
      0.10723519325256348,
      0.1073453426361084,
      0.10496187210083008
    ],
    "score_time": [
      0.00606989860534668,
      0.00586390495300293,
      0.005814075469970703,
      0.005921602249145508,
      0.005904197692871094
    ],
    "test_r": [
      0.5073584438015548,
      0.5423346227576051,
      0.6682993117477967,
      0.6435876584987237,
      0.6126891479809294
    ],
    "test_r2": [
      0.20975366347528523,
      0.2490214869087216,
      0.4124517823905609,
      0.4014897216288642,
      0.35167150751681253
    ],
    "test_rmse": [
      -2.7434028306569465,
      -2.478821432104128,
      -2.218261789880397,
      -2.5528058757578695,
      -2.648780514333306
    ],
    "test_mae": [
      -2.223028496036366,
      -1.9058321602781818,
      -1.7586717229821325,
      -2.027828331007353,
      -1.9726501125055655
    ]
  },
  "1234567890": {
    "fit_time": [
      0.10785365104675293,
      0.1069800853729248,
      0.10595297813415527,
      0.10702204704284668,
      0.10759973526000977
    ],
    "score_time": [
      0.006120204925537109,
      0.006275177001953125,
      0.00642704963684082,
      0.005819797515869141,
      0.006328105926513672
    ],
    "test_r": [
      0.5826868936588019,
      0.6402561183379536,
      0.6038240784592791,
      0.6589946614443917,
      0.6539413586184954
    ],
    "test_r2": [
      0.3155754493522481,
      0.40496012886408683,
      0.3155215676297657,
      0.3945213617064772,
      0.37404503459381366
    ],
    "test_rmse": [
      -2.5433082151874915,
      -2.5253698234675266,
      -2.77162321801708,
      -2.2182049750569806,
      -2.256891889747094
    ],
    "test_mae": [
      -2.064375775684613,
      -2.0493360262330715,
      -2.132987224135961,
      -1.7285206696539375,
      -1.768207740341957
    ]
  },
  "473129": {
    "fit_time": [
      0.11537814140319824,
      0.11687588691711426,
      0.11678886413574219,
      0.1174771785736084,
      0.11664319038391113
    ],
    "score_time": [
      0.0065898895263671875,
      0.006043910980224609,
      0.0061571598052978516,
      0.0059719085693359375,
      0.005972862243652344
    ],
    "test_r": [
      0.649147012163421,
      0.6410858505786952,
      0.5986202171680812,
      0.5810080888138764,
      0.4913947001437524
    ],
    "test_r2": [
      0.40466646923675376,
      0.37547692535791866,
      0.3051652493030912,
      0.29498894661276553,
      0.1858831476945897
    ],
    "test_rmse": [
      -2.3691338003375813,
      -2.3897057459134605,
      -2.648674834729116,
      -2.705300314940373,
      -2.554822083102182
    ],
    "test_mae": [
      -1.8706513821974877,
      -1.9074413735932896,
      -2.0584467660078842,
      -2.0809006255713167,
      -1.9409927496856987
    ]
  },
  "r_avg": 0.6025612072501177,
  "r_stdev": 0.05791483051004161,
  "r_stderr": 0.02188974839314659,
  "r2_avg": 0.32885793795094675,
  "r2_stdev": 0.0876873949935294,
  "r2_stderr": 0.03314272003828129,
  "rmse_avg": -2.515787762777759,
  "rmse_stdev": 0.19208846801098495,
  "rmse_stderr": 0.07260261658292172,
  "mae_avg": -1.9741231534671941,
  "mae_stdev": 0.16535310375229378,
  "mae_stderr": 0.06249759872017579
}