{
  "6": {
    "fit_time": [
      0.027087926864624023,
      0.027888059616088867
    ],
    "score_time": [
      0.02095198631286621,
      0.021986007690429688
    ],
    "test_r": [
      0.07233739738737853,
      0.03018766388177997
    ],
    "test_r2": [
      -3426.8223732748716,
      -3.7140256178429487
    ],
    "test_rmse": [
      -181.21357091793584,
      -6.860690901432546
    ],
    "test_mae": [
      -13.639620862044922,
      -2.7395293371044054
    ]
  },
  "r_avg": 0.05126253063457925,
  "r_stdev": 0.02107486675279928,
  "r_stderr": 0.007965550905961462,
  "r2_avg": -1715.2681994463574,
  "r2_stdev": 1711.5541738285144,
  "r2_stderr": 646.9066713378377,
  "rmse_avg": 94.0371309096842,
  "rmse_stdev": 87.17644000825165,
  "rmse_stderr": 32.949597206539345,
  "mae_avg": 8.189575099574663,
  "mae_stdev": 5.450045762470258,
  "mae_stderr": 2.059923674488243
}