{
  "6": {
    "fit_time": [
      0.07185912132263184,
      0.06821298599243164
    ],
    "score_time": [
      0.00865793228149414,
      0.008263111114501953
    ],
    "test_r": [
      0.3327519416249692,
      -0.0382535873614046
    ],
    "test_r2": [
      0.06136202452731854,
      -6620806905.9451475
    ],
    "test_rmse": [
      -2.998683461414616,
      -257114.95923712602
    ],
    "test_mae": [
      -2.4638064232961856,
      -15826.734502474561
    ]
  },
  "r_avg": 0.1472491771317823,
  "r_stdev": 0.1855027644931869,
  "r_stderr": 0.07011345462342217,
  "r2_avg": -3310403452.9418926,
  "r2_stdev": 3310403453.0032544,
  "r2_stderr": 1251214896.5623012,
  "rmse_avg": 128558.97896029372,
  "rmse_stdev": 128555.98027683231,
  "rmse_stderr": 48589.59333751753,
  "mae_avg": 7914.599154448929,
  "mae_stdev": 7912.135348025632,
  "mae_stderr": 2990.5060671941865
}