{
  "6": {
    "fit_time": [
      0.029336929321289062,
      0.02818584442138672,
      0.02943897247314453,
      0.02746891975402832,
      0.02439594268798828
    ],
    "score_time": [
      0.006868124008178711,
      0.006960153579711914,
      0.007196903228759766,
      0.006779909133911133,
      0.006262063980102539
    ],
    "test_r": [
      0.16099736602094594,
      0.1326740600687608,
      0.14402706752584238,
      0.043290084776777295,
      0.20531218361593037
    ],
    "test_r2": [
      0.024217263171635195,
      0.00255360539564653,
      0.008694964603317312,
      -0.09446119391842323,
      -0.03834171202728687
    ],
    "test_rmse": [
      -2.9392355670785557,
      -3.105385296109211,
      -3.030388703137876,
      -3.643887372314403,
      -2.851337868828534
    ],
    "test_mae": [
      -2.347796282763542,
      -2.506986676744629,
      -2.3761001432666973,
      -2.846071040018406,
      -2.23846855161839
    ]
  },
  "13": {
    "fit_time": [
      0.011068105697631836,
      0.012455224990844727,
      0.010797977447509766,
      0.0200650691986084,
      0.012121200561523438
    ],
    "score_time": [
      0.006681203842163086,
      0.006700754165649414,
      0.0072100162506103516,
      0.006101846694946289,
      0.005948781967163086
    ],
    "test_r": [
      0.1648478409317159,
      0.18853917424348127,
      0.009241713545868504,
      0.15437752264697685,
      0.1475812643657473
    ],
    "test_r2": [
      0.019006880486355016,
      -0.07873620010861226,
      -0.051257882552384615,
      -0.00860616963760008,
      -0.022354070009922733
    ],
    "test_rmse": [
      -2.704917423443287,
      -3.3365972613175887,
      -2.786489918623889,
      -3.313986049367456,
      -3.433303819020916
    ],
    "test_mae": [
      -2.1547829721327436,
      -2.6128474580859833,
      -2.2663565405531965,
      -2.581859381976485,
      -2.7003979558436524
    ]
  },
  "42": {
    "fit_time": [
      0.013934850692749023,
      0.013236045837402344,
      0.014822959899902344,
      0.0217897891998291,
      0.014452934265136719
    ],
    "score_time": [
      0.006924867630004883,
      0.007093906402587891,
      0.006062030792236328,
      0.006094932556152344,
      0.0062448978424072266
    ],
    "test_r": [
      0.10252146173206428,
      0.18707446289294608,
      0.27020092608164525,
      0.07329525029390437,
      0.10551711289678106
    ],
    "test_r2": [
      0.007183139341789713,
      -0.04048141812186867,
      -0.03083172104517007,
      -0.013524475697801908,
      -0.03933975427171399
    ],
    "test_rmse": [
      -2.9927916690811127,
      -3.2872015852111933,
      -3.3110233225098864,
      -2.963764520646697,
      -3.028968982436629
    ],
    "test_mae": [
      -2.430451119931789,
      -2.520581942281915,
      -2.6488299004093334,
      -2.3958213852018577,
      -2.3015396962139625
    ]
  },
  "69": {
    "fit_time": [
      0.011436939239501953,
      0.013274192810058594,
      0.013254880905151367,
      0.014081239700317383,
      0.013785839080810547
    ],
    "score_time": [
      0.0075490474700927734,
      0.007579803466796875,
      0.007189035415649414,
      0.00698399543762207,
      0.006520986557006836
    ],
    "test_r": [
      0.24501893841310599,
      0.10854952202337356,
      0.20607826360301343,
      0.04243435200226698,
      0.06164671273357249
    ],
    "test_r2": [
      0.045351057089970115,
      -0.05444198492475705,
      -0.00022262796479366465,
      -0.08049620777384958,
      -0.0292255518992377
    ],
    "test_rmse": [
      -3.014126022516079,
      -3.1433916525144565,
      -3.3771864837988588,
      -3.245897780442049,
      -2.8207025337732805
    ],
    "test_mae": [
      -2.4212875154069384,
      -2.4907261937764367,
      -2.680069367536467,
      -2.427751949882622,
      -2.266978944834936
    ]
  },
  "420": {
    "fit_time": [
      0.016825199127197266,
      0.016373872756958008,
      0.018581151962280273,
      0.017865896224975586,
      0.018795013427734375
    ],
    "score_time": [
      0.009922027587890625,
      0.008997201919555664,
      0.007405996322631836,
      0.008043766021728516,
      0.007061004638671875
    ],
    "test_r": [
      0.09527765418299441,
      0.0845844840796843,
      0.19630185217454982,
      0.12820099664562487,
      0.15019764714778644
    ],
    "test_r2": [
      -0.000645195408239152,
      -0.011415833062019765,
      -0.0377112170166376,
      0.008467516313674817,
      -0.09999958660001607
    ],
    "test_rmse": [
      -3.0850020129436597,
      -3.1287937022589403,
      -3.015189001173865,
      -2.8498696656010774,
      -3.5230836366831904
    ],
    "test_mae": [
      -2.465543822845793,
      -2.4549096824478758,
      -2.351949989500983,
      -2.2677185122621686,
      -2.772968569327845
    ]
  },
  "1234567890": {
    "fit_time": [
      0.015937089920043945,
      0.014937162399291992,
      0.015316963195800781,
      0.0143890380859375,
      0.01266622543334961
    ],
    "score_time": [
      0.007328987121582031,
      0.007398843765258789,
      0.009100914001464844,
      0.006941080093383789,
      0.008254766464233398
    ],
    "test_r": [
      0.10259932603437578,
      0.31496814964722036,
      0.024269251149462913,
      0.07914416797312901,
      0.17526599290505543
    ],
    "test_r2": [
      -0.04797440542259057,
      -0.025586634415479814,
      -0.04877678841253519,
      -0.016031112754553156,
      0.030357399992103185
    ],
    "test_rmse": [
      -3.1591363215531625,
      -3.1921669840016063,
      -3.3947539696966706,
      -3.0524208726623216,
      -2.799412267554736
    ],
    "test_mae": [
      -2.428743365546083,
      -2.520556943277444,
      -2.705969996842119,
      -2.4020058020073276,
      -2.2469407340556384
    ]
  },
  "473129": {
    "fit_time": [
      0.014634132385253906,
      0.013520002365112305,
      0.013123035430908203,
      0.012579202651977539,
      0.013724088668823242
    ],
    "score_time": [
      0.008217096328735352,
      0.009765863418579102,
      0.009176015853881836,
      0.0077359676361083984,
      0.007647991180419922
    ],
    "test_r": [
      0.09864818933428508,
      -0.06474342637715536,
      0.175730592084935,
      0.22046954555002984,
      0.18110860029482667
    ],
    "test_r2": [
      -0.10650644118885522,
      -0.07377219525941414,
      0.016225509132674842,
      0.006034023700215996,
      0.03013396115753675
    ],
    "test_rmse": [
      -3.439857055083382,
      -3.0517591666278214,
      -3.1013574647988444,
      -3.1017964040832453,
      -2.93334245537513
    ],
    "test_mae": [
      -2.6364102734276296,
      -2.4173051371458163,
      -2.4642825134686484,
      -2.4576831751501373,
      -2.3442728103047212
    ]
  },
  "r_avg": 0.13472138009261497,
  "r_stdev": 0.07628010907971526,
  "r_stderr": 0.028831171229400945,
  "r2_avg": -0.02435757311739553,
  "r2_stdev": 0.03888307600859561,
  "r2_stderr": 0.014696421332566566,
  "rmse_avg": -3.118814994636274,
  "rmse_stdev": 0.22233706923088364,
  "rmse_stderr": 0.084035513202267,
  "mae_avg": -2.4615133241740055,
  "mae_stdev": 0.16142726767296317,
  "mae_stderr": 0.061013772155330985
}