{
  "6": {
    "fit_time": [
      0.029970169067382812,
      0.03119802474975586
    ],
    "score_time": [
      0.021209716796875,
      0.01999688148498535
    ],
    "test_r": [
      -0.0688325943558261,
      0.007350452762771473
    ],
    "test_r2": [
      -1.113088808909756e+20,
      -7.64085158514229
    ],
    "test_rmse": [
      -32654758187.461388,
      -9.28859777479979
    ],
    "test_mae": [
      -2010303498.244281,
      -2.954763276174121
    ]
  },
  "r_avg": -0.030741070796527315,
  "r_stdev": 0.03809152355929879,
  "r_stderr": 0.01439724262820893,
  "r2_avg": -5.56544404454878e+19,
  "r2_stdev": 5.56544404454878e+19,
  "r2_stderr": 2.103540125360222e+19,
  "rmse_avg": 16327379098.374992,
  "rmse_stdev": 16327379089.086395,
  "rmse_stderr": 6171169233.028416,
  "mae_avg": 1005151750.5995221,
  "mae_stdev": 1005151747.6447588,
  "mae_stderr": 379911650.592855
}