{
  "6": {
    "fit_time": [
      0.0751340389251709,
      0.07252192497253418
    ],
    "score_time": [
      0.008013010025024414,
      0.007769107818603516
    ],
    "test_r": [
      -0.06881802343164668,
      -0.03825515024667672
    ],
    "test_r2": [
      -7.484952399064518e+44,
      -846551359886.6345
    ],
    "test_rmse": [
      -8.467907110112291e+22,
      -2907358.1851493428
    ],
    "test_mae": [
      -5.211636558291088e+21,
      -178938.19094816924
    ]
  },
  "r_avg": -0.0535365868391617,
  "r_stdev": 0.01528143659248498,
  "r_stderr": 0.005775840128502506,
  "r2_avg": -3.742476199532259e+44,
  "r2_stdev": 3.742476199532259e+44,
  "r2_stderr": 1.4145230445057858e+44,
  "rmse_avg": 4.2339535550561456e+22,
  "rmse_stdev": 4.2339535550561456e+22,
  "rmse_stderr": 1.60028402418234e+22,
  "mae_avg": 2.605818279145544e+21,
  "mae_stdev": 2.605818279145544e+21,
  "mae_stderr": 9.849067326350569e+20
}