{
  "6": {
    "fit_time": [
      1.1989250183105469,
      1.2107360363006592
    ],
    "score_time": [
      1.3566160202026367,
      1.334575891494751
    ],
    "test_r": [
      0.5366083840139192,
      0.5646186492796842
    ],
    "test_r2": [
      0.2864827859491357,
      0.2934813968743718
    ],
    "test_rmse": [
      -2.6144707747691536,
      -2.6560343348132327
    ],
    "test_mae": [
      -2.1090145391166484,
      -2.087230125275006
    ],
    "best_params": {
      "check_inverse": true,
      "func": null,
      "inverse_func": null,
      "regressor__natural_gradient": true,
      "regressor__n_estimators": 151,
      "regressor__learning_rate": 0.011826780571453624,
      "regressor__minibatch_frac": 1,
      "regressor__col_sample": 1.0,
      "regressor__verbose": false,
      "transformer__copy": true,
      "transformer__method": "yeo-johnson",
      "transformer__standardize": true
    }
  },
  "r_avg": 0.5506135166468017,
  "r_stdev": 0.0140051326328825,
  "r_stderr": 0.0052934425750117645,
  "r2_avg": 0.28998209141175374,
  "r2_stdev": 0.003499305462618063,
  "r2_stderr": 0.0013226131450767462,
  "rmse_avg": 2.635252554791193,
  "rmse_stdev": 0.020781780022039564,
  "rmse_stderr": 0.00785477453422387,
  "mae_avg": 2.0981223321958273,
  "mae_stdev": 0.010892206920821268,
  "mae_stderr": 0.004116867248735668
}