{
  "6": {
    "fit_time": [
      6.112390995025635,
      6.200782060623169
    ],
    "score_time": [
      1.997920036315918,
      2.009713888168335
    ],
    "test_r": [
      0.5663181977872567,
      0.5474544009545598
    ],
    "test_r2": [
      0.3052468147054007,
      0.2915716426566678
    ],
    "test_rmse": [
      -2.579864148020926,
      -2.6596216074327925
    ],
    "test_mae": [
      -2.046483982409572,
      -2.1339068141166604
    ]
  },
  "r_avg": 0.5568862993709083,
  "r_stdev": 0.00943189841634845,
  "r_stderr": 0.0035649225144117067,
  "r2_avg": 0.29840922868103426,
  "r2_stdev": 0.00683758602436646,
  "r2_stderr": 0.002584364598354926,
  "rmse_avg": 2.619742877726859,
  "rmse_stdev": 0.03987872970593331,
  "rmse_stderr": 0.015072743057580499,
  "mae_avg": 2.0901953982631163,
  "mae_stdev": 0.0437114158535441,
  "mae_stderr": 0.016521362257571975
}