{
  "6": {
    "fit_time": [
      2.963083028793335,
      2.901522159576416,
      2.965698480606079,
      2.922018527984619,
      2.6811232566833496
    ],
    "score_time": [
      0.06982636451721191,
      0.07067513465881348,
      0.07017707824707031,
      0.07100081443786621,
      0.06959652900695801
    ],
    "test_r": [
      0.6132381757960745,
      0.604378600695295,
      0.5576598962114024,
      0.6240920634057917,
      0.6252355549954556
    ],
    "test_r2": [
      0.3671037781527229,
      0.35725532525627646,
      0.3075056185296302,
      0.3727058039580564,
      0.36832182477930964
    ],
    "test_rmse": [
      -2.583192653670186,
      -2.424010206256313,
      -2.6068552799084466,
      -2.717346484620061,
      -2.192088841023451
    ],
    "test_mae": [
      -2.0539525398189777,
      -1.9142121846902422,
      -2.0328797423707234,
      -2.151784768983171,
      -1.797604688870985
    ]
  },
  "13": {
    "fit_time": [
      2.921003818511963,
      3.000247001647949,
      2.9761242866516113,
      2.9348645210266113,
      2.6799864768981934
    ],
    "score_time": [
      0.0709524154663086,
      0.07013583183288574,
      0.07101035118103027,
      0.07074809074401855,
      0.0697481632232666
    ],
    "test_r": [
      0.5703330472638299,
      0.6439553189086185,
      0.5300471520563909,
      0.6545426545504672,
      0.642909919790166
    ],
    "test_r2": [
      0.308940988366043,
      0.41210202157875,
      0.26794713171169093,
      0.412791521379838,
      0.3916675861371003
    ],
    "test_rmse": [
      -2.2947603908425016,
      -2.4105427206386527,
      -2.3976061883524387,
      -2.7012077544904454,
      -2.6018940839615765
    ],
    "test_mae": [
      -1.838753459148146,
      -1.8257807303640348,
      -1.94946706862313,
      -2.169463999990756,
      -2.0482838618360213
    ]
  },
  "42": {
    "fit_time": [
      2.9565627574920654,
      2.9290683269500732,
      2.925917387008667,
      2.9236936569213867,
      2.7366693019866943
    ],
    "score_time": [
      0.07013678550720215,
      0.07065629959106445,
      0.07146048545837402,
      0.0703425407409668,
      0.07084941864013672
    ],
    "test_r": [
      0.5621507175282692,
      0.6596814651436156,
      0.5636464030601056,
      0.5945133706919045,
      0.5894064544360926
    ],
    "test_r2": [
      0.28327207917898845,
      0.43225730158855735,
      0.2965046573711919,
      0.3526937297604291,
      0.33331147030091623
    ],
    "test_rmse": [
      -2.241583200288376,
      -2.470926848054648,
      -2.847280061742064,
      -2.5208441152792105,
      -2.3907575089260624
    ],
    "test_mae": [
      -1.8352313047142426,
      -1.9861098241322164,
      -2.193422271867872,
      -2.073821904027302,
      -1.9155769368945328
    ]
  },
  "69": {
    "fit_time": [
      2.972597360610962,
      2.9346442222595215,
      2.950248956680298,
      2.8640317916870117,
      2.6224963665008545
    ],
    "score_time": [
      0.07049846649169922,
      0.07068896293640137,
      0.07591366767883301,
      0.0710146427154541,
      0.06960129737854004
    ],
    "test_r": [
      0.558429169002827,
      0.6708019223511401,
      0.5850744828006412,
      0.6756783872161816,
      0.5540096271669922
    ],
    "test_r2": [
      0.29623749404653577,
      0.44857908548526804,
      0.3116457668060142,
      0.4405822597688136,
      0.3012297479599002
    ],
    "test_rmse": [
      -2.347506293705755,
      -2.4242602864448703,
      -2.9143769690155286,
      -2.423447214179872,
      -2.2789680185037704
    ],
    "test_mae": [
      -1.884886733563442,
      -1.9735411238611629,
      -2.2441624693006212,
      -1.9505889422693896,
      -1.7487738609321897
    ]
  },
  "420": {
    "fit_time": [
      2.904951333999634,
      2.941420316696167,
      2.9368271827697754,
      2.8986175060272217,
      2.660245656967163
    ],
    "score_time": [
      0.0782008171081543,
      0.07056665420532227,
      0.07126021385192871,
      0.06984734535217285,
      0.06905746459960938
    ],
    "test_r": [
      0.5712162212018266,
      0.66697099636734,
      0.6083566638344091,
      0.5598298620182894,
      0.6558009793206384
    ],
    "test_r2": [
      0.32292279030550497,
      0.42484798589641515,
      0.3672390913982144,
      0.285171843785632,
      0.42202076125756327
    ],
    "test_rmse": [
      -2.62070708225488,
      -2.333022922105533,
      -2.51844415271236,
      -2.2670179969952864,
      -2.600609014181283
    ],
    "test_mae": [
      -2.0757557258318395,
      -1.8595880748155815,
      -1.9722598635598787,
      -1.8118690591404405,
      -2.0847442396193223
    ]
  },
  "1234567890": {
    "fit_time": [
      2.9068186283111572,
      2.91974139213562,
      2.9215505123138428,
      2.892326831817627,
      2.666588306427002
    ],
    "score_time": [
      0.07045769691467285,
      0.07010960578918457,
      0.07204580307006836,
      0.06964993476867676,
      0.06813406944274902
    ],
    "test_r": [
      0.5387116748093845,
      0.6601198255507085,
      0.6987503975964428,
      0.5615292253989744,
      0.622180273150152
    ],
    "test_r2": [
      0.2762617757026836,
      0.43280751342238943,
      0.43668691348557576,
      0.31303848700135795,
      0.3855081792132816
    ],
    "test_rmse": [
      -2.5195253422630155,
      -2.395433141019895,
      -2.4508951576343607,
      -2.62442457125034,
      -2.392689697934567
    ],
    "test_mae": [
      -1.9598439114116721,
      -1.909551705614163,
      -1.9389208603590649,
      -2.145243350398095,
      -1.9354406558414432
    ]
  },
  "473129": {
    "fit_time": [
      2.954845666885376,
      2.9243130683898926,
      3.015573740005493,
      2.909221887588501,
      2.6403324604034424
    ],
    "score_time": [
      0.07616758346557617,
      0.07074928283691406,
      0.07765793800354004,
      0.07121109962463379,
      0.06905412673950195
    ],
    "test_r": [
      0.6051273887625169,
      0.6129104979911796,
      0.647286712536212,
      0.660269619702894,
      0.5852864960869165
    ],
    "test_r2": [
      0.3533046501133955,
      0.37484726588928985,
      0.4182977994678758,
      0.40178337017398014,
      0.31815751643259826
    ],
    "test_rmse": [
      -2.646929160337067,
      -2.394194028069577,
      -2.5169516938606575,
      -2.1749499113446005,
      -2.5891132188121615
    ],
    "test_mae": [
      -2.1000780901861984,
      -1.9016903379204386,
      -2.097128550193014,
      -1.7497486226446024,
      -2.0046820700370698
    ]
  },
  "r_avg": 0.6095466062114041,
  "r_stdev": 0.04449200081968438,
  "r_stderr": 0.01681639564293811,
  "r2_avg": 0.359872889590337,
  "r2_stdev": 0.054516248896845976,
  "r2_stderr": 0.020605205284736253,
  "rmse_avg": 2.4809817774479948,
  "rmse_stdev": 0.17034240497362246,
  "rmse_stderr": 0.06438337732697957,
  "mae_avg": 1.975281243823771,
  "mae_stdev": 0.1264601373479137,
  "mae_stderr": 0.047797439169378696
}