{
  "6": {
    "fit_time": [
      3.611766815185547,
      3.6652228832244873
    ],
    "score_time": [
      0.1175692081451416,
      0.10875105857849121
    ],
    "test_r": [
      0.5666351084977727,
      0.5473868240595511
    ],
    "test_r2": [
      0.305454496047171,
      0.29167014873169994
    ],
    "test_rmse": [
      -2.5794785220851,
      -2.65943669247926
    ],
    "test_mae": [
      -2.046549208840976,
      -2.1330548335070527
    ]
  },
  "r_avg": 0.5570109662786619,
  "r_stdev": 0.009624142219110787,
  "r_stderr": 0.003637583842012063,
  "r2_avg": 0.2985623223894355,
  "r2_stdev": 0.006892173657735534,
  "r2_stderr": 0.002604996784434089,
  "rmse_avg": 2.61945760728218,
  "rmse_stdev": 0.039979085197080044,
  "rmse_stderr": 0.015110673867905355,
  "mae_avg": 2.0898020211740143,
  "mae_stdev": 0.04325281233303846,
  "mae_stderr": 0.016348026419623886
}