{
  "6": {
    "fit_time": [
      3.4410319328308105,
      3.525261163711548
    ],
    "score_time": [
      0.09929609298706055,
      0.09839487075805664
    ],
    "test_r": [
      0.5622866107847673,
      0.5435775767091124
    ],
    "test_r2": [
      0.3017555270355726,
      0.2803167106667731
    ],
    "test_rmse": [
      -2.5863382173907463,
      -2.6806653050487297
    ],
    "test_mae": [
      -2.044042027879719,
      -2.141012411502842
    ]
  },
  "r_avg": 0.5529320937469399,
  "r_stdev": 0.009354517037827415,
  "r_stderr": 0.003535675102458276,
  "r2_avg": 0.29103611885117286,
  "r2_stdev": 0.010719408184399759,
  "r2_stderr": 0.004051555465387452,
  "rmse_avg": 2.633501761219738,
  "rmse_stdev": 0.04716354382899168,
  "rmse_stderr": 0.01782614398857243,
  "mae_avg": 2.0925272196912807,
  "mae_stdev": 0.04848519181156141,
  "mae_stderr": 0.018325679971808107
}