{
  "6": {
    "fit_time": [
      0.07405281066894531,
      0.059886932373046875,
      0.04784727096557617,
      0.06539392471313477,
      0.060671091079711914
    ],
    "score_time": [
      0.005743265151977539,
      0.0058400630950927734,
      0.00591278076171875,
      0.0058078765869140625,
      0.006065845489501953
    ],
    "test_r": [
      0.06266275165653143,
      0.14836312751541847,
      0.2936574788033273,
      0.20430929704851375,
      0.31277479435632516
    ],
    "test_r2": [
      -0.16047889964336282,
      0.007800010854824624,
      0.06936815659797502,
      -0.01963391962518668,
      0.03883143069636119
    ],
    "test_rmse": [
      -3.205357344476206,
      -3.097207618367465,
      -2.9361864935397737,
      -3.517117670536786,
      -2.743331637334496
    ],
    "test_mae": [
      -2.457751078821927,
      -2.4595068673161884,
      -2.282635564412291,
      -2.7511344354304206,
      -2.172579473231999
    ]
  },
  "13": {
    "fit_time": [
      0.06373214721679688,
      0.06630301475524902,
      0.08418583869934082,
      0.08856916427612305,
      0.04590606689453125
    ],
    "score_time": [
      0.0060007572174072266,
      0.005770206451416016,
      0.0055773258209228516,
      0.0056819915771484375,
      0.007187843322753906
    ],
    "test_r": [
      0.1291538189213834,
      0.022818682434277877,
      0.03630629866903767,
      0.005692515390675796,
      0.3218503251958231
    ],
    "test_r2": [
      -0.04066719248416506,
      -0.19967377119720453,
      -0.16271042515452927,
      -0.1322607803007434,
      0.03169551094281353
    ],
    "test_rmse": [
      -2.7859733800059505,
      -3.518663568446179,
      -2.9304790891172003,
      -3.511260879229151,
      -3.341315951958292
    ],
    "test_mae": [
      -2.250299029129152,
      -2.6862237426947218,
      -2.355553809319981,
      -2.791676205608279,
      -2.6243101157532456
    ]
  },
  "42": {
    "fit_time": [
      0.06963825225830078,
      0.059107065200805664,
      0.04241609573364258,
      0.05724024772644043,
      0.04096627235412598
    ],
    "score_time": [
      0.006246805191040039,
      0.0059320926666259766,
      0.00638270378112793,
      0.005615711212158203,
      0.007082939147949219
    ],
    "test_r": [
      -0.18219696591957013,
      0.3428565544016911,
      0.2192840390493544,
      0.20614370752830158,
      0.20979220099676807
    ],
    "test_r2": [
      -0.26750418440311097,
      0.04998440680180993,
      -0.03390158218405337,
      0.01610473328919526,
      -0.02143126308832577
    ],
    "test_rmse": [
      -3.381556242937214,
      -3.1410477621249626,
      -3.3159498422202183,
      -2.920122091964014,
      -3.0027600526723632
    ],
    "test_mae": [
      -2.7329411136793924,
      -2.401605145177273,
      -2.6556400752861884,
      -2.382623978662357,
      -2.2832472009021134
    ]
  },
  "69": {
    "fit_time": [
      0.06633114814758301,
      0.08083200454711914,
      0.05814814567565918,
      0.05136299133300781,
      0.0753638744354248
    ],
    "score_time": [
      0.006227016448974609,
      0.005825042724609375,
      0.006661891937255859,
      0.007073163986206055,
      0.0059010982513427734
    ],
    "test_r": [
      0.20498008068439263,
      0.09137295773050573,
      0.14756795097255812,
      0.03087406924873127,
      0.22084974297647286
    ],
    "test_r2": [
      0.04127572669843704,
      -0.25376466261246544,
      -0.0013692147682873301,
      -0.07827586583397728,
      0.04333120711396421
    ],
    "test_rmse": [
      -3.0205527189290082,
      -3.4276396901974424,
      -3.379121617170964,
      -3.2425610222009182,
      -2.719460859264056
    ],
    "test_mae": [
      -2.449146229124566,
      -2.721844276835762,
      -2.627174705586805,
      -2.4582105999452892,
      -2.209470449115015
    ]
  },
  "420": {
    "fit_time": [
      0.04743313789367676,
      0.07742500305175781,
      0.056565046310424805,
      0.0444643497467041,
      0.05143904685974121
    ],
    "score_time": [
      0.005636930465698242,
      0.005220174789428711,
      0.005552768707275391,
      0.005962848663330078,
      0.00545501708984375
    ],
    "test_r": [
      0.18403873004777654,
      0.04383112136518914,
      0.3310177389069208,
      -0.012432594648088352,
      0.1998705707054407
    ],
    "test_r2": [
      0.023781779464969066,
      -0.06684074465694612,
      0.03800468448026795,
      -0.09731635382177384,
      -0.12235357489194332
    ],
    "test_rmse": [
      -3.0471150285368864,
      -3.2133782643118516,
      -2.9031051301835413,
      -2.9980401949997058,
      -3.558701320048902
    ],
    "test_mae": [
      -2.4035048886964345,
      -2.4798168050092664,
      -2.2556481270948114,
      -2.280002520731494,
      -2.7446290314094397
    ]
  },
  "1234567890": {
    "fit_time": [
      0.0502161979675293,
      0.07550191879272461,
      0.0677189826965332,
      0.06433820724487305,
      0.06908702850341797
    ],
    "score_time": [
      0.007040977478027344,
      0.006192922592163086,
      0.006697893142700195,
      0.006906032562255859,
      0.006103038787841797
    ],
    "test_r": [
      0.1386591851727094,
      0.287896108010711,
      0.1530068900253523,
      0.15677711064546135,
      0.18685651224611707
    ],
    "test_r2": [
      -0.11481058642167019,
      0.028202928555292495,
      -0.014979354237928844,
      0.01205724547919107,
      0.0006773544001912324
    ],
    "test_rmse": [
      -3.2583187746209252,
      -3.1073288568438056,
      -3.3396070986994553,
      -3.009932812086381,
      -2.8419333091730583
    ],
    "test_mae": [
      -2.399475516853886,
      -2.4542748346819443,
      -2.6896280152481777,
      -2.398417603776633,
      -2.241579855919341
    ]
  },
  "473129": {
    "fit_time": [
      0.06808018684387207,
      0.06775617599487305,
      0.06003713607788086,
      0.07346010208129883,
      0.06338667869567871
    ],
    "score_time": [
      0.0071527957916259766,
      0.006727933883666992,
      0.009003877639770508,
      0.006554126739501953,
      0.006597280502319336
    ],
    "test_r": [
      -0.021967764326169696,
      -0.0006343321346174134,
      0.04280228009978318,
      0.1831103190093687,
      0.13254152266853508
    ],
    "test_r2": [
      -0.22273151398329172,
      -0.03450549475158127,
      -0.07196294455335517,
      -0.035006838036964805,
      0.01642960099654478
    ],
    "test_rmse": [
      -3.616004608021658,
      -2.995439701644244,
      -3.2373818990031484,
      -3.1651852876462514,
      -2.953994054558191
    ],
    "test_mae": [
      -2.893393895098003,
      -2.4047194581475413,
      -2.5983113310281363,
      -2.521782438883611,
      -2.360350802385644
    ]
  },
  "r_avg": 0.14384248072728595,
  "r_stdev": 0.11720730583677337,
  "r_stderr": 0.04430019758342737,
  "r2_avg": -0.04956098257940085,
  "r2_stdev": 0.09036692960800272,
  "r2_stderr": 0.03415548892675068,
  "rmse_avg": -3.1538037678020197,
  "rmse_stdev": 0.24189871046672182,
  "rmse_stderr": 0.09142911862316615,
  "mae_avg": -2.4822602634570665,
  "mae_stdev": 0.1872972359392996,
  "mae_stderr": 0.07079170107788225
}