{
  "6": {
    "fit_time": [
      0.19306206703186035,
      0.2027750015258789
    ],
    "score_time": [
      0.015065908432006836,
      0.01683831214904785
    ],
    "test_r": [
      0.5423784582625741,
      0.5054523749586398
    ],
    "test_r2": [
      0.22609923089852801,
      0.20340932900171105
    ],
    "test_rmse": [
      -2.7228530474075394,
      -2.820262235783495
    ],
    "test_mae": [
      -2.0652516239591274,
      -2.215777385395923
    ]
  },
  "r2_avg": 0.21475427995011953,
  "r2_stdev": 0.011344950948408483,
  "r2_stderr": 0.004287988406530744,
  "r_avg": 0.523915416610607,
  "r_stdev": 0.01846304165196716,
  "r_stderr": 0.00697837380813318,
  "mae_avg": 2.140514504677525,
  "mae_stdev": 0.0752628807183977,
  "mae_stderr": 0.028446695047885516,
  "rmse_avg": 2.771557641595517,
  "rmse_stdev": 0.04870459418797779,
  "rmse_stderr": 0.018408606275387297
}