{
  "6": {
    "fit_time": [
      0.2113940715789795,
      0.226179838180542
    ],
    "score_time": [
      0.016617774963378906,
      0.015908241271972656
    ],
    "test_r": [
      0.5395688146463216,
      0.49543382535881264
    ],
    "test_r2": [
      0.2237935117958887,
      0.1823861008635661
    ],
    "test_rmse": [
      -2.7269061930452803,
      -2.8572353652878797
    ],
    "test_mae": [
      -2.0756840343478182,
      -2.246322209074675
    ]
  },
  "r_avg": 0.5175013200025671,
  "r_stdev": 0.02206749464375446,
  "r_stderr": 0.008340728983660598,
  "r2_avg": 0.2030898063297274,
  "r2_stdev": 0.020703705466161293,
  "r2_stderr": 0.00782526512585591,
  "rmse_avg": 2.79207077916658,
  "rmse_stdev": 0.06516458612129972,
  "rmse_stderr": 0.024629898452201447,
  "mae_avg": 2.1610031217112464,
  "mae_stdev": 0.08531908736342841,
  "mae_stderr": 0.032247583892946435
}