{
  "6": {
    "fit_time": [
      0.18515276908874512,
      0.1897106170654297,
      0.19809651374816895,
      0.19871044158935547,
      0.18454527854919434
    ],
    "score_time": [
      0.010910511016845703,
      0.011131525039672852,
      0.011213541030883789,
      0.011106252670288086,
      0.010789871215820312
    ],
    "test_r": [
      0.6462531189703554,
      0.576709060443129,
      0.6105926444988977,
      0.6115626800029079,
      0.5910490178222657
    ],
    "test_r2": [
      0.40079800643373575,
      0.2776817426458493,
      0.3649264965173328,
      0.356230932179724,
      0.16634947500702424
    ],
    "test_rmse": [
      -2.513490048959293,
      -2.5696826760119738,
      -2.4964380398226047,
      -2.75279858466384,
      -2.518269637270368
    ],
    "test_mae": [
      -1.8993534412746207,
      -1.9585577698979182,
      -1.9803432978262296,
      -2.212034668732526,
      -2.0259825088942747
    ]
  },
  "13": {
    "fit_time": [
      0.19095277786254883,
      0.18871164321899414,
      0.1900005340576172,
      0.19115042686462402,
      0.1909480094909668
    ],
    "score_time": [
      0.011134147644042969,
      0.01111292839050293,
      0.011235475540161133,
      0.011112213134765625,
      0.010597705841064453
    ],
    "test_r": [
      0.5139589139566313,
      0.6271893552640624,
      0.6096152268608634,
      0.6113875162180704,
      0.6015140259632805
    ],
    "test_r2": [
      0.1386739980724232,
      0.3355745851169326,
      0.33310749241145565,
      0.3507796918016759,
      0.3476238643916254
    ],
    "test_rmse": [
      -2.5619081584243224,
      -2.5626362627333816,
      -2.2884137400882967,
      -2.8402585587927125,
      -2.6944378322587266
    ],
    "test_mae": [
      -2.0209529862021998,
      -1.9024806859311933,
      -1.8777251284476506,
      -2.2163531538773533,
      -2.082498516124368
    ]
  },
  "42": {
    "fit_time": [
      0.1916201114654541,
      0.1928701400756836,
      0.18897461891174316,
      0.19645428657531738,
      0.1868438720703125
    ],
    "score_time": [
      0.011151552200317383,
      0.011235713958740234,
      0.011215686798095703,
      0.011243343353271484,
      0.010792255401611328
    ],
    "test_r": [
      0.5110319653866159,
      0.6194971063749345,
      0.6161102029211014,
      0.5636292280580961,
      0.5722396533117494
    ],
    "test_r2": [
      0.19090283835989041,
      0.31332883415260304,
      0.34478515309637936,
      0.2907481321602603,
      0.23613602629133013
    ],
    "test_rmse": [
      -2.3816505544236004,
      -2.7174309352110235,
      -2.747839983112947,
      -2.638707962716083,
      -2.559069323384806
    ],
    "test_mae": [
      -1.9571841662539697,
      -2.099157779196356,
      -2.0204169047500367,
      -2.056668678158936,
      -2.0555688161213426
    ]
  },
  "69": {
    "fit_time": [
      0.19088196754455566,
      0.19520807266235352,
      0.193145751953125,
      0.19269061088562012,
      0.19044280052185059
    ],
    "score_time": [
      0.011037111282348633,
      0.011324167251586914,
      0.011408805847167969,
      0.011218070983886719,
      0.010582208633422852
    ],
    "test_r": [
      0.47748593669371964,
      0.71238714857522,
      0.6413903744405561,
      0.6534327629617548,
      0.5097108776833449
    ],
    "test_r2": [
      0.0949927000680113,
      0.499335291638635,
      0.3954622715034465,
      0.39523083587078045,
      0.10449818953573353
    ],
    "test_rmse": [
      -2.6620716705801266,
      -2.3099954240688523,
      -2.731187004800676,
      -2.5197663218419892,
      -2.5799082467085537
    ],
    "test_mae": [
      -2.0777201960209037,
      -1.8521119971178501,
      -2.1905695164577996,
      -2.0257229187492127,
      -1.945072317154872
    ]
  },
  "420": {
    "fit_time": [
      0.19006896018981934,
      0.19585776329040527,
      0.19034433364868164,
      0.19385600090026855,
      0.18625187873840332
    ],
    "score_time": [
      0.011031150817871094,
      0.011199235916137695,
      0.01116037368774414,
      0.011247873306274414,
      0.010479450225830078
    ],
    "test_r": [
      0.5788656308375563,
      0.6587373780740464,
      0.6421340232860742,
      0.5387346755717508,
      0.6652926677611455
    ],
    "test_r2": [
      0.3300430673687169,
      0.42644903591118555,
      0.3845851131548498,
      0.15922405196394773,
      0.40384714018094636
    ],
    "test_rmse": [
      -2.606890726896234,
      -2.329773442494271,
      -2.483684934494609,
      -2.458636259836419,
      -2.6411785409423945
    ],
    "test_mae": [
      -2.07915185027824,
      -1.8142034143832164,
      -1.973906719643616,
      -1.980517934159131,
      -1.976975455356065
    ]
  },
  "1234567890": {
    "fit_time": [
      0.19598913192749023,
      0.18901562690734863,
      0.18912816047668457,
      0.19011545181274414,
      0.1878347396850586
    ],
    "score_time": [
      0.011376619338989258,
      0.011034727096557617,
      0.011332511901855469,
      0.011130571365356445,
      0.010480403900146484
    ],
    "test_r": [
      0.4344522352287257,
      0.6446514932899768,
      0.6565508424349972,
      0.6087321291924999,
      0.6263215774902341
    ],
    "test_r2": [
      0.01687102163631915,
      0.36472773538472414,
      0.41857972881964367,
      0.3451087903456306,
      0.37274451866406333
    ],
    "test_rmse": [
      -2.936521767202544,
      -2.5351214305408085,
      -2.489974492305183,
      -2.5624327276805037,
      -2.417411361815475
    ],
    "test_mae": [
      -2.3240740352053444,
      -1.98404223757075,
      -1.8512727306162404,
      -2.085331531511796,
      -1.9210908185186983
    ]
  },
  "473129": {
    "fit_time": [
      0.1894359588623047,
      0.19252562522888184,
      0.19650864601135254,
      0.19128155708312988,
      0.18515777587890625
    ],
    "score_time": [
      0.010981082916259766,
      0.011184930801391602,
      0.011183977127075195,
      0.011414051055908203,
      0.01052093505859375
    ],
    "test_r": [
      0.6218890747812462,
      0.6068314889488624,
      0.6740734289949688,
      0.5902584802665138,
      0.6205241981830448
    ],
    "test_r2": [
      0.3764319479124789,
      0.3481380978949715,
      0.4434066194159241,
      0.17054581299606342,
      0.3649963033174807
    ],
    "test_rmse": [
      -2.5991681562138047,
      -2.444804157954896,
      -2.4620311630859066,
      -2.561039168810528,
      -2.4986023271784026
    ],
    "test_mae": [
      -2.062613066087118,
      -1.991425381039956,
      -2.021781468229421,
      -1.9501275793965143,
      -1.9372351384754207
    ]
  },
  "r_avg": 0.6012798897356914,
  "r_stdev": 0.05754772473357394,
  "r_stderr": 0.021750995451805345,
  "r2_avg": 0.3103675869206227,
  "r2_stdev": 0.1110831467227853,
  "r2_stderr": 0.04198548301128421,
  "rmse_avg": 2.562092332095033,
  "rmse_stdev": 0.14055515805330313,
  "rmse_stderr": 0.05312485624234535,
  "mae_avg": 2.0117207087903184,
  "mae_stdev": 0.10850147324829307,
  "mae_stderr": 0.041009702157015854
}