{
  "6": {
    "fit_time": [
      0.07744693756103516,
      0.0770578384399414
    ],
    "score_time": [
      0.02129817008972168,
      0.020153284072875977
    ],
    "test_r": [
      0.4377102440106143,
      0.4077103715944936
    ],
    "test_r2": [
      0.18133004117863993,
      0.12256996580945767
    ],
    "test_rmse": [
      -2.800502669830725,
      -2.9599074523055213
    ],
    "test_mae": [
      -2.1921402332703526,
      -2.257136628025233
    ]
  },
  "r_avg": 0.4227103078025539,
  "r_stdev": 0.014999936208060366,
  "r_stderr": 0.005669442984051562,
  "r2_avg": 0.1519500034940488,
  "r2_stdev": 0.02938003768459113,
  "r2_stderr": 0.011104610460447722,
  "rmse_avg": 2.880205061068123,
  "rmse_stdev": 0.0797023912373982,
  "rmse_stderr": 0.030124672301618458,
  "mae_avg": 2.2246384306477927,
  "mae_stdev": 0.03249819737744031,
  "mae_stderr": 0.012283164045514076
}