fold,r,r2,rmse,mae
1.0,0.8340320859217346,0.6943618033747659,2.2396307827813975,1.7096764403920341
2.0,0.8602711568947307,0.7278726910951725,2.7112199345191055,1.9611198646122645
3.0,0.7783089484108122,0.6045836684314664,3.155542163393017,2.136706790267126
4.0,0.7732551689498363,0.5962558733692906,2.9523884002918375,1.9953830300013071
5.0,0.8431349173158534,0.7077249407126154,2.5465134874442157,1.753905859833598
