fold,r,r2,rmse,mae
1.0,0.7742268712800813,0.5990362605691153,2.5652232269214448,1.8817598805039388
2.0,0.8279042367411408,0.6792778803380302,2.9433583652064046,2.1251673330684806
3.0,0.7840763398900992,0.6141542707407457,3.1171200952259706,2.205284881996321
4.0,0.7308904763309081,0.5316798820595509,3.179741307674821,2.2695560049594725
5.0,0.8250545713865555,0.6799016216776492,2.6649670213767114,1.849216239150836
