Dataset,num_of_folds,Features,Targets Model,r_mean,r_std,r2_mean,r2_std,rmse_mean,rmse_std,mae_mean,mae_std,num_of_data
OPV_Min,5,DA_BigSMILES,calc_PCE_percent,0.512673866202824,0.10191931479354431,0.23075124971418032,0.11140510922607197,2.6542164362400555,0.24244133162643824,2.036887489034945,0.18489099545285578,5
