fold,r,r2,rmse,mae
1.0,0.36780151942818484,0.068952008274769,3.2794657370377385,2.6609633434930826
2.0,0.41063155440046323,0.11132275331731067,2.5406449709360186,2.006592414387912
3.0,0.422513092522058,0.09995183080125658,3.06710220976744,2.4681962571403444
4.0,0.37620982960148636,0.06524220410234738,2.8398788191061652,2.264217706469865
5.0,0.3512829866422986,0.09149667670971973,2.8957827133825274,2.3154193419945033
