fold,r,r2,rmse,mae
1.0,-0.12120146491545086,-4.57953008751654e+17,2104718047.05943,788841766.7193624
2.0,0.014501052757508804,-2.3099112655866803e+17,1453504474.760256,356691465.0896066
3.0,-0.06592913144609402,-2.277299127537849e+16,520086313.0031595,213880999.13100415
4.0,0.04863272307926712,-2.6030066664681284e+16,470457819.70086545,221053099.16440347
5.0,0.05879581995458015,-224254815835866.12,50260961.57980032,20236738.490995716
