Dataset,num_of_folds,Features,Targets,Model,r_mean,r_std,r2_mean,r2_std,rmse_mean,rmse_std,mae_mean,mae_std,num_of_data
OPV_Min,5,DA_mordred,calc_PCE_percent,MLR,-0.013040200114037764,0.06959681329648507,-1.4759428961324355e+17,1.7626894844740166e+17,919805523.2207024,749219435.1962632,320140813.7190744,257708560.6530588,397
