Dataset,num_of_folds,Features,Targets,Model,r_mean,r_std,r2_mean,r2_std,rmse_mean,rmse_std,mae_mean,mae_std,num_of_data
OPV_Min,5,DA_mordred,calc_PCE_percent,MLR,-0.0604202314921272,0.03751547930696641,-4.662058014379604e+17,9.015582476473467e+17,1200581600.5892947,1996912117.077587,257234141.02863812,369625663.5235662,558
