{
  "6": {
    "fit_time": [
      19.682433128356934,
      19.827637910842896,
      19.84036684036255,
      19.63170886039734,
      7.145883083343506
    ],
    "score_time": [
      0.034853219985961914,
      0.0253293514251709,
      0.024995803833007812,
      0.03751492500305176,
      0.025010347366333008
    ],
    "test_r": [
      0.7149769390807439,
      0.8133612310549483,
      0.7760574258916266,
      0.8147957536122514,
      0.8562841481095532
    ],
    "test_r2": [
      0.5024843810479216,
      0.6586304384582826,
      0.5994497648096658,
      0.66311514040605,
      0.7329978936037621
    ],
    "test_rmse": [
      -0.06603949526824977,
      -0.07077882274243846,
      -0.06613502453400566,
      -0.06615082181871317,
      -0.052767777133329564
    ],
    "test_mae": [
      -0.04198959288558203,
      -0.050676873073487734,
      -0.04523162467395899,
      -0.04514870892362351,
      -0.038322967934348584
    ]
  },
  "13": {
    "fit_time": [
      19.768916368484497,
      19.7141215801239,
      19.73248529434204,
      19.836477279663086,
      7.105345010757446
    ],
    "score_time": [
      0.02789473533630371,
      0.034365177154541016,
      0.03405451774597168,
      0.02460169792175293,
      0.024721145629882812
    ],
    "test_r": [
      0.826477654966318,
      0.7023457617251003,
      0.8400467022240724,
      0.8307457166808778,
      0.7889056825621157
    ],
    "test_r2": [
      0.669117236513161,
      0.490041565265649,
      0.7053329282730796,
      0.6892841815690705,
      0.594171194602541
    ],
    "test_rmse": [
      -0.0629701772449638,
      -0.08403628734056424,
      -0.061050867617115805,
      -0.058278345794362016,
      -0.059589532554437864
    ],
    "test_mae": [
      -0.0415789247672015,
      -0.056580428398067005,
      -0.041760516961301564,
      -0.041600253906107124,
      -0.042244063288833525
    ]
  },
  "42": {
    "fit_time": [
      19.61238932609558,
      19.55591058731079,
      19.42409110069275,
      19.62076497077942,
      7.115527868270874
    ],
    "score_time": [
      0.025579214096069336,
      0.03488278388977051,
      0.03647971153259277,
      0.02521800994873047,
      0.024754047393798828
    ],
    "test_r": [
      0.8610720047689816,
      0.8603651652335105,
      0.7594710526999547,
      0.8152431982993116,
      0.7775707297527057
    ],
    "test_r2": [
      0.7387406999787623,
      0.7378566067818761,
      0.5216373760577337,
      0.6497338869516356,
      0.5934771006742632
    ],
    "test_rmse": [
      -0.05394005182086083,
      -0.05149552391763016,
      -0.07185748811466444,
      -0.0660491009010466,
      -0.0737588895235324
    ],
    "test_mae": [
      -0.03709802741847133,
      -0.03451903822955798,
      -0.05051415637870549,
      -0.0447213550772602,
      -0.05030856301419322
    ]
  },
  "69": {
    "fit_time": [
      19.691367387771606,
      19.329851627349854,
      19.312241315841675,
      19.637101888656616,
      7.096454858779907
    ],
    "score_time": [
      0.02769613265991211,
      0.03381991386413574,
      0.034783124923706055,
      0.030872821807861328,
      0.02494215965270996
    ],
    "test_r": [
      0.8368534531210718,
      0.8055150754850166,
      0.819762234845431,
      0.7785107307097874,
      0.8386973702273551
    ],
    "test_r2": [
      0.7003196134588625,
      0.6451805538044522,
      0.6705192380606315,
      0.5757201197616947,
      0.702922381231156
    ],
    "test_rmse": [
      -0.054075382973550724,
      -0.07457662781093259,
      -0.06001156356143346,
      -0.061739938260244626,
      -0.06127617830266039
    ],
    "test_mae": [
      -0.039906851794658284,
      -0.046998859889984375,
      -0.041355200718657434,
      -0.03980953141196,
      -0.045221028061842104
    ]
  },
  "420": {
    "fit_time": [
      19.52499771118164,
      19.52681827545166,
      19.631910800933838,
      19.470268487930298,
      7.125401496887207
    ],
    "score_time": [
      0.03067922592163086,
      0.029566049575805664,
      0.024916887283325195,
      0.03580307960510254,
      0.02456831932067871
    ],
    "test_r": [
      0.786045298721765,
      0.8805432328883122,
      0.8395505373867497,
      0.7785929769532817,
      0.799361775508404
    ],
    "test_r2": [
      0.5930660171992592,
      0.7371896807799165,
      0.7036275731859889,
      0.6037833522287824,
      0.6044408542016713
    ],
    "test_rmse": [
      -0.06525473561946718,
      -0.06629950289599261,
      -0.051514006924470834,
      -0.07162071113896262,
      -0.060004211412169606
    ],
    "test_mae": [
      -0.043172514224370725,
      -0.046005210003383534,
      -0.03808411881289097,
      -0.0461764519336831,
      -0.038662573807736855
    ]
  },
  "1234567890": {
    "fit_time": [
      19.638185024261475,
      19.693174839019775,
      19.747201204299927,
      19.786234617233276,
      7.131791114807129
    ],
    "score_time": [
      0.036538124084472656,
      0.03029632568359375,
      0.029556989669799805,
      0.024688005447387695,
      0.025167226791381836
    ],
    "test_r": [
      0.8370692347574962,
      0.6913761363522506,
      0.852244841164399,
      0.8793007978899319,
      0.7881002484198688
    ],
    "test_r2": [
      0.685528446971539,
      0.44797496613660526,
      0.7166194203644951,
      0.7637164848365029,
      0.6188500809323325
    ],
    "test_rmse": [
      -0.06327436083641035,
      -0.0754292633141659,
      -0.056017798902227876,
      -0.0560556556440782,
      -0.0639752152803393
    ],
    "test_mae": [
      -0.043162515576694295,
      -0.04599495189273623,
      -0.03641966792971041,
      -0.04132881605480745,
      -0.04592246722033257
    ]
  },
  "473129": {
    "fit_time": [
      19.497594118118286,
      19.579174041748047,
      19.762068033218384,
      19.41304087638855,
      6.998177766799927
    ],
    "score_time": [
      0.03443264961242676,
      0.026684045791625977,
      0.026880502700805664,
      0.036730051040649414,
      0.0247039794921875
    ],
    "test_r": [
      0.8005528216238652,
      0.7782203695892933,
      0.8448980413648535,
      0.7829516142105195,
      0.8475463168482724
    ],
    "test_r2": [
      0.6389739254834004,
      0.6032053199195594,
      0.7122872719003808,
      0.6098049106102617,
      0.7050690674047315
    ],
    "test_rmse": [
      -0.06775198776478614,
      -0.07047446012087985,
      -0.05745068849135245,
      -0.06929844118842567,
      -0.05049728471476399
    ],
    "test_mae": [
      -0.049742611821203604,
      -0.04552128805392197,
      -0.038786128447940285,
      -0.047985690330263765,
      -0.03755152792741741
    ]
  },
  "r_avg": 0.8086689221351426,
  "r_stdev": 0.04510832579550617,
  "r_stderr": 0.01704934458762702,
  "r2_avg": 0.6452819906704479,
  "r2_stdev": 0.07561047294407795,
  "r2_stderr": 0.028578072560286855,
  "rmse_avg": 0.06347132061380654,
  "rmse_stdev": 0.007747234285422453,
  "rmse_stderr": 0.002928179323968714,
  "mae_avg": 0.043431517166997,
  "mae_stdev": 0.004745767732199674,
  "mae_stderr": 0.001793731599925045
}