fold,r,r2,rmse,mae
1.0,0.5719773462574939,-0.3092603721281346,3.0270564910305615,1.9688022134165737
2.0,-9.016252248108152e-17,-0.14861107260517903,3.6142757215474344,2.9747359782001337
3.0,0.5321426945368913,0.22592000605898754,2.619458648343008,1.9610058175682494
4.0,0.37353610123316006,-3.1663419491910902,6.349462535265047,3.2693000333692774
5.0,-3.186137150758847e-17,-0.00271245652540153,3.0177428011563414,2.35877620280067
