{
  "6": {
    "fit_time": [
      0.16817522048950195,
      0.15858101844787598,
      0.1580040454864502,
      0.17076396942138672,
      0.1690688133239746
    ],
    "score_time": [
      0.007075786590576172,
      0.006301164627075195,
      0.006661891937255859,
      0.0065190792083740234,
      0.006566047668457031
    ],
    "test_r": [
      0.7031616482221618,
      0.6003256405606558,
      0.7102599418533763,
      0.681386274830136,
      0.6467631338403987
    ],
    "test_r2": [
      0.4778587243810597,
      0.3461099678266768,
      0.4912322973673138,
      0.438545471918406,
      0.3828237976264164
    ],
    "test_rmse": [
      -2.1415172670920635,
      -2.6206848152418143,
      -2.1536326081884214,
      -2.3607257794535905,
      -2.4248841561006538
    ],
    "test_mae": [
      -1.5919886901309759,
      -1.9721601811502307,
      -1.6369380024509739,
      -1.728192377284438,
      -1.7837059069956949
    ]
  },
  "13": {
    "fit_time": [
      0.19460105895996094,
      0.2195110321044922,
      0.20128989219665527,
      0.19736695289611816,
      0.22153997421264648
    ],
    "score_time": [
      0.01001286506652832,
      0.010732173919677734,
      0.008836984634399414,
      0.0073091983795166016,
      0.01109004020690918
    ],
    "test_r": [
      0.5833697062945457,
      0.6663717305908095,
      0.7080367968553671,
      0.6202583107896534,
      0.645107296556897
    ],
    "test_r2": [
      0.2350409329557278,
      0.41782472035649443,
      0.47673160211470966,
      0.3679974271140146,
      0.37837038713890014
    ],
    "test_rmse": [
      -2.7059470387301015,
      -2.3679878409952932,
      -2.1159678914939026,
      -2.5059455220780493,
      -2.4436989900944175
    ],
    "test_mae": [
      -1.9266181490923704,
      -1.7698619251514331,
      -1.7310566333657305,
      -1.839486277198413,
      -1.880024839240224
    ]
  },
  "42": {
    "fit_time": [
      0.20676803588867188,
      0.23663806915283203,
      0.2349381446838379,
      0.20959210395812988,
      0.1948869228363037
    ],
    "score_time": [
      0.008527040481567383,
      0.008527040481567383,
      0.007977962493896484,
      0.013539791107177734,
      0.008599996566772461
    ],
    "test_r": [
      0.685268936652101,
      0.736343345696983,
      0.5887812111624542,
      0.5963304231688865,
      0.6535392315443727
    ],
    "test_r2": [
      0.459218782357919,
      0.5077740254000978,
      0.31507672195616254,
      0.26898474924072524,
      0.4017696742613158
    ],
    "test_rmse": [
      -2.3080330885958094,
      -1.808800793585128,
      -2.876398697311776,
      -2.551283943120527,
      -2.4621461427242664
    ],
    "test_mae": [
      -1.7990860631070207,
      -1.3914758125327695,
      -2.0935018638271985,
      -1.87597225033794,
      -1.7968944625331889
    ]
  },
  "69": {
    "fit_time": [
      0.22628402709960938,
      0.21680116653442383,
      0.24704813957214355,
      0.24382305145263672,
      0.22017407417297363
    ],
    "score_time": [
      0.012096881866455078,
      0.011915922164916992,
      0.008179903030395508,
      0.008514165878295898,
      0.00976419448852539
    ],
    "test_r": [
      0.7128204633833872,
      0.7058295650888906,
      0.6343659234595629,
      0.6948713083823884,
      0.6451994307472206
    ],
    "test_r2": [
      0.5008410545186808,
      0.4892776413387927,
      0.36300106310732194,
      0.4606318999680389,
      0.3629676830568278
    ],
    "test_rmse": [
      -2.102729655683622,
      -2.2658066036068045,
      -2.3578795199959326,
      -2.38744271931736,
      -2.466057762691591
    ],
    "test_mae": [
      -1.5294640867121647,
      -1.7843702372990695,
      -1.8181961556136055,
      -1.6616568972765764,
      -1.8652220803420274
    ]
  },
  "420": {
    "fit_time": [
      0.21283292770385742,
      0.21902203559875488,
      0.21902084350585938,
      0.21333885192871094,
      0.2241201400756836
    ],
    "score_time": [
      0.009168148040771484,
      0.008013248443603516,
      0.008527040481567383,
      0.00807809829711914,
      0.008314847946166992
    ],
    "test_r": [
      0.6558225751443276,
      0.5761846243436366,
      0.7779386497742296,
      0.779912954024888,
      0.6379202567778249
    ],
    "test_r2": [
      0.38079326417353554,
      0.28492086820516227,
      0.5853047628893926,
      0.6074979919146946,
      0.37899210917700177
    ],
    "test_rmse": [
      -2.428433262550521,
      -2.418847781136297,
      -1.8636122888754956,
      -2.067297244487694,
      -2.592369946767807
    ],
    "test_mae": [
      -1.8065286566064873,
      -1.7613172252400016,
      -1.4802233391250836,
      -1.6026417914541684,
      -1.828259256497547
    ]
  },
  "1234567890": {
    "fit_time": [
      0.2193281650543213,
      0.23252081871032715,
      0.2078111171722412,
      0.23518681526184082,
      0.21783232688903809
    ],
    "score_time": [
      0.008339881896972656,
      0.00962519645690918,
      0.007482767105102539,
      0.008847951889038086,
      0.009404897689819336
    ],
    "test_r": [
      0.7155848206050504,
      0.6720153389988641,
      0.6428507901997043,
      0.6646908061275035,
      0.6892548512853733
    ],
    "test_r2": [
      0.4952725660320211,
      0.44760185031038824,
      0.3875014181302332,
      0.4214288952390113,
      0.4083693975736431
    ],
    "test_rmse": [
      -2.1840604768236904,
      -2.4332014172024414,
      -2.6218440172478013,
      -2.168356230946597,
      -2.1941409681327886
    ],
    "test_mae": [
      -1.7272834492583797,
      -1.763878554310903,
      -1.9245382009714496,
      -1.6375750895305898,
      -1.6357935229086311
    ]
  },
  "473129": {
    "fit_time": [
      0.19419097900390625,
      0.2694730758666992,
      0.2213597297668457,
      0.20455503463745117,
      0.20533204078674316
    ],
    "score_time": [
      0.007061958312988281,
      0.009647130966186523,
      0.00882101058959961,
      0.008848190307617188,
      0.00890207290649414
    ],
    "test_r": [
      0.6243537810872299,
      0.68011498790518,
      0.6512441797623106,
      0.7060573191526842,
      0.7421165667668422
    ],
    "test_r2": [
      0.34080517250676223,
      0.4379343017462851,
      0.4090770058185096,
      0.4872600060284491,
      0.5486815194537966
    ],
    "test_rmse": [
      -2.492965752578606,
      -2.267063705801253,
      -2.4426054671794537,
      -2.307098394814729,
      -1.9022116961103759
    ],
    "test_mae": [
      -1.780855051733798,
      -1.768934396797898,
      -1.8225152976003636,
      -1.7351413832094842,
      -1.380317373550769
    ]
  },
  "r_avg": 0.6695557949038828,
  "r_stdev": 0.05038881399463921,
  "r_stderr": 0.01904518152704378,
  "r2_avg": 0.4218148500915568,
  "r2_stdev": 0.08273920550449489,
  "r2_stderr": 0.03127248020570856,
  "rmse_avg": -2.337476556764476,
  "rmse_stdev": 0.23105048677145637,
  "rmse_stderr": 0.08732887547109892,
  "mae_avg": -1.746619299441074,
  "mae_stdev": 0.15042701923971874,
  "mae_stderr": 0.056856069053289174
}