{
  "6": {
    "fit_time": [
      0.0065729618072509766,
      0.006417989730834961
    ],
    "score_time": [
      0.004042148590087891,
      0.0038270950317382812
    ],
    "test_r": [
      0.5497202027174988,
      0.4720941762831449
    ],
    "test_r2": [
      0.2679750755796735,
      0.1708275452504877
    ],
    "test_rmse": [
      -2.6438479200257126,
      -2.820143806152478
    ],
    "test_mae": [
      -2.0745663499351834,
      -2.1463775739908773
    ]
  },
  "r_avg": 0.5109071895003219,
  "r_stdev": 0.03881301321717695,
  "r_stderr": 0.014669940086530456,
  "r2_avg": 0.2194013104150806,
  "r2_stdev": 0.048573765164592886,
  "r2_stderr": 0.01835915755250931,
  "rmse_avg": -2.7319958630890953,
  "rmse_stdev": 0.0881479430633827,
  "rmse_stderr": 0.033316790846798804,
  "mae_avg": -2.1104719619630306,
  "mae_stdev": 0.03590561202784692,
  "mae_stderr": 0.013571045728178932
}