{
  "6": {
    "fit_time": [
      4.763174295425415,
      4.665784120559692,
      4.69927978515625,
      4.684465169906616,
      4.719523906707764
    ],
    "score_time": [
      0.08523869514465332,
      0.09807205200195312,
      0.08836507797241211,
      0.08454084396362305,
      0.0779561996459961
    ],
    "test_r": [
      0.6958761239219644,
      0.5261669323325754,
      0.7059914770730407,
      0.6137606991253285,
      0.5464505305943751
    ],
    "test_r2": [
      0.474873432871631,
      0.2645992094955695,
      0.4796448308721152,
      0.3373653223795411,
      0.2612343728584895
    ],
    "test_rmse": [
      -2.147630499016709,
      -2.779229941814768,
      -2.1780196213380343,
      -2.564633602861423,
      -2.6530152739829376
    ],
    "test_mae": [
      -1.5855214677781027,
      -2.079805701098929,
      -1.6667710275590981,
      -1.9115728895039696,
      -1.929535617445485
    ]
  },
  "13": {
    "fit_time": [
      4.659696102142334,
      4.662089109420776,
      4.662246942520142,
      4.667636871337891,
      4.758864164352417
    ],
    "score_time": [
      0.09055423736572266,
      0.08781886100769043,
      0.08718109130859375,
      0.08624505996704102,
      0.07927989959716797
    ],
    "test_r": [
      0.5687663902492849,
      0.7445048293190788,
      0.6169756390606225,
      0.6446099338697271,
      0.6354143254448087
    ],
    "test_r2": [
      0.23035637312939428,
      0.5470592195944795,
      0.3708046398543787,
      0.40073709120024903,
      0.3803880824840825
    ],
    "test_rmse": [
      -2.714219914704686,
      -2.0886866929588828,
      -2.3202756132809506,
      -2.440174594821576,
      -2.439729868072799
    ],
    "test_mae": [
      -1.9317562978106773,
      -1.5888271741738453,
      -1.8730688189287419,
      -1.865891713067932,
      -1.8314412128552333
    ]
  },
  "42": {
    "fit_time": [
      4.647350072860718,
      4.7038657665252686,
      4.698262929916382,
      4.686553955078125,
      4.665589094161987
    ],
    "score_time": [
      0.0932929515838623,
      0.08404302597045898,
      0.08557820320129395,
      0.08498406410217285,
      0.09046292304992676
    ],
    "test_r": [
      0.6442389747405752,
      0.6502208402211824,
      0.5932270559047381,
      0.5920630575083016,
      0.5394238323365129
    ],
    "test_r2": [
      0.40731810718678785,
      0.41422717427044586,
      0.31782616114056517,
      0.30411717912765723,
      0.2542439951766583
    ],
    "test_rmse": [
      -2.416251077065175,
      -1.9732089945323537,
      -2.870619629693177,
      -2.4892220228379864,
      -2.7490206009001983
    ],
    "test_mae": [
      -1.8724792590112347,
      -1.543702454120795,
      -2.0993742022924216,
      -1.88725279137014,
      -1.9933763304082894
    ]
  },
  "69": {
    "fit_time": [
      4.5887510776519775,
      4.59157395362854,
      4.604510307312012,
      4.609102010726929,
      4.590528964996338
    ],
    "score_time": [
      0.08561515808105469,
      0.0864870548248291,
      0.08498883247375488,
      0.0834951400756836,
      0.08696699142456055
    ],
    "test_r": [
      0.6425594660300118,
      0.6645455160922877,
      0.5788874113354912,
      0.6526579647143254,
      0.5417654681859487
    ],
    "test_r2": [
      0.4055329344359211,
      0.4146297070588377,
      0.2912509743113708,
      0.4138590813497611,
      0.2396322396070797
    ],
    "test_rmse": [
      -2.2947105377439123,
      -2.4257483350323668,
      -2.487130045381005,
      -2.488807760212483,
      -2.6942280896355597
    ],
    "test_mae": [
      -1.7170237013679857,
      -1.879954059125872,
      -1.8446023392804076,
      -1.8128291229817406,
      -2.0593011726436683
    ]
  },
  "420": {
    "fit_time": [
      4.699150085449219,
      4.726993083953857,
      4.66376805305481,
      4.716279745101929,
      4.694257020950317
    ],
    "score_time": [
      0.08677196502685547,
      0.08456683158874512,
      0.09250712394714355,
      0.08307719230651855,
      0.09036922454833984
    ],
    "test_r": [
      0.5364803654301408,
      0.4217080844067493,
      0.7737398702741617,
      0.7358620231660195,
      0.5819388577954451
    ],
    "test_r2": [
      0.22316840025628515,
      0.09496481217640451,
      0.5958261261154254,
      0.5190656559087601,
      0.3165027999568052
    ],
    "test_rmse": [
      -2.72001800293669,
      -2.721223540804827,
      -1.8398192575714847,
      -2.2883628047997338,
      -2.719673619465263
    ],
    "test_mae": [
      -1.9787443188907312,
      -1.9865501376319263,
      -1.4634346599162005,
      -1.7945187829424392,
      -1.9642269915426323
    ]
  },
  "1234567890": {
    "fit_time": [
      4.838005065917969,
      4.8418591022491455,
      4.82957911491394,
      4.858599901199341,
      4.793299913406372
    ],
    "score_time": [
      0.08518099784851074,
      0.08719992637634277,
      0.08682799339294434,
      0.0808250904083252,
      0.09165000915527344
    ],
    "test_r": [
      0.6572778188038484,
      0.6280839768415187,
      0.5605927703937308,
      0.658658351887576,
      0.6644320039037211
    ],
    "test_r2": [
      0.38660231066473516,
      0.38592429858251054,
      0.2666361918392134,
      0.4329650364568026,
      0.4105517353551471
    ],
    "test_rmse": [
      -2.4077271621572978,
      -2.5654461889830924,
      -2.8688909692596463,
      -2.1466299355267977,
      -2.1900904841327304
    ],
    "test_mae": [
      -1.8781983911162068,
      -1.9391918053751225,
      -2.0318904861180465,
      -1.6301914700909006,
      -1.6056864526327002
    ]
  },
  "473129": {
    "fit_time": [
      4.733448266983032,
      4.6781089305877686,
      4.677315950393677,
      4.712148427963257,
      4.688667058944702
    ],
    "score_time": [
      0.0835866928100586,
      0.0911400318145752,
      0.09237003326416016,
      0.08516883850097656,
      0.08650398254394531
    ],
    "test_r": [
      0.6705298845326465,
      0.6184837701379068,
      0.5368828823615166,
      0.688493582881228,
      0.6256575181978713
    ],
    "test_r2": [
      0.4432619843296187,
      0.35024204338358356,
      0.2505935131606484,
      0.42417825221769845,
      0.38906118493463526
    ],
    "test_rmse": [
      -2.2910515200776125,
      -2.4375076445647594,
      -2.7507213860718744,
      -2.4449025401218996,
      -2.2131769994813966
    ],
    "test_mae": [
      -1.7106620439448987,
      -1.8813571253702013,
      -1.9660137390812669,
      -1.8183779339194843,
      -1.6591264433019248
    ]
  },
  "r_avg": 0.6216265208306933,
  "r_stdev": 0.0706290763744626,
  "r_stderr": 0.026695281631002217,
  "r2_avg": 0.3628355563926654,
  "r2_stdev": 0.10180348139395635,
  "r2_stderr": 0.03847809919557138,
  "rmse_avg": -2.451994422052631,
  "rmse_stdev": 0.25460079836194494,
  "rmse_stderr": 0.09623005658060103,
  "mae_avg": -1.8366359467056927,
  "mae_stdev": 0.16039110350163746,
  "mae_stderr": 0.06062213891036482
}