{
  "6": {
    "fit_time": [
      0.0812380313873291,
      0.13135504722595215,
      0.0688791275024414,
      0.0959768295288086,
      0.12263298034667969
    ],
    "score_time": [
      0.009246826171875,
      0.006104946136474609,
      0.007470846176147461,
      0.007612943649291992,
      0.005923032760620117
    ],
    "test_r": [
      0.48357293392875456,
      0.4719371730072405,
      0.6044056371332523,
      0.367873168290345,
      0.4686359565975264
    ],
    "test_r2": [
      0.18071700336528018,
      0.0264971784326411,
      0.3242736214512969,
      0.005413030948401731,
      0.07203660048170502
    ],
    "test_rmse": [
      -2.682529695966516,
      -3.1976508462771007,
      -2.481974343446937,
      -3.1420249597039858,
      -2.973389706448046
    ],
    "test_mae": [
      -2.1210459195991986,
      -2.42479359893697,
      -1.878513707444545,
      -2.4662769051089524,
      -2.2780247142552317
    ]
  },
  "13": {
    "fit_time": [
      0.10102605819702148,
      0.10655617713928223,
      0.10629701614379883,
      0.06735610961914062,
      0.08854198455810547
    ],
    "score_time": [
      0.006053924560546875,
      0.0069010257720947266,
      0.0067310333251953125,
      0.0063478946685791016,
      0.0078089237213134766
    ],
    "test_r": [
      0.45012545821887173,
      0.3055067141479397,
      0.44978231008861047,
      0.514457404447092,
      0.4387985119212443
    ],
    "test_r2": [
      0.00025901785253479304,
      -0.17212297823475686,
      -0.2226605310284424,
      0.19770022977292212,
      0.09703050684980685
    ],
    "test_rmse": [
      -3.0934559888830817,
      -3.359999229454653,
      -3.234444967722545,
      -2.823452827373972,
      -2.945224474872795
    ],
    "test_mae": [
      -2.3286611944846736,
      -2.4407409717790847,
      -2.4273041255326575,
      -2.094307557546491,
      -2.294751120646281
    ]
  },
  "42": {
    "fit_time": [
      0.1129601001739502,
      0.11095595359802246,
      0.10958003997802734,
      0.08939695358276367,
      0.11667990684509277
    ],
    "score_time": [
      0.008446931838989258,
      0.007547855377197266,
      0.0077359676361083984,
      0.00966501235961914,
      0.005742073059082031
    ],
    "test_r": [
      0.5026414711725303,
      0.426422891270293,
      0.39607526247507374,
      0.46816609050838665,
      0.40890260013477114
    ],
    "test_r2": [
      0.19981103774843612,
      -0.22070794556417028,
      -0.11615099000323337,
      0.00028521667818426355,
      -0.014000639638789947
    ],
    "test_rmse": [
      -2.807550063704811,
      -2.848487787396703,
      -3.6718894259148054,
      -2.9835521555810334,
      -3.2055217604170756
    ],
    "test_mae": [
      -2.2304547330535343,
      -2.169714183666529,
      -2.777176438019552,
      -2.3050698456479033,
      -2.4679240057448424
    ]
  },
  "69": {
    "fit_time": [
      0.1436469554901123,
      0.11670684814453125,
      0.12099003791809082,
      0.13446807861328125,
      0.11481618881225586
    ],
    "score_time": [
      0.009428977966308594,
      0.007214069366455078,
      0.0072629451751708984,
      0.005753755569458008,
      0.0077550411224365234
    ],
    "test_r": [
      0.5719630618149973,
      0.5246899985024764,
      0.4228916147174776,
      0.5052315593590346,
      0.48803130756359503
    ],
    "test_r2": [
      0.2865180901352513,
      0.21238781248028138,
      -0.06513820608486864,
      0.16443901578996567,
      0.06450309391780717
    ],
    "test_rmse": [
      -2.513943388571506,
      -2.8137571823144194,
      -3.0489846504000626,
      -2.9715251362003237,
      -2.9884341473374745
    ],
    "test_mae": [
      -1.9728573640778002,
      -2.1501426213942736,
      -2.2711132352158065,
      -2.1756679612300673,
      -2.4118666784436256
    ]
  },
  "420": {
    "fit_time": [
      0.1508479118347168,
      0.11685514450073242,
      0.10329604148864746,
      0.12298893928527832,
      0.10477113723754883
    ],
    "score_time": [
      0.005835056304931641,
      0.006384134292602539,
      0.006301164627075195,
      0.006946086883544922,
      0.006052732467651367
    ],
    "test_r": [
      0.3332674271477884,
      0.3346541644483712,
      0.610771146413906,
      0.5890792931055129,
      0.43719293763814565
    ],
    "test_r2": [
      -0.12556982221459068,
      -0.1947739754395137,
      0.29354568879197906,
      0.323571049100441,
      0.06544215548247467
    ],
    "test_rmse": [
      -3.2741197317760786,
      -3.1266146894735525,
      -2.4323892858575578,
      -2.713895230318001,
      -3.180178611565069
    ],
    "test_mae": [
      -2.4869909709222826,
      -2.302798462032598,
      -1.7970882732688238,
      -2.202362241951629,
      -2.4504730626456843
    ]
  },
  "1234567890": {
    "fit_time": [
      0.08669424057006836,
      0.11783814430236816,
      0.08781003952026367,
      0.10017919540405273,
      0.0758810043334961
    ],
    "score_time": [
      0.00763392448425293,
      0.0069158077239990234,
      0.007061958312988281,
      0.006688833236694336,
      0.0075800418853759766
    ],
    "test_r": [
      0.6119142353587665,
      0.3768183387261349,
      0.5355691702045806,
      0.37387012570394906,
      0.5830723714178989
    ],
    "test_r2": [
      0.3094214295939204,
      -0.19749994361913448,
      0.23182173300462516,
      -0.047074621811839634,
      0.2608085629530582
    ],
    "test_rmse": [
      -2.554716735979847,
      -3.582528912026598,
      -2.9361978391234143,
      -2.917031232058737,
      -2.4525488989420814
    ],
    "test_mae": [
      -2.011813155399608,
      -2.776402265604305,
      -2.25676108314982,
      -2.1871330897003625,
      -1.8112962187670645
    ]
  },
  "473129": {
    "fit_time": [
      0.11967015266418457,
      0.11741209030151367,
      0.10826325416564941,
      0.1792740821838379,
      0.1453688144683838
    ],
    "score_time": [
      0.008260965347290039,
      0.008925914764404297,
      0.011609792709350586,
      0.0061719417572021484,
      0.006232023239135742
    ],
    "test_r": [
      0.5611674460217501,
      0.4446167089716161,
      0.3533668534003005,
      0.4891914039221743,
      0.45733151919353554
    ],
    "test_r2": [
      0.27710840910073165,
      0.08953194599528802,
      -0.09924150428014356,
      0.1475717615226083,
      0.05204785509839849
    ],
    "test_rmse": [
      -2.61063408114247,
      -2.8853768251522522,
      -3.331458739536034,
      -2.9747223342195093,
      -2.7568332352306744
    ],
    "test_mae": [
      -1.9480724254877129,
      -2.2763786060933904,
      -2.470859957878459,
      -2.3676353283853,
      -2.1180713732005763
    ]
  },
  "r_avg": 0.4674855504849698,
  "r_stdev": 0.08262422784606019,
  "r_stderr": 0.031229022735630454,
  "r2_avg": 0.06879431110367301,
  "r2_stdev": 0.1688180739321427,
  "r2_stderr": 0.06380723434819507,
  "rmse_avg": -2.957629689153992,
  "rmse_stdev": 0.29915423277318165,
  "rmse_stderr": 0.1130696719385953,
  "mae_avg": -2.26144409703759,
  "mae_stdev": 0.22623238595784673,
  "mae_stderr": 0.08550780453617764
}