{
  "6": {
    "fit_time": [
      0.21298575401306152,
      0.21563172340393066,
      0.2181720733642578,
      0.2192699909210205,
      0.2134861946105957
    ],
    "score_time": [
      0.05472111701965332,
      0.05531811714172363,
      0.05528903007507324,
      0.057433128356933594,
      0.05588793754577637
    ],
    "test_r": [
      0.6301224405544458,
      0.6137072277860642,
      0.493153125812691,
      0.6625523331332654,
      0.5640779555657267
    ],
    "test_r2": [
      0.34820174116438307,
      0.2753769750091689,
      0.0658101898390604,
      0.4058609959432503,
      0.04528429913215282
    ],
    "test_rmse": [
      -7.751239605441256,
      -8.644573758361512,
      -8.77552477076681,
      -8.239001655843065,
      -9.494833176751687
    ],
    "test_mae": [
      -5.436888629090248,
      -6.190541173538107,
      -6.52083304755692,
      -5.576731603548548,
      -6.941742857832202
    ]
  },
  "13": {
    "fit_time": [
      0.2751271724700928,
      0.2508678436279297,
      0.2775721549987793,
      0.24698901176452637,
      0.2547719478607178
    ],
    "score_time": [
      0.08102178573608398,
      0.08699321746826172,
      0.07962584495544434,
      0.0921318531036377,
      0.08928513526916504
    ],
    "test_r": [
      0.5234800636964538,
      0.5452188794165398,
      0.6047310111975929,
      0.590252181490403,
      0.5843339820462068
    ],
    "test_r2": [
      0.10640046642761325,
      0.18840916217820403,
      0.19145182322611776,
      0.17000143786007016,
      0.2489542305131216
    ],
    "test_rmse": [
      -9.838547588539612,
      -8.696973474281803,
      -8.05724648165061,
      -8.679293630601132,
      -8.84673298616541
    ],
    "test_mae": [
      -6.843282852442405,
      -6.004671810466689,
      -5.917406806288055,
      -5.837750467410135,
      -6.165503049281831
    ]
  },
  "42": {
    "fit_time": [
      0.2269887924194336,
      0.20977997779846191,
      1.398082971572876,
      0.21006488800048828,
      0.2076270580291748
    ],
    "score_time": [
      0.05292510986328125,
      0.0619359016418457,
      0.044944047927856445,
      0.0603330135345459,
      0.06372880935668945
    ],
    "test_r": [
      0.6415272643936332,
      0.626560972374605,
      0.5722941873145186,
      0.5221887533428483,
      0.6239748278589574
    ],
    "test_r2": [
      0.3237929563395462,
      0.06357878122803962,
      0.25341202947013486,
      0.029586870376743124,
      0.3308141282129904
    ],
    "test_rmse": [
      -7.899561731561587,
      -7.9684578113541935,
      -9.72512210865673,
      -8.946921803414815,
      -8.810240187889828
    ],
    "test_mae": [
      -5.9639246983655285,
      -5.97129046967084,
      -6.58043024246234,
      -6.372639787970016,
      -6.245720361316211
    ]
  },
  "69": {
    "fit_time": [
      0.1865220069885254,
      0.18849420547485352,
      0.17887020111083984,
      0.18850278854370117,
      0.19005703926086426
    ],
    "score_time": [
      0.049629926681518555,
      0.050255775451660156,
      0.049826622009277344,
      0.051827192306518555,
      0.051271915435791016
    ],
    "test_r": [
      0.6474199043316162,
      0.681294657674599,
      0.5546419104837543,
      0.7326104247766092,
      0.5287364786368367
    ],
    "test_r2": [
      0.3178179452538674,
      0.45342005745509284,
      0.06717969312279704,
      0.49069319788287513,
      0.14529020824767502
    ],
    "test_rmse": [
      -7.314661288275131,
      -7.579881178401915,
      -8.687872603534114,
      -7.564109693253667,
      -9.60277643604141
    ],
    "test_mae": [
      -5.300103004528553,
      -5.740650268290731,
      -6.35824549459796,
      -4.994812539000314,
      -6.624398698792246
    ]
  },
  "420": {
    "fit_time": [
      0.1979658603668213,
      0.19839715957641602,
      0.19919991493225098,
      0.2003922462463379,
      0.19863390922546387
    ],
    "score_time": [
      0.05551624298095703,
      0.05774998664855957,
      0.05846714973449707,
      0.0592498779296875,
      0.05488395690917969
    ],
    "test_r": [
      0.4944744419316772,
      0.49476484812608645,
      0.6377793026002558,
      0.6455544047867972,
      0.6278187870279742
    ],
    "test_r2": [
      0.00917621207354058,
      -0.2065356008444421,
      0.3565396366503376,
      0.3705817872817003,
      0.3379482580848411
    ],
    "test_rmse": [
      -9.599991284674255,
      -10.276154896924115,
      -7.619101191211264,
      -7.5174049102252845,
      -9.05408611263686
    ],
    "test_mae": [
      -6.365294308772397,
      -7.455045530970872,
      -5.622585458804962,
      -5.095068105169614,
      -6.436466941016153
    ]
  },
  "1234567890": {
    "fit_time": [
      0.18706607818603516,
      0.18990397453308105,
      0.18408799171447754,
      0.18398690223693848,
      0.18685102462768555
    ],
    "score_time": [
      0.048230886459350586,
      0.04934883117675781,
      0.05086493492126465,
      0.05094122886657715,
      0.0506138801574707
    ],
    "test_r": [
      0.5836254215032688,
      0.6558509191431615,
      0.5633424200614252,
      0.6453080747613277,
      0.5851233667557223
    ],
    "test_r2": [
      0.16665537432747546,
      0.3808784576785609,
      0.23803736421525368,
      0.30303237405008154,
      0.1685473256814629
    ],
    "test_rmse": [
      -7.844766161290358,
      -8.585722216252242,
      -10.164250155923009,
      -7.792110769124616,
      -7.507214247962347
    ],
    "test_mae": [
      -5.745338411318536,
      -6.273816237892977,
      -6.736903282361024,
      -5.629998569996422,
      -5.273116052786098
    ]
  },
  "473129": {
    "fit_time": [
      0.2298572063446045,
      0.23128795623779297,
      0.22829508781433105,
      0.22827601432800293,
      0.22815608978271484
    ],
    "score_time": [
      0.05074572563171387,
      0.05126619338989258,
      0.05058097839355469,
      0.05260300636291504,
      0.05120110511779785
    ],
    "test_r": [
      0.6104155797530453,
      0.6162401159199291,
      0.508696324091489,
      0.6389536985854396,
      0.602649205647857
    ],
    "test_r2": [
      0.29476452877733916,
      0.10034974163846333,
      0.12820540420395066,
      0.3374396733453615,
      0.26922696649072086
    ],
    "test_rmse": [
      -8.492282013985792,
      -8.55244569416211,
      -10.21482579573573,
      -7.942409400722468,
      -7.743804642119063
    ],
    "test_mae": [
      -5.754991796720587,
      -6.312198716422139,
      -7.136045217643881,
      -5.4878977225645915,
      -5.652957218768694
    ]
  },
  "r_avg": 0.5958135855023664,
  "r_stdev": 0.05693380047713883,
  "r_stderr": 0.021518953893754265,
  "r2_avg": 0.2221767055010729,
  "r2_stdev": 0.14561648520029963,
  "r2_stderr": 0.05503785809018718,
  "rmse_avg": -8.572289756106736,
  "rmse_stdev": 0.8529396315567942,
  "rmse_stderr": 0.32238087835004814,
  "mae_avg": -6.07329404096168,
  "mae_stdev": 0.5727055756001507,
  "mae_stderr": 0.21646236107115707
}