{
  "6": {
    "fit_time": [
      69.80569791793823,
      68.78207778930664,
      74.97596502304077,
      69.04686307907104,
      70.60813593864441
    ],
    "score_time": [
      4.29561710357666,
      4.306730031967163,
      1.7551310062408447,
      4.7056190967559814,
      4.159633159637451
    ],
    "test_r": [
      0.6691401091748632,
      0.6499818025370128,
      0.530210703220192,
      0.6763501786261051,
      0.6167416577720101
    ],
    "test_r2": [
      0.41314768159410176,
      0.40425574832532896,
      0.2603317240540135,
      0.3796388459953377,
      0.36439177396234257
    ],
    "test_rmse": [
      -7.3549373256280814,
      -7.83822001281853,
      -7.80861534255004,
      -8.418851630181432,
      -7.747205227518462
    ],
    "test_mae": [
      -5.349905095958926,
      -5.2429082309482675,
      -5.894304945289032,
      -5.812358658179573,
      -5.726507123105138
    ]
  },
  "13": {
    "fit_time": [
      72.19450426101685,
      66.68339776992798,
      71.822026014328,
      72.57786822319031,
      69.2390878200531
    ],
    "score_time": [
      3.104768991470337,
      3.4594953060150146,
      3.362621784210205,
      3.3205819129943848,
      3.7957141399383545
    ],
    "test_r": [
      0.6493834271774138,
      0.6620170574937466,
      0.5925369054806511,
      0.6043684624797934,
      0.5896823741571386
    ],
    "test_r2": [
      0.35387527778829486,
      0.3970689611450853,
      0.34914375758190774,
      0.3551424580174446,
      0.30127915089523105
    ],
    "test_rmse": [
      -8.365996973660542,
      -7.496065947363484,
      -7.228966891426273,
      -7.650284799307153,
      -8.532996521722833
    ],
    "test_mae": [
      -6.0269369957434975,
      -5.219503855756171,
      -5.647841723284118,
      -5.263874306741574,
      -5.9294627497553005
    ]
  },
  "42": {
    "fit_time": [
      69.27476596832275,
      68.12439608573914,
      67.91792416572571,
      69.20708703994751,
      69.95833992958069
    ],
    "score_time": [
      3.9755489826202393,
      4.3574059009552,
      4.666356801986694,
      3.7332241535186768,
      3.6413800716400146
    ],
    "test_r": [
      0.6039729858070152,
      0.6071997165162302,
      0.6027164640319508,
      0.4993191491791328,
      0.654875940410792
    ],
    "test_r2": [
      0.33402596575725374,
      0.3545897458131695,
      0.3474149483622472,
      0.20045007309682517,
      0.3798189254191924
    ],
    "test_rmse": [
      -7.8395620247992435,
      -6.615407254811703,
      -9.092286871746774,
      -8.12116068705602,
      -8.48151865007227
    ],
    "test_mae": [
      -5.573857388613346,
      -4.947084339651412,
      -6.275373762070182,
      -6.045601860414122,
      -6.228758284934093
    ]
  },
  "69": {
    "fit_time": [
      70.45147180557251,
      68.2119779586792,
      70.42925000190735,
      69.16624188423157,
      74.51280188560486
    ],
    "score_time": [
      3.865051031112671,
      5.9420859813690186,
      3.5386099815368652,
      5.7367470264434814,
      1.9034240245819092
    ],
    "test_r": [
      0.6779019534273798,
      0.7452883959777192,
      0.5892997323017746,
      0.6575300477011682,
      0.5152374947410076
    ],
    "test_r2": [
      0.4477664016059355,
      0.4407515883858658,
      0.27530164862491724,
      0.42786005099495694,
      0.20986200634085717
    ],
    "test_rmse": [
      -6.58120604775693,
      -7.667220125965929,
      -7.657607189523802,
      -8.017135365072928,
      -9.23291741659181
    ],
    "test_mae": [
      -5.002187989709536,
      -5.528410142702891,
      -5.286675396092247,
      -5.604826260105111,
      -6.826188384905977
    ]
  },
  "420": {
    "fit_time": [
      67.82697987556458,
      68.77431082725525,
      73.8877911567688,
      68.12509489059448,
      69.91729593276978
    ],
    "score_time": [
      5.950010061264038,
      5.844287157058716,
      1.8521678447723389,
      4.185309886932373,
      3.491002082824707
    ],
    "test_r": [
      0.539281083574596,
      0.5306513057823853,
      0.5896713867561421,
      0.6817341833005575,
      0.6685637816732269
    ],
    "test_r2": [
      0.23484902203422886,
      0.248588568350404,
      0.3281175292844658,
      0.44530783351989167,
      0.3729515299889966
    ],
    "test_rmse": [
      -8.436186948296577,
      -8.109600689606625,
      -7.785553563651469,
      -7.057068076914981,
      -8.811487118981697
    ],
    "test_mae": [
      -6.1874859854863695,
      -5.734975275158561,
      -5.811426185836915,
      -5.1493806328359515,
      -5.963346071116865
    ]
  },
  "1234567890": {
    "fit_time": [
      69.1325511932373,
      67.82342481613159,
      69.38943195343018,
      68.23524618148804,
      72.59867477416992
    ],
    "score_time": [
      3.942570924758911,
      4.302375078201294,
      3.8594861030578613,
      5.93596887588501,
      2.0543160438537598
    ],
    "test_r": [
      0.6670963653423325,
      0.6661262171646526,
      0.5812945447610532,
      0.6924080382275142,
      0.598603644092427
    ],
    "test_r2": [
      0.3916865856352163,
      0.43960054418447503,
      0.28197495706673226,
      0.46915512491957156,
      0.3164511363743694
    ],
    "test_rmse": [
      -6.702416001150648,
      -8.1684137519992,
      -9.86684493918407,
      -6.800371354310252,
      -6.806828771687539
    ],
    "test_mae": [
      -4.979616761254975,
      -5.772593223302036,
      -7.00579537672876,
      -5.321488760744957,
      -5.077219306229688
    ]
  },
  "473129": {
    "fit_time": [
      68.15435290336609,
      68.27354073524475,
      69.01294589042664,
      72.88295412063599,
      68.31179714202881
    ],
    "score_time": [
      4.1773200035095215,
      4.311716079711914,
      4.105164051055908,
      3.273341178894043,
      4.203315019607544
    ],
    "test_r": [
      0.6900751576772893,
      0.5954952370381879,
      0.5714911495165956,
      0.6089359817509794,
      0.575324845875286
    ],
    "test_r2": [
      0.4370847176566871,
      0.3075950772285321,
      0.31199542413482073,
      0.33148475419008316,
      0.3218954015117462
    ],
    "test_rmse": [
      -7.587153202940478,
      -7.502975773546962,
      -9.074433902831874,
      -7.978021711746599,
      -7.45953019935075
    ],
    "test_mae": [
      -5.1603632998983295,
      -5.598503181575721,
      -6.457274157090053,
      -5.652460401646343,
      -5.617981710405013
    ]
  },
  "r_avg": 0.6185859280213235,
  "r_stdev": 0.056322789835121415,
  "r_stderr": 0.021288013578441123,
  "r2_avg": 0.3495672839954437,
  "r2_stdev": 0.06940632169637798,
  "r2_stderr": 0.026233123803480394,
  "rmse_avg": -7.882715666050685,
  "rmse_stdev": 0.7651276470307872,
  "rmse_stderr": 0.2891910678947815,
  "mae_avg": -5.683499366379173,
  "mae_stdev": 0.49286552786637605,
  "mae_stderr": 0.1862856595044294
}