{
  "6": {
    "fit_time": [
      0.6309406757354736,
      0.6465897560119629,
      0.6528098583221436,
      0.6468958854675293,
      0.2759878635406494
    ],
    "score_time": [
      0.16855812072753906,
      0.18561697006225586,
      0.17948651313781738,
      0.18570327758789062,
      0.11803364753723145
    ],
    "test_r": [
      0.6446212080564763,
      0.6049543242346704,
      0.6375060672627161,
      0.6838937808147015,
      0.6235333956939836
    ],
    "test_r2": [
      0.361302630565815,
      0.3485602136883512,
      0.4039340678765655,
      0.40558767503501836,
      0.38279720202642986
    ],
    "test_rmse": [
      -0.07672945751268159,
      -0.08196428580637459,
      -0.07009752494484182,
      -0.08240896525962758,
      -0.07634212584949011
    ],
    "test_mae": [
      -0.05374395489020793,
      -0.05432538169380533,
      -0.05257009633270543,
      -0.05488838513575565,
      -0.057887455845479545
    ]
  },
  "13": {
    "fit_time": [
      0.6596252918243408,
      0.6537659168243408,
      0.6583390235900879,
      0.6511828899383545,
      0.28090453147888184
    ],
    "score_time": [
      0.2041330337524414,
      0.19916772842407227,
      0.20940208435058594,
      0.1784963607788086,
      0.11730480194091797
    ],
    "test_r": [
      0.586359818829518,
      0.7264920694322483,
      0.590266161507594,
      0.6598709502570261,
      0.6040484437989586
    ],
    "test_r2": [
      0.2668667029275954,
      0.45938145441570066,
      0.33420837287061633,
      0.4342662315889366,
      0.337904327996852
    ],
    "test_rmse": [
      -0.08911503790743439,
      -0.07098147954890127,
      -0.07311439034434304,
      -0.07165586821474018,
      -0.0830634742070952
    ],
    "test_mae": [
      -0.06051823271555782,
      -0.04912522386595423,
      -0.055617856308016335,
      -0.05079926816369004,
      -0.05612606963450372
    ]
  },
  "42": {
    "fit_time": [
      0.6415259838104248,
      0.6478400230407715,
      0.6629447937011719,
      0.642284631729126,
      0.27068448066711426
    ],
    "score_time": [
      0.17847704887390137,
      0.17929482460021973,
      0.18564128875732422,
      0.1817033290863037,
      0.11621212959289551
    ],
    "test_r": [
      0.5751639746583086,
      0.7142556691077773,
      0.624876090898241,
      0.6052969609573069,
      0.6549967306857923
    ],
    "test_r2": [
      0.3122108250348462,
      0.5048720522452448,
      0.3694793462199456,
      0.3450996903465967,
      0.3552643525683089
    ],
    "test_rmse": [
      -0.07966926678123185,
      -0.05794251943761266,
      -0.08937256607325474,
      -0.07349925001148015,
      -0.08647791463430081
    ],
    "test_mae": [
      -0.056520385659239746,
      -0.04336368594833901,
      -0.06119340603563632,
      -0.0539992072044495,
      -0.060808071852297425
    ]
  },
  "69": {
    "fit_time": [
      0.6521651744842529,
      0.6456642150878906,
      0.644615650177002,
      0.6489658355712891,
      0.2758932113647461
    ],
    "score_time": [
      0.17850136756896973,
      0.1814284324645996,
      0.18620634078979492,
      0.18072724342346191,
      0.11920952796936035
    ],
    "test_r": [
      0.7076041987736048,
      0.6872028516042081,
      0.5337192897494015,
      0.6636522244588768,
      0.5871244224508164
    ],
    "test_r2": [
      0.4926981520509882,
      0.409092918956374,
      0.2461049806071628,
      0.4250549000317142,
      0.27955311445267594
    ],
    "test_rmse": [
      -0.06307791031317152,
      -0.07881250828103574,
      -0.07810339012287813,
      -0.08036764982507436,
      -0.0881634268479575
    ],
    "test_mae": [
      -0.04651324051845797,
      -0.05277927466629936,
      -0.05300467475036789,
      -0.0541548462945321,
      -0.06605242474316236
    ]
  },
  "420": {
    "fit_time": [
      0.6504654884338379,
      0.6598193645477295,
      0.6536819934844971,
      0.6493833065032959,
      0.27270007133483887
    ],
    "score_time": [
      0.1774735450744629,
      0.18576431274414062,
      0.18216300010681152,
      0.181898832321167,
      0.1186378002166748
    ],
    "test_r": [
      0.6111516408909146,
      0.48308721830444107,
      0.7092898817099911,
      0.7123955220895823,
      0.6439291561948174
    ],
    "test_r2": [
      0.3409271111887202,
      0.2206741723201352,
      0.46720235545552824,
      0.47643348844820343,
      0.36599448940710444
    ],
    "test_rmse": [
      -0.07829595938095069,
      -0.08258860036802769,
      -0.06933044531970659,
      -0.0685621172969287,
      -0.08860233570503032
    ],
    "test_mae": [
      -0.057161228139916184,
      -0.056244651125393307,
      -0.05287153150453131,
      -0.04991875515043318,
      -0.05873609685370486
    ]
  },
  "1234567890": {
    "fit_time": [
      0.6501941680908203,
      0.6549229621887207,
      0.6562337875366211,
      0.6324541568756104,
      0.2781660556793213
    ],
    "score_time": [
      0.17888498306274414,
      0.17903351783752441,
      0.18477416038513184,
      0.17351341247558594,
      0.11826324462890625
    ],
    "test_r": [
      0.6886494054995966,
      0.6806220835739801,
      0.6038473790184035,
      0.6806408740599451,
      0.6723723915541032
    ],
    "test_r2": [
      0.4300688245060049,
      0.4312073195395699,
      0.30012987078227127,
      0.44729941104058846,
      0.43358338788552386
    ],
    "test_rmse": [
      -0.0648752269225269,
      -0.08229356467472629,
      -0.09741307132266372,
      -0.06938950325990702,
      -0.061962371906452665
    ],
    "test_mae": [
      -0.04893036087086456,
      -0.05699029865135453,
      -0.06768934897188887,
      -0.051348454376410106,
      -0.043436771349482976
    ]
  },
  "473129": {
    "fit_time": [
      0.6544272899627686,
      0.6541337966918945,
      0.6642029285430908,
      0.6497776508331299,
      0.2738349437713623
    ],
    "score_time": [
      0.18760967254638672,
      0.17566585540771484,
      0.18631815910339355,
      0.17708849906921387,
      0.11841845512390137
    ],
    "test_r": [
      0.6331920415914526,
      0.5596704322982077,
      0.5904685626329529,
      0.670072541597073,
      0.6998840078812929
    ],
    "test_r2": [
      0.3843661953349964,
      0.2943207548397031,
      0.3300073460183497,
      0.40423158119792824,
      0.4601449149110455
    ],
    "test_rmse": [
      -0.07934481712264087,
      -0.07574555340893863,
      -0.08954862026537529,
      -0.07531444755752595,
      -0.06655822476895862
    ],
    "test_mae": [
      -0.053412536678167706,
      -0.05565488959405835,
      -0.05979486550575175,
      -0.054329013792185396,
      -0.04972965623037424
    ]
  },
  "r_avg": 0.6387060506322566,
  "r_stdev": 0.055476342708406484,
  "r_stderr": 0.02096808663626214,
  "r2_avg": 0.3788808695537546,
  "r2_stdev": 0.0704996705886195,
  "r2_stderr": 0.026646370841351685,
  "rmse_avg": 0.0771652534629682,
  "rmse_stdev": 0.008902676769335162,
  "rmse_stderr": 0.0033648955334932536,
  "mae_avg": 0.054578274315799286,
  "mae_stdev": 0.005244036375019414,
  "mae_stderr": 0.0019820594449254307
}