{
  "6": {
    "fit_time": [
      1.2997550964355469,
      0.972538948059082
    ],
    "score_time": [
      0.021840810775756836,
      2.0409979820251465
    ],
    "test_r": [
      0.6681216718331426,
      0.6590307503146975
    ],
    "test_r2": [
      0.44535621887722465,
      0.43217388567627735
    ],
    "test_rmse": [
      -0.07964856663429516,
      -0.0820936499895302
    ],
    "test_mae": [
      -0.058392543756833636,
      -0.05936015962272562
    ]
  },
  "r_avg": 0.6635762110739201,
  "r_stdev": 0.004545460759222575,
  "r_stderr": 0.0017180226804436823,
  "r2_avg": 0.438765052276751,
  "r2_stdev": 0.0065911666004736524,
  "r2_stderr": 0.0024912268106640437,
  "rmse_avg": 0.08087110831191269,
  "rmse_stdev": 0.0012225416776175183,
  "rmse_stderr": 0.00046207732091252184,
  "mae_avg": 0.05887635168977963,
  "mae_stdev": 0.0004838079329459906,
  "mae_stderr": 0.00018286221041361486
}