{
  "6": {
    "fit_time": [
      1.8577542304992676,
      1.8652284145355225,
      1.8656620979309082,
      1.8446261882781982,
      1.223588228225708
    ],
    "score_time": [
      0.01831531524658203,
      0.016972780227661133,
      0.01671004295349121,
      0.019836902618408203,
      0.014374971389770508
    ],
    "test_r": [
      0.6672464711998912,
      0.7396353781662459,
      0.6804846635595411,
      0.6689807903577145,
      0.6863647307495782
    ],
    "test_r2": [
      0.4276096245983365,
      0.5324533312657707,
      0.46110039944190506,
      0.43644117537305405,
      0.4677475329081061
    ],
    "test_rmse": [
      -0.07083477959155074,
      -0.08283300580468733,
      -0.07671087813673781,
      -0.08555868966635666,
      -0.07450240588256567
    ],
    "test_mae": [
      -0.049574025345700136,
      -0.05932253299440656,
      -0.05587265507664,
      -0.05932629716718519,
      -0.05343404225186185
    ]
  },
  "13": {
    "fit_time": [
      1.7834608554840088,
      1.9814400672912598,
      1.8873546123504639,
      1.777967929840088,
      1.2634332180023193
    ],
    "score_time": [
      0.019068002700805664,
      0.015682697296142578,
      0.017475128173828125,
      0.020682811737060547,
      0.014307022094726562
    ],
    "test_r": [
      0.578726414817067,
      0.7447402605672702,
      0.7515747486771598,
      0.6629000040934281,
      0.6733414939299499
    ],
    "test_r2": [
      0.3323024692791897,
      0.5354963285830089,
      0.5510391000612684,
      0.4378329600205543,
      0.44944632394018535
    ],
    "test_rmse": [
      -0.08945152081872411,
      -0.0802036333846341,
      -0.07535816185416462,
      -0.07838955946829385,
      -0.06940621755440052
    ],
    "test_mae": [
      -0.05613664994069508,
      -0.0591170919920717,
      -0.05372762635350227,
      -0.056987265277553247,
      -0.05023559732694882
    ]
  },
  "42": {
    "fit_time": [
      1.9008629322052002,
      1.898118019104004,
      1.8981051445007324,
      1.8945937156677246,
      1.2155139446258545
    ],
    "score_time": [
      0.01836419105529785,
      0.018867015838623047,
      0.018352985382080078,
      0.01880621910095215,
      0.014111995697021484
    ],
    "test_r": [
      0.7337168902887581,
      0.7418405495373256,
      0.7034379781277409,
      0.7031841961347202,
      0.5665567793183635
    ],
    "test_r2": [
      0.5299201842455354,
      0.5491551458044024,
      0.4756735449453534,
      0.4865368609970131,
      0.3194317400392981
    ],
    "test_rmse": [
      -0.07235378946379846,
      -0.06753261724621996,
      -0.075230560475533,
      -0.07996915082897017,
      -0.0954350065882111
    ],
    "test_mae": [
      -0.05552857649752072,
      -0.049993289176906854,
      -0.05353680666429656,
      -0.05517444263922202,
      -0.06368057440422678
    ]
  },
  "69": {
    "fit_time": [
      1.8465819358825684,
      1.8550748825073242,
      1.8473031520843506,
      1.857529640197754,
      1.2279479503631592
    ],
    "score_time": [
      0.019277572631835938,
      0.017824172973632812,
      0.018842458724975586,
      0.016219615936279297,
      0.014316797256469727
    ],
    "test_r": [
      0.7536828737775186,
      0.7343393764414221,
      0.640027631693346,
      0.6415012720196035,
      0.7593708966090275
    ],
    "test_r2": [
      0.5665054639570741,
      0.5171894102661994,
      0.40947335156716624,
      0.377312272242862,
      0.5680026282898331
    ],
    "test_rmse": [
      -0.06503726320682413,
      -0.08699362504071431,
      -0.08034144926952466,
      -0.07479544068240794,
      -0.07389197190122804
    ],
    "test_mae": [
      -0.048617091221468796,
      -0.05903464375223432,
      -0.0572316101874624,
      -0.05140161577860515,
      -0.05372406130438452
    ]
  },
  "420": {
    "fit_time": [
      1.820180892944336,
      1.826080322265625,
      1.8160245418548584,
      1.9214208126068115,
      1.2338275909423828
    ],
    "score_time": [
      0.018630266189575195,
      0.01791858673095703,
      0.019326210021972656,
      0.015642881393432617,
      0.014381647109985352
    ],
    "test_r": [
      0.6490273891942401,
      0.7574868475554217,
      0.7357477688441937,
      0.739866523122423,
      0.7021486803749579
    ],
    "test_r2": [
      0.4151825386149115,
      0.5523439532761973,
      0.5378955509581742,
      0.5273834699950478,
      0.4896437327946642
    ],
    "test_rmse": [
      -0.07822763857257264,
      -0.08652892192551204,
      -0.06432451328131328,
      -0.07822160501055801,
      -0.06815735738376544
    ],
    "test_mae": [
      -0.0538458664246968,
      -0.05935352972149849,
      -0.05047434410027096,
      -0.05327029504002751,
      -0.051539902936230904
    ]
  },
  "1234567890": {
    "fit_time": [
      1.8432223796844482,
      1.8342084884643555,
      1.805795669555664,
      1.847280740737915,
      1.2278003692626953
    ],
    "score_time": [
      0.018444538116455078,
      0.01909804344177246,
      0.020058631896972656,
      0.016234159469604492,
      0.01419377326965332
    ],
    "test_r": [
      0.6947808411881629,
      0.6619423783279355,
      0.7276018225143387,
      0.7975184775939038,
      0.7302040026931594
    ],
    "test_r2": [
      0.4521950403856887,
      0.429215877588771,
      0.5266635221984268,
      0.6243829337978726,
      0.5205460461229354
    ],
    "test_rmse": [
      -0.08351222680557463,
      -0.07670018677659966,
      -0.07239790272348996,
      -0.07067655673424983,
      -0.07175254211532969
    ],
    "test_mae": [
      -0.05897327149340085,
      -0.04966079435178212,
      -0.053705099842378076,
      -0.05198647105156838,
      -0.05010332217517201
    ]
  },
  "473129": {
    "fit_time": [
      1.8413448333740234,
      1.8476953506469727,
      1.8340392112731934,
      1.8440172672271729,
      1.2217090129852295
    ],
    "score_time": [
      0.019028902053833008,
      0.017229557037353516,
      0.019257307052612305,
      0.01740264892578125,
      0.014328718185424805
    ],
    "test_r": [
      0.7302284537797779,
      0.6955405037665691,
      0.7102799448622179,
      0.631734222761821,
      0.7366269622223505
    ],
    "test_r2": [
      0.5273426133032847,
      0.4654306168249692,
      0.48018953562690625,
      0.3956932971330568,
      0.5424379677354518
    ],
    "test_rmse": [
      -0.07752218080793494,
      -0.08179954310089335,
      -0.07722149569753234,
      -0.08624050115161239,
      -0.06289742333072257
    ],
    "test_mae": [
      -0.05209338377203259,
      -0.05833142170735769,
      -0.05507127488085201,
      -0.061886605881355916,
      -0.04654586413099959
    ]
  },
  "r_avg": 0.7009253776819184,
  "r_stdev": 0.05053867024750471,
  "r_stderr": 0.01910182186668523,
  "r2_avg": 0.48334904411949936,
  "r2_stdev": 0.0680363685851683,
  "r2_stderr": 0.02571533019775468,
  "rmse_avg": 0.07688600920809165,
  "rmse_stdev": 0.007332733197134274,
  "rmse_stderr": 0.0027715126385721217,
  "mae_avg": 0.05452851265321476,
  "mae_stdev": 0.004005148401917223,
  "mae_stderr": 0.0015138038050543916
}