fold,r,r2,rmse,mae
1.0,0.7642335938357769,0.5771757319456282,2.13745187756525,1.5444116027002006
2.0,0.690065127749921,0.47121553735406574,2.4009100626799844,1.7869023743209769
3.0,0.7283226824400686,0.5126183457044384,2.1074726158323696,1.6233211548341335
4.0,0.6001123095517565,0.33597681117143063,2.2045898795797103,1.6994106007853527
5.0,0.8088815063046941,0.6441932491564862,1.8933386391346056,1.4282930629016883
