fold,r,r2,rmse,mae
1.0,0.6237418409758877,0.35219096476776823,2.5912161671328766,1.8304302810214763
2.0,0.778780347684934,0.5803384708110393,1.784921876027852,1.389929200712255
3.0,0.7732254238867187,0.5957974456111554,2.1798183455257427,1.668205694899391
4.0,0.7749807063217843,0.5915971330646369,1.8736974673001245,1.5180025466715892
5.0,0.8275024411405447,0.6720349322092297,1.7488057001869393,1.4215518545999046
