fold,r,r2,rmse,mae
1.0,0.3337624165872301,-3.6724178972146344,7.3466255257633195,6.191185353500668
2.0,0.19172474352491897,-8.264322305161226,8.203114594827678,7.134200119368474
3.0,0.19739359176854868,-5.10953069113788,7.990966276847653,6.920743513560588
4.0,0.19914619919291252,-7.658823509071576,8.643302334349249,7.761068602707528
5.0,0.21922006236442587,-5.33087955858828,7.644247445273314,6.465337803829738
