{
  "6": {
    "fit_time": [
      9.707030773162842,
      12.099722862243652,
      13.025593996047974,
      11.821530818939209,
      9.923131942749023
    ],
    "score_time": [
      0.07126641273498535,
      0.07911849021911621,
      0.06333756446838379,
      0.04944181442260742,
      0.04073953628540039
    ],
    "test_r": [
      0.7901081348139471,
      0.8260094722651012,
      0.8717234317821124,
      0.8587622401640371,
      0.7925320316474408
    ],
    "test_r2": [
      0.6240094267182238,
      0.671282392960101,
      0.759784782022598,
      0.7276119525165137,
      0.6087060597939554
    ],
    "test_rmse": [
      -2.685102357732016,
      -3.042845709156456,
      -2.2886142217780336,
      -2.4625618763931167,
      -2.851998036204039
    ],
    "test_mae": [
      -1.8633464497864705,
      -2.196846608486188,
      -1.6740569535586762,
      -1.5873840141090652,
      -1.9053633946164104
    ]
  },
  "13": {
    "fit_time": [
      10.053741693496704,
      12.39948558807373,
      12.725433588027954,
      11.810191869735718,
      9.887327194213867
    ],
    "score_time": [
      0.1287369728088379,
      0.08107924461364746,
      0.06307458877563477,
      0.049877166748046875,
      0.042420387268066406
    ],
    "test_r": [
      0.7607337048876299,
      0.7628419197603814,
      0.8686830282483089,
      0.8191879176960535,
      0.83961573636816
    ],
    "test_r2": [
      0.5705039363198973,
      0.5783921135693872,
      0.745136239448045,
      0.662765763646459,
      0.7018721120719935
    ],
    "test_rmse": [
      -3.1966678048032633,
      -3.2627167138618356,
      -2.28672589926454,
      -2.677518581225809,
      -2.4953450946359896
    ],
    "test_mae": [
      -2.0307390894824766,
      -2.2500841370972404,
      -1.7629627312187963,
      -1.6971511568430868,
      -1.7245814053299815
    ]
  },
  "42": {
    "fit_time": [
      9.716709852218628,
      12.10779595375061,
      12.904388904571533,
      11.821396589279175,
      9.874295473098755
    ],
    "score_time": [
      0.07302284240722656,
      0.08049178123474121,
      0.06363320350646973,
      0.050148725509643555,
      0.04120445251464844
    ],
    "test_r": [
      0.8573513363610972,
      0.8721023540329392,
      0.7869746136881779,
      0.8212754977635193,
      0.8156793770565257
    ],
    "test_r2": [
      0.7230900183629427,
      0.7378202528895274,
      0.6148457814233623,
      0.6604005366873933,
      0.6554073416406808
    ],
    "test_rmse": [
      -2.4620053638822625,
      -2.1000382181658113,
      -3.4074761127424518,
      -2.645087625007327,
      -2.72163104401244
    ],
    "test_mae": [
      -1.8898978990109365,
      -1.6540909545004723,
      -2.2248907395342394,
      -1.6737131724684606,
      -1.9624335238544428
    ]
  },
  "69": {
    "fit_time": [
      10.013034105300903,
      12.010003328323364,
      13.234368562698364,
      11.926035642623901,
      9.953383922576904
    ],
    "score_time": [
      0.06745123863220215,
      0.08061695098876953,
      0.06246042251586914,
      0.04861855506896973,
      0.041259050369262695
    ],
    "test_r": [
      0.8223892574191981,
      0.9052480221194388,
      0.8151544453157862,
      0.7890768429299005,
      0.8075747278726921
    ],
    "test_r2": [
      0.6679904446424145,
      0.8174865932387136,
      0.6617050737982311,
      0.6081280100308057,
      0.6418359751548789
    ],
    "test_rmse": [
      -2.5871776668068778,
      -2.108376742840484,
      -2.680529927422806,
      -3.0681347653691,
      -2.8248511492925403
    ],
    "test_mae": [
      -1.8173556752470985,
      -1.592050517949821,
      -1.8312091813634805,
      -2.124347324305735,
      -1.9580768487851379
    ]
  },
  "420": {
    "fit_time": [
      9.69942855834961,
      12.54511833190918,
      13.064817428588867,
      11.858614921569824,
      10.101743698120117
    ],
    "score_time": [
      0.09224748611450195,
      0.08504104614257812,
      0.06464934349060059,
      0.04994082450866699,
      0.04085063934326172
    ],
    "test_r": [
      0.8557330648160132,
      0.8255986509191928,
      0.8774970253395755,
      0.871715743502917,
      0.7618159311502183
    ],
    "test_r2": [
      0.7315552776420073,
      0.6637818641744382,
      0.7698906422340994,
      0.7546435826537536,
      0.5755895218658769
    ],
    "test_rmse": [
      -2.4169965747314026,
      -2.600709882175669,
      -2.0941438878525918,
      -2.5438772610723928,
      -3.22702620264403
    ],
    "test_mae": [
      -1.7396904868563057,
      -1.9028154804149533,
      -1.5575724547395073,
      -1.9604011450086491,
      -2.114625833500048
    ]
  },
  "1234567890": {
    "fit_time": [
      9.997133255004883,
      12.35088324546814,
      12.965898990631104,
      11.760205030441284,
      10.012187242507935
    ],
    "score_time": [
      0.08582139015197754,
      0.08163952827453613,
      0.06346964836120605,
      0.05094313621520996,
      0.04177045822143555
    ],
    "test_r": [
      0.8688305626232108,
      0.8645438634224578,
      0.7406748612625875,
      0.8801914649708441,
      0.8400117397144611
    ],
    "test_r2": [
      0.7523260261006994,
      0.7463608572496394,
      0.5398046885757446,
      0.7551008444079951,
      0.6984616501291465
    ],
    "test_rmse": [
      -2.2667017000705387,
      -2.4532658656043664,
      -3.588819353652699,
      -2.2965261008129962,
      -2.3264462698297006
    ],
    "test_mae": [
      -1.73697997529401,
      -1.677754881897993,
      -2.323442496587007,
      -1.688860998834019,
      -1.8201199229094531
    ]
  },
  "473129": {
    "fit_time": [
      10.166564464569092,
      11.997753381729126,
      13.043060302734375,
      11.91912841796875,
      9.847068071365356
    ],
    "score_time": [
      0.14957237243652344,
      0.07878327369689941,
      0.06717491149902344,
      0.04982328414916992,
      0.04147458076477051
    ],
    "test_r": [
      0.8414464104721139,
      0.8900281596776921,
      0.843432786482597,
      0.8097357045922343,
      0.8778364591790789
    ],
    "test_r2": [
      0.706950029588211,
      0.7802903607884083,
      0.7090588446663006,
      0.6527160751583663,
      0.7555095262576244
    ],
    "test_rmse": [
      -2.69833282195348,
      -2.1609545288353647,
      -2.586279034651217,
      -2.961889456868952,
      -1.9862998617137273
    ],
    "test_mae": [
      -1.988889547784378,
      -1.5625202300994945,
      -1.9273352821430163,
      -1.8126257940985004,
      -1.521564003336819
    ]
  },
  "r_avg": 0.8323461862947897,
  "r_stdev": 0.040852246565679366,
  "r_stderr": 0.015440697844440014,
  "r2_avg": 0.6865947028122411,
  "r2_stdev": 0.06761093106723859,
  "r2_stderr": 0.02555452993049202,
  "rmse_avg": 2.6303906775161807,
  "rmse_stdev": 0.392421214866124,
  "rmse_stderr": 0.14832127767451528,
  "mae_avg": 1.8501651517443536,
  "mae_stdev": 0.2094431464467806,
  "mae_stderr": 0.07916206847215183
}