rmse,r,r2,spearman,mse,mae
2.1466969619651586,0.654853248448031,0.37370934457006666,0.5577864760175781,4.608307846510442,1.7322592137878379
2.8610496969896815,0.5676816639705575,0.2641974186895163,0.541572970567052,8.18560536864475,2.315609710687766
2.755212114484889,0.4264937469180855,0.1516847400499315,0.436442853399834,7.591193795804291,1.970602977883048
2.739411412300237,0.4924085589709949,0.22659001805569023,0.4070104254978153,7.50437488584078,2.068969319759357
2.424110322568575,0.6252866916247267,0.35838503820646617,0.5921093567174317,5.876310855983521,1.8464109056139886
