fold,r,r2,rmse,mae
1.0,0.6237006387832743,0.3785955249607377,2.5378580814063487,1.7967307769438892
2.0,0.7092356133253669,0.49217551083362043,1.9634798695475808,1.5188246466420192
3.0,0.7155609198922912,0.47773197750974283,2.4778071067985232,1.9022002714348165
4.0,0.7313686228479239,0.5144687070056615,2.0429780080491438,1.66518295771069
5.0,0.7631677075542903,0.5701240144713402,2.0021626624229407,1.579415147328809
