Dataset,num_of_folds,Features,Targets,Model,r_mean,r_std,r2_mean,r2_std,rmse_mean,rmse_std,mae_mean,mae_std,num_of_data
OPV_Min,5,DA_mordred_pca,calc_PCE_percent,RF,0.7086067004806293,0.0463741406706231,0.4866191469562205,0.06249418975072252,2.2048571456449073,0.24937690456226666,1.692470760012045,0.14038218369465438,558
