{
  "6": {
    "fit_time": [
      0.01703357696533203,
      0.016648530960083008,
      0.017154693603515625,
      0.016773223876953125,
      0.013439178466796875
    ],
    "score_time": [
      0.008210182189941406,
      0.008008718490600586,
      0.007787942886352539,
      0.007952690124511719,
      0.007315397262573242
    ],
    "test_r": [
      0.6576057219458618,
      0.5941323691517986,
      0.7788483871269575,
      0.6634539855246298,
      0.5828195937895753
    ],
    "test_r2": [
      0.4223682257378455,
      0.3448852958078068,
      0.5747307404911068,
      0.40755550036994004,
      0.3361501066899204
    ],
    "test_rmse": [
      -3.328111785340376,
      -4.295632523147999,
      -3.0451194224069793,
      -3.6317585223482003,
      -3.7147757851029337
    ],
    "test_mae": [
      -2.256096429354911,
      -3.0233985371488545,
      -2.352483507397975,
      -2.486706073675143,
      -2.5852810123024716
    ]
  },
  "13": {
    "fit_time": [
      0.06674718856811523,
      0.06290483474731445,
      0.06204509735107422,
      0.0680840015411377,
      0.025979280471801758
    ],
    "score_time": [
      0.03000497817993164,
      0.0304107666015625,
      0.03016209602355957,
      0.026149988174438477,
      0.010040521621704102
    ],
    "test_r": [
      0.580223183007075,
      0.6907567274781077,
      0.7031892544404372,
      0.6857633875622856,
      0.5578477700964886
    ],
    "test_r2": [
      0.3315076488665426,
      0.4520813483942091,
      0.48029201615701056,
      0.4547490652720597,
      0.30766484606672784
    ],
    "test_rmse": [
      -3.9881008707186023,
      -3.7194870151427284,
      -3.265425361236019,
      -3.404590427109263,
      -3.8026600776655433
    ],
    "test_mae": [
      -2.784085106389116,
      -2.6448081734937268,
      -2.3836692607766232,
      -2.3947396715366063,
      -2.597508579062262
    ]
  },
  "42": {
    "fit_time": [
      0.06750273704528809,
      0.06764435768127441,
      0.07737350463867188,
      0.08025503158569336,
      0.034288644790649414
    ],
    "score_time": [
      0.0351109504699707,
      0.034735679626464844,
      0.026586055755615234,
      0.029504776000976562,
      0.011429071426391602
    ],
    "test_r": [
      0.7331693654223836,
      0.7272543740597086,
      0.6083563694245786,
      0.6060960741597359,
      0.5581331920355481
    ],
    "test_r2": [
      0.48297516291642884,
      0.49942123614504375,
      0.35587741941676687,
      0.35606622090272866,
      0.3079619498820927
    ],
    "test_rmse": [
      -3.364150316026878,
      -2.901775697077821,
      -4.406560656574687,
      -3.6423122115410944,
      -3.8569252917418986
    ],
    "test_mae": [
      -2.5058463783461384,
      -2.10019822677753,
      -3.0330533606992796,
      -2.6500117897097826,
      -2.652853716946985
    ]
  },
  "69": {
    "fit_time": [
      0.06802010536193848,
      0.06761360168457031,
      0.0684196949005127,
      0.07053422927856445,
      0.03510570526123047
    ],
    "score_time": [
      0.03643083572387695,
      0.03517770767211914,
      0.0344996452331543,
      0.03309917449951172,
      0.011500358581542969
    ],
    "test_r": [
      0.6926881613098684,
      0.6681156447284975,
      0.6926434352862184,
      0.5892331927133173,
      0.6109639094247663
    ],
    "test_r2": [
      0.4661956723609223,
      0.4405851998413476,
      0.4248069553168653,
      0.34256275357792043,
      0.360079779273932
    ],
    "test_rmse": [
      -3.2805148444523757,
      -3.691201954788067,
      -3.4952619659985307,
      -3.974014734859025,
      -3.7758740930006858
    ],
    "test_mae": [
      -2.3728038315334508,
      -2.5572003004183625,
      -2.3396353712138898,
      -2.7923909761934276,
      -2.6659327953258445
    ]
  },
  "420": {
    "fit_time": [
      0.06885409355163574,
      0.06793665885925293,
      0.06832551956176758,
      0.06893706321716309,
      0.029619216918945312
    ],
    "score_time": [
      0.03285098075866699,
      0.03194260597229004,
      0.0311431884765625,
      0.028831005096435547,
      0.011081218719482422
    ],
    "test_r": [
      0.6278385430783993,
      0.5534169003617926,
      0.7428914084314784,
      0.736559000866275,
      0.5602288296533956
    ],
    "test_r2": [
      0.36070132133154464,
      0.2955983231003867,
      0.5340995556304307,
      0.5037608591043155,
      0.30062425687264693
    ],
    "test_rmse": [
      -3.729928470014469,
      -3.76436329892368,
      -2.979791937677892,
      -3.617786640479025,
      -4.142521066671628
    ],
    "test_mae": [
      -2.6147512933054364,
      -2.672588760614263,
      -2.149825966918427,
      -2.591843429517294,
      -2.8544118188340906
    ]
  },
  "1234567890": {
    "fit_time": [
      0.06792283058166504,
      0.06854677200317383,
      0.06799507141113281,
      0.06889963150024414,
      0.027076005935668945
    ],
    "score_time": [
      0.03082895278930664,
      0.029377460479736328,
      0.028584718704223633,
      0.025881528854370117,
      0.010985136032104492
    ],
    "test_r": [
      0.7471259858785115,
      0.6300417529679669,
      0.5408506498269662,
      0.6824880477638419,
      0.6413546577779368
    ],
    "test_r2": [
      0.5500975316803363,
      0.39659074271915506,
      0.27519198398653766,
      0.4325216262718081,
      0.40774484992350235
    ],
    "test_rmse": [
      -3.0550151767529727,
      -3.7839244978027575,
      -4.50393378788981,
      -3.4958468601674375,
      -3.260439701610316
    ],
    "test_mae": [
      -2.3619416848330994,
      -2.668009138905201,
      -3.1068020792137747,
      -2.490679379571248,
      -2.245982496207721
    ]
  },
  "473129": {
    "fit_time": [
      0.06781816482543945,
      0.06775307655334473,
      0.06885981559753418,
      0.06866264343261719,
      0.027223587036132812
    ],
    "score_time": [
      0.030428647994995117,
      0.029075145721435547,
      0.027599096298217773,
      0.025563955307006836,
      0.01098012924194336
    ],
    "test_r": [
      0.5817618611137771,
      0.7044011056785071,
      0.6163374407273593,
      0.6533764614883102,
      0.6916486996689868
    ],
    "test_r2": [
      0.3383099101949709,
      0.46835223858671715,
      0.3695655988817378,
      0.4070962972678217,
      0.42493615132323403
    ],
    "test_rmse": [
      -4.054637103540434,
      -3.36149963006522,
      -3.807086561312874,
      -3.870067916323424,
      -3.0462944175909357
    ],
    "test_mae": [
      -2.827471278871136,
      -2.4995624830173675,
      -2.5240753099973383,
      -2.7283499588136277,
      -2.239646229953084
    ]
  },
  "r_avg": 0.6483318698277529,
  "r_stdev": 0.06437614174746964,
  "r_stderr": 0.024331894489949674,
  "r2_avg": 0.40610595401035327,
  "r2_stdev": 0.07621517704099731,
  "r2_stderr": 0.028806629225605503,
  "rmse_avg": 3.6302111606600738,
  "rmse_stdev": 0.3942799789836403,
  "rmse_stderr": 0.1490238244746408,
  "mae_avg": 2.5644184116250135,
  "mae_stdev": 0.2395683411226727,
  "mae_stderr": 0.09054832180212576
}