{
  "6": {
    "fit_time": [
      0.054331064224243164,
      0.05553603172302246,
      0.05079913139343262,
      0.05629992485046387,
      0.05362892150878906
    ],
    "score_time": [
      0.01240992546081543,
      0.009940147399902344,
      0.013764142990112305,
      0.009904861450195312,
      0.011941194534301758
    ],
    "test_r": [
      0.28561006976260284,
      0.0927026397864175,
      0.14933140631878294,
      0.28587935900248973,
      0.3726219775914738
    ],
    "test_r2": [
      -3.949786069107841,
      -3.7960282209736773,
      -4.151794909012191,
      -3.841565481471302,
      -4.265397051561476
    ],
    "test_rmse": [
      -9.742391597646279,
      -11.622761151892442,
      -10.598676014272382,
      -10.382119740755032,
      -10.461964065252706
    ],
    "test_mae": [
      -7.000654710450921,
      -9.339177904277392,
      -8.44745086458219,
      -7.864477238567403,
      -8.077248516103085
    ]
  },
  "13": {
    "fit_time": [
      0.0635378360748291,
      0.0672917366027832,
      0.0663151741027832,
      0.06535005569458008,
      0.06279706954956055
    ],
    "score_time": [
      0.011939048767089844,
      0.010560035705566406,
      0.009901046752929688,
      0.011833906173706055,
      0.010597944259643555
    ],
    "test_r": [
      -0.0884775638546427,
      0.261096627922917,
      0.20883506919938283,
      0.12165984572248056,
      0.1693986550820648
    ],
    "test_r2": [
      -4.428517441634313,
      -3.121869037193715,
      -5.542766489699304,
      -4.0806044166706235,
      -4.3126034671367135
    ],
    "test_rmse": [
      -11.364714549283113,
      -10.201689453634147,
      -11.586193503355366,
      -10.392603420226433,
      -10.533750172119843
    ],
    "test_mae": [
      -8.68311743444485,
      -7.813891316072584,
      -9.216992671736714,
      -8.24032580907211,
      -8.246815421976045
    ]
  },
  "42": {
    "fit_time": [
      0.08368182182312012,
      0.08151507377624512,
      0.0792698860168457,
      0.0848090648651123,
      0.0760188102722168
    ],
    "score_time": [
      0.010138988494873047,
      0.012047767639160156,
      0.013645172119140625,
      0.010935068130493164,
      0.014180183410644531
    ],
    "test_r": [
      0.2120799231114655,
      0.350270897236602,
      0.06692024749291836,
      0.16581143944138088,
      0.21600628176740477
    ],
    "test_r2": [
      -4.76180071008076,
      -5.387449430475348,
      -3.8050890480176696,
      -6.058353792686728,
      -4.990846209638839
    ],
    "test_rmse": [
      -11.230492593057471,
      -10.365526487636428,
      -12.035557462329805,
      -12.058916212838358,
      -11.348026082445651
    ],
    "test_mae": [
      -8.780694507740451,
      -7.769115894454712,
      -9.616247939923912,
      -9.979759850376816,
      -8.846681205926467
    ]
  },
  "69": {
    "fit_time": [
      0.0755620002746582,
      0.07530689239501953,
      0.0791170597076416,
      0.07144784927368164,
      0.07994699478149414
    ],
    "score_time": [
      0.011482000350952148,
      0.01025700569152832,
      0.012695074081420898,
      0.009893178939819336,
      0.0126190185546875
    ],
    "test_r": [
      0.17185529660090115,
      0.08832946679903012,
      0.041132564602461355,
      0.2723044494075993,
      0.10350639384003796
    ],
    "test_r2": [
      -4.206239800871676,
      -4.935690969836822,
      -4.557920502210358,
      -4.185560413200701,
      -4.8566156875090885
    ],
    "test_rmse": [
      -10.245025556436056,
      -12.02365405447267,
      -10.864983810640425,
      -11.160924485534407,
      -11.422941448493608
    ],
    "test_mae": [
      -7.863219614994973,
      -9.699948768370916,
      -8.354961427985089,
      -8.551790901841846,
      -9.171680483235399
    ]
  },
  "420": {
    "fit_time": [
      0.0881509780883789,
      0.08319616317749023,
      0.08319282531738281,
      0.0800020694732666,
      0.08598685264587402
    ],
    "score_time": [
      0.009446859359741211,
      0.010916948318481445,
      0.011246204376220703,
      0.014976978302001953,
      0.010566234588623047
    ],
    "test_r": [
      0.19609223291751698,
      0.20161230428359883,
      0.137456853817667,
      0.07772600273555823,
      0.11278315052744071
    ],
    "test_r2": [
      -4.378259197539191,
      -5.257517183836603,
      -4.166841177503107,
      -4.242715255035527,
      -4.151351864678398
    ],
    "test_rmse": [
      -10.818560153241409,
      -11.219728955473933,
      -9.92320433901588,
      -11.759140459438635,
      -11.24268520969578
    ],
    "test_mae": [
      -8.456966272777903,
      -8.841730898450413,
      -7.591485716961022,
      -9.631606307904745,
      -8.877028159577353
    ]
  },
  "1234567890": {
    "fit_time": [
      0.08268904685974121,
      0.08384084701538086,
      0.08396601676940918,
      0.0797586441040039,
      0.08539700508117676
    ],
    "score_time": [
      0.00997304916381836,
      0.010132789611816406,
      0.009795188903808594,
      0.010307073593139648,
      0.009550809860229492
    ],
    "test_r": [
      0.17475212072229424,
      0.0907263506024436,
      0.1712958350659961,
      0.12336190741099971,
      -0.02848712625020594
    ],
    "test_r2": [
      -4.868795410315063,
      -4.098290277274471,
      -2.9947652746785622,
      -4.064135946156766,
      -7.546052694801347
    ],
    "test_rmse": [
      -11.033890485724193,
      -10.998887431820435,
      -10.573679357689928,
      -10.443123637929737,
      -12.385243031352232
    ],
    "test_mae": [
      -8.731305054062464,
      -8.456735039702025,
      -7.943620265551518,
      -8.023209538315486,
      -10.164882627350737
    ]
  },
  "473129": {
    "fit_time": [
      0.08150076866149902,
      0.07807397842407227,
      0.07754206657409668,
      0.0811769962310791,
      0.08092427253723145
    ],
    "score_time": [
      0.014697074890136719,
      0.01427912712097168,
      0.013035774230957031,
      0.01643514633178711,
      0.013594865798950195
    ],
    "test_r": [
      0.061299131743646276,
      0.11341445499757669,
      0.2291161961466334,
      0.340122390380593,
      0.08351711253283901
    ],
    "test_r2": [
      -4.786508155404732,
      -4.4510966514959565,
      -3.929564827139539,
      -3.2782784596642944,
      -7.864309898990191
    ],
    "test_rmse": [
      -11.990380355966773,
      -10.763735426544892,
      -10.645770288551399,
      -10.395874530845743,
      -11.960141193992087
    ],
    "test_mae": [
      -9.516330295667485,
      -8.392155829949752,
      -8.384996820997396,
      -7.794180315356,
      -9.447150999355513
    ]
  },
  "r_avg": 0.16090468469909625,
  "r_stdev": 0.10040605579038073,
  "r_stderr": 0.037949921963746316,
  "r2_avg": -4.5518566121000825,
  "r2_stdev": 1.0024349408370128,
  "r2_stderr": 0.3788847941394974,
  "rmse_avg": -11.022770191988732,
  "rmse_stdev": 0.6725637634491851,
  "rmse_stderr": 0.2542052084171738,
  "mae_avg": -8.62336104640325,
  "mae_stdev": 0.7334431790025864,
  "mae_stderr": 0.2772154646339249
}