{
  "6": {
    "fit_time": [
      0.6498398780822754,
      0.6918680667877197,
      0.5793750286102295,
      0.5828180313110352,
      0.22583699226379395
    ],
    "score_time": [
      0.01090097427368164,
      0.008739709854125977,
      0.011600971221923828,
      0.012485265731811523,
      1.402622938156128
    ],
    "test_r": [
      0.500481428435416,
      0.4526632120847318,
      0.4575577851316561,
      0.5538386605195283,
      0.4448505652424798
    ],
    "test_r2": [
      -0.14251268836462216,
      -0.5088923914149859,
      -1.3439187989500874,
      -0.05409506458848723,
      -0.44929368794517943
    ],
    "test_rmse": [
      -4.680614606744306,
      -6.519249201458738,
      -7.148972310148646,
      -4.8443221740848195,
      -5.488780474642632
    ],
    "test_mae": [
      -3.4611735150672813,
      -5.0505913551335695,
      -5.737890390110114,
      -3.511422777682737,
      -4.061378961275571
    ]
  },
  "13": {
    "fit_time": [
      0.5654301643371582,
      0.435258150100708,
      0.37300705909729004,
      0.35449910163879395,
      0.4451117515563965
    ],
    "score_time": [
      0.008352994918823242,
      0.00966501235961914,
      1.4248080253601074,
      1.4288458824157715,
      0.013218164443969727
    ],
    "test_r": [
      0.43566690823483367,
      0.6240048492316683,
      0.6022870462137835,
      0.48935142713204216,
      0.4187572302959483
    ],
    "test_r2": [
      -0.6183501168566141,
      0.3590840734016334,
      0.22644700164775577,
      -0.15671865104658256,
      0.007845114235425554
    ],
    "test_rmse": [
      -6.205176725874102,
      -4.0227730929425025,
      -3.9838695025778943,
      -4.958844997498144,
      -4.552176065594849
    ],
    "test_mae": [
      -4.79745763946223,
      -2.968800551241611,
      -3.051257722866555,
      -3.6377146142495835,
      -3.2817132918690337
    ]
  },
  "42": {
    "fit_time": [
      0.33562588691711426,
      0.47783994674682617,
      0.5375449657440186,
      0.35991573333740234,
      0.47591376304626465
    ],
    "score_time": [
      0.01793384552001953,
      0.012509822845458984,
      0.009891033172607422,
      0.013695955276489258,
      0.012753963470458984
    ],
    "test_r": [
      0.5542408186464562,
      0.5574768985796268,
      0.503462575740661,
      0.50998623325588,
      0.3553769661509444
    ],
    "test_r2": [
      0.2615322326686289,
      -0.14926273300949133,
      0.10323588135286077,
      0.022275617544752935,
      -1.4373494668253382
    ],
    "test_rmse": [
      -4.020549943765343,
      -4.39680586532892,
      -5.199416427043769,
      -4.488123396740034,
      -7.238276036104559
    ],
    "test_mae": [
      -3.008389249261197,
      -3.072997286216673,
      -3.7850568426977467,
      -3.516106742116207,
      -5.559304533988784
    ]
  },
  "69": {
    "fit_time": [
      0.4609551429748535,
      0.6596410274505615,
      0.5327410697937012,
      0.47428083419799805,
      0.45336127281188965
    ],
    "score_time": [
      0.014853715896606445,
      0.009228706359863281,
      0.012707948684692383,
      0.01579904556274414,
      0.013792991638183594
    ],
    "test_r": [
      0.5588091300299443,
      0.29563464720666244,
      0.6233131466423787,
      0.44458178662208814,
      0.32085420094868927
    ],
    "test_r2": [
      -0.30476517740053,
      -2.123855140385219,
      0.27007732308025245,
      -0.3076686901327139,
      -1.462924167654183
    ],
    "test_rmse": [
      -5.128816260958814,
      -8.722606372529901,
      -3.937416405065884,
      -5.604684668662653,
      -7.407644084916761
    ],
    "test_mae": [
      -3.7782296189075706,
      -7.159231971535014,
      -2.8705454397905337,
      -4.145831865462096,
      -5.723979279391662
    ]
  },
  "420": {
    "fit_time": [
      0.4299750328063965,
      0.4222118854522705,
      0.5038108825683594,
      0.5513820648193359,
      0.4145321846008301
    ],
    "score_time": [
      0.01510310173034668,
      0.01801323890686035,
      0.010632038116455078,
      0.011065959930419922,
      0.015774965286254883
    ],
    "test_r": [
      0.44506502851549967,
      0.4917540612702963,
      0.5976129620365889,
      0.5967357502372178,
      0.4117300106943056
    ],
    "test_r2": [
      -0.5880203364161103,
      -0.23047577148281073,
      0.025463505164144196,
      0.06972052520124095,
      0.09851992211534188
    ],
    "test_rmse": [
      -5.878636810499246,
      -4.975283966406058,
      -4.309614583046221,
      -4.953408693866439,
      -4.703135701383087
    ],
    "test_mae": [
      -4.345603357075961,
      -3.6035335415168714,
      -3.184240906396613,
      -3.833219778512222,
      -3.1586828597096464
    ]
  },
  "1234567890": {
    "fit_time": [
      0.424191951751709,
      0.4516770839691162,
      0.5017218589782715,
      0.5333199501037598,
      0.564079999923706
    ],
    "score_time": [
      0.016041994094848633,
      0.01848292350769043,
      0.014525175094604492,
      0.011148214340209961,
      0.01512002944946289
    ],
    "test_r": [
      0.462540666633787,
      0.5420915182777803,
      0.47832598638445956,
      0.5195578603032881,
      0.47859547915756145
    ],
    "test_r2": [
      -0.5714268508567251,
      0.13938132831617633,
      -0.09244810444392249,
      -0.3293144196221043,
      -0.3837551604095373
    ],
    "test_rmse": [
      -5.709541959822438,
      -4.5189949905106435,
      -5.529436960801724,
      -5.3504658900869355,
      -4.983694090751811
    ],
    "test_mae": [
      -4.412413912674859,
      -3.25195143805443,
      -4.036243094054282,
      -4.2519908063135095,
      -3.924483335096057
    ]
  },
  "473129": {
    "fit_time": [
      0.5969259738922119,
      0.578380823135376,
      0.5244419574737549,
      0.6028580665588379,
      0.48053789138793945
    ],
    "score_time": [
      0.011238336563110352,
      0.01319122314453125,
      0.013949871063232422,
      0.014537811279296875,
      0.020652055740356445
    ],
    "test_r": [
      0.3621678623841053,
      0.49457071205139913,
      0.5914133416952114,
      0.4495932856131321,
      0.35061466744705044
    ],
    "test_r2": [
      -0.9392931682064507,
      -0.6067388232755921,
      0.12144527141907091,
      -0.7320553241126564,
      -3.626062725922915
    ],
    "test_rmse": [
      -6.941389410046342,
      -5.843778103582829,
      -4.494249823151347,
      -6.614657856713802,
      -8.640116530772445
    ],
    "test_mae": [
      -5.384647917158145,
      -4.480786290153656,
      -3.3641007472603124,
      -5.201231902064248,
      -6.911591003646849
    ]
  },
  "r_avg": 0.485016134544203,
  "r_stdev": 0.084206105806845,
  "r_stderr": 0.0318269164054434,
  "r2_avg": -0.44154770466215926,
  "r2_stdev": 0.7765591220221184,
  "r2_stderr": 0.29351175931559814,
  "rmse_avg": -5.485586399546418,
  "rmse_stdev": 1.2369721027316785,
  "rmse_stderr": 0.4675315089360945,
  "mae_avg": -4.157822701086099,
  "mae_stdev": 1.0801588841807384,
  "mae_stderr": 0.40826168342560765
}