{
  "6": {
    "fit_time": [
      0.09706497192382812,
      0.0905001163482666,
      0.09318685531616211,
      0.09080076217651367,
      0.10064482688903809
    ],
    "score_time": [
      0.043906211853027344,
      0.04757404327392578,
      0.047895193099975586,
      0.0505681037902832,
      0.04515194892883301
    ],
    "test_r": [
      0.6173961474784186,
      0.5881958630612935,
      0.7537321060931638,
      0.5423461768721012,
      0.5662298003525923
    ],
    "test_r2": [
      0.36568354679392845,
      0.3307987993447057,
      0.5125883355588321,
      0.23290759417797513,
      0.2976809363352676
    ],
    "test_rmse": [
      -3.487589455062137,
      -4.3415699627906905,
      -3.2600202139579664,
      -4.132539088070617,
      -3.820893119847939
    ],
    "test_mae": [
      -2.269952396563976,
      -2.98420922580249,
      -2.412862096909028,
      -2.8268293276986416,
      -2.6315886590293354
    ]
  },
  "13": {
    "fit_time": [
      0.0985569953918457,
      0.10456109046936035,
      0.10826325416564941,
      0.10600614547729492,
      0.10665082931518555
    ],
    "score_time": [
      0.04169321060180664,
      0.04587507247924805,
      0.039223670959472656,
      0.04353785514831543,
      0.04021310806274414
    ],
    "test_r": [
      0.5292878697105113,
      0.6497844796020353,
      0.7158512578690942,
      0.6700291421199278,
      0.4744272703399605
    ],
    "test_r2": [
      0.2560509831003853,
      0.36169391240551485,
      0.4825730335556635,
      0.41748121366964486,
      0.19899721624183164
    ],
    "test_rmse": [
      -4.207164567667978,
      -4.014574279813943,
      -3.258251445108128,
      -3.5190191668938096,
      -4.090216779804118
    ],
    "test_mae": [
      -2.81883799475681,
      -2.816748187311984,
      -2.3520422068798945,
      -2.469469328402829,
      -2.762526352184333
    ]
  },
  "42": {
    "fit_time": [
      0.14761018753051758,
      0.14566683769226074,
      0.14676928520202637,
      0.1477820873260498,
      0.1447000503540039
    ],
    "score_time": [
      0.035507917404174805,
      0.03680896759033203,
      0.03586578369140625,
      0.03660702705383301,
      0.03641796112060547
    ],
    "test_r": [
      0.7200687887611772,
      0.6486368854612661,
      0.5403621206688947,
      0.5914468893381665,
      0.5070053467363956
    ],
    "test_r2": [
      0.45446758902746387,
      0.41155231373756296,
      0.2541640870521509,
      0.30278623341352107,
      0.2355666932563404
    ],
    "test_rmse": [
      -3.45565174314818,
      -3.146165454537264,
      -4.741733440238108,
      -3.790002905660645,
      -4.053648061105333
    ],
    "test_mae": [
      -2.5517752730164034,
      -2.3283105314230634,
      -3.260803344133984,
      -2.5819332986497114,
      -2.681321044458002
    ]
  },
  "69": {
    "fit_time": [
      0.10485672950744629,
      0.1021721363067627,
      1.287578821182251,
      0.10287618637084961,
      0.10362076759338379
    ],
    "score_time": [
      0.038744211196899414,
      0.0405728816986084,
      0.01961493492126465,
      0.037153005599975586,
      0.035909175872802734
    ],
    "test_r": [
      0.6895155445579535,
      0.6522237754545253,
      0.652040830799882,
      0.5411102578170864,
      0.5582308987301611
    ],
    "test_r2": [
      0.449819988793665,
      0.4001740656918843,
      0.34777615615162216,
      0.28562777135948314,
      0.2838514882147737
    ],
    "test_rmse": [
      -3.3304534358921445,
      -3.822200374404352,
      -3.7219561658570637,
      -4.142519887299067,
      -3.99444213653979
    ],
    "test_mae": [
      -2.442174361991161,
      -2.559566544446947,
      -2.426351544245571,
      -2.812959881697833,
      -2.803292693900019
    ]
  },
  "420": {
    "fit_time": [
      0.07002592086791992,
      0.07059597969055176,
      0.07159900665283203,
      0.06771516799926758,
      0.0703730583190918
    ],
    "score_time": [
      0.02526998519897461,
      0.02458500862121582,
      0.026328086853027344,
      0.02421879768371582,
      0.0260927677154541
    ],
    "test_r": [
      0.5906034893439569,
      0.5788382998300396,
      0.7017956292019798,
      0.6782720424927532,
      0.5223031835263507
    ],
    "test_r2": [
      0.2792546224521978,
      0.32074727859351715,
      0.47601470905771226,
      0.4157276620175906,
      0.232433211149343
    ],
    "test_rmse": [
      -3.960404385567741,
      -3.6965538184898086,
      -3.1600861781925556,
      -3.925591505767992,
      -4.339778168164387
    ],
    "test_mae": [
      -2.7651722243660544,
      -2.5698749693528304,
      -2.1880841009085357,
      -2.7678238520381475,
      -2.921685210060001
    ]
  },
  "1234567890": {
    "fit_time": [
      0.09267187118530273,
      0.10372591018676758,
      0.10106396675109863,
      0.09956789016723633,
      0.10079598426818848
    ],
    "score_time": [
      0.03134799003601074,
      0.028873920440673828,
      0.027747154235839844,
      0.028605937957763672,
      0.028486013412475586
    ],
    "test_r": [
      0.7150153879535677,
      0.601115796532747,
      0.5389539950570037,
      0.6409091778537986,
      0.6034759005278457
    ],
    "test_r2": [
      0.4851693864162594,
      0.3547811269060881,
      0.23990611802336992,
      0.3832270750587842,
      0.3409033542746901
    ],
    "test_rmse": [
      -3.2680324932348332,
      -3.9128212550983954,
      -4.612263618971342,
      -3.6445204566396523,
      -3.4395078150297196
    ],
    "test_mae": [
      -2.4335630356170284,
      -2.684674396366679,
      -3.125384031546125,
      -2.5095035119179174,
      -2.3357935841236834
    ]
  },
  "473129": {
    "fit_time": [
      0.08749604225158691,
      0.08370304107666016,
      0.08849000930786133,
      0.08588600158691406,
      0.0917210578918457
    ],
    "score_time": [
      0.037361860275268555,
      0.0384829044342041,
      0.02901911735534668,
      0.028734207153320312,
      0.02690911293029785
    ],
    "test_r": [
      0.54567169897525,
      0.6895712676834436,
      0.5824172585432572,
      0.6209430268671242,
      0.6616162900972165
    ],
    "test_r2": [
      0.28567250269456024,
      0.4284672419250165,
      0.29311826483811865,
      0.35246992818670764,
      0.40891065752039457
    ],
    "test_rmse": [
      -4.21282442017885,
      -3.4853118011070765,
      -4.031309851455743,
      -4.044422114467111,
      -3.0884487983725726
    ],
    "test_mae": [
      -2.8630813859916477,
      -2.5469051877885995,
      -2.6158748643673144,
      -2.8149460063256537,
      -2.218159342390958
    ]
  },
  "r_avg": 0.613697825608884,
  "r_stdev": 0.06938289907306262,
  "r_stderr": 0.026224270884002514,
  "r2_avg": 0.34797271705704474,
  "r2_stdev": 0.08382897117561482,
  "r2_stderr": 0.031684372913296954,
  "rmse_avg": -3.804356810412488,
  "rmse_stdev": 0.41722074874455733,
  "rmse_stderr": 0.1576946204277518,
  "mae_avg": -2.6329737141903773,
  "mae_stdev": 0.2479389270026198,
  "mae_stderr": 0.09371210588301844
}