{
  "6": {
    "fit_time": [
      1.1478030681610107,
      1.1482150554656982,
      1.1386651992797852,
      1.1603100299835205,
      1.1570487022399902
    ],
    "score_time": [
      0.014602899551391602,
      0.01513218879699707,
      1.2655680179595947,
      0.012607097625732422,
      0.014388322830200195
    ],
    "test_r": [
      0.6024085505069123,
      0.59257429884298,
      0.778359362633974,
      0.6330792204283635,
      0.5713712466216551
    ],
    "test_r2": [
      0.3461811005500277,
      0.3487348709732514,
      0.604583988236286,
      0.36348062412754645,
      0.2983194987923543
    ],
    "test_rmse": [
      -3.540797604467659,
      -4.282992962098452,
      -2.9362934716277413,
      -3.764427545112379,
      -3.8191557088377555
    ],
    "test_mae": [
      -2.3810499141897474,
      -2.961763559324401,
      -2.2150602115903584,
      -2.5728438456423652,
      -2.670358950640704
    ]
  },
  "13": {
    "fit_time": [
      1.0100071430206299,
      1.0107488632202148,
      1.0045311450958252,
      1.013063907623291,
      1.0210959911346436
    ],
    "score_time": [
      0.009727954864501953,
      0.009605884552001953,
      1.2314698696136475,
      0.01183009147644043,
      0.010516881942749023
    ],
    "test_r": [
      0.5765084045456057,
      0.6794129548118815,
      0.7142626466236832,
      0.670383693823576,
      0.5052602048426866
    ],
    "test_r2": [
      0.3000831824971014,
      0.42598101794896126,
      0.5096008523930798,
      0.44401583127968824,
      0.21875229462333035
    ],
    "test_rmse": [
      -4.080760695206594,
      -3.807046065045731,
      -3.172012721780283,
      -3.4379367075064016,
      -4.039463522937999
    ],
    "test_mae": [
      -2.786734144176756,
      -2.6770048781803673,
      -2.2685775344712393,
      -2.4196917263237205,
      -2.7367754054713886
    ]
  },
  "42": {
    "fit_time": [
      0.9962608814239502,
      0.9997491836547852,
      1.0030736923217773,
      0.9941971302032471,
      0.9975376129150391
    ],
    "score_time": [
      0.01014399528503418,
      0.009703874588012695,
      0.009629249572753906,
      0.010237932205200195,
      0.009875297546386719
    ],
    "test_r": [
      0.71678124367734,
      0.708214589002122,
      0.60072560105527,
      0.591978121498133,
      0.5383059725296995
    ],
    "test_r2": [
      0.4948909612602582,
      0.47074847073250425,
      0.3396756505998587,
      0.2998603845590926,
      0.26379628088705576
    ],
    "test_rmse": [
      -3.325157794237,
      -2.9837242851751014,
      -4.461636111258267,
      -3.7979469300404194,
      -3.9780958531329746
    ],
    "test_mae": [
      -2.464677653312683,
      -2.246757719176156,
      -2.967911742414747,
      -2.6815403230662813,
      -2.6400861628420715
    ]
  },
  "69": {
    "fit_time": [
      1.028325080871582,
      1.0113646984100342,
      1.018683910369873,
      1.0168118476867676,
      1.0144011974334717
    ],
    "score_time": [
      0.01086282730102539,
      0.011832237243652344,
      0.009876012802124023,
      0.010058164596557617,
      0.011758089065551758
    ],
    "test_r": [
      0.6573948592462222,
      0.649741760068378,
      0.6535415364050403,
      0.6054832006443669,
      0.5883241134344648
    ],
    "test_r2": [
      0.43185165579721785,
      0.39520430773403803,
      0.39222475529180745,
      0.3626517678032647,
      0.3208870692219824
    ],
    "test_rmse": [
      -3.384401156434304,
      -3.8380018144320394,
      -3.5928941418654126,
      -3.912827601273026,
      -3.8897849116767316
    ],
    "test_mae": [
      -2.5002988999230524,
      -2.598958026766777,
      -2.3438187725203377,
      -2.693973786465757,
      -2.775602635048531
    ]
  },
  "420": {
    "fit_time": [
      1.0555789470672607,
      1.047631025314331,
      1.0503170490264893,
      1.0509998798370361,
      1.0478479862213135
    ],
    "score_time": [
      0.011221170425415039,
      0.010374784469604492,
      0.010463953018188477,
      0.010499238967895508,
      0.010549068450927734
    ],
    "test_r": [
      0.6021995357818991,
      0.5492217735221809,
      0.7511458395461521,
      0.7190311388803448,
      0.5489693194416296
    ],
    "test_r2": [
      0.3198077092064445,
      0.261883220569455,
      0.5626347141646175,
      0.5114280495961647,
      0.26041865148109444
    ],
    "test_rmse": [
      -3.847374414738063,
      -3.8533981012693994,
      -2.887098049001245,
      -3.589729363261706,
      -4.25992956207302
    ],
    "test_mae": [
      -2.7769857154573714,
      -2.673243014514447,
      -2.0384461214712686,
      -2.5543988135054305,
      -2.8542138178713685
    ]
  },
  "1234567890": {
    "fit_time": [
      1.0180699825286865,
      1.0134289264678955,
      1.0189650058746338,
      1.020089864730835,
      1.0176870822906494
    ],
    "score_time": [
      0.011356115341186523,
      0.011220932006835938,
      0.011087656021118164,
      0.01151895523071289,
      0.01131582260131836
    ],
    "test_r": [
      0.7672674454532293,
      0.6021808648435141,
      0.5362281332716275,
      0.6465691438466722,
      0.6226548122577307
    ],
    "test_r2": [
      0.578501968187717,
      0.33473716049165136,
      0.2460794215345561,
      0.4161925142524867,
      0.37025982575080996
    ],
    "test_rmse": [
      -2.9570043244727606,
      -3.9731330654834367,
      -4.5934955743967345,
      -3.545786412931633,
      -3.3620366996079842
    ],
    "test_mae": [
      -2.2327838239499505,
      -2.6908162781170435,
      -3.1531276563235693,
      -2.4945549044737945,
      -2.3632294600718735
    ]
  },
  "473129": {
    "fit_time": [
      0.9984951019287109,
      1.0014350414276123,
      0.9994397163391113,
      1.000168800354004,
      1.0008089542388916
    ],
    "score_time": [
      0.009637832641601562,
      0.00958395004272461,
      0.010052204132080078,
      0.010005950927734375,
      0.010405778884887695
    ],
    "test_r": [
      0.5516184675100855,
      0.6788444961385897,
      0.6223375281500474,
      0.6393509714192972,
      0.6752759837579078
    ],
    "test_r2": [
      0.2780122450576681,
      0.4469439303758571,
      0.34645418245432946,
      0.3822472237282376,
      0.4446107355328257
    ],
    "test_rmse": [
      -4.235352787144843,
      -3.428511847078706,
      -3.876241434458333,
      -3.9503343777724047,
      -2.9937296710049526
    ],
    "test_mae": [
      -2.9458190882205963,
      -2.494953727211271,
      -2.65362792044878,
      -2.622521680196126,
      -2.1738861427650797
    ]
  },
  "r_avg": 0.6327716295732361,
  "r_stdev": 0.06787931085118523,
  "r_stderr": 0.025655967954097744,
  "r2_avg": 0.3826210319340749,
  "r2_stdev": 0.09680514779619644,
  "r2_stderr": 0.03658890667136974,
  "rmse_avg": -3.6971003796811854,
  "rmse_stdev": 0.43638890808465564,
  "rmse_stderr": 0.16493950367128896,
  "mae_avg": -2.5807455444612977,
  "mae_stdev": 0.24923011947778753,
  "mae_stderr": 0.0942001307664487
}