{
  "6": {
    "fit_time": [
      0.5202910900115967,
      0.5152411460876465,
      0.5148930549621582,
      0.525599479675293,
      0.4520094394683838
    ],
    "score_time": [
      0.007591724395751953,
      0.007659912109375,
      0.007472991943359375,
      0.0075032711029052734,
      0.007104158401489258
    ],
    "test_r": [
      0.6065080759090278,
      0.5976713362037028,
      0.7790515537615014,
      0.6310407075068638,
      0.576324518819184
    ],
    "test_r2": [
      0.3614540226288402,
      0.35700307027598144,
      0.6056980052807623,
      0.38415551392492764,
      0.3174040091594307
    ],
    "test_rmse": [
      -3.4991974910467034,
      -4.255718544073518,
      -2.932154301669138,
      -3.7027863760157342,
      -3.766860418008052
    ],
    "test_mae": [
      -2.3620042324066164,
      -2.992563980988094,
      -2.2121587249210903,
      -2.5429743282215016,
      -2.631877956562214
    ]
  },
  "13": {
    "fit_time": [
      0.5219032764434814,
      0.5213661193847656,
      0.5149397850036621,
      0.5147769451141357,
      0.45070648193359375
    ],
    "score_time": [
      0.007718801498413086,
      0.007725238800048828,
      0.00783991813659668,
      0.007612466812133789,
      0.007040739059448242
    ],
    "test_r": [
      0.5794955411836649,
      0.6789900337183352,
      0.7206455926929023,
      0.6659330326955633,
      0.49906059324805385
    ],
    "test_r2": [
      0.31711932404329857,
      0.44274830595167003,
      0.5164452729370829,
      0.4420766132818532,
      0.2208273371430468
    ],
    "test_rmse": [
      -4.03079141385003,
      -3.751031432320082,
      -3.1497993113166594,
      -3.443927080838393,
      -4.034095422826875
    ],
    "test_mae": [
      -2.773830387932914,
      -2.6240078798362183,
      -2.261033160005297,
      -2.4960821085577614,
      -2.7737499687263556
    ]
  },
  "42": {
    "fit_time": [
      0.5189025402069092,
      0.5142488479614258,
      0.5209536552429199,
      0.515688419342041,
      0.45287609100341797
    ],
    "score_time": [
      0.007882833480834961,
      0.007658481597900391,
      0.007839441299438477,
      0.007889986038208008,
      0.006986379623413086
    ],
    "test_r": [
      0.7177854044750429,
      0.7071898907334602,
      0.6022805849506273,
      0.5799294943381629,
      0.5412634942122072
    ],
    "test_r2": [
      0.4995001991729613,
      0.48848422884883946,
      0.34900801611255583,
      0.27321809591141377,
      0.2811384696647584
    ],
    "test_rmse": [
      -3.3099516041068577,
      -2.933304460089324,
      -4.429995763583245,
      -3.869533570430956,
      -3.9309621427571533
    ],
    "test_mae": [
      -2.4850374850205013,
      -2.1883118898527965,
      -2.968626144783838,
      -2.7547663869084538,
      -2.6574511517705144
    ]
  },
  "69": {
    "fit_time": [
      0.5192911624908447,
      0.5141487121582031,
      0.529799222946167,
      0.5154311656951904,
      0.4534769058227539
    ],
    "score_time": [
      0.007695198059082031,
      0.0074923038482666016,
      0.0074329376220703125,
      0.007570028305053711,
      0.007007122039794922
    ],
    "test_r": [
      0.6369306611031121,
      0.6668774301007179,
      0.6538228786099107,
      0.6078052247700189,
      0.5914829852895761
    ],
    "test_r2": [
      0.39214907500501106,
      0.43773128859402044,
      0.40920696982490545,
      0.3614460428121359,
      0.33414991201958444
    ],
    "test_rmse": [
      -3.500656541332332,
      -3.700605497029729,
      -3.5423429088148444,
      -3.9165269642218896,
      -3.851614546114652
    ],
    "test_mae": [
      -2.6211708414554598,
      -2.4964398574829096,
      -2.341906637208802,
      -2.6996497870780334,
      -2.7607585853714127
    ]
  },
  "420": {
    "fit_time": [
      0.52020263671875,
      0.5133614540100098,
      0.5324957370758057,
      0.5177662372589111,
      0.45363855361938477
    ],
    "score_time": [
      0.007619142532348633,
      0.007527589797973633,
      0.007454395294189453,
      0.007798671722412109,
      0.0069844722747802734
    ],
    "test_r": [
      0.6054282807569521,
      0.5513556517262399,
      0.7518668630131699,
      0.7180731980873416,
      0.551263595260957
    ],
    "test_r2": [
      0.34722806693715225,
      0.25849410035587495,
      0.5553714271773962,
      0.5145883817385122,
      0.27867385281038615
    ],
    "test_rmse": [
      -3.769027761792753,
      -3.8622345571006993,
      -2.9109722302161063,
      -3.578100428628984,
      -4.207026819092106
    ],
    "test_mae": [
      -2.713234334928649,
      -2.702446809921946,
      -2.0707078783852713,
      -2.554477282000017,
      -2.8549060330949385
    ]
  },
  "1234567890": {
    "fit_time": [
      0.5205988883972168,
      0.5131678581237793,
      0.5299549102783203,
      0.5169062614440918,
      0.4537513256072998
    ],
    "score_time": [
      0.0077495574951171875,
      0.007691144943237305,
      0.007387876510620117,
      0.007597684860229492,
      0.007002353668212891
    ],
    "test_r": [
      0.7649080889799241,
      0.615731135632557,
      0.5358151498017019,
      0.6488435137010355,
      0.6260059252496208
    ],
    "test_r2": [
      0.5835800892040106,
      0.3669776878415141,
      0.2606255688726211,
      0.4130414175739483,
      0.3804438475974533
    ],
    "test_rmse": [
      -2.939137660009643,
      -3.875662820549344,
      -4.548966278069444,
      -3.555342713518345,
      -3.3347408290269756
    ],
    "test_mae": [
      -2.235310055443219,
      -2.621162095240184,
      -3.127241288934435,
      -2.545721612191415,
      -2.353848836400488
    ]
  },
  "473129": {
    "fit_time": [
      0.5133633613586426,
      0.5210378170013428,
      0.5272037982940674,
      0.5172538757324219,
      0.4533865451812744
    ],
    "score_time": [
      0.007520437240600586,
      0.007692813873291016,
      0.00749659538269043,
      0.007630586624145508,
      0.007030963897705078
    ],
    "test_r": [
      0.565865811902236,
      0.6827610803849611,
      0.6238391297338677,
      0.6304579804713035,
      0.6762126301962537
    ],
    "test_r2": [
      0.31036817171480335,
      0.45969327057956777,
      0.36387591056156865,
      0.386725046003742,
      0.428897536993015
    ],
    "test_rmse": [
      -4.1393611919148565,
      -3.3887635048493854,
      -3.82422750580803,
      -3.9359912072982195,
      -3.0357839315816473
    ],
    "test_mae": [
      -2.831824529767036,
      -2.502905904224941,
      -2.623647357741637,
      -2.6518102417335854,
      -2.2580928960576787
    ]
  },
  "r_avg": 0.6339576305491359,
  "r_stdev": 0.06736460574304579,
  "r_stderr": 0.02546142770914466,
  "r2_avg": 0.3914156613872756,
  "r2_stdev": 0.09375908225760031,
  "r2_stderr": 0.03543760211532269,
  "rmse_avg": 3.6702055779972196,
  "rmse_stdev": 0.42109166013688665,
  "rmse_stderr": 0.15915768741221897,
  "mae_avg": 2.5797639614616066,
  "mae_stdev": 0.24059347279162566,
  "mae_stderr": 0.09093578515314664
}