fold,r,r2,rmse,mae
1.0,0.6797609532375558,0.4610273924079734,2.563978210971672,1.8386315554043033
2.0,0.7091554934825303,0.4741930498496858,2.1422838645527866,1.5989227425714707
3.0,0.799490934719599,0.6165282695652303,1.8525191142179673,1.408180982931605
4.0,0.5890297498804765,0.33844166165202383,2.522305223373037,1.869752363258938
5.0,0.7674071226788727,0.5672063963259089,2.009766300699575,1.6141627141861687
