{
  "6": {
    "fit_time": [
      1.1238889694213867,
      1.2594959735870361
    ],
    "score_time": [
      0.011758089065551758,
      0.010303020477294922
    ],
    "test_r": [
      0.6279734182705441,
      0.6735223471928671
    ],
    "test_r2": [
      0.36610735677666595,
      0.4369133987985565
    ],
    "test_rmse": [
      -2.4602621853799667,
      -2.324001575473642
    ],
    "test_mae": [
      -1.8483979066471,
      -1.7132684517595034
    ]
  },
  "r_avg": 0.6507478827317056,
  "r_stdev": 0.022774464461161492,
  "r2_avg": 0.40151037778761123,
  "r2_stdev": 0.03540302101094528,
  "rmse_avg": -2.3921318804268044,
  "rmse_stdev": 0.0681303049531623,
  "mae_avg": -1.7808331792033016,
  "mae_stdev": 0.06756472744379827
}