{
  "6": {
    "fit_time": [
      2.0059149265289307,
      2.1050891876220703,
      2.075758457183838,
      2.0835018157958984,
      0.7862265110015869
    ],
    "score_time": [
      0.009205341339111328,
      0.0075223445892333984,
      0.00986623764038086,
      0.008252143859863281,
      0.006963014602661133
    ],
    "test_r": [
      0.7422316055473055,
      0.5999801242730861,
      0.6551617234558769,
      0.741958219971759,
      0.673434362780625
    ],
    "test_r2": [
      0.547815743712524,
      0.3563206957394175,
      0.3918712652409846,
      0.5428160136539961,
      0.4448414015540997
    ],
    "test_rmse": [
      -1.9928989863516007,
      -2.6001428393932775,
      -2.3545591971956146,
      -2.130265594821679,
      -2.2998258193258687
    ],
    "test_mae": [
      -1.5315412880083255,
      -1.8481773035619367,
      -1.8209142019184996,
      -1.5611382837797807,
      -1.6897478940727653
    ]
  },
  "13": {
    "fit_time": [
      2.043555498123169,
      2.139600992202759,
      2.1113438606262207,
      2.0787930488586426,
      0.7682287693023682
    ],
    "score_time": [
      0.009134531021118164,
      0.0076618194580078125,
      0.008417844772338867,
      0.008685827255249023,
      0.006844520568847656
    ],
    "test_r": [
      0.5982830458914974,
      0.712757710165496,
      0.64758783870553,
      0.7015537787067537,
      0.6276295674910577
    ],
    "test_r2": [
      0.32948398508189836,
      0.5006681513586335,
      0.3908874373798211,
      0.49201189435821047,
      0.3729390951339556
    ],
    "test_rmse": [
      -2.533405864328905,
      -2.193043375348717,
      -2.2829457855346056,
      -2.24666838539571,
      -2.4543512961730745
    ],
    "test_mae": [
      -1.8185586661208517,
      -1.6487920857853937,
      -1.7679673981189197,
      -1.6627510594161963,
      -1.7708745707924753
    ]
  },
  "42": {
    "fit_time": [
      2.0790462493896484,
      2.0514822006225586,
      2.073458671569824,
      2.024465799331665,
      0.7503349781036377
    ],
    "score_time": [
      0.007898092269897461,
      0.008514165878295898,
      0.007957696914672852,
      0.009185314178466797,
      0.0068089962005615234
    ],
    "test_r": [
      0.6679203374750535,
      0.7180147846958191,
      0.6959549798795894,
      0.6524672574717651,
      0.5690393610762403
    ],
    "test_r2": [
      0.442690831319264,
      0.46889907785804774,
      0.47916692388778837,
      0.405812936378095,
      0.3147251229993715
    ],
    "test_rmse": [
      -2.3430379615547814,
      -1.8788711757333416,
      -2.508287989003423,
      -2.3001553731824633,
      -2.635190523827845
    ],
    "test_mae": [
      -1.8302637585585562,
      -1.4446123403099187,
      -1.868929905123972,
      -1.7291177372727315,
      -1.9029731014046938
    ]
  },
  "69": {
    "fit_time": [
      2.085240125656128,
      2.085676431655884,
      2.1067044734954834,
      2.069943904876709,
      0.7564799785614014
    ],
    "score_time": [
      0.007447719573974609,
      0.0073032379150390625,
      0.0071942806243896484,
      0.008938074111938477,
      0.006822347640991211
    ],
    "test_r": [
      0.6803625088236923,
      0.6740331165632871,
      0.6227536695267919,
      0.6482477601982819,
      0.5794064816190803
    ],
    "test_r2": [
      0.4393249070235846,
      0.4501972990190132,
      0.3744724973712643,
      0.40001356251933606,
      0.2844398723279885
    ],
    "test_rmse": [
      -2.228535939765318,
      -2.350898274423918,
      -2.3365520558523873,
      -2.5180308616007525,
      -2.613638861420979
    ],
    "test_mae": [
      -1.616535354246069,
      -1.7920856950906436,
      -1.7312777918537567,
      -1.8653401889599803,
      -1.9413315034209555
    ]
  },
  "420": {
    "fit_time": [
      2.076343536376953,
      2.0594043731689453,
      2.094270944595337,
      2.0777642726898193,
      0.7491731643676758
    ],
    "score_time": [
      0.00870203971862793,
      0.009064674377441406,
      0.006977081298828125,
      0.0077397823333740234,
      0.0068247318267822266
    ],
    "test_r": [
      0.6518323945138483,
      0.5688673197889798,
      0.7613598842957824,
      0.757841919589589,
      0.6391232072283256
    ],
    "test_r2": [
      0.4041867378540124,
      0.26740093392592856,
      0.5702988002268317,
      0.5629908723551247,
      0.4023258415505774
    ],
    "test_rmse": [
      -2.382118817184769,
      -2.4483001951040286,
      -1.8970305506189489,
      -2.181359463256844,
      -2.543200838688548
    ],
    "test_mae": [
      -1.7842845711961404,
      -1.7400897090417504,
      -1.4654515127815075,
      -1.7140521765688583,
      -1.8021005318966443
    ]
  },
  "1234567890": {
    "fit_time": [
      2.0961294174194336,
      2.091275453567505,
      2.0625948905944824,
      2.0244529247283936,
      0.7610118389129639
    ],
    "score_time": [
      0.007546186447143555,
      0.007947683334350586,
      0.008321285247802734,
      0.008989810943603516,
      0.0068340301513671875
    ],
    "test_r": [
      0.7030801922569427,
      0.7220318912626291,
      0.6137945491785355,
      0.6326133242911892,
      0.7329339325261196
    ],
    "test_r2": [
      0.4705468974740291,
      0.5190652386581309,
      0.34795836067322305,
      0.3597233099634536,
      0.5106945885181302
    ],
    "test_rmse": [
      -2.2369174278173114,
      -2.270361624462498,
      -2.705153863899615,
      -2.281056842800687,
      -1.9953965679457795
    ],
    "test_mae": [
      -1.6914318975968041,
      -1.7452919964752798,
      -1.9101570131693644,
      -1.6649674249373716,
      -1.5182191299040129
    ]
  },
  "473129": {
    "fit_time": [
      2.0801761150360107,
      2.1002163887023926,
      2.0977396965026855,
      2.0904197692871094,
      0.7691614627838135
    ],
    "score_time": [
      0.009227991104125977,
      0.007126331329345703,
      0.007176399230957031,
      0.008144378662109375,
      0.006995677947998047
    ],
    "test_r": [
      0.6817926534064749,
      0.6961659871598408,
      0.6752512486673525,
      0.6581367203186821,
      0.651315424376053
    ],
    "test_r2": [
      0.4489897807190544,
      0.4824345190363354,
      0.43473230345050196,
      0.42017094116703047,
      0.35282747870262465
    ],
    "test_rmse": [
      -2.2792357261389964,
      -2.1754686786483295,
      -2.3889934757218314,
      -2.453395184047222,
      -2.2778615484437372
    ],
    "test_mae": [
      -1.7068374607070769,
      -1.659650668960067,
      -1.68804307493571,
      -1.7536555045805575,
      -1.7165633737047905
    ]
  },
  "r_avg": 0.6672833966622552,
  "r_stdev": 0.05107165920454017,
  "r2_avg": 0.42810700909120813,
  "r2_stdev": 0.07618163772397525,
  "rmse_avg": -2.323347341857526,
  "rmse_stdev": 0.1967037719063172,
  "mae_avg": -1.7258207478363528,
  "mae_stdev": 0.11992538123312921
}