{
  "6": {
    "fit_time": [
      0.010883331298828125,
      0.01108407974243164,
      0.01078176498413086,
      0.01099848747253418,
      0.008616447448730469
    ],
    "score_time": [
      0.005561351776123047,
      0.005601167678833008,
      0.005385160446166992,
      0.005247592926025391,
      0.0047359466552734375
    ],
    "test_r": [
      NaN,
      NaN,
      NaN,
      NaN,
      NaN
    ],
    "test_r2": [
      -0.00271731990287738,
      -3.071568205936792e-05,
      -0.00010403360199839895,
      -3.907550676141014e-06,
      -0.0032027372060092762
    ],
    "test_rmse": [
      -2.9676783323390197,
      -3.2409259148985723,
      -3.019495875910228,
      -3.150569734904025,
      -3.0915819584614384
    ],
    "test_mae": [
      -2.3746801458456916,
      -2.6276549988893336,
      -2.44512017449992,
      -2.5100233697165084,
      -2.5113440834624825
    ]
  },
  "13": {
    "fit_time": [
      0.03613114356994629,
      0.03373456001281738,
      0.031336069107055664,
      0.030405759811401367,
      0.011067628860473633
    ],
    "score_time": [
      0.00986933708190918,
      0.009189367294311523,
      0.009051799774169922,
      0.008157968521118164,
      0.005324363708496094
    ],
    "test_r": [
      NaN,
      NaN,
      NaN,
      NaN,
      NaN
    ],
    "test_r2": [
      -0.04264901546529676,
      -0.0017855875207404281,
      -0.05790443234426346,
      -0.00012057338971716014,
      -0.00010674040092162329
    ],
    "test_rmse": [
      -3.159142838328118,
      -3.1062755442535055,
      -3.0086387045850023,
      -3.1523786889540637,
      -3.0995956234373425
    ],
    "test_mae": [
      -2.46708475533356,
      -2.4277971933163838,
      -2.524152567879004,
      -2.620884757655602,
      -2.469464537725498
    ]
  },
  "42": {
    "fit_time": [
      0.04167580604553223,
      0.04232358932495117,
      0.04161787033081055,
      0.0449981689453125,
      0.03542494773864746
    ],
    "score_time": [
      0.024994373321533203,
      0.02559661865234375,
      0.024866580963134766,
      0.024863481521606445,
      0.011519908905029297
    ],
    "test_r": [
      NaN,
      NaN,
      NaN,
      NaN,
      NaN
    ],
    "test_r2": [
      -0.001557273482812871,
      -0.025929765667074056,
      -0.01813830105706815,
      -0.0019622827842293855,
      -0.0003645972042369827
    ],
    "test_rmse": [
      -3.1410086011234184,
      -2.6113632700142313,
      -3.5069656154429705,
      -2.9869039952573204,
      -3.183895255420467
    ],
    "test_mae": [
      -2.5718181154075914,
      -2.2008791286845772,
      -2.737026946934737,
      -2.422374155822238,
      -2.554812056310297
    ]
  },
  "69": {
    "fit_time": [
      0.04256153106689453,
      0.04191946983337402,
      0.04152083396911621,
      0.04529142379760742,
      0.03808450698852539
    ],
    "score_time": [
      0.025203227996826172,
      0.02503657341003418,
      0.024854660034179688,
      0.024967432022094727,
      0.013588905334472656
    ],
    "test_r": [
      NaN,
      NaN,
      NaN,
      NaN,
      NaN
    ],
    "test_r2": [
      -0.012014630461290476,
      -0.0006291910365074926,
      -0.00183710612464405,
      -0.002258781715901881,
      -0.007943848904654605
    ],
    "test_rmse": [
      -2.994038675397537,
      -3.171516584938419,
      -2.95699651758615,
      -3.254469958737406,
      -3.101992060458322
    ],
    "test_mae": [
      -2.418280393127403,
      -2.532551740144218,
      -2.321315562730221,
      -2.663282595438056,
      -2.538698209964286
    ]
  },
  "420": {
    "fit_time": [
      0.04167461395263672,
      0.042199134826660156,
      0.04350399971008301,
      0.04390406608581543,
      0.03695106506347656
    ],
    "score_time": [
      0.025875091552734375,
      0.02536296844482422,
      0.0259859561920166,
      0.02490544319152832,
      0.012587547302246094
    ],
    "test_r": [
      NaN,
      NaN,
      NaN,
      NaN,
      NaN
    ],
    "test_r2": [
      -0.004207870457121343,
      -0.0006770082013152212,
      -0.012530339780347788,
      -5.209406919171045e-07,
      -0.0035913187174054784
    ],
    "test_rmse": [
      -3.092574333822714,
      -2.8613991747499985,
      -2.9120247684597613,
      -3.299758052731572,
      -3.2955421203241952
    ],
    "test_mae": [
      -2.4597747968749997,
      -2.2981266328556615,
      -2.3993386269626042,
      -2.6715197915014217,
      -2.655650232609348
    ]
  },
  "1234567890": {
    "fit_time": [
      0.041605472564697266,
      0.04202103614807129,
      0.04189443588256836,
      0.0455012321472168,
      0.03981733322143555
    ],
    "score_time": [
      0.024777889251708984,
      0.02494215965270996,
      0.02526235580444336,
      0.02505660057067871,
      0.014971017837524414
    ],
    "test_r": [
      NaN,
      NaN,
      NaN,
      NaN,
      NaN
    ],
    "test_r2": [
      -0.00013494605819075467,
      -0.008780685549862666,
      -0.010431794473686917,
      -0.0069767747902573785,
      -0.006986480269279838
    ],
    "test_rmse": [
      -3.0744363446262355,
      -3.288140242742083,
      -3.367501581402916,
      -2.860631978443614,
      -2.8625364889046905
    ],
    "test_mae": [
      -2.512091483711443,
      -2.7162651217039953,
      -2.7077033510036834,
      -2.2934895965053514,
      -2.2468225811317493
    ]
  },
  "473129": {
    "fit_time": [
      0.04161524772644043,
      0.04255199432373047,
      0.04204440116882324,
      0.0448610782623291,
      0.037465572357177734
    ],
    "score_time": [
      0.02500772476196289,
      0.025426149368286133,
      0.024951934814453125,
      0.024602651596069336,
      0.01269221305847168
    ],
    "test_r": [
      NaN,
      NaN,
      NaN,
      NaN,
      NaN
    ],
    "test_r2": [
      -0.0032339107995393856,
      -0.004250594892432735,
      -0.011536849468329446,
      -0.00800541062203819,
      -0.12626681997586986
    ],
    "test_rmse": [
      -3.075463086088914,
      -3.0303391179410877,
      -3.195793684500104,
      -3.2348113010453936,
      -3.0049547319793186
    ],
    "test_mae": [
      -2.476481819220532,
      -2.4147776291277228,
      -2.46958790335398,
      -2.617693956656509,
      -2.540391068944313
    ]
  },
  "r_avg": NaN,
  "r_stdev": NaN,
  "r2_avg": -0.011110633328552824,
  "r2_stdev": 0.023137305244848506,
  "rmse_avg": -3.0960383073774334,
  "rmse_stdev": 0.1673921049169656,
  "mae_avg": -2.497684573744312,
  "mae_stdev": 0.132268560881674
}