{
  "6": {
    "fit_time": [
      0.05298805236816406,
      0.05285501480102539,
      0.05110478401184082,
      0.048177242279052734,
      0.04033613204956055
    ],
    "score_time": [
      0.0076389312744140625,
      0.007581949234008789,
      0.00755620002746582,
      0.008494853973388672,
      0.007211923599243164
    ],
    "test_r": [
      -0.09281867523112144,
      -0.12522803346043257,
      0.13737838056605162,
      -0.12507626800381724,
      0.12321792873758149
    ],
    "test_r2": [
      -3.2944046446688066e+25,
      -3.0260860106772787e+25,
      -6.773508314229041e+25,
      -4.505232215159851e+25,
      -1.6610190469047003e+25
    ],
    "test_rmse": [
      -17010459228168.838,
      -17828018156269.402,
      -24849558979933.44,
      -21146906189697.746,
      -12579799412980.377
    ],
    "test_mae": [
      -5378570782459.905,
      -6550778553457.974,
      -10422737423374.969,
      -9576837452837.117,
      -5092845063777.125
    ]
  },
  "r_avg": -0.01650533347834763,
  "r_stdev": 0.12052782823643977,
  "r2_avg": -3.8520500463279353e+25,
  "r2_stdev": 1.7178688645750097e+25,
  "rmse_avg": -18682948393409.96,
  "rmse_stdev": 4120066197120.0327,
  "mae_avg": -7404353855181.419,
  "mae_stdev": 2191154266271.5693
}