{
  "6": {
    "fit_time": [
      1.4271001815795898,
      1.5344109535217285
    ],
    "score_time": [
      0.015381813049316406,
      0.018924951553344727
    ],
    "test_r": [
      0.5937599818672609,
      0.6745183362324734
    ],
    "test_r2": [
      0.33430465912721474,
      0.4450262730529525
    ],
    "test_rmse": [
      -2.521223197871523,
      -2.307198885750462
    ],
    "test_mae": [
      -1.8650099259600552,
      -1.7173305750283534
    ]
  },
  "r_avg": 0.6341391590498671,
  "r_stdev": 0.04037917718260625,
  "r2_avg": 0.3896654660900836,
  "r2_stdev": 0.05536080696286888,
  "rmse_avg": -2.4142110418109928,
  "rmse_stdev": 0.1070121560605306,
  "mae_avg": -1.7911702504942042,
  "mae_stdev": 0.0738396754658509
}