{
  "6": {
    "fit_time": [
      0.029246091842651367,
      0.04122805595397949
    ],
    "score_time": [
      0.031227827072143555,
      0.028278112411499023
    ],
    "test_r": [
      0.5313799494344352,
      0.6250434090948205
    ],
    "test_r2": [
      0.282348245937983,
      0.28460319530116995
    ],
    "test_rmse": [
      -2.6177635188163304,
      -2.619523624282986
    ],
    "test_mae": [
      -1.991659112882789,
      -1.9734033426953816
    ]
  },
  "r_avg": 0.5782116792646279,
  "r_stdev": 0.046831729830192625,
  "r2_avg": 0.2834757206195765,
  "r2_stdev": 0.0011274746815934655,
  "rmse_avg": -2.618643571549658,
  "rmse_stdev": 0.0008800527333276964,
  "mae_avg": -1.9825312277890852,
  "mae_stdev": 0.009127885093703658
}