{
  "6": {
    "fit_time": [
      60.79009246826172,
      61.315428018569946,
      40.52074122428894,
      55.488163471221924,
      18.01476740837097
    ],
    "score_time": [
      3.1697800159454346,
      3.031958818435669,
      3.5182254314422607,
      3.5476574897766113,
      2.8922548294067383
    ],
    "test_r": [
      0.577381815161502,
      0.5105915306191878,
      0.5788582212522035,
      0.5475148092222236,
      0.40123859599110273
    ],
    "test_r2": [
      0.3042865647881794,
      0.23605704715189102,
      0.278084990165127,
      0.26588744710502044,
      -0.059400717550092574
    ],
    "test_rmse": [
      -2.4719675346651027,
      -2.83264987955857,
      -2.565398799400427,
      -2.6994144814817873,
      -3.17699507349715
    ],
    "test_mae": [
      -1.9567547726148757,
      -2.163162675208206,
      -2.017829853272192,
      -2.0864819866799276,
      -2.5119550416357375
    ]
  },
  "13": {
    "fit_time": [
      72.92922258377075,
      65.29538011550903,
      47.567156076431274,
      69.71452283859253,
      46.1798882484436
    ],
    "score_time": [
      3.038846731185913,
      3.709165096282959,
      3.5206797122955322,
      3.3777449131011963,
      2.8552725315093994
    ],
    "test_r": [
      0.6131920076636315,
      0.5948603106824912,
      0.5599809152556066,
      0.6039266458127874,
      0.5574085252821515
    ],
    "test_r2": [
      0.22320282034361716,
      0.3511375680264467,
      0.29479551861788666,
      0.2850148892314537,
      0.18328500400936865
    ],
    "test_rmse": [
      -2.72680457489717,
      -2.499936070428222,
      -2.4564297671802717,
      -2.665389614788025,
      -2.8010259142732887
    ],
    "test_mae": [
      -2.1072752659082066,
      -1.9703866125602683,
      -2.098331660608906,
      -2.032839679887104,
      -2.145391986629163
    ]
  },
  "42": {
    "fit_time": [
      63.206910848617554,
      33.13169264793396,
      83.547518491745,
      38.55623698234558,
      57.589173793792725
    ],
    "score_time": [
      3.303898334503174,
      3.784193515777588,
      3.086555242538452,
      3.4799001216888428,
      2.9678282737731934
    ],
    "test_r": [
      0.6543323106605081,
      0.4496006913184969,
      0.6846484857207428,
      0.41241052257916117,
      0.634053578743954
    ],
    "test_r2": [
      0.4183364762752666,
      0.06721150382375751,
      0.46134447906028364,
      0.0880072047336703,
      0.3822848311382423
    ],
    "test_rmse": [
      -2.393685814050398,
      -2.4900041264490893,
      -2.550842697609026,
      -2.8496484147219032,
      -2.501921896443593
    ],
    "test_mae": [
      -1.978558422025945,
      -1.8353267956868133,
      -2.0242419310151476,
      -2.2108586458454953,
      -2.149551784645088
    ]
  },
  "69": {
    "fit_time": [
      42.09621453285217,
      75.42179536819458,
      65.85601139068604,
      21.767888069152832,
      53.21923065185547
    ],
    "score_time": [
      3.5631909370422363,
      3.2165918350219727,
      3.4162847995758057,
      3.60335636138916,
      2.9144394397735596
    ],
    "test_r": [
      0.4785139110491766,
      0.6870684980197654,
      0.5645803059566389,
      0.5252691770290752,
      0.5845353724441097
    ],
    "test_r2": [
      0.21203409206669055,
      0.3894265015436724,
      0.3132240148861858,
      0.02859641759155429,
      0.1487553755004678
    ],
    "test_rmse": [
      -2.6419082093390496,
      -2.4774185079197135,
      -2.448272795158833,
      -3.203982846623435,
      -2.8506881057484126
    ],
    "test_mae": [
      -2.0690102444389824,
      -1.9181116501381716,
      -1.8860767178930584,
      -2.551312678766831,
      -2.1229943705195975
    ]
  },
  "420": {
    "fit_time": [
      35.69159150123596,
      80.79748153686523,
      73.00820112228394,
      85.08244371414185,
      77.54686570167542
    ],
    "score_time": [
      3.8743557929992676,
      3.4436819553375244,
      3.57414174079895,
      3.144963026046753,
      2.916409730911255
    ],
    "test_r": [
      0.45987842435483106,
      0.45725644917436414,
      0.6471174495506418,
      0.7313877156739332,
      0.6424954629171515
    ],
    "test_r2": [
      0.19192094072370058,
      0.12682527296583768,
      0.3800751224776332,
      0.5118484867329309,
      0.3310793236275731
    ],
    "test_rmse": [
      -2.774184002862361,
      -2.6728960265748025,
      -2.278560552081455,
      -2.3054690918444436,
      -2.6905169281825816
    ],
    "test_mae": [
      -2.1762854693283518,
      -2.0819857507237822,
      -1.8267145058376795,
      -1.921096362294349,
      -1.9217956735555348
    ]
  },
  "1234567890": {
    "fit_time": [
      34.30524182319641,
      62.84772086143494,
      81.35990285873413,
      19.172199010849,
      61.61764311790466
    ],
    "score_time": [
      3.540884256362915,
      3.3901755809783936,
      3.1012754440307617,
      3.6250553131103516,
      2.9295568466186523
    ],
    "test_r": [
      0.5085881570084976,
      0.6056400968628491,
      0.5584775564179826,
      0.43226626736606827,
      0.6377864220574297
    ],
    "test_r2": [
      0.24527517614572258,
      0.32013267681415325,
      0.19314650720045579,
      -0.011492204438864784,
      0.386795887452108
    ],
    "test_rmse": [
      -2.6707333015418477,
      -2.6993800702091697,
      -3.0092041240611156,
      -2.867038548457337,
      -2.233786906146757
    ],
    "test_mae": [
      -2.116767687378652,
      -2.036350964265091,
      -2.229883600528525,
      -2.207388249713058,
      -1.8136398775865181
    ]
  },
  "473129": {
    "fit_time": [
      60.40189743041992,
      36.6266565322876,
      70.20935869216919,
      56.20811939239502,
      37.97063708305359
    ],
    "score_time": [
      3.373690366744995,
      3.640524387359619,
      3.17370343208313,
      3.658759355545044,
      2.8396623134613037
    ],
    "test_r": [
      0.5295699343240666,
      0.4664861468776545,
      0.573050111335524,
      0.649729729762172,
      0.47882524221187944
    ],
    "test_r2": [
      0.08506207673894706,
      0.2088381519626703,
      0.17666398053955634,
      0.40112851054623855,
      0.22439055025221943
    ],
    "test_rmse": [
      -2.9370086894445295,
      -2.6896938586621264,
      -2.883211076112673,
      -2.493356274580627,
      -2.493669163594488
    ],
    "test_mae": [
      -2.149189092608065,
      -2.142293911322549,
      -2.175818737955143,
      -1.8971743566480954,
      -1.971650059412724
    ]
  },
  "r_avg": 0.5599577541817017,
  "r_stdev": 0.08261324252359024,
  "r_stderr": 0.031224870674012268,
  "r2_avg": 0.24695035680713054,
  "r2_stdev": 0.1326823772542147,
  "r2_stderr": 0.05014922479650073,
  "rmse_avg": 2.6572312496739943,
  "rmse_stdev": 0.2289053601802273,
  "rmse_stderr": 0.08651809382950695,
  "mae_avg": 2.0715567735753666,
  "mae_stdev": 0.1614630918150296,
  "mae_stderr": 0.06102731240830813
}