{
  "6": {
    "fit_time": [
      1.4112749099731445,
      1.4114298820495605
    ],
    "score_time": [
      0.037062883377075195,
      0.03701496124267578
    ],
    "test_r": [
      0.17639948101465389,
      0.07420450108631485
    ],
    "test_r2": [
      -3.3805463831092055,
      -4.21253324340764
    ],
    "test_rmse": [
      -6.467518465284098,
      -7.0708763116520315
    ],
    "test_mae": [
      -5.180418018824867,
      -5.780681714162886
    ]
  },
  "r_avg": 0.12530199105048437,
  "r_stdev": 0.05109748996416952,
  "r_stderr": 0.01931303586640161,
  "r2_avg": -3.796539813258423,
  "r2_stdev": 0.4159934301492174,
  "r2_stderr": 0.15723073760164974,
  "rmse_avg": -6.769197388468065,
  "rmse_stdev": 0.30167892318396694,
  "rmse_stderr": 0.1140239152192192,
  "mae_avg": -5.4805498664938765,
  "mae_stdev": 0.30013184766900913,
  "mae_stderr": 0.11343917563750269
}