{
  "6": {
    "fit_time": [
      9.9785315990448,
      12.750279426574707,
      13.149158954620361,
      12.118529796600342,
      10.250511884689331
    ],
    "score_time": [
      0.14410948753356934,
      0.07653689384460449,
      0.06470799446105957,
      0.05010867118835449,
      0.041083574295043945
    ],
    "test_r": [
      0.746445210257069,
      0.8293258447413092,
      0.7551258249122224,
      0.8184479854698523,
      0.7901534241345255
    ],
    "test_r2": [
      0.5488576815741275,
      0.6828238128202221,
      0.5678877509373248,
      0.667588476974119,
      0.608623790121868
    ],
    "test_rmse": [
      -0.06288646303870382,
      -0.06822463559352443,
      -0.06869123302740351,
      -0.06571016117866703,
      -0.06388643695310067
    ],
    "test_mae": [
      -0.03879898743868248,
      -0.045089568656946674,
      -0.04500935013150848,
      -0.04229558674006278,
      -0.04298075984416286
    ]
  },
  "13": {
    "fit_time": [
      10.029937267303467,
      12.829837799072266,
      13.224045038223267,
      12.015766382217407,
      10.320149421691895
    ],
    "score_time": [
      0.10541582107543945,
      0.07991647720336914,
      0.06335616111755371,
      0.049422502517700195,
      0.0408327579498291
    ],
    "test_r": [
      0.8251534656569816,
      0.7135651965585017,
      0.8321683628968394,
      0.8184692179033142,
      0.7489706472501261
    ],
    "test_r2": [
      0.6730942293616576,
      0.49667504212404934,
      0.688013219737635,
      0.6667719794921256,
      0.5478419269181116
    ],
    "test_rmse": [
      -0.06259060321509677,
      -0.08348793140037504,
      -0.06281945042810398,
      -0.06035264259786712,
      -0.0628989924169326
    ],
    "test_mae": [
      -0.03905764671853339,
      -0.05333731223911144,
      -0.039926406688353726,
      -0.039288709587249435,
      -0.041149665797489264
    ]
  },
  "42": {
    "fit_time": [
      10.159388780593872,
      12.894719362258911,
      13.151396036148071,
      12.22948956489563,
      10.303138494491577
    ],
    "score_time": [
      0.12595820426940918,
      0.07902169227600098,
      0.0642087459564209,
      0.05063796043395996,
      0.041280269622802734
    ],
    "test_r": [
      0.864197858835228,
      0.84724295839087,
      0.7004640718297743,
      0.753346013290824,
      0.7729354132559111
    ],
    "test_r2": [
      0.7370961915453025,
      0.7165886286963965,
      0.4297967323099652,
      0.5587422163085441,
      0.5811479553904895
    ],
    "test_rmse": [
      -0.0541095495545639,
      -0.053543734485730084,
      -0.07845276651461952,
      -0.07413342040828269,
      -0.074869025835985
    ],
    "test_mae": [
      -0.0351378302325754,
      -0.03518759499561828,
      -0.048954265906521015,
      -0.049087752053379355,
      -0.04771243016713582
    ]
  },
  "69": {
    "fit_time": [
      10.458462715148926,
      12.810391664505005,
      13.286686658859253,
      12.33935284614563,
      10.164705276489258
    ],
    "score_time": [
      0.07825088500976562,
      0.07942080497741699,
      0.06807279586791992,
      0.04979395866394043,
      0.04132080078125
    ],
    "test_r": [
      0.8455997647227095,
      0.7848439456941643,
      0.8429607865376519,
      0.7734660573777067,
      0.8179796356237672
    ],
    "test_r2": [
      0.7031617436008754,
      0.6115421186145502,
      0.7061302975681527,
      0.5866110782560439,
      0.668391111799554
    ],
    "test_rmse": [
      -0.05381835012561871,
      -0.07803168829182597,
      -0.05667575548388374,
      -0.06094237693949559,
      -0.06473956626037615
    ],
    "test_mae": [
      -0.036226801545555874,
      -0.05305847360058935,
      -0.037797533035655126,
      -0.04030978730898941,
      -0.04265198783896626
    ]
  },
  "420": {
    "fit_time": [
      10.021120071411133,
      12.534676313400269,
      13.839346885681152,
      12.231108903884888,
      10.42214298248291
    ],
    "score_time": [
      0.07089805603027344,
      0.07862424850463867,
      0.06204080581665039,
      0.04970550537109375,
      0.0408937931060791
    ],
    "test_r": [
      0.7822228307405292,
      0.8671349428497366,
      0.8608451594580762,
      0.8029622491611067,
      0.7754274433780362
    ],
    "test_r2": [
      0.598236883701472,
      0.7084202745653233,
      0.7410441558511669,
      0.6440015959630372,
      0.569201376061572
    ],
    "test_rmse": [
      -0.06483881767353904,
      -0.0698341299300144,
      -0.04815255014511253,
      -0.06788851278053747,
      -0.06262001553847947
    ],
    "test_mae": [
      -0.04141200088311735,
      -0.043811797298122665,
      -0.035860707621943995,
      -0.04444021178113178,
      -0.038501545734826594
    ]
  },
  "1234567890": {
    "fit_time": [
      9.853098154067993,
      12.306211233139038,
      13.080247402191162,
      12.213338375091553,
      10.126477718353271
    ],
    "score_time": [
      0.09207677841186523,
      0.0798640251159668,
      0.06354832649230957,
      0.04947185516357422,
      0.04101157188415527
    ],
    "test_r": [
      0.807829392600423,
      0.7137869530502577,
      0.8239143191807765,
      0.8543673440795644,
      0.8512776494716082
    ],
    "test_r2": [
      0.6434485860565482,
      0.4982474970917161,
      0.6537007772317969,
      0.717921805960988,
      0.7187624051204141
    ],
    "test_rmse": [
      -0.06737490496905311,
      -0.07191264346058494,
      -0.06192510568276405,
      -0.06124737530997652,
      -0.05495415415377466
    ],
    "test_mae": [
      -0.0452813946277452,
      -0.04317249252300918,
      -0.040962772571431265,
      -0.03812050226702566,
      -0.037294237024108674
    ]
  },
  "473129": {
    "fit_time": [
      9.770618677139282,
      12.744133472442627,
      13.459843873977661,
      12.191754341125488,
      10.447059154510498
    ],
    "score_time": [
      0.07021498680114746,
      0.07922625541687012,
      0.06370687484741211,
      0.04949498176574707,
      0.04081320762634277
    ],
    "test_r": [
      0.7701102767603693,
      0.7679539799557775,
      0.8464549339561936,
      0.7837873574678376,
      0.8470633596699182
    ],
    "test_r2": [
      0.5855024217227343,
      0.589633085381138,
      0.7125097606927043,
      0.6123340281006293,
      0.7122847147944772
    ],
    "test_rmse": [
      -0.0725961777883324,
      -0.07166960430092141,
      -0.057428470832695026,
      -0.06907349111926285,
      -0.0498757376364936
    ],
    "test_mae": [
      -0.049805174316835905,
      -0.047409372783702546,
      -0.0363864078144171,
      -0.04448089333177844,
      -0.03494140344507978
    ]
  },
  "r_avg": 0.8010285679177015,
  "r_stdev": 0.0453313325563527,
  "r_stderr": 0.017133633220467872,
  "r2_avg": 0.6329324386413381,
  "r2_stdev": 0.07594216348154335,
  "r2_stderr": 0.028703439799482113,
  "rmse_avg": 0.0646358992877628,
  "rmse_stdev": 0.008106897225423635,
  "rmse_stderr": 0.0030641191375472103,
  "mae_avg": 0.0421411247014675,
  "mae_stdev": 0.004978972319579547,
  "mae_stderr": 0.001881874648897413
}