{
  "6": {
    "fit_time": [
      8.556599378585815,
      8.46311616897583,
      8.408334493637085,
      8.177356481552124,
      7.807509899139404
    ],
    "score_time": [
      0.03635764122009277,
      0.036025047302246094,
      0.035210609436035156,
      0.03514361381530762,
      0.03465533256530762
    ],
    "test_r": [
      0.6925081181094543,
      0.7242980576778747,
      0.7607467429448156,
      0.8032375895268791,
      0.682694489850893
    ],
    "test_r2": [
      0.4352606008734652,
      0.5164925896838677,
      0.5618527570253904,
      0.6437800319069226,
      0.4348512294352035
    ],
    "test_rmse": [
      -2.2271609909071017,
      -2.2535334095709394,
      -1.9985816378335315,
      -1.880387599265147,
      -2.320426430423444
    ],
    "test_mae": [
      -1.6004399846557824,
      -1.6404594515893336,
      -1.5661927052697013,
      -1.3460177898809766,
      -1.7385907755106107
    ]
  },
  "13": {
    "fit_time": [
      8.259292125701904,
      8.703665494918823,
      8.47256588935852,
      8.46849513053894,
      7.851985454559326
    ],
    "score_time": [
      0.036477088928222656,
      0.03677010536193848,
      0.035643815994262695,
      0.03490281105041504,
      0.03456473350524902
    ],
    "test_r": [
      0.6989235207761759,
      0.6801827213398526,
      0.72094831531593,
      0.7380749126194479,
      0.7709806428977496
    ],
    "test_r2": [
      0.4500548521665987,
      0.44766049504435435,
      0.48621485757059246,
      0.5390628675854134,
      0.5867159521003861
    ],
    "test_rmse": [
      -2.294351117710358,
      -2.3065115888284287,
      -2.096706253253733,
      -2.140094988951706,
      -1.9925360293860583
    ],
    "test_mae": [
      -1.6787076700955617,
      -1.6761944672969114,
      -1.632673178094597,
      -1.5921984068237578,
      -1.5177925128779668
    ]
  },
  "42": {
    "fit_time": [
      8.458153009414673,
      8.469980955123901,
      8.418050289154053,
      8.261030673980713,
      7.837984323501587
    ],
    "score_time": [
      0.03585386276245117,
      0.035793304443359375,
      0.03528261184692383,
      0.03535127639770508,
      0.03497147560119629
    ],
    "test_r": [
      0.7256380948702534,
      0.7736717483743125,
      0.7086786877051708,
      0.6896068701729486,
      0.7734152474062486
    ],
    "test_r2": [
      0.5250695749213148,
      0.5195495334192962,
      0.4969642413010945,
      0.42902553456012604,
      0.5916451276498014
    ],
    "test_rmse": [
      -2.1629487401655996,
      -1.7870338781963668,
      -2.46506031068241,
      -2.2547786831095094,
      -2.0342226508665777
    ],
    "test_mae": [
      -1.6629432757578917,
      -1.4281349670674732,
      -1.796989973217497,
      -1.5645327416558026,
      -1.5010165350777611
    ]
  },
  "69": {
    "fit_time": [
      8.47850513458252,
      8.593758583068848,
      8.782724142074585,
      8.021825075149536,
      7.886903524398804
    ],
    "score_time": [
      0.03525114059448242,
      0.05738472938537598,
      0.035978078842163086,
      0.035039663314819336,
      0.03510737419128418
    ],
    "test_r": [
      0.7514259917898047,
      0.822068170388087,
      0.7127073556206676,
      0.7558913741954443,
      0.6654339248451403
    ],
    "test_r2": [
      0.5279561583913639,
      0.6745675692136635,
      0.49791573773125997,
      0.5492096320295805,
      0.40772794280466795
    ],
    "test_rmse": [
      -2.0448204440232027,
      -1.8086761746556326,
      -2.093343801895018,
      -2.182617564696137,
      -2.377842769160869
    ],
    "test_mae": [
      -1.518623821423553,
      -1.394454939391063,
      -1.498483564346642,
      -1.5827079102485453,
      -1.6923664799331661
    ]
  },
  "420": {
    "fit_time": [
      8.271066665649414,
      8.645714044570923,
      8.549578428268433,
      8.071289777755737,
      7.815662145614624
    ],
    "score_time": [
      0.036710262298583984,
      0.03620290756225586,
      0.035948753356933594,
      0.035149335861206055,
      0.0349431037902832
    ],
    "test_r": [
      0.7728949918692934,
      0.6986914555748764,
      0.7831887894137851,
      0.7768905308130737,
      0.7896456415113606
    ],
    "test_r2": [
      0.5749092972671288,
      0.4504172582585557,
      0.6079486865647389,
      0.5882143139878029,
      0.6210419847814852
    ],
    "test_rmse": [
      -2.012098049531231,
      -2.1205476219057555,
      -1.8120179622248633,
      -2.1174716640982294,
      -2.025088313100718
    ],
    "test_mae": [
      -1.527772009344631,
      -1.622416044364325,
      -1.3533030983725303,
      -1.6534984944876079,
      -1.3960853404996365
    ]
  },
  "1234567890": {
    "fit_time": [
      8.741482019424438,
      8.4980628490448,
      8.256775617599487,
      8.077288389205933,
      7.867427110671997
    ],
    "score_time": [
      0.035877227783203125,
      0.036103010177612305,
      0.035965681076049805,
      0.03525233268737793,
      0.0345306396484375
    ],
    "test_r": [
      0.8013344798864872,
      0.7922763749679445,
      0.656494676741258,
      0.8211148885372014,
      0.8062216463449319
    ],
    "test_r2": [
      0.6371320653266561,
      0.6234545601125407,
      0.41141149431577717,
      0.6667178425628002,
      0.6262076672054295
    ],
    "test_rmse": [
      -1.8518700193012223,
      -2.0089107807191775,
      -2.570160205465896,
      -1.6457288944021036,
      -1.7440318260851049
    ],
    "test_mae": [
      -1.478436941329861,
      -1.497797846494637,
      -1.841827858997829,
      -1.2602412853078409,
      -1.3926966273467842
    ]
  },
  "473129": {
    "fit_time": [
      8.60648226737976,
      8.356809616088867,
      8.268643140792847,
      8.330312490463257,
      7.8527796268463135
    ],
    "score_time": [
      0.03775668144226074,
      0.03632354736328125,
      0.03558683395385742,
      0.03488516807556152,
      0.035381317138671875
    ],
    "test_r": [
      0.7679891706882593,
      0.7624218750365815,
      0.7712563369744576,
      0.7095519473615595,
      0.7899740236157673
    ],
    "test_r2": [
      0.5795415387684788,
      0.574902258597497,
      0.5837463499966824,
      0.49028959820947204,
      0.6164978578957521
    ],
    "test_rmse": [
      -1.990998648355761,
      -1.9715808082275053,
      -2.0500615832716145,
      -2.300272398547971,
      -1.7534814912382082
    ],
    "test_mae": [
      -1.5035555320348484,
      -1.5279029966312432,
      -1.448206073425211,
      -1.6809676224805057,
      -1.3009098999544286
    ]
  },
  "r_avg": 0.7471736973075425,
  "r_stdev": 0.04567155446869573,
  "r2_avg": 0.5421145731218617,
  "r2_stdev": 0.07609008773351446,
  "rmse_avg": -2.0770272951444895,
  "rmse_stdev": 0.21175771175692068,
  "mae_avg": -1.546146823465329,
  "mae_stdev": 0.1355339318119098
}