fold,r,r2,rmse,mae
0.0,0.6066317102528044,0.3315133996956404,2.641008155206304,1.8585545493289828
1.0,0.6896049489071784,0.448298688893051,2.0374886921241284,1.5018109936732802
2.0,0.7489509925333309,0.5481785485490258,2.294699551024884,1.657151154224536
3.0,0.7759722220953169,0.6016612642326307,1.8504670046835194,1.4373914702317199
4.0,0.8439202878147914,0.7106476098478949,1.642635864279467,1.2576169817884626
