Dataset,num_of_folds,Features,Targets,Model,r_mean,r_std,r2_mean,r2_std,rmse_mean,rmse_std,mae_mean,mae_std,num_of_data,feature_length
OPV_Min,5,DA_FP_radius_3_nbits_1024,calc_PCE_percent,NN,0.7362744324385277,0.04852909565643317,0.5327034099683658,0.08164406932061638,2.0807595406024566,0.23879710042057584,1.5365049639494646,0.15233813627262624,553,1024
