Dataset,num_of_folds,Features,Targets Model,r_mean,r_std,r2_mean,r2_std,rmse_mean,rmse_std,mae_mean,mae_std,num_of_data
OPV_Min,5,DA_BigSMILES,calc_PCE_percent,0.2126647686793648,0.06485081005317993,-6.084988543439393,1.918656074788292,7.965451778467759,0.5730817872123571,6.884077081193633,0.6770647189461654,5
