fold,r,r2,rmse,mae
1.0,0.3906826575203905,0.14827857327063643,2.9711797783746916,2.354719256646339
2.0,0.45564037701715526,0.20365625957808176,2.458781394846553,1.9649361490970165
3.0,0.5239632687776394,0.21921858415462858,3.029601522054176,2.38469883553685
4.0,0.6141722018695678,0.30524047984395464,2.4438375411613387,2.0112139399996525
5.0,0.49163964803985205,0.22289120924749384,2.691960461008239,2.1257873150076843
