fold,r,r2,rmse,mae
1.0,0.6737325403448258,0.45315724841724236,2.430791017988534,1.8576786276996935
2.0,0.6970858497640915,0.4822169220589706,2.375803267983347,1.9224317435335472
3.0,0.7414621177703816,0.548541504449505,2.02831903477119,1.5881078524483305
4.0,0.5941753302967898,0.3340417421341112,2.2077998052518377,1.704176303028636
5.0,0.7341050464828492,0.5379018872589176,2.157686297285351,1.6597960020219227
