{
  "6": {
    "fit_time": [
      0.07499122619628906,
      0.10552525520324707,
      0.07722902297973633,
      0.10073113441467285,
      0.0753476619720459
    ],
    "score_time": [
      0.0056421756744384766,
      0.005584239959716797,
      0.005845308303833008,
      0.005460977554321289,
      0.005388021469116211
    ],
    "test_r": [
      0.5863963854544444,
      0.5924607104144892,
      0.6073167500172828,
      0.6382567424677059,
      0.6010577384110342
    ],
    "test_r2": [
      0.334589038041629,
      0.3182311079049549,
      0.3661944698565921,
      0.3972121186999701,
      0.35134036995298
    ],
    "test_rmse": [
      -2.42718458153646,
      -2.567374956199074,
      -2.4231075698081277,
      -2.7042511156438156,
      -2.2536525801834757
    ],
    "test_mae": [
      -1.944334571284863,
      -2.0655814583530905,
      -1.8812728449456004,
      -2.0922932259351423,
      -1.851073949859868
    ]
  },
  "13": {
    "fit_time": [
      0.07802724838256836,
      0.07764983177185059,
      0.07587838172912598,
      0.0773921012878418,
      0.07533645629882812
    ],
    "score_time": [
      0.005796670913696289,
      0.0058171749114990234,
      0.005688905715942383,
      0.005925178527832031,
      0.005321025848388672
    ],
    "test_r": [
      0.532525900025205,
      0.6766387167324255,
      0.5285715548839477,
      0.6530460742991298,
      0.6487672866758815
    ],
    "test_r2": [
      0.25555797538636305,
      0.4483104693404506,
      0.18596628984212538,
      0.42409210342480486,
      0.419145807918319
    ],
    "test_rmse": [
      -2.3563319473307716,
      -2.3861268833163716,
      -2.4520201709875393,
      -2.504184841811087,
      -2.587885966367267
    ],
    "test_mae": [
      -1.8753196713484306,
      -1.8807664276955054,
      -1.933665403362294,
      -1.9731031364658376,
      -2.153707330508329
    ]
  },
  "42": {
    "fit_time": [
      0.07838249206542969,
      0.0761570930480957,
      0.07742905616760254,
      0.07670450210571289,
      0.07471966743469238
    ],
    "score_time": [
      0.005810737609863281,
      0.005716562271118164,
      0.005737781524658203,
      0.005749940872192383,
      0.005219697952270508
    ],
    "test_r": [
      0.6396682006435267,
      0.6344953079767968,
      0.5919954830557993,
      0.5894316930964503,
      0.5991121555727352
    ],
    "test_r2": [
      0.39508798432310865,
      0.3962858344694735,
      0.3376454369699863,
      0.34693060621513294,
      0.33937670881234616
    ],
    "test_rmse": [
      -2.3360816598074394,
      -2.5039454110793806,
      -2.6540776145513667,
      -2.3790646270212004,
      -2.4148657785962784
    ],
    "test_mae": [
      -1.8986643240889964,
      -2.035464561168064,
      -2.0444146007393385,
      -1.9051107592392158,
      -1.8606721334004988
    ]
  },
  "69": {
    "fit_time": [
      0.07616829872131348,
      0.07808589935302734,
      0.07744240760803223,
      0.07656574249267578,
      0.07569289207458496
    ],
    "score_time": [
      0.005710601806640625,
      0.005829334259033203,
      0.005769014358520508,
      0.005783557891845703,
      0.005283832550048828
    ],
    "test_r": [
      0.6477033587223376,
      0.624012448363406,
      0.7037917059164791,
      0.6675065824461863,
      0.4637925117286484
    ],
    "test_r2": [
      0.41687947988233454,
      0.3743817688187814,
      0.474854424687837,
      0.44256973958294576,
      0.15888543731369875
    ],
    "test_rmse": [
      -2.3556931592536685,
      -2.4212623480406985,
      -2.4470709427407824,
      -2.33140909267404,
      -2.549937788452875
    ],
    "test_mae": [
      -1.915002002951596,
      -1.9104391591224126,
      -1.9506955563732917,
      -1.8137850835749858,
      -2.0148988278942257
    ]
  },
  "420": {
    "fit_time": [
      0.07647705078125,
      0.0781865119934082,
      0.07817411422729492,
      0.07661914825439453,
      0.07589340209960938
    ],
    "score_time": [
      0.005733966827392578,
      0.005815029144287109,
      0.005788564682006836,
      0.005784749984741211,
      0.005292654037475586
    ],
    "test_r": [
      0.6444083110606903,
      0.5886263098053556,
      0.6246926665771296,
      0.5286963604189701,
      0.6702199892229259
    ],
    "test_r2": [
      0.3919983129573662,
      0.34472278089353015,
      0.3653750532790011,
      0.23181403753872165,
      0.42598176421279255
    ],
    "test_rmse": [
      -2.404738113305731,
      -2.518399298655787,
      -2.3579514273204003,
      -2.508445725075305,
      -2.5450102576901967
    ],
    "test_mae": [
      -1.9893352870728351,
      -1.9897833523000148,
      -1.8521272493376604,
      -2.00042829721955,
      -2.0227490042381118
    ]
  },
  "1234567890": {
    "fit_time": [
      0.07639718055725098,
      0.0771019458770752,
      0.0773768424987793,
      0.07684826850891113,
      0.0761878490447998
    ],
    "score_time": [
      0.005694150924682617,
      0.005823612213134766,
      0.005752086639404297,
      0.005837202072143555,
      0.005318403244018555
    ],
    "test_r": [
      0.5788760385614877,
      0.6081346436839022,
      0.6772651515892952,
      0.5762120534759806,
      0.5174033955997933
    ],
    "test_r2": [
      0.3213707632043342,
      0.36126130963232395,
      0.4561021499842003,
      0.30417489238987294,
      0.2512456534160482
    ],
    "test_rmse": [
      -2.5421976432968054,
      -2.5191906572620217,
      -2.4446992675372727,
      -2.526044277786155,
      -2.4599750139682928
    ],
    "test_mae": [
      -2.062729581720091,
      -1.9358046855667241,
      -1.9605247199762896,
      -2.045571183736829,
      -1.9706198297815354
    ]
  },
  "473129": {
    "fit_time": [
      0.07759332656860352,
      0.07848310470581055,
      0.07611298561096191,
      0.07860851287841797,
      0.07654380798339844
    ],
    "score_time": [
      0.005767107009887695,
      0.005719900131225586,
      0.005750417709350586,
      0.005797863006591797,
      0.005337715148925781
    ],
    "test_r": [
      0.6346363081289292,
      0.5855974387776699,
      0.6669789032320992,
      0.624822134748065,
      0.5598104123127413
    ],
    "test_r2": [
      0.3758415440951308,
      0.3188700000891367,
      0.4372622276198389,
      0.3806723925696228,
      0.30577101400929574
    ],
    "test_rmse": [
      -2.5835141927803478,
      -2.430575887768349,
      -2.3456168954024803,
      -2.4484303188398457,
      -2.4817513297557072
    ],
    "test_mae": [
      -2.0511455046964278,
      -1.960472898352405,
      -1.9502574169280436,
      -1.8644361046803015,
      -1.936055270624644
    ]
  },
  "r_avg": 0.6089407835456844,
  "r_stdev": 0.05184552169222241,
  "r2_avg": 0.3558857447810014,
  "r2_stdev": 0.0729899824050898,
  "rmse_avg": -2.462059124052755,
  "rmse_stdev": 0.09598580529732893,
  "mae_avg": -1.9597801547012303,
  "mae_stdev": 0.07798400760113174
}