{
  "6": {
    "fit_time": [
      0.004134654998779297,
      0.003959178924560547,
      0.00397944450378418,
      0.0038361549377441406,
      0.003777027130126953
    ],
    "score_time": [
      0.0036516189575195312,
      0.003693819046020508,
      0.0037081241607666016,
      0.003508329391479492,
      0.003422260284423828
    ],
    "test_r": [
      NaN,
      NaN,
      NaN,
      NaN,
      NaN
    ],
    "test_r2": [
      -0.01195912413008271,
      -0.0015092057225740696,
      -0.0020287636256575148,
      -0.016159176668530062,
      -0.002603115907946929
    ],
    "test_rmse": [
      -2.993224658340134,
      -3.111703316083765,
      -3.0467356646224495,
      -3.511119679861344,
      -2.801838229125813
    ],
    "test_mae": [
      -2.4663571060911695,
      -2.558605846603734,
      -2.440917878741575,
      -2.764007823783038,
      -2.2586609961572788
    ]
  },
  "13": {
    "fit_time": [
      0.004078865051269531,
      0.0039484500885009766,
      0.003922462463378906,
      0.003794431686401367,
      0.0038213729858398438
    ],
    "score_time": [
      0.0036110877990722656,
      0.003658771514892578,
      0.0036344528198242188,
      0.0034415721893310547,
      0.0034949779510498047
    ],
    "test_r": [
      NaN,
      NaN,
      NaN,
      NaN,
      NaN
    ],
    "test_r2": [
      -0.0058985490525746975,
      -0.022072869807622242,
      -0.04281075704716586,
      -0.001661253350320857,
      -0.0022687583152345425
    ],
    "test_rmse": [
      -2.7390384041397025,
      -3.247783661578522,
      -2.775272259999356,
      -3.3025568551302067,
      -3.3994109426382377
    ],
    "test_mae": [
      -2.2509629057591747,
      -2.5856265285990077,
      -2.2970655191158795,
      -2.6368672344233604,
      -2.7357467535915028
    ]
  },
  "42": {
    "fit_time": [
      0.004111051559448242,
      0.004076480865478516,
      0.004141569137573242,
      0.004074573516845703,
      0.003732919692993164
    ],
    "score_time": [
      0.0038328170776367188,
      0.0038230419158935547,
      0.003867626190185547,
      0.003749370574951172,
      0.003326892852783203
    ],
    "test_r": [
      NaN,
      NaN,
      NaN,
      NaN,
      NaN
    ],
    "test_r2": [
      -0.033322322330682,
      -0.00836799159617918,
      -0.019058556476846622,
      -0.009574115820744744,
      -0.001025405908098076
    ],
    "test_rmse": [
      -3.0532321017606154,
      -3.2360759000144186,
      -3.292061370088014,
      -2.9579830287517117,
      -2.97261459962244
    ],
    "test_mae": [
      -2.582287916727871,
      -2.502592069767834,
      -2.65807774931537,
      -2.441884656420046,
      -2.3197071637514757
    ]
  },
  "69": {
    "fit_time": [
      0.004218339920043945,
      0.004075527191162109,
      0.004057645797729492,
      0.004119873046875,
      0.0037796497344970703
    ],
    "score_time": [
      0.0039865970611572266,
      0.0037622451782226562,
      0.0037670135498046875,
      0.003731966018676758,
      0.003428220748901367
    ],
    "test_r": [
      NaN,
      NaN,
      NaN,
      NaN,
      NaN
    ],
    "test_r2": [
      -0.015281454161116148,
      -0.004941036538710586,
      -0.001577256739167865,
      -0.005829691366685985,
      -0.005368494521838185
    ],
    "test_rmse": [
      -3.1083705459367468,
      -3.068721252078038,
      -3.379472617881377,
      -3.131738138607216,
      -2.7878194555332114
    ],
    "test_mae": [
      -2.5433812229825645,
      -2.4479698749173298,
      -2.7654042953569618,
      -2.412160011301151,
      -2.313993651298242
    ]
  },
  "420": {
    "fit_time": [
      0.004131793975830078,
      0.004149198532104492,
      0.004104137420654297,
      0.004086017608642578,
      0.0037555694580078125
    ],
    "score_time": [
      0.003790140151977539,
      0.003837108612060547,
      0.0037910938262939453,
      0.0037491321563720703,
      0.003354310989379883
    ],
    "test_r": [
      NaN,
      NaN,
      NaN,
      NaN,
      NaN
    ],
    "test_r2": [
      -0.013732327226232632,
      -0.003873991007961264,
      -0.007364101426893699,
      -0.017787611004403514,
      -0.04161419283520784
    ],
    "test_rmse": [
      -3.1051103766364188,
      -3.1171066094145785,
      -2.970773352735764,
      -2.8873544797341633,
      -3.428310404793115
    ],
    "test_mae": [
      -2.530909918335053,
      -2.492463360937153,
      -2.4055512476953647,
      -2.3532655180679365,
      -2.7286670813372464
    ]
  },
  "1234567890": {
    "fit_time": [
      0.004156351089477539,
      0.004064321517944336,
      0.0041010379791259766,
      0.004107475280761719,
      0.00377655029296875
    ],
    "score_time": [
      0.0038192272186279297,
      0.003787517547607422,
      0.003805398941040039,
      0.003771543502807617,
      0.0033903121948242188
    ],
    "test_r": [
      NaN,
      NaN,
      NaN,
      NaN,
      NaN
    ],
    "test_r2": [
      -0.0017729630516405415,
      -0.01922398196151054,
      -5.381505734147751e-06,
      -0.00196721082004947,
      -0.02409141551367111
    ],
    "test_rmse": [
      -3.088713895544511,
      -3.1822496118879293,
      -3.314880981171025,
      -3.0312214526708128,
      -2.876937191235402
    ],
    "test_mae": [
      -2.4114104142135577,
      -2.584295110680866,
      -2.69215892146647,
      -2.4636015891039054,
      -2.3391113706719486
    ]
  },
  "473129": {
    "fit_time": [
      0.004132986068725586,
      0.00407099723815918,
      0.0041046142578125,
      0.004068613052368164,
      0.0037741661071777344
    ],
    "score_time": [
      0.0038182735443115234,
      0.003744363784790039,
      0.0038077831268310547,
      0.0037527084350585938,
      0.003381490707397461
    ],
    "test_r": [
      NaN,
      NaN,
      NaN,
      NaN,
      NaN
    ],
    "test_r2": [
      -0.01592337231041041,
      -0.004001147285300988,
      -0.0008256596419582429,
      -0.005751736735257529,
      -0.015878290097656178
    ],
    "test_rmse": [
      -3.296050813303098,
      -2.950946156181361,
      -3.128118980089153,
      -3.1201316896810742,
      -3.0021178140778435
    ],
    "test_mae": [
      -2.5577934892860807,
      -2.343429731990826,
      -2.557485451440681,
      -2.5430228724895,
      -2.488786753929625
    ]
  },
  "r_avg": NaN,
  "r_stdev": NaN,
  "r2_avg": -0.0110608937574762,
  "r2_stdev": 0.011053004297717897,
  "rmse_avg": -3.097622756884274,
  "rmse_stdev": 0.19130880249178409,
  "mae_avg": -2.4992637153243087,
  "mae_stdev": 0.1416025537179205
}