{
  "6": {
    "fit_time": [
      2.4658265113830566,
      2.4531586170196533,
      2.462106943130493,
      2.512162685394287,
      2.2420594692230225
    ],
    "score_time": [
      0.06594228744506836,
      0.06624197959899902,
      0.06619977951049805,
      0.06422805786132812,
      0.06358146667480469
    ],
    "test_r": [
      0.6409948522948195,
      0.622184172659056,
      0.6373538318145389,
      0.6025138579212493,
      0.6111799781942453
    ],
    "test_r2": [
      0.404839328894978,
      0.3773887494940703,
      0.39917949257920105,
      0.3508564675198479,
      0.37329813865721007
    ],
    "test_rmse": [
      -2.295487549141838,
      -2.4534611866667966,
      -2.3592124755447506,
      -2.806306670413116,
      -2.2151800115030165
    ],
    "test_mae": [
      -1.802147889724568,
      -2.0080272651250213,
      -1.805602833729209,
      -2.1964381263049115,
      -1.8408055956852845
    ]
  },
  "13": {
    "fit_time": [
      2.491100788116455,
      2.490569829940796,
      2.476011037826538,
      2.498619318008423,
      2.2798733711242676
    ],
    "score_time": [
      0.06520533561706543,
      0.07093644142150879,
      0.07042098045349121,
      0.06554174423217773,
      0.06378865242004395
    ],
    "test_r": [
      0.5379693342750326,
      0.7151395749184407,
      0.5700821393671772,
      0.6245739355646447,
      0.6669706228079797
    ],
    "test_r2": [
      0.2800242144570595,
      0.5015572410023278,
      0.29291811077935537,
      0.38648565166712334,
      0.41881719298082976
    ],
    "test_rmse": [
      -2.317287803719677,
      -2.2680561813677653,
      -2.285270957060687,
      -2.584652893669777,
      -2.5886179037027395
    ],
    "test_mae": [
      -1.8279976026484956,
      -1.8096040084002842,
      -1.7894165116275789,
      -1.9908779232965101,
      -2.0854661284363747
    ]
  },
  "42": {
    "fit_time": [
      2.4938106536865234,
      2.4640586376190186,
      2.493184804916382,
      2.4804177284240723,
      2.270778179168701
    ],
    "score_time": [
      0.06496787071228027,
      0.06598281860351562,
      0.06473278999328613,
      0.06639575958251953,
      0.06499576568603516
    ],
    "test_r": [
      0.6390671364726402,
      0.6416426429672839,
      0.6508145813460736,
      0.5577137882781813,
      0.6256429374979497
    ],
    "test_r2": [
      0.3860003713415928,
      0.4091758185805948,
      0.41697813142630114,
      0.30799418266900513,
      0.3907506848283464
    ],
    "test_rmse": [
      -2.3535637615854297,
      -2.4770701413882708,
      -2.4900655234103075,
      -2.448958620229653,
      -2.3190685235472364
    ],
    "test_mae": [
      -1.947574465978197,
      -1.9810600922615673,
      -1.9006448093144896,
      -2.001453705602568,
      -1.7320773510395144
    ]
  },
  "69": {
    "fit_time": [
      2.442139148712158,
      2.475376844406128,
      2.493345022201538,
      2.4756102561950684,
      2.271695375442505
    ],
    "score_time": [
      0.06565141677856445,
      0.07209491729736328,
      0.06389451026916504,
      0.06546926498413086,
      0.06458306312561035
    ],
    "test_r": [
      0.6454443787512951,
      0.6056693788388541,
      0.6891725092269528,
      0.6603886029426004,
      0.4798718155619027
    ],
    "test_r2": [
      0.39759435157534184,
      0.3606513166883851,
      0.4413785675124843,
      0.4310121919641938,
      0.22265558193511648
    ],
    "test_rmse": [
      -2.394330380759693,
      -2.447687883978869,
      -2.5238614017468164,
      -2.355454371659522,
      -2.45136934604169
    ],
    "test_mae": [
      -1.9701264913050163,
      -1.9518011124837864,
      -1.9915368599730687,
      -1.8430626616473762,
      -1.8867448627117906
    ]
  },
  "420": {
    "fit_time": [
      2.5042738914489746,
      2.456587076187134,
      2.507937431335449,
      2.461637258529663,
      2.250458002090454
    ],
    "score_time": [
      0.06744742393493652,
      0.0638267993927002,
      0.0657951831817627,
      0.07269597053527832,
      0.06307268142700195
    ],
    "test_r": [
      0.6514642944699415,
      0.5757311955896309,
      0.6787655243397789,
      0.5379253574270784,
      0.682741590095832
    ],
    "test_r2": [
      0.40128402065455615,
      0.33029597600930427,
      0.4532752566322371,
      0.27933627671827266,
      0.4319244488490869
    ],
    "test_rmse": [
      -2.3863042745504677,
      -2.545971331445877,
      -2.188571045737085,
      -2.429617213675761,
      -2.5318020173227094
    ],
    "test_mae": [
      -1.9431870668395126,
      -1.9773445409002681,
      -1.7104044873634885,
      -1.9596379142490616,
      -1.9918049359042551
    ]
  },
  "1234567890": {
    "fit_time": [
      2.473078727722168,
      2.5011370182037354,
      2.4824366569519043,
      2.4615161418914795,
      2.2657103538513184
    ],
    "score_time": [
      0.07215738296508789,
      0.06506919860839844,
      0.0661001205444336,
      0.07092738151550293,
      0.07052135467529297
    ],
    "test_r": [
      0.6032549510367238,
      0.6301428077546352,
      0.6435745497115701,
      0.5817920004430729,
      0.5862514910201063
    ],
    "test_r2": [
      0.35390857873248405,
      0.39327987485041227,
      0.40374603968294287,
      0.333243216489716,
      0.33945958236073204
    ],
    "test_rmse": [
      -2.48050448167189,
      -2.455238161645546,
      -2.559660754026028,
      -2.4727182405972754,
      -2.3105252346429825
    ],
    "test_mae": [
      -1.9664638427544676,
      -1.8911047568651749,
      -2.087707778325719,
      -1.9900345728144393,
      -1.8308250434763405
    ]
  },
  "473129": {
    "fit_time": [
      2.50301194190979,
      2.489205837249756,
      2.51131010055542,
      2.461674451828003,
      2.278470277786255
    ],
    "score_time": [
      0.06405377388000488,
      0.07167601585388184,
      0.06657052040100098,
      0.06506943702697754,
      0.06307220458984375
    ],
    "test_r": [
      0.6468402602783666,
      0.6389521670188385,
      0.6535643750230629,
      0.6235251330918755,
      0.53960405986642
    ],
    "test_r2": [
      0.3824136112708679,
      0.40480773092767697,
      0.41853916161107685,
      0.3808054554013117,
      0.28859029732129216
    ],
    "test_rmse": [
      -2.569876661605767,
      -2.2720758288524165,
      -2.38431857807078,
      -2.4481672815000795,
      -2.5122727283041857
    ],
    "test_mae": [
      -2.0647509183265833,
      -1.8539043404685158,
      -1.9615946752941014,
      -1.8647793611539485,
      -1.9353843682169696
    ]
  },
  "r_avg": 0.6199577093962242,
  "r_stdev": 0.04885056146042953,
  "r2_avg": 0.37555615183043817,
  "r2_stdev": 0.05639140654791007,
  "rmse_avg": -2.428073926308185,
  "rmse_stdev": 0.1236091926606321,
  "mae_avg": -1.9254684257213845,
  "mae_stdev": 0.10388891256256484
}