{
  "6": {
    "fit_time": [
      0.011382102966308594,
      0.011020898818969727
    ],
    "score_time": [
      0.01656484603881836,
      0.01563096046447754
    ],
    "test_r": [
      0.48281864968365484,
      0.37052032968498494
    ],
    "test_r2": [
      0.20847088546019077,
      0.02767328096206112
    ],
    "test_rmse": [
      -2.750867814968162,
      -3.051507940950848
    ],
    "test_mae": [
      -2.21435412514826,
      -2.3220064547046433
    ]
  },
  "r_avg": 0.4266694896843199,
  "r_stdev": 0.05614915999933495,
  "r2_avg": 0.11807208321112594,
  "r2_stdev": 0.09039880224906482,
  "rmse_avg": -2.901187877959505,
  "rmse_stdev": 0.15032006299134304,
  "mae_avg": -2.268180289926452,
  "mae_stdev": 0.05382616477819169
}