{
  "6": {
    "fit_time": [
      0.010720252990722656,
      0.022472858428955078,
      0.01077580451965332,
      0.011048078536987305,
      0.010481119155883789
    ],
    "score_time": [
      0.0059528350830078125,
      0.005862712860107422,
      0.01378011703491211,
      0.0058405399322509766,
      0.00580596923828125
    ],
    "test_r": [
      0.5670616532658916,
      0.47580993180326786,
      0.43931870642478693,
      0.49515489942329016,
      0.45505334240423023
    ],
    "test_r2": [
      0.2894598073088277,
      0.22160357942221243,
      0.16516824616429904,
      0.15189647026499575,
      0.1605690915750716
    ],
    "test_rmse": [
      -2.5081421910103807,
      -2.7432862389770345,
      -2.780956284876305,
      -3.2076664124654246,
      -2.563722469517173
    ],
    "test_mae": [
      -1.9533138090919295,
      -2.268574152623655,
      -2.128597949711551,
      -2.446897203658407,
      -2.007373295858869
    ]
  },
  "13": {
    "fit_time": [
      0.010762453079223633,
      0.010832786560058594,
      0.011090517044067383,
      0.011027812957763672,
      0.010840177536010742
    ],
    "score_time": [
      0.005938529968261719,
      0.006013154983520508,
      0.006114959716796875,
      0.006018400192260742,
      0.005547761917114258
    ],
    "test_r": [
      0.4385614230043257,
      0.6271645646883066,
      0.45193525509791777,
      0.5177684604150298,
      0.4232676910108061
    ],
    "test_r2": [
      0.17744396867145917,
      0.2501384997195062,
      0.2012959001688699,
      0.2101909624612054,
      0.1318697849211823
    ],
    "test_rmse": [
      -2.476873212571521,
      -2.7818691011151935,
      -2.42882262832231,
      -2.932587068156753,
      -3.1637634718601197
    ],
    "test_mae": [
      -1.9373862854178432,
      -2.210235556403278,
      -1.899870742844504,
      -2.283026236353762,
      -2.4583629207831397
    ]
  },
  "42": {
    "fit_time": [
      0.010816574096679688,
      0.010914802551269531,
      0.010882139205932617,
      0.01100301742553711,
      0.010393619537353516
    ],
    "score_time": [
      0.005968570709228516,
      0.005969524383544922,
      0.006027936935424805,
      0.006161928176879883,
      0.0055353641510009766
    ],
    "test_r": [
      0.5264872816216604,
      0.39011016446800323,
      0.5708601116339864,
      0.427914802739647,
      0.4813130769483158
    ],
    "test_r2": [
      0.22822464373570772,
      0.1027735980596457,
      0.2195646902112076,
      0.17350195927986722,
      0.21249379340293106
    ],
    "test_rmse": [
      -2.6386839029509783,
      -3.0525317916891344,
      -2.880957209860007,
      -2.676378229123793,
      -2.6365927231197444
    ],
    "test_mae": [
      -2.1310615897147884,
      -2.370122749154235,
      -2.237730715799804,
      -2.1409368367296424,
      -1.923702349181038
    ]
  },
  "69": {
    "fit_time": [
      0.010889768600463867,
      0.01090240478515625,
      0.010642290115356445,
      0.010720014572143555,
      0.010663032531738281
    ],
    "score_time": [
      0.005920886993408203,
      0.006123065948486328,
      0.006038188934326172,
      0.006071567535400391,
      0.005577564239501953
    ],
    "test_r": [
      0.5155484407119615,
      0.5059351271348839,
      0.5508545594358698,
      0.5304860191026068,
      0.3831621818904333
    ],
    "test_r2": [
      0.21506683254367998,
      0.23638120498305315,
      0.2297771853394851,
      0.18684265091850727,
      0.12902541670098588
    ],
    "test_rmse": [
      -2.7331023703096866,
      -2.675010278711001,
      -2.9635679823499177,
      -2.8158564504890338,
      -2.594805140763262
    ],
    "test_mae": [
      -2.2312263535646957,
      -2.1131557856788357,
      -2.2967379146484554,
      -2.08441495570581,
      -2.0002648332874866
    ]
  },
  "420": {
    "fit_time": [
      0.010916709899902344,
      0.01094365119934082,
      0.011206388473510742,
      0.010846138000488281,
      0.010807991027832031
    ],
    "score_time": [
      0.0060863494873046875,
      0.005948781967163086,
      0.006040334701538086,
      0.006029844284057617,
      0.0055425167083740234
    ],
    "test_r": [
      0.5838809905591853,
      0.43787404137693,
      0.5192212789091579,
      0.36904048451546084,
      0.4784131408385967
    ],
    "test_r2": [
      0.2809503883511265,
      0.17716351013418263,
      0.21471631498693022,
      0.1317759388450802,
      0.10738972190083595
    ],
    "test_rmse": [
      -2.615139271508916,
      -2.822076785504758,
      -2.6229473427580867,
      -2.6667815017293175,
      -3.173639800435579
    ],
    "test_mae": [
      -2.1144375934546913,
      -2.135313920343426,
      -2.027202198789538,
      -2.0794085823110318,
      -2.4889768005469954
    ]
  },
  "1234567890": {
    "fit_time": [
      0.010991334915161133,
      0.01077127456665039,
      0.010813713073730469,
      0.011096715927124023,
      0.01056051254272461
    ],
    "score_time": [
      0.006035566329956055,
      0.00608062744140625,
      0.005944490432739258,
      0.006076812744140625,
      0.005513191223144531
    ],
    "test_r": [
      0.5215282444458657,
      0.5521651976097052,
      0.44608328961014493,
      0.3483991046114353,
      0.46854291633321826
    ],
    "test_r2": [
      0.20922479140078343,
      0.18465089063021356,
      0.1629025827412558,
      0.11374633765764097,
      0.19612467891855445
    ],
    "test_rmse": [
      -2.744223957381879,
      -2.84623808658591,
      -3.0328768235545853,
      -2.8508208900837952,
      -2.54891507445639
    ],
    "test_mae": [
      -2.164055338324367,
      -2.1377195662952713,
      -2.3977593988047294,
      -2.231955291456359,
      -2.0015169041067526
    ]
  },
  "473129": {
    "fit_time": [
      0.010731935501098633,
      0.011198759078979492,
      0.010781288146972656,
      0.010898113250732422,
      0.010687828063964844
    ],
    "score_time": [
      0.005995988845825195,
      0.0060613155364990234,
      0.006334781646728516,
      0.006131649017333984,
      0.005536556243896484
    ],
    "test_r": [
      0.5168192872015008,
      0.46124210908502206,
      0.5488290882900372,
      0.43028591002389516,
      0.40499778668624115
    ],
    "test_r2": [
      0.14940983370257277,
      0.1930165040179781,
      0.27373881411965517,
      0.15037326592333922,
      0.1582485994814805
    ],
    "test_rmse": [
      -3.015946277061668,
      -2.645614165008786,
      -2.6647131485059123,
      -2.867752146491405,
      -2.7327431585637463
    ],
    "test_mae": [
      -2.3460680084068386,
      -2.125341784076895,
      -2.1022381611757175,
      -2.1797983521432283,
      -2.1128234916373114
    ]
  },
  "r_avg": 0.48174544466633185,
  "r_stdev": 0.06445211486947416,
  "r2_avg": 0.18847772739040947,
  "r2_stdev": 0.04712863158294856,
  "rmse_avg": -2.774445816796271,
  "rmse_stdev": 0.19670387967916497,
  "mae_avg": -2.164788789373854,
  "mae_stdev": 0.15238845765894682
}