{
  "6": {
    "fit_time": [
      0.030035018920898438,
      0.03048396110534668
    ],
    "score_time": [
      0.005426883697509766,
      0.005243778228759766
    ],
    "test_r": [
      0.556640113230971,
      0.54675790533945
    ],
    "test_r2": [
      0.19518041943734588,
      0.21349079617025046
    ],
    "test_rmse": [
      -2.7738664133304307,
      -2.7444814453459534
    ],
    "test_mae": [
      -2.1020100149551797,
      -2.1572127206095133
    ]
  },
  "r_avg": 0.5516990092852105,
  "r_stdev": 0.004941103945760472,
  "r2_avg": 0.20433560780379817,
  "r2_stdev": 0.009155188366452294,
  "rmse_avg": -2.759173929338192,
  "rmse_stdev": 0.014692483992238659,
  "mae_avg": -2.1296113677823465,
  "mae_stdev": 0.027601352827166803
}