fold,r,r2,rmse,mae
1.0,0.7117963402724543,0.5010224606796052,6.1766248132946835,4.807164010837278
2.0,0.5801454768388377,0.33253044737670656,8.606190145628288,6.419347581192617
3.0,0.6722003716315331,0.4475776437859367,7.840791141970965,5.574342936536125
4.0,0.6521231452652175,0.41668826659528924,7.629466300630889,5.8870205346053
5.0,0.6547283530535987,0.42408570871703555,7.639486195555383,4.86938422790628
