Dataset,num_of_folds,Features,Targets,Model,r_mean,r_std,r2_mean,r2_std,rmse_mean,rmse_std,mae_mean,mae_std,num_of_data
OPV_Min,5,DA_FP_radius_3_nbits_1024,calc_PCE_percent,Lasso,-4.6886554781061566e-17,2.3192807050911777e-16,-0.010307990649418342,0.013294459078437055,3.0945465456019647,0.24791400024623966,2.50385900481997,0.18191402364813966,558
