fold,r,r2,rmse,mae
1.0,0.7034277093764859,0.47042468761936773,2.2621683703293822,1.6052290802981173
2.0,0.6612335158495464,0.4028336439519875,2.305993851899472,1.5814794882067613
3.0,0.7722742350989119,0.5932200817132401,2.205719475301067,1.649170249389099
4.0,0.727432170696814,0.5178317454709438,1.9834193334438823,1.5591491578076335
5.0,0.8439695128117813,0.7098941933668703,1.6010535788238887,1.305280913576349
