fold,r,r2,rmse,mae
1.0,0.6168053400724798,0.3766362477962033,2.541855843174914,1.9012385375450982
2.0,0.599775390902399,0.3482071191881472,2.2244591726298526,1.7590340327990206
3.0,0.6428715489057236,0.41026994556739627,2.632979071579789,2.018435286515282
4.0,0.6734135972568019,0.4321456299591968,2.2093960073947447,1.7936050220380009
5.0,0.6747956087333976,0.4389736275680418,2.287280377980842,1.7953879197640794
