Dataset,num_of_folds,Features,Targets,Model,r_mean,r_std,r2_mean,r2_std,rmse_mean,rmse_std,mae_mean,mae_std,num_of_data
OPV_Min,5,DA_FP_radius_3_nbits_1024,calc_PCE_percent,KNN,0.6418781854645605,0.042098754384311966,0.3993527218250811,0.05202645675608552,2.3663600965617,0.17972752840756517,1.8026189352692932,0.13786040215767137,553
