{
  "6": {
    "fit_time": [
      36.319034576416016,
      36.81498980522156,
      36.671690940856934,
      36.686437129974365,
      26.148857355117798
    ],
    "score_time": [
      1.9560210704803467,
      2.1204121112823486,
      2.1683342456817627,
      2.17836594581604,
      0.6627826690673828
    ],
    "test_r": [
      0.7730464542615112,
      0.7414109819947209,
      0.7228386541038161,
      0.8328779641704787,
      0.6974989501334747
    ],
    "test_r2": [
      0.5876798091603537,
      0.5426312829078292,
      0.519215285184384,
      0.6630824388672016,
      0.4811463711261448
    ],
    "test_rmse": [
      -2.085008580014004,
      -2.0447886640271355,
      -2.1721215326427625,
      -1.9914582572911632,
      -1.9867016135407822
    ],
    "test_mae": [
      -1.622753839664406,
      -1.547537691855454,
      -1.578394099243584,
      -1.5424048578970293,
      -1.5575406137328611
    ]
  },
  "13": {
    "fit_time": [
      36.74646210670471,
      36.84678530693054,
      36.92554497718811,
      37.17425036430359,
      26.0975124835968
    ],
    "score_time": [
      2.125614881515503,
      2.214731216430664,
      2.175931930541992,
      2.0337836742401123,
      0.6647393703460693
    ],
    "test_r": [
      0.7696605613216476,
      0.7334613554735929,
      0.7182143071023821,
      0.8161317993496884,
      0.8233486252160557
    ],
    "test_r2": [
      0.5901411383833162,
      0.5281830253500501,
      0.5131882850106635,
      0.6395516444723568,
      0.6522208772408193
    ],
    "test_rmse": [
      -1.7672457358763158,
      -2.1594871791822148,
      -1.955181764425217,
      -2.116329828904972,
      -1.9673013439928053
    ],
    "test_mae": [
      -1.3738110655734814,
      -1.4810010711339532,
      -1.4916383646431348,
      -1.691455581149884,
      -1.5428763206157565
    ]
  },
  "42": {
    "fit_time": [
      35.84120726585388,
      35.650588512420654,
      35.912468671798706,
      36.26202440261841,
      26.18097686767578
    ],
    "score_time": [
      2.1969521045684814,
      2.034088611602783,
      2.1662917137145996,
      1.9414327144622803,
      0.6581194400787354
    ],
    "test_r": [
      0.7386386102694589,
      0.7687839631216887,
      0.7251289517122494,
      0.7319790543285245,
      0.8209902793138077
    ],
    "test_r2": [
      0.5120812585365844,
      0.5900499567003079,
      0.490546332594198,
      0.5354018268062888,
      0.6654274092028925
    ],
    "test_rmse": [
      -1.8494877178882443,
      -2.0996629157737625,
      -2.4229916646546084,
      -2.135648782369069,
      -1.693632646523322
    ],
    "test_mae": [
      -1.4956526648250874,
      -1.618343169906343,
      -1.6668900235494948,
      -1.6503780794383949,
      -1.3710381717705378
    ]
  },
  "69": {
    "fit_time": [
      36.64826273918152,
      36.79990267753601,
      36.56878185272217,
      36.702707052230835,
      26.002283811569214
    ],
    "score_time": [
      2.1942453384399414,
      2.1674206256866455,
      2.153667449951172,
      2.216717481613159,
      0.6571922302246094
    ],
    "test_r": [
      0.6554872497827515,
      0.7806995683813778,
      0.7707412029242274,
      0.8112650430151053,
      0.6933416409909654
    ],
    "test_r2": [
      0.41238532552932805,
      0.6061138755228906,
      0.5619504606855041,
      0.6480548612281407,
      0.47814542433175977
    ],
    "test_rmse": [
      -2.145062837942028,
      -2.0489104194779793,
      -2.3248843091396965,
      -1.922219297195138,
      -1.9694536959478268
    ],
    "test_mae": [
      -1.578668292786566,
      -1.674303950558655,
      -1.7463275260224986,
      -1.4702773538580358,
      -1.4309505727470153
    ]
  },
  "420": {
    "fit_time": [
      36.42700529098511,
      36.93389868736267,
      37.578999042510986,
      37.3816602230072,
      26.45736312866211
    ],
    "score_time": [
      1.6662027835845947,
      1.9588291645050049,
      1.786820888519287,
      1.9009768962860107,
      0.6555297374725342
    ],
    "test_r": [
      0.7421923406487543,
      0.8024447855236193,
      0.7352272190650633,
      0.7226994430261218,
      0.7679789992942249
    ],
    "test_r2": [
      0.5216481677133397,
      0.6304505057637504,
      0.5350660148724142,
      0.5093604623598423,
      0.5868565706398916
    ],
    "test_rmse": [
      -2.20279004631932,
      -1.8700963794790548,
      -2.1587788303991124,
      -1.8781722250887691,
      -2.1987171771570106
    ],
    "test_mae": [
      -1.70634548612685,
      -1.5043898221885095,
      -1.5722059348118087,
      -1.4200887413678716,
      -1.6820934699827867
    ]
  },
  "1234567890": {
    "fit_time": [
      36.88988494873047,
      37.55129027366638,
      37.8051655292511,
      37.54824781417847,
      26.507532358169556
    ],
    "score_time": [
      1.678572177886963,
      2.1110999584198,
      1.9643614292144775,
      2.109734058380127,
      0.656635046005249
    ],
    "test_r": [
      0.7189749705586372,
      0.784801187921633,
      0.7928545676371594,
      0.8173729344659992,
      0.7437989144707476
    ],
    "test_r2": [
      0.5087826639725564,
      0.6156070668273306,
      0.60565151219902,
      0.6439999207521927,
      0.5431456567028665
    ],
    "test_rmse": [
      -2.0757011144070057,
      -1.971998210732508,
      -2.0506422609828014,
      -1.8892652622978685,
      -2.063085398911111
    ],
    "test_mae": [
      -1.4705077031479539,
      -1.4715994135226618,
      -1.5692385848257016,
      -1.483486867434848,
      -1.6338010619236711
    ]
  },
  "473129": {
    "fit_time": [
      36.862489223480225,
      37.35797142982483,
      37.47056794166565,
      37.40880632400513,
      26.478976488113403
    ],
    "score_time": [
      1.7039880752563477,
      2.1734697818756104,
      2.134404182434082,
      2.127065896987915,
      0.6599807739257812
    ],
    "test_r": [
      0.7166327730606165,
      0.7569804077944027,
      0.8008091332957965,
      0.82925538699067,
      0.7017557555064203
    ],
    "test_r2": [
      0.4934240055272212,
      0.5709642675178306,
      0.6321483000843602,
      0.6757219955127007,
      0.47457686337658755
    ],
    "test_rmse": [
      -2.342689614311147,
      -1.9834123258372636,
      -2.001524501392884,
      -1.6013223480331946,
      -2.2728125024422394
    ],
    "test_mae": [
      -1.7519678256453992,
      -1.4817986025204035,
      -1.6336252072292279,
      -1.3019438104347008,
      -1.6777369076576385
    ]
  },
  "r_avg": 0.7588378296064969,
  "r_stdev": 0.04421704924939895,
  "r_stderr": 0.01671247371757212,
  "r2_avg": 0.5647028817903691,
  "r2_stdev": 0.06585507210225444,
  "r2_stderr": 0.02489087762211326,
  "rmse_avg": 2.0405310567028665,
  "rmse_stdev": 0.17333010134698945,
  "rmse_stderr": 0.06551262041225081,
  "mae_avg": 1.5569449357083487,
  "mae_stdev": 0.10934197617132192,
  "mae_stderr": 0.04132738240138117
}