{
  "6": {
    "fit_time": [
      5.7365827560424805,
      5.858752727508545,
      5.935475587844849,
      5.619847059249878,
      4.698642730712891
    ],
    "score_time": [
      0.0308837890625,
      0.030040979385375977,
      0.028708219528198242,
      0.031183719635009766,
      0.0283050537109375
    ],
    "test_r": [
      0.7393422935588535,
      0.803645109452737,
      0.6879948622110293,
      0.8151335359964222,
      0.7366893426097032
    ],
    "test_r2": [
      0.5459011309405408,
      0.6435647781565309,
      0.47071124785723617,
      0.645300139006912,
      0.5385020194791879
    ],
    "test_rmse": [
      -2.0050861595461043,
      -1.8563549330141993,
      -2.2143232225656737,
      -2.07441321502764,
      -1.9009182233193798
    ],
    "test_mae": [
      -1.4801201002582314,
      -1.380065222216265,
      -1.5204457896441563,
      -1.5542454495846187,
      -1.421139715811498
    ]
  },
  "13": {
    "fit_time": [
      5.830399990081787,
      5.8697381019592285,
      5.560510158538818,
      5.716457843780518,
      4.805436611175537
    ],
    "score_time": [
      0.030005693435668945,
      0.028780698776245117,
      0.031182050704956055,
      0.03133082389831543,
      0.028157949447631836
    ],
    "test_r": [
      0.7410278036705318,
      0.8040391400516776,
      0.6424046125922309,
      0.7426091751434171,
      0.8170738137077894
    ],
    "test_r2": [
      0.5445337006676969,
      0.63323230180879,
      0.40243061485107556,
      0.546724459652554,
      0.6577546819342981
    ],
    "test_rmse": [
      -1.8431010854297554,
      -1.9455468902722282,
      -2.100859521075812,
      -2.221626298913912,
      -1.986462309506014
    ],
    "test_mae": [
      -1.4338862532612384,
      -1.461456300451219,
      -1.5229131758072223,
      -1.6168637880170191,
      -1.4795670566130554
    ]
  },
  "42": {
    "fit_time": [
      5.8121960163116455,
      5.906242847442627,
      5.626500844955444,
      5.648853778839111,
      4.669400930404663
    ],
    "score_time": [
      0.030148029327392578,
      0.029105186462402344,
      0.03046703338623047,
      0.030259370803833008,
      0.02801990509033203
    ],
    "test_r": [
      0.7599143731852235,
      0.7175802599587164,
      0.7407559410159756,
      0.7402478756974502,
      0.8061109027960479
    ],
    "test_r2": [
      0.5684582932936227,
      0.5126028799821001,
      0.5247288070078664,
      0.5468589912985802,
      0.6486569755078737
    ],
    "test_rmse": [
      -1.9731191047754826,
      -2.249834917315638,
      -2.2482215098458003,
      -1.9817244052592136,
      -1.761090702363469
    ],
    "test_mae": [
      -1.5345801908234955,
      -1.6280169930783979,
      -1.4836590598827084,
      -1.456997951838581,
      -1.3663526282484568
    ]
  },
  "69": {
    "fit_time": [
      5.683654308319092,
      5.862934827804565,
      5.752779245376587,
      5.8893938064575195,
      4.583475828170776
    ],
    "score_time": [
      0.030815601348876953,
      0.029968738555908203,
      0.0319826602935791,
      0.02875828742980957,
      0.0282747745513916
    ],
    "test_r": [
      0.7688868529108274,
      0.8283128762017669,
      0.7345080539496859,
      0.7766809908618183,
      0.6839482536760092
    ],
    "test_r2": [
      0.5891033424071249,
      0.685576900420348,
      0.5296826523352127,
      0.585599819313256,
      0.4591836934448389
    ],
    "test_rmse": [
      -1.9774516010326042,
      -1.7165022335336975,
      -2.3158061546144473,
      -2.01017183411598,
      -2.044687291914579
    ],
    "test_mae": [
      -1.4794076907848666,
      -1.3159917363585205,
      -1.7769589347722832,
      -1.3963501830035066,
      -1.3912702888287052
    ]
  },
  "420": {
    "fit_time": [
      5.8933258056640625,
      5.6810925006866455,
      5.763238430023193,
      5.729628562927246,
      4.600112438201904
    ],
    "score_time": [
      0.029247760772705078,
      0.030691862106323242,
      0.02931976318359375,
      0.02993035316467285,
      0.0279996395111084
    ],
    "test_r": [
      0.7782563675737271,
      0.7945575149908639,
      0.7771729130786166,
      0.7527430212790591,
      0.7481347881118809
    ],
    "test_r2": [
      0.6038066064105101,
      0.6244109316096109,
      0.6018915975240361,
      0.5652416772384815,
      0.5446707084099773
    ],
    "test_rmse": [
      -1.9411943083662184,
      -1.9066392387048177,
      -1.867570290726528,
      -1.8871024463232007,
      -2.266676213330044
    ],
    "test_mae": [
      -1.4931443844671228,
      -1.3657774409944494,
      -1.3681093737036443,
      -1.4528458371541424,
      -1.57003248937679
    ]
  },
  "1234567890": {
    "fit_time": [
      5.515422582626343,
      5.683433294296265,
      5.936502456665039,
      5.675578594207764,
      4.8676183223724365
    ],
    "score_time": [
      0.03094649314880371,
      0.030945777893066406,
      0.028776884078979492,
      0.03061819076538086,
      0.028223037719726562
    ],
    "test_r": [
      0.7406279712727775,
      0.7660597704718459,
      0.7918558565295993,
      0.8110506641243451,
      0.7804133829694669
    ],
    "test_r2": [
      0.5320892420968997,
      0.5860608844522046,
      0.6150949355840979,
      0.6524474267257587,
      0.6021350451236649
    ],
    "test_rmse": [
      -2.1109334602585417,
      -2.027998637741075,
      -2.0565704156139484,
      -1.785258729229579,
      -1.7932005407905935
    ],
    "test_mae": [
      -1.5395064984129945,
      -1.4807081566030278,
      -1.5155453646887347,
      -1.3704095749415135,
      -1.3137262331944397
    ]
  },
  "473129": {
    "fit_time": [
      5.770999431610107,
      5.860934257507324,
      5.696467876434326,
      5.871393918991089,
      4.487285137176514
    ],
    "score_time": [
      0.031868696212768555,
      0.030144691467285156,
      0.030658483505249023,
      0.029018402099609375,
      0.028209686279296875
    ],
    "test_r": [
      0.733339375893922,
      0.7604352368117648,
      0.8184209151684015,
      0.8459704892036437,
      0.7027920982122798
    ],
    "test_r2": [
      0.5320277577220693,
      0.5724711759113952,
      0.6658848355764254,
      0.7059691897458764,
      0.4832570114331345
    ],
    "test_rmse": [
      -2.23703855570137,
      -1.9256479024073958,
      -1.8073911080006617,
      -1.6870344423054964,
      -2.1411356778093453
    ],
    "test_mae": [
      -1.65584595391138,
      -1.4599576573910977,
      -1.2867427615794667,
      -1.285803231748542,
      -1.4665832126354803
    ]
  },
  "r_avg": 0.7625353267125746,
  "r_stdev": 0.04406467240249661,
  "r_stderr": 0.01665488068293387,
  "r2_avg": 0.576187612997994,
  "r2_stdev": 0.06677901968945474,
  "r2_stderr": 0.025240096984997566,
  "rmse_avg": 1.9962483880214412,
  "rmse_stdev": 0.16637447544438144,
  "rmse_stderr": 0.06288364093352225,
  "mae_avg": 1.4664293337167678,
  "mae_stdev": 0.1057093771307672,
  "mae_stderr": 0.03995438901936408
}