{
  "6": {
    "fit_time": [
      5.811874151229858,
      5.815974473953247,
      5.717613458633423,
      5.773982763290405,
      4.80577540397644
    ],
    "score_time": [
      0.05157613754272461,
      0.05261421203613281,
      0.054678916931152344,
      0.05364227294921875,
      0.049875497817993164
    ],
    "test_r": [
      0.7477949074176647,
      0.7322184710740184,
      0.7223983172358761,
      0.8238756448941555,
      0.6910217725650262
    ],
    "test_r2": [
      0.5583849070063103,
      0.5280226245239206,
      0.5200353950525602,
      0.6531993703111084,
      0.46883375132000027
    ],
    "test_rmse": [
      -2.157806511225097,
      -2.0771879331112175,
      -2.1702681681799487,
      -2.020455651323143,
      -2.010136043366327
    ],
    "test_mae": [
      -1.6338809188174126,
      -1.4640196782547075,
      -1.551983172823529,
      -1.5148982219537144,
      -1.4938735396852292
    ]
  },
  "13": {
    "fit_time": [
      5.74452805519104,
      5.772810220718384,
      5.5460052490234375,
      6.100507736206055,
      4.819635391235352
    ],
    "score_time": [
      0.05444002151489258,
      0.053331613540649414,
      0.05517148971557617,
      0.0513608455657959,
      0.050184011459350586
    ],
    "test_r": [
      0.7476184388986952,
      0.7400565570784075,
      0.7164752142487162,
      0.824354244311724,
      0.8011851756751165
    ],
    "test_r2": [
      0.5582741821077973,
      0.5268619546993683,
      0.5104684611438985,
      0.659282124617224,
      0.6334037406053937
    ],
    "test_rmse": [
      -1.8346624378590963,
      -2.162508309321504,
      -1.9606359707991787,
      -2.057592121963569,
      -2.0198222381300384
    ],
    "test_mae": [
      -1.385719479046564,
      -1.423722029841447,
      -1.4756370323550985,
      -1.62572699204973,
      -1.482241615899914
    ]
  },
  "42": {
    "fit_time": [
      5.911996126174927,
      5.659739017486572,
      5.724870920181274,
      5.786817789077759,
      4.7938361167907715
    ],
    "score_time": [
      0.05121302604675293,
      0.05447101593017578,
      0.05450797080993652,
      0.05282926559448242,
      0.04992938041687012
    ],
    "test_r": [
      0.7622929461064619,
      0.7649511592171564,
      0.7128759447661397,
      0.7404558192700935,
      0.818596263770915
    ],
    "test_r2": [
      0.5600602125226171,
      0.5794997917061531,
      0.47981110545537686,
      0.5435187176223655,
      0.6687628929544274
    ],
    "test_rmse": [
      -1.7562014114698268,
      -2.1265089608430356,
      -2.4483872642942632,
      -2.116910859025442,
      -1.6851692600585684
    ],
    "test_mae": [
      -1.3870662457343947,
      -1.601186462623965,
      -1.689664237594254,
      -1.5361536786996528,
      -1.2842810121990424
    ]
  },
  "69": {
    "fit_time": [
      5.753453016281128,
      5.908996343612671,
      5.936636447906494,
      5.832501649856567,
      4.785059690475464
    ],
    "score_time": [
      0.05486798286437988,
      0.052982330322265625,
      0.05182170867919922,
      0.05334901809692383,
      0.04998612403869629
    ],
    "test_r": [
      0.6870737975642315,
      0.8083381706632646,
      0.7871788297115224,
      0.8019609705631078,
      0.6331900935115939
    ],
    "test_r2": [
      0.4583360578992497,
      0.6520622834805587,
      0.5990563536009137,
      0.6393589476465058,
      0.37488011995472625
    ],
    "test_rmse": [
      -2.059485153967822,
      -1.9256989092795993,
      -2.224238738227361,
      -1.9458216364508918,
      -2.1555231025478925
    ],
    "test_mae": [
      -1.478704820896597,
      -1.5459035243575208,
      -1.6086818609389941,
      -1.4307877119403813,
      -1.4898399751244549
    ]
  },
  "420": {
    "fit_time": [
      5.7655029296875,
      5.879607677459717,
      5.9786882400512695,
      5.674525499343872,
      4.699616432189941
    ],
    "score_time": [
      0.0536346435546875,
      0.053661346435546875,
      0.05129694938659668,
      0.05517172813415527,
      0.04996943473815918
    ],
    "test_r": [
      0.762400779983325,
      0.8069165811022766,
      0.7603376962956697,
      0.7429229163368343,
      0.763202848441943
    ],
    "test_r2": [
      0.5562125069090281,
      0.6463766801574361,
      0.5763278187538394,
      0.5420891561268846,
      0.5806600791918066
    ],
    "test_rmse": [
      -2.1217143505533773,
      -1.8293555900125054,
      -2.06076029691333,
      -1.8144483358385255,
      -2.215144433364777
    ],
    "test_mae": [
      -1.6194673849108672,
      -1.419571831885842,
      -1.4536309374854879,
      -1.3559641871880315,
      -1.6190185201235523
    ]
  },
  "1234567890": {
    "fit_time": [
      5.757368803024292,
      5.76766562461853,
      5.919843435287476,
      5.715399980545044,
      4.959138631820679
    ],
    "score_time": [
      0.05323505401611328,
      0.05334138870239258,
      0.051216840744018555,
      0.05414414405822754,
      0.04963326454162598
    ],
    "test_r": [
      0.7179483838148423,
      0.7771615316054011,
      0.7983641111387775,
      0.7975538693178054,
      0.759376347781735
    ],
    "test_r2": [
      0.5105474607313936,
      0.6032518021263916,
      0.6117460532886687,
      0.6285746176152621,
      0.5687277819015208
    ],
    "test_rmse": [
      -2.0719690731694556,
      -2.003439815556292,
      -2.034734519666049,
      -1.9297616949376495,
      -2.0044908014237737
    ],
    "test_mae": [
      -1.4864968942272376,
      -1.4778638019814367,
      -1.5072213669866128,
      -1.4044717100305395,
      -1.531705551497417
    ]
  },
  "473129": {
    "fit_time": [
      5.721529245376587,
      5.914337396621704,
      6.0354461669921875,
      5.934699058532715,
      4.692357778549194
    ],
    "score_time": [
      0.05488276481628418,
      0.05452394485473633,
      0.05132889747619629,
      0.053960561752319336,
      0.049912214279174805
    ],
    "test_r": [
      0.6992666629148804,
      0.7808923394347573,
      0.7915805724823665,
      0.8276667164186013,
      0.7281805520459312
    ],
    "test_r2": [
      0.45818722020978675,
      0.6094784340926429,
      0.6151368115532542,
      0.6822962583081649,
      0.5072076690511054
    ],
    "test_rmse": [
      -2.4227972478936284,
      -1.8922947600722964,
      -2.0472822160955384,
      -1.585006996535688,
      -2.2011061317027174
    ],
    "test_mae": [
      -1.7891493035204435,
      -1.3599548478733912,
      -1.583555654681088,
      -1.2439997490121961,
      -1.6404795426378957
    ]
  },
  "r_avg": 0.7593624185045438,
  "r_stdev": 0.04469275502682661,
  "r_stderr": 0.01689227360104501,
  "r2_avg": 0.5676838098356474,
  "r2_stdev": 0.06969884052479465,
  "r2_stderr": 0.02634368552830818,
  "rmse_avg": 2.0328379127194123,
  "rmse_stdev": 0.1774688308179255,
  "rmse_stderr": 0.06707691311566091,
  "mae_avg": 1.5027578141393898,
  "mae_stdev": 0.1131007436789309,
  "mae_stderr": 0.0427480629815588
}