{
  "6": {
    "fit_time": [
      3.2809362411499023,
      3.2115888595581055
    ],
    "score_time": [
      0.08206892013549805,
      1.3903770446777344
    ],
    "test_r": [
      0.7035891297468749,
      0.7407653321582718
    ],
    "test_r2": [
      0.493184489948735,
      0.544422756780518
    ],
    "test_rmse": [
      -2.20346680599021,
      -2.132813569800722
    ],
    "test_mae": [
      -1.6197179476969048,
      -1.598874722823068
    ]
  },
  "r_avg": 0.7221772309525734,
  "r_stdev": 0.018588101205698426,
  "r_stderr": 0.007025641876453987,
  "r2_avg": 0.5188036233646265,
  "r2_stdev": 0.025619133415891504,
  "r2_stderr": 0.009683122260490515,
  "rmse_avg": 2.1681401878954656,
  "rmse_stdev": 0.03532661809474402,
  "rmse_stderr": 0.013352206591378155,
  "mae_avg": 1.6092963352599865,
  "mae_stdev": 0.010421612436918415,
  "mae_stderr": 0.003938999252626277
}