fold,r,r2,rmse,mae
1.0,0.2967820593548425,0.08807959075490124,2.8312670018953723,1.9204063958006272
2.0,0.4559368231105115,0.20787838666810585,1.979049146016695,1.3047344964468868
3.0,0.3323979658792875,0.11048840772068798,2.240212144329869,1.7958086237785957
4.0,0.4618162772464202,0.21327427392974246,2.020897507064638,1.7362242813701922
5.0,0.38029792835654147,0.14462651431227716,2.8246752142851284,1.9163785465484215
