Dataset,num_of_folds,Features,Targets,Model,r_mean,r_std,r2_mean,r2_std,rmse_mean,rmse_std,mae_mean,mae_std,num_of_data,feature_length
OPV_Min,5,DA_mordred_pca,Voc_V,NN,0.6592995189719189,0.048978911065369855,0.40266013868679096,0.062001517937325584,0.08263599376770078,0.009083598066681362,0.05934607762409068,0.005806061183687803,558,256
