{
  "6": {
    "fit_time": [
      3.462723970413208,
      3.4649600982666016,
      3.4504902362823486,
      3.4832499027252197,
      3.4829468727111816
    ],
    "score_time": [
      0.08266496658325195,
      0.08759093284606934,
      0.08662199974060059,
      0.08580183982849121,
      0.08791589736938477
    ],
    "test_r": [
      0.32359002421421557,
      0.48244250291096885,
      0.22442869846938618,
      0.22576482387259866,
      0.17504019036184987
    ],
    "test_r2": [
      0.038360188870862455,
      0.19854905597978678,
      0.021016340780164233,
      -0.022419115429870073,
      -0.008802621605424887
    ],
    "test_rmse": [
      -0.09746062112130631,
      -0.09189182191636622,
      -0.11402690670604321,
      -0.11270909356308356,
      -0.10464153631208636
    ],
    "test_mae": [
      -0.07250350632263122,
      -0.07320563190917502,
      -0.08186881130011318,
      -0.07799315920020573,
      -0.0741722576599909
    ]
  },
  "13": {
    "fit_time": [
      3.936030864715576,
      4.0181639194488525,
      4.005321025848389,
      4.0043182373046875,
      3.9335439205169678
    ],
    "score_time": [
      0.11178302764892578,
      0.10164713859558105,
      0.10012102127075195,
      0.10370588302612305,
      0.11722683906555176
    ],
    "test_r": [
      0.377323506095231,
      0.2966725793569439,
      0.4438917661085121,
      0.2558301094509674,
      0.3436970465354769
    ],
    "test_r2": [
      0.11297931616518864,
      0.0706520498895139,
      0.16978493755231716,
      0.015055179185688883,
      0.0895247294961794
    ],
    "test_rmse": [
      -0.10177603652792201,
      -0.09769250184014887,
      -0.0992422436815621,
      -0.09984695566151636,
      -0.11409996998614826
    ],
    "test_mae": [
      -0.07681901088889741,
      -0.0732709565589935,
      -0.0776035634375732,
      -0.0695625669771405,
      -0.07837621519291879
    ]
  },
  "42": {
    "fit_time": [
      3.533540725708008,
      3.5221610069274902,
      3.505620002746582,
      3.5057599544525146,
      3.5008959770202637
    ],
    "score_time": [
      0.08508706092834473,
      0.0865931510925293,
      0.08740901947021484,
      0.0881199836730957,
      0.08474302291870117
    ],
    "test_r": [
      0.33640509377273525,
      0.35676072256931374,
      0.4043826680319012,
      0.3888046003793224,
      0.34578552643974125
    ],
    "test_r2": [
      0.08709168487316488,
      0.10574504975158716,
      0.15118662034161978,
      0.13511304602034668,
      0.11569136570251459
    ],
    "test_rmse": [
      -0.09804919755878459,
      -0.10939610709433975,
      -0.10017684692251001,
      -0.0926196484096404,
      -0.10623365509512012
    ],
    "test_mae": [
      -0.07104030763352011,
      -0.0768916957447096,
      -0.07959997162966731,
      -0.06572383692012299,
      -0.0798764791532182
    ]
  },
  "69": {
    "fit_time": [
      3.507266044616699,
      3.474216938018799,
      3.552028179168701,
      3.528184175491333,
      3.4906718730926514
    ],
    "score_time": [
      0.0856318473815918,
      0.08668279647827148,
      0.08662772178649902,
      0.08624982833862305,
      0.08733797073364258
    ],
    "test_r": [
      0.3696575664259395,
      0.44409358465767196,
      0.2507494626484829,
      0.41463201734688,
      0.2531453140896614
    ],
    "test_r2": [
      0.1183530849029264,
      0.18829055918897675,
      -0.038976119023340194,
      0.137383825705657,
      0.05311853177377879
    ],
    "test_rmse": [
      -0.0956815674496157,
      -0.10295375726013087,
      -0.11071548951465048,
      -0.10351673122252215,
      -0.10072822906635769
    ],
    "test_mae": [
      -0.06880978783357344,
      -0.08156676458684549,
      -0.08017571248209988,
      -0.07092095363440416,
      -0.07751713083263478
    ]
  },
  "420": {
    "fit_time": [
      3.478692054748535,
      3.5104482173919678,
      3.5113680362701416,
      3.4735910892486572,
      3.4848949909210205
    ],
    "score_time": [
      0.0963127613067627,
      0.09303712844848633,
      0.08774900436401367,
      0.09291887283325195,
      0.08804869651794434
    ],
    "test_r": [
      0.4004342043750894,
      0.41774382848379893,
      0.29866412056427966,
      0.32920216643183126,
      0.4328765882922498
    ],
    "test_r2": [
      0.1590344399837732,
      0.16066615836113574,
      0.07915451448296607,
      0.07517427882328431,
      0.1785398445877311
    ],
    "test_rmse": [
      -0.08847640571663162,
      -0.10327503799981433,
      -0.09237089755729083,
      -0.10502782697002025,
      -0.11182037900298152
    ],
    "test_mae": [
      -0.06748816112400696,
      -0.07198144541322439,
      -0.06953608077516013,
      -0.0753414981159634,
      -0.08423794294497418
    ]
  },
  "1234567890": {
    "fit_time": [
      3.352450132369995,
      3.38862681388855,
      3.4096152782440186,
      3.4576902389526367,
      3.4042789936065674
    ],
    "score_time": [
      0.08401775360107422,
      0.08576416969299316,
      0.0885627269744873,
      0.08624482154846191,
      0.08936619758605957
    ],
    "test_r": [
      0.2558504601280637,
      0.3767571991049926,
      0.35867974895657967,
      0.45229317596776075,
      0.36835980135981367
    ],
    "test_r2": [
      0.04487143675638394,
      0.1388492208373715,
      0.11194985321415685,
      0.17736048955815198,
      0.13266740810149458
    ],
    "test_rmse": [
      -0.09789226053197934,
      -0.09671513227035622,
      -0.11495732484230942,
      -0.09482642877751551,
      -0.10147121571999398
    ],
    "test_mae": [
      -0.07489862915742634,
      -0.07314008943037233,
      -0.08048356007501188,
      -0.07094594744869111,
      -0.07150786578012934
    ]
  },
  "473129": {
    "fit_time": [
      3.4350907802581787,
      3.4771249294281006,
      3.4560089111328125,
      3.4404489994049072,
      3.4487829208374023
    ],
    "score_time": [
      0.08550500869750977,
      0.08408188819885254,
      0.08820700645446777,
      0.08548283576965332,
      0.08655691146850586
    ],
    "test_r": [
      0.3758756588032931,
      0.40235380689933176,
      0.45871794316981007,
      0.27456656528645523,
      0.2854709152266139
    ],
    "test_r2": [
      0.12751707868742068,
      0.12365190513277535,
      0.19196844816737935,
      0.01778613852812505,
      0.0642662863678013
    ],
    "test_rmse": [
      -0.09514527379159432,
      -0.100677762142681,
      -0.1043390965118756,
      -0.10436722444557829,
      -0.1018653508562892
    ],
    "test_mae": [
      -0.07241873398663974,
      -0.07827644348101487,
      -0.07493378388033334,
      -0.07655864898742024,
      -0.07194634006331718
    ]
  },
  "r_avg": 0.3485983996225076,
  "r_stdev": 0.07583201231780327,
  "r_stderr": 0.02866180657292774,
  "r2_avg": 0.10060443462033113,
  "r2_stdev": 0.06303419792863914,
  "r2_stderr": 0.023824687401657413,
  "rmse_avg": -0.10190532954419333,
  "rmse_stdev": 0.006704786690994967,
  "rmse_stderr": 0.002534171168301193,
  "mae_avg": -0.07489124258748917,
  "mae_stdev": 0.004386761710098566,
  "mae_stderr": 0.0016580400779744608
}