{
  "6": {
    "fit_time": [
      2.934065341949463,
      2.962294340133667,
      2.9402432441711426,
      2.9167439937591553,
      2.6586833000183105
    ],
    "score_time": [
      0.07115960121154785,
      0.06962251663208008,
      0.06897497177124023,
      0.07020807266235352,
      0.06872773170471191
    ],
    "test_r": [
      0.3125093286567199,
      0.3376631163968844,
      0.20578836337289602,
      0.19611224830543464,
      0.15398710871181273
    ],
    "test_r2": [
      0.07862941654917999,
      0.10892919341615004,
      0.007120095801987469,
      -0.036978534573898436,
      -0.056570827041984684
    ],
    "test_rmse": [
      -0.10106290656798642,
      -0.10967657829454779,
      -0.10862610385562234,
      -0.10848943063294315,
      -0.10117888600290127
    ],
    "test_mae": [
      -0.07673841846223138,
      -0.08122998373094875,
      -0.0761982738535816,
      -0.07624601454835578,
      -0.07386145507390127
    ]
  },
  "13": {
    "fit_time": [
      2.9264819622039795,
      2.9258909225463867,
      2.9451847076416016,
      2.939030170440674,
      2.6915807723999023
    ],
    "score_time": [
      0.07020926475524902,
      0.07012176513671875,
      0.06954455375671387,
      0.06956315040588379,
      0.06831574440002441
    ],
    "test_r": [
      0.19450858064976684,
      0.2540357365222835,
      0.4570425662060623,
      0.4275027807614644,
      0.22171592234048135
    ],
    "test_r2": [
      -0.03576941379021692,
      0.02524368233840668,
      0.1893819256663135,
      0.18177509378262124,
      0.03683640646164743
    ],
    "test_rmse": [
      -0.11040540992139569,
      -0.10685294379852525,
      -0.09178966715686458,
      -0.09155722781106576,
      -0.1152324286547079
    ],
    "test_mae": [
      -0.08026292598079238,
      -0.07779273388386572,
      -0.07264816708266586,
      -0.0667233115108735,
      -0.08288347944128452
    ]
  },
  "42": {
    "fit_time": [
      2.946357250213623,
      2.9322729110717773,
      2.9313161373138428,
      2.9185092449188232,
      2.668375015258789
    ],
    "score_time": [
      0.06901121139526367,
      0.07021379470825195,
      0.07053232192993164,
      0.06971335411071777,
      0.06891560554504395
    ],
    "test_r": [
      0.3950700997490747,
      0.22318711376002226,
      0.2804354502127312,
      0.46780925168472787,
      0.24553765146261844
    ],
    "test_r2": [
      0.14785890785684497,
      0.009855981257495539,
      0.0655990783322925,
      0.15780661957157516,
      0.021799294969677807
    ],
    "test_rmse": [
      -0.08861598274817152,
      -0.12667938702011874,
      -0.10269831161389605,
      -0.09273375982412269,
      -0.10281715332893504
    ],
    "test_mae": [
      -0.06532829130432713,
      -0.08984615618743941,
      -0.07525596096782511,
      -0.0657611322274547,
      -0.07767564266142328
    ]
  },
  "69": {
    "fit_time": [
      2.9025356769561768,
      2.9300668239593506,
      2.928692102432251,
      2.942082643508911,
      2.687251329421997
    ],
    "score_time": [
      0.06994199752807617,
      0.06953620910644531,
      0.07028675079345703,
      0.07064676284790039,
      0.06925511360168457
    ],
    "test_r": [
      0.24177891481841268,
      0.3497725609644251,
      0.1483868958026892,
      0.41843422053985896,
      0.21118097389089074
    ],
    "test_r2": [
      0.03401466965288913,
      0.12073374157573291,
      -0.04222140735257973,
      0.165467702661237,
      -0.0042981071202345955
    ],
    "test_rmse": [
      -0.09860219586868839,
      -0.11101586267619752,
      -0.11896190996585816,
      -0.0968173795448834,
      -0.09458432064906029
    ],
    "test_mae": [
      -0.0707444075884528,
      -0.08477310400929688,
      -0.08249457125879782,
      -0.06971486082923181,
      -0.0710545226582867
    ]
  },
  "420": {
    "fit_time": [
      2.950666666030884,
      2.9295766353607178,
      2.9549098014831543,
      2.943929433822632,
      2.693402051925659
    ],
    "score_time": [
      0.06985282897949219,
      0.07050704956054688,
      0.07003545761108398,
      0.0758974552154541,
      0.06886744499206543
    ],
    "test_r": [
      0.286751324408051,
      0.23104815150819982,
      0.38409636510552964,
      0.3056774180255798,
      0.3329909655066533
    ],
    "test_r2": [
      0.042617306389302057,
      0.017948576362854074,
      0.12361499615950466,
      0.07044903521120305,
      0.09372645354243347
    ],
    "test_rmse": [
      -0.10670613296701288,
      -0.10680817193316497,
      -0.0875275766655726,
      -0.10130343769718751,
      -0.1127784501891165
    ],
    "test_mae": [
      -0.0757890769227775,
      -0.07473388750657214,
      -0.06714476094593007,
      -0.07449559065701185,
      -0.08423805626916218
    ]
  },
  "1234567890": {
    "fit_time": [
      2.931387186050415,
      2.9536893367767334,
      2.9560048580169678,
      2.942356824874878,
      2.6841514110565186
    ],
    "score_time": [
      0.06912970542907715,
      0.07059359550476074,
      0.07074761390686035,
      0.06982660293579102,
      0.06835436820983887
    ],
    "test_r": [
      0.27108290423681464,
      0.3475117646713315,
      0.3239066450763424,
      0.3895250656549623,
      0.28796036821062854
    ],
    "test_r2": [
      0.039545560494254506,
      0.09553901301040957,
      0.09505438849438297,
      0.12143101783650811,
      0.04699075538900921
    ],
    "test_rmse": [
      -0.09177299071237957,
      -0.10065259616172277,
      -0.11423028106935483,
      -0.09696595360648501,
      -0.11108828877724537
    ],
    "test_mae": [
      -0.07020740653800372,
      -0.07147135186189203,
      -0.08577178830875376,
      -0.0709102476888808,
      -0.07968174125586969
    ]
  },
  "473129": {
    "fit_time": [
      2.942730188369751,
      2.8936960697174072,
      2.963813066482544,
      2.9628195762634277,
      2.643289566040039
    ],
    "score_time": [
      0.07023739814758301,
      0.06948184967041016,
      0.06997871398925781,
      0.07095217704772949,
      0.06812572479248047
    ],
    "test_r": [
      0.17478525096323777,
      0.426931829137874,
      0.4551447753178249,
      0.20746898044485607,
      0.20008450245045442
    ],
    "test_r2": [
      -0.03703712831388839,
      0.17562453613611861,
      0.19572328756261614,
      -0.03995695123084353,
      0.012050215811074683
    ],
    "test_rmse": [
      -0.12055682968946918,
      -0.08138893921417545,
      -0.09406766547812999,
      -0.10261706973573621,
      -0.11986229629194921
    ],
    "test_mae": [
      -0.08538356387502971,
      -0.06364058215682586,
      -0.07093857474166146,
      -0.07652102478524793,
      -0.08606630303306549
    ]
  },
  "r_avg": 0.2962121484436457,
  "r_stdev": 0.09241510546865313,
  "r_stderr": 0.03492962663655163,
  "r2_avg": 0.06367241665343075,
  "r2_stdev": 0.07360495364904514,
  "r2_stderr": 0.027820057516829942,
  "rmse_avg": 0.1036207007464341,
  "rmse_stdev": 0.010367006887559635,
  "rmse_stderr": 0.003918360294939506,
  "mae_avg": 0.07583506770879202,
  "mae_stdev": 0.006610457110402242,
  "mae_stderr": 0.0024985179380832825
}