{
  "6": {
    "fit_time": [
      0.015503883361816406,
      0.01540517807006836
    ],
    "score_time": [
      0.021959781646728516,
      0.0213010311126709
    ],
    "test_r": [
      0.0804277557078117,
      0.04314437803454745
    ],
    "test_r2": [
      -0.07340886655231516,
      -0.06999839683925324
    ],
    "test_rmse": [
      -0.11512263004680467,
      -0.1072631366971821
    ],
    "test_mae": [
      -0.08590986060131117,
      -0.07540248457297706
    ]
  },
  "r_avg": 0.061786066871179574,
  "r_stdev": 0.018641688836632125,
  "r_stderr": 0.007045896097139655,
  "r2_avg": -0.0717036316957842,
  "r2_stdev": 0.0017052348565309572,
  "r2_stderr": 0.0006445181939056884,
  "rmse_avg": 0.11119288337199339,
  "rmse_stdev": 0.003929746674811288,
  "rmse_stderr": 0.0014853046310048113,
  "mae_avg": 0.08065617258714411,
  "mae_stdev": 0.005253688014167056,
  "mae_stderr": 0.001985707421629545
}