{
  "6": {
    "fit_time": [
      0.020498037338256836,
      0.01987624168395996,
      0.019844770431518555,
      0.020048141479492188,
      0.021809816360473633
    ],
    "score_time": [
      0.015460014343261719,
      0.014636993408203125,
      0.014895200729370117,
      0.013297796249389648,
      0.011872053146362305
    ],
    "test_r": [
      0.34464210457958494,
      0.36635413160655284,
      0.13866074982333856,
      0.4510022896254375,
      0.13793622833595517
    ],
    "test_r2": [
      0.04525016500738743,
      0.12067614962122408,
      -0.04545749704470814,
      0.08906257609934454,
      -0.02970787576487699
    ],
    "test_rmse": [
      -0.097110849579574,
      -0.0962526768422094,
      -0.11783459468366039,
      -0.10638704571531618,
      -0.10572021151126369
    ],
    "test_mae": [
      -0.07279627811007726,
      -0.07591220635259247,
      -0.08437352843273668,
      -0.07572233535945253,
      -0.07523026546370841
    ]
  },
  "13": {
    "fit_time": [
      0.02052903175354004,
      0.0217440128326416,
      0.02100396156311035,
      0.021875858306884766,
      0.021704912185668945
    ],
    "score_time": [
      0.014401912689208984,
      0.014088869094848633,
      0.014562129974365234,
      0.01455998420715332,
      0.01444697380065918
    ],
    "test_r": [
      0.2911726123371013,
      0.27752283129829985,
      0.34868824917261876,
      0.24993016208527877,
      0.4700550070075189
    ],
    "test_r2": [
      0.05688493713260301,
      0.056495796711112156,
      0.10376842394263619,
      0.025926120293716992,
      0.14428495622829018
    ],
    "test_rmse": [
      -0.10494481860587901,
      -0.09843373823780079,
      -0.10311251755167496,
      -0.09929441606867914,
      -0.11061551267924724
    ],
    "test_mae": [
      -0.07903979140604363,
      -0.0740891764811615,
      -0.07970947223530436,
      -0.06479118785233429,
      -0.07786441957602118
    ]
  },
  "42": {
    "fit_time": [
      0.031132936477661133,
      0.033351898193359375,
      0.03225398063659668,
      0.0331568717956543,
      0.03456401824951172
    ],
    "score_time": [
      0.02011704444885254,
      0.01813197135925293,
      0.017745018005371094,
      0.018258094787597656,
      0.016011953353881836
    ],
    "test_r": [
      0.2910530809771161,
      0.34842485842421245,
      0.24953564114252766,
      0.42004832347301774,
      0.3614736184948521
    ],
    "test_r2": [
      0.02949776515837188,
      0.09427369541241626,
      0.06024572455550592,
      0.159904071679269,
      0.1213951737184118
    ],
    "test_rmse": [
      -0.10109478016684577,
      -0.1100955287937899,
      -0.10540674561538844,
      -0.09128257756575282,
      -0.10589049627637814
    ],
    "test_mae": [
      -0.07168685989877739,
      -0.07987818967170003,
      -0.08258619850115749,
      -0.06567119882343503,
      -0.07947125446565773
    ]
  },
  "69": {
    "fit_time": [
      0.03198885917663574,
      0.03192615509033203,
      0.03114795684814453,
      0.03049302101135254,
      0.028818130493164062
    ],
    "score_time": [
      0.01117706298828125,
      0.011667966842651367,
      0.011191129684448242,
      0.011819124221801758,
      0.011572122573852539
    ],
    "test_r": [
      0.38469471399661426,
      0.3675891649473622,
      0.1670932746768111,
      0.43441925817487287,
      0.1210391758794749
    ],
    "test_r2": [
      0.13303226412195535,
      0.11150802398385773,
      -0.035402157312540705,
      0.1498533809953735,
      -0.0159133511714471
    ],
    "test_rmse": [
      -0.09488168810970664,
      -0.10771313272846489,
      -0.11052490101870123,
      -0.10276581413685079,
      -0.10433540928906797
    ],
    "test_mae": [
      -0.07014533349526915,
      -0.0829941828750381,
      -0.07875609788059144,
      -0.07162965634089573,
      -0.07927360659784319
    ]
  },
  "420": {
    "fit_time": [
      0.02219080924987793,
      0.023913860321044922,
      0.022495031356811523,
      0.023627042770385742,
      0.02303910255432129
    ],
    "score_time": [
      0.011840105056762695,
      0.011153936386108398,
      0.011669397354125977,
      0.011175155639648438,
      0.010648965835571289
    ],
    "test_r": [
      0.3664425299151245,
      0.40382757598453933,
      0.23119382545558742,
      0.29109877299709047,
      0.3727258370528497
    ],
    "test_r2": [
      0.13224758755405275,
      0.1402893889134328,
      -0.008390568226106065,
      0.05461707537497318,
      0.1261555675466579
    ],
    "test_rmse": [
      -0.08987445732116747,
      -0.10452114050216145,
      -0.09666208740916413,
      -0.10618870073209767,
      -0.11533065809553739
    ],
    "test_mae": [
      -0.0708938915662005,
      -0.0731281154584426,
      -0.07502953870985216,
      -0.07540895607638985,
      -0.0866414029203354
    ]
  },
  "1234567890": {
    "fit_time": [
      0.026112079620361328,
      0.028496265411376953,
      0.028547048568725586,
      0.02724289894104004,
      0.028174877166748047
    ],
    "score_time": [
      0.01657271385192871,
      0.015115976333618164,
      0.015782833099365234,
      0.015604019165039062,
      0.014325857162475586
    ],
    "test_r": [
      0.31594253996519983,
      0.35403598201533915,
      0.3100899288527183,
      0.22316215472876877,
      0.37590751860148097
    ],
    "test_r2": [
      0.09927946139967758,
      0.12089548433803243,
      0.07270226143614944,
      0.04924720408786343,
      0.13068357128426844
    ],
    "test_rmse": [
      -0.09506320973756707,
      -0.09771811620348901,
      -0.11747014476580922,
      -0.10194323674174433,
      -0.10158719623197832
    ],
    "test_mae": [
      -0.07326022658425388,
      -0.07357531348952791,
      -0.08395659508512103,
      -0.07595965303813454,
      -0.07311499246740952
    ]
  },
  "473129": {
    "fit_time": [
      0.020926952362060547,
      0.02161884307861328,
      0.019700050354003906,
      0.022556066513061523,
      0.021879911422729492
    ],
    "score_time": [
      0.014443159103393555,
      0.01338505744934082,
      0.012686967849731445,
      0.014091014862060547,
      0.013885974884033203
    ],
    "test_r": [
      0.3625693271116801,
      0.33513564109899774,
      0.33955725844085805,
      0.22929804462634795,
      0.2865559031502137
    ],
    "test_r2": [
      0.12818326814707404,
      0.05815367418787443,
      0.11110191271444947,
      -0.048069209541285574,
      0.07396743626789648
    ],
    "test_rmse": [
      -0.09510894248867499,
      -0.10437230003403845,
      -0.10943566919591124,
      -0.10780926512568917,
      -0.10133593437341254
    ],
    "test_mae": [
      -0.07464227516995212,
      -0.07992493217123509,
      -0.07774687017159866,
      -0.07790893776770827,
      -0.07244021172733027
    ]
  },
  "r_avg": 0.3148250947444384,
  "r_stdev": 0.08668100251476327,
  "r_stderr": 0.032762339435404,
  "r2_avg": 0.07476121311008325,
  "r2_stdev": 0.059445074011886014,
  "r2_stderr": 0.022468126071897004,
  "rmse_avg": -0.10337481468956267,
  "rmse_stdev": 0.006707008388699354,
  "rmse_stderr": 0.0025350108911032176,
  "mae_avg": -0.07615009006352254,
  "mae_stdev": 0.00484880558903137,
  "mae_stderr": 0.0018326762491824374
}