fold,r,r2,rmse,mae
1.0,0.5539235044398813,0.29740188790203537,2.8488563647435057,2.178264353637931
2.0,0.49430875945361463,0.2109438603218351,2.3940096816238245,1.8275322465869128
3.0,0.552704172381652,0.2989186624759643,2.7069458970484557,2.1276182941888497
4.0,0.5265788740473051,0.23948406889393659,2.5615593261062406,2.0197025442101633
5.0,0.6724751389399493,0.4439423756711405,2.265492407508118,1.7090434678294368
