Dataset,num_of_folds,Features,Targets,Model,r_mean,r_std,r2_mean,r2_std,rmse_mean,rmse_std,mae_mean,mae_std,num_of_data
OPV_Min,5,DA_BigSMILES,calc_PCE_percent,SVM,0.5599980898524805,0.06028784372444469,0.29813817105298235,0.08037806776482884,2.5553727354060287,0.20938671283154028,1.972432181290659,0.17835565899409886,553
