fold,r,r2,rmse,mae
1.0,0.3633453698414258,-3.388644175408521,7.12003697882021,5.92236623253982
2.0,0.19703695453241324,-8.196474865977116,8.173021564614224,7.151642431060419
3.0,0.21032592761131655,-5.045548920851594,7.949013643431295,6.966449631710822
4.0,0.21892173386202898,-7.497212689207368,8.562261848354941,7.782807309085336
5.0,0.23330941436663896,-5.188809911949278,7.557989476738172,6.388770900811692
