fold,r,r2,rmse,mae
1.0,0.44922200133157875,0.10938130076021024,3.20747270030123,2.401624101633507
2.0,0.5054262409108888,0.17804950198874336,2.4434011961666604,1.9070932737527804
3.0,2.4975383130853547e-16,-0.011600347202889827,3.251620533050018,2.5983412256954344
4.0,-6.624823520723578e-16,-0.040764410254489514,2.9965841431004057,2.4049726199130923
5.0,0.5610017684642654,0.22399021555062903,2.676309339621842,2.029158899358779
