r,r2,spearman,mse,rmse
0.6196804730899135,0.3635399398664595,0.4694547427219736,4.5256686748784345,2.1273619050078043
0.6993779141407721,0.44075371778918815,0.7213449793442289,6.307732755079848,2.5115200088949816
0.44882118506913327,0.13542630991692428,0.4458263221843692,7.663713591359355,2.7683413068766205
0.5378178909685527,0.2443966039698201,0.4648453696731609,7.330400392173292,2.7074712172381985
0.6251672415389712,0.37100112102487937,0.5843768923681316,5.712653811137619,2.3901158572624923
