rmse,r,r2,spearman,mse,mae
2.5471044932140217,0.4387462695286848,0.11828552128798975,0.4071421207337237,6.487741299351058,2.039077939002684
2.8634209342432975,0.5169423189142296,0.262977247279492,0.4970274527401856,8.19917944666276,2.38556460493022
2.868893572050372,0.3815702016164811,0.08023670207470279,0.3926832853722873,8.230550327751942,2.078648708071815
2.6463904309552593,0.559439180688007,0.2782229205385103,0.47643521148833684,7.003382313051564,1.994675698615517
2.506470199777134,0.5663417116362167,0.3140462859861114,0.5041578849404407,6.282392862370828,2.0126811976616907
