r,r2,spearman,mse,rmse
0.7407356440553684,0.5069778565239864,0.6186509428208795,3.505726502887682,1.872358540154017
0.7755430190810287,0.5557891848840406,0.7848009127214518,5.010248896807345,2.238358527315797
0.5121281019155953,0.22286526418738517,0.526770278960121,6.8886413945670295,2.6246221431983368
0.7089728615040961,0.4906610017410885,0.6953953012664671,4.94129436313401,2.222902238771199
0.6873162111437239,0.44536388960643447,0.6274404017821033,5.0372810327396165,2.2443887882315794
