{
  "6": {
    "fit_time": [
      5.509169340133667,
      5.634138107299805,
      5.66537880897522,
      5.634138107299805,
      2.5150246620178223
    ],
    "score_time": [
      0.07811236381530762,
      0.06248283386230469,
      0.04686331748962402,
      0.06248283386230469,
      0.031245708465576172
    ],
    "test_r": [
      0.7471443385927137,
      0.7303970144143912,
      0.8059408509962676,
      0.6644602251656273,
      0.7218890867742136
    ],
    "test_r2": [
      0.5533263695609135,
      0.5293683910386754,
      0.6455706688985965,
      0.3924275464461793,
      0.50707981381716
    ],
    "test_rmse": [
      -2.9266280104920965,
      -3.640902040747993,
      -2.7799511303230333,
      -3.6778343622762395,
      -3.2010021286526538
    ],
    "test_mae": [
      -1.997726893595287,
      -2.490861502374922,
      -2.1063041496276855,
      -2.482956787814965,
      -2.260730542787561
    ]
  },
  "13": {
    "fit_time": [
      5.826762437820435,
      5.811145782470703,
      5.873622894287109,
      5.920488595962524,
      2.5463271141052246
    ],
    "score_time": [
      0.07812309265136719,
      0.06247711181640625,
      0.0624847412109375,
      0.04686260223388672,
      0.015606403350830078
    ],
    "test_r": [
      0.686732042170665,
      0.7821517064066535,
      0.7516348478304593,
      0.7420881988330532,
      0.7086575740962527
    ],
    "test_r2": [
      0.44653505982625386,
      0.6050150255017122,
      0.5328283832813324,
      0.537874996222176,
      0.4898231701223994
    ],
    "test_rmse": [
      -3.6287994809101516,
      -3.1580230259362465,
      -3.095981035035858,
      -3.1343421127258777,
      -3.2642970968405907
    ],
    "test_mae": [
      -2.6256702532938547,
      -2.2282622635098437,
      -2.2211185312005024,
      -2.0104808943121286,
      -2.1727099485923578
    ]
  },
  "42": {
    "fit_time": [
      6.045447111129761,
      6.061064004898071,
      6.076700687408447,
      6.0923237800598145,
      2.483790874481201
    ],
    "score_time": [
      0.062482357025146484,
      0.06248617172241211,
      0.062485694885253906,
      0.0624847412109375,
      0.03124260902404785
    ],
    "test_r": [
      0.7876599229280359,
      0.8138764130776606,
      0.7093263426695299,
      0.6618436578848578,
      0.6951427066650191
    ],
    "test_r2": [
      0.6173244021083027,
      0.6573704486809842,
      0.46930020001607464,
      0.3545784974989793,
      0.47416719386669093
    ],
    "test_rmse": [
      -2.894243549730138,
      -2.4007118551625855,
      -3.999815439491605,
      -3.6465173232154444,
      -3.3620183437544195
    ],
    "test_mae": [
      -2.174896368214062,
      -1.7684133761269705,
      -2.763794061456408,
      -2.256070329047538,
      -2.3011016723701547
    ]
  },
  "69": {
    "fit_time": [
      5.055204153060913,
      5.2582807540893555,
      5.195798873901367,
      5.195798873901367,
      3.150092840194702
    ],
    "score_time": [
      0.062485694885253906,
      0.04686427116394043,
      0.046863555908203125,
      0.06249070167541504,
      0.031235456466674805
    ],
    "test_r": [
      0.7258708473980262,
      0.791283250756758,
      0.7704782516500353,
      0.7540827829873431,
      0.717351878564955
    ],
    "test_r2": [
      0.5258442300493361,
      0.6192294526592328,
      0.5897168887100581,
      0.5595427325214928,
      0.48746448055372193
    ],
    "test_rmse": [
      -3.0918006348549794,
      -3.045316988590281,
      -2.9519890240364166,
      -3.252776402389358,
      -3.379220813613565
    ],
    "test_mae": [
      -2.2342417890684945,
      -2.2420866848155856,
      -1.974806464931795,
      -2.1350101824923673,
      -2.37235229858407
    ]
  },
  "420": {
    "fit_time": [
      5.1237969398498535,
      5.061312913894653,
      5.108175277709961,
      5.155041456222534,
      2.452587366104126
    ],
    "score_time": [
      0.062485694885253906,
      0.062484025955200195,
      0.062485694885253906,
      0.04686474800109863,
      0.031236886978149414
    ],
    "test_r": [
      0.7233556617566246,
      0.628896461896884,
      0.8291579930797564,
      0.7949960430053695,
      0.7040637137905134
    ],
    "test_r2": [
      0.49583127205318145,
      0.3477165562727631,
      0.6856500425443756,
      0.6262266971777084,
      0.4885219025724561
    ],
    "test_rmse": [
      -3.312352529504209,
      -3.6224259610755247,
      -2.4476317684428057,
      -3.1397970829444133,
      -3.542606894799479
    ],
    "test_mae": [
      -2.4009487417766024,
      -2.601764694792884,
      -1.8997403499484062,
      -2.1391376120174246,
      -2.2299969265912027
    ]
  },
  "1234567890": {
    "fit_time": [
      5.47768497467041,
      5.524547576904297,
      5.555788993835449,
      5.571410417556763,
      2.4525845050811768
    ],
    "score_time": [
      0.0624852180480957,
      0.062487125396728516,
      0.0624849796295166,
      0.046863555908203125,
      0.03124690055847168
    ],
    "test_r": [
      0.7675158342156508,
      0.8273518401094997,
      0.6768185587211195,
      0.7416782855186924,
      0.752154820193223
    ],
    "test_r2": [
      0.582699570119301,
      0.6818336639710113,
      0.4345545355781061,
      0.5482226328580532,
      0.53937377225391
    ],
    "test_rmse": [
      -2.9422434195049987,
      -2.747663794615301,
      -3.9781015555354378,
      -3.1191766917906794,
      -2.8753855190802535
    ],
    "test_mae": [
      -2.2144163636650354,
      -1.9835297560957927,
      -2.6941242647783032,
      -2.1859644733463317,
      -2.0045186931163337
    ]
  },
  "473129": {
    "fit_time": [
      4.998795509338379,
      4.9363439083099365,
      4.9832093715667725,
      5.030071496963501,
      2.42134165763855
    ],
    "score_time": [
      0.062486886978149414,
      0.06248593330383301,
      0.046862125396728516,
      0.04686594009399414,
      0.03120708465576172
    ],
    "test_r": [
      0.7437290459413488,
      0.7507099117057799,
      0.7601708019864178,
      0.6987773859808573,
      0.7490146555200914
    ],
    "test_r2": [
      0.5195766776514221,
      0.525363803569397,
      0.5639617344168293,
      0.4817503642794686,
      0.5607723946414525
    ],
    "test_rmse": [
      -3.4549098227244857,
      -3.1761536266212076,
      -3.166176356529871,
      -3.618228649090594,
      -2.6623101943667984
    ],
    "test_mae": [
      -2.407935091214521,
      -2.314310769012996,
      -2.2066804326432092,
      -2.399267947249584,
      -1.9056163408090403
    ]
  },
  "r_avg": 0.7404686558081243,
  "r_stdev": 0.046979299218405164,
  "r_stderr": 0.017756506071427307,
  "r2_avg": 0.5336126734668488,
  "r2_stdev": 0.08147653646740799,
  "r2_stderr": 0.030795236168520944,
  "rmse_avg": -3.209638133297303,
  "rmse_stdev": 0.3780593497293198,
  "rmse_stderr": 0.1428930028866535,
  "mae_avg": -2.240215641464978,
  "mae_stdev": 0.2264738158416634,
  "mae_stderr": 0.08559905645498309
}