{
  "6": {
    "fit_time": [
      0.0193941593170166,
      0.018949270248413086,
      0.017499923706054688,
      0.01752185821533203,
      0.017381906509399414
    ],
    "score_time": [
      0.012879133224487305,
      0.011967897415161133,
      0.01503896713256836,
      0.014147043228149414,
      0.01334691047668457
    ],
    "test_r": [
      NaN,
      NaN,
      NaN,
      NaN,
      NaN
    ],
    "test_r2": [
      -0.023609960694529253,
      -0.033877967738358716,
      -0.024404287699024918,
      -0.04484450102895443,
      -0.05706563286730959
    ],
    "test_rmse": [
      -4.4303661407612465,
      -5.396387012560124,
      -4.7261557275870665,
      -4.823018848274472,
      -4.687579407083263
    ],
    "test_mae": [
      -3.1779769599322125,
      -4.03234503134035,
      -3.55676474104497,
      -3.5456756756756755,
      -3.4571125585630886
    ]
  },
  "13": {
    "fit_time": [
      0.019708871841430664,
      0.02012801170349121,
      0.019939184188842773,
      0.019795894622802734,
      0.019615888595581055
    ],
    "score_time": [
      0.009392261505126953,
      0.009473085403442383,
      0.009436845779418945,
      0.009383916854858398,
      0.009245157241821289
    ],
    "test_r": [
      NaN,
      NaN,
      NaN,
      NaN,
      NaN
    ],
    "test_r2": [
      -0.08255963376936615,
      -0.044516464071127304,
      -0.0032351293192565134,
      -0.03361275782534934,
      -0.032773433171983335
    ],
    "test_rmse": [
      -5.075090928255769,
      -5.13549900768464,
      -4.536923251696405,
      -4.687546564333286,
      -4.644423803142243
    ],
    "test_mae": [
      -3.5975846148357076,
      -3.804784264119807,
      -3.3729008384156596,
      -3.5296396396396394,
      -3.4627438968605966
    ]
  },
  "42": {
    "fit_time": [
      0.016740798950195312,
      0.016924142837524414,
      0.01678609848022461,
      0.016814231872558594,
      0.017829179763793945
    ],
    "score_time": [
      0.010627985000610352,
      0.011183977127075195,
      0.012188911437988281,
      0.012447834014892578,
      0.011096954345703125
    ],
    "test_r": [
      NaN,
      NaN,
      NaN,
      NaN,
      NaN
    ],
    "test_r2": [
      -0.024916418693969655,
      -0.001121769684538254,
      -0.08252448383154487,
      -0.10364606190979941,
      -0.034796517560969464
    ],
    "test_rmse": [
      -4.736569504784042,
      -4.103657259297578,
      -5.712607087392559,
      -4.768386777599361,
      -4.716324940839003
    ],
    "test_mae": [
      -3.479659712148237,
      -3.226116071428571,
      -4.121592399325356,
      -3.5595348233524042,
      -3.4206315162314747
    ]
  },
  "69": {
    "fit_time": [
      0.027265071868896484,
      0.027516841888427734,
      0.02793097496032715,
      0.02912306785583496,
      0.026702165603637695
    ],
    "score_time": [
      0.015613794326782227,
      0.01569509506225586,
      0.016464948654174805,
      0.015598058700561523,
      0.014948844909667969
    ],
    "test_r": [
      NaN,
      NaN,
      NaN,
      NaN,
      NaN
    ],
    "test_r2": [
      -0.02234059565681501,
      -0.030265733366875214,
      -0.04933359190870523,
      -0.014597411280703021,
      -0.07020398064707067
    ],
    "test_rmse": [
      -4.539925908991814,
      -5.009281742069273,
      -4.720953320372777,
      -4.93684162899046,
      -4.883012864778918
    ],
    "test_mae": [
      -3.4469196428571434,
      -3.6980357142857145,
      -3.3065178571428575,
      -3.699160016187374,
      -3.608203085860823
    ]
  },
  "420": {
    "fit_time": [
      0.02329421043395996,
      0.02256298065185547,
      0.02232503890991211,
      0.021394968032836914,
      0.024275779724121094
    ],
    "score_time": [
      0.017262935638427734,
      0.01687312126159668,
      0.015636920928955078,
      0.017216920852661133,
      0.01598215103149414
    ],
    "test_r": [
      NaN,
      NaN,
      NaN,
      NaN,
      NaN
    ],
    "test_r2": [
      -0.054631150443480214,
      -0.023969857657972105,
      -0.0022134330052356876,
      -0.04600492124259703,
      -0.07447355488055574
    ],
    "test_rmse": [
      -4.79069913627288,
      -4.538631534372974,
      -4.3703828990124505,
      -5.2524787790043925,
      -5.134608182203803
    ],
    "test_mae": [
      -3.585892857142858,
      -3.3396742920755487,
      -3.1893452594718723,
      -3.8537723604044403,
      -3.8581073259816963
    ]
  },
  "1234567890": {
    "fit_time": [
      0.022177934646606445,
      0.023300886154174805,
      0.024318933486938477,
      0.022560596466064453,
      0.024042844772338867
    ],
    "score_time": [
      0.014345169067382812,
      0.012928962707519531,
      0.012254953384399414,
      0.012691259384155273,
      0.012382030487060547
    ],
    "test_r": [
      NaN,
      NaN,
      NaN,
      NaN,
      NaN
    ],
    "test_r2": [
      -0.03885697297409796,
      -0.018005172274450976,
      -0.04216114251225078,
      -0.013558494884192918,
      -0.08634120905931097
    ],
    "test_rmse": [
      -4.642287827466938,
      -4.914863606230749,
      -5.400673735876156,
      -4.671992649321627,
      -4.415754060801475
    ],
    "test_mae": [
      -3.4169642857142852,
      -3.6644032944646767,
      -3.9960121280586622,
      -3.4441441441441447,
      -3.2430419698584076
    ]
  },
  "473129": {
    "fit_time": [
      0.021537065505981445,
      0.02060389518737793,
      0.020631790161132812,
      0.01978921890258789,
      0.019627809524536133
    ],
    "score_time": [
      0.01317596435546875,
      0.012843132019042969,
      0.012978076934814453,
      0.01392674446105957,
      0.013597249984741211
    ],
    "test_r": [
      NaN,
      NaN,
      NaN,
      NaN,
      NaN
    ],
    "test_r2": [
      -0.03128245656055939,
      -0.045989077886745555,
      -0.11472112223300468,
      -0.06734636724352194,
      -0.008603742815947335
    ],
    "test_rmse": [
      -5.061899170695295,
      -4.7150320359717375,
      -5.062393675705365,
      -5.192532141082747,
      -4.034355168006607
    ],
    "test_mae": [
      -3.794642857142857,
      -3.448316279917613,
      -3.6797097065853266,
      -3.767445336914538,
      -3.1039639639639636
    ]
  },
  "r_avg": NaN,
  "r_stdev": NaN,
  "r_stderr": NaN,
  "r2_avg": -0.04235442881143353,
  "r2_stdev": 0.02803640402330622,
  "r2_stderr": 0.010596764671742713,
  "rmse_avg": -4.813403895100557,
  "rmse_stdev": 0.35008312616960163,
  "rmse_stderr": 0.13231898429211628,
  "mae_avg": -3.5568381463168155,
  "mae_stdev": 0.24417387358938364,
  "mae_stderr": 0.09228904945383305
}