fold,r,r2,rmse,mae
1.0,0.3787749839996691,0.11892287076456265,3.0219488436746618,2.441901182564231
2.0,0.4943041356752652,0.20029530655086802,2.463964550908531,1.957344458310536
3.0,0.47842347038341454,0.13856891959302464,3.1822261846311193,2.486862494777588
4.0,0.5950932012914063,0.20345673497979677,2.616735122412921,2.2283180613082387
5.0,0.5007220109004997,0.18079412659393657,2.7639125289356103,2.222831086891988
