fold,r,r2,rmse,mae
1.0,0.5524681526511662,0.3050762154091442,2.5548418515557887,2.0270582407067725
2.0,0.3798370290545538,0.08601727083308452,2.7386063510188845,1.9721735558840863
3.0,0.653734930097516,0.3963963290431084,2.668709450136329,2.1151091577202714
4.0,0.5548350911521651,0.2868978136618341,2.4622731486223746,2.042385890804838
5.0,0.582783470491421,0.33890358466763093,2.5048491549241185,1.9483100692224933
