{
  "6": {
    "fit_time": [
      5.399762868881226,
      5.416683912277222,
      5.4312217235565186,
      5.46096396446228,
      5.2766273021698
    ],
    "score_time": [
      0.0291900634765625,
      0.028675317764282227,
      0.028960227966308594,
      0.026869535446166992,
      0.027385711669921875
    ],
    "test_r": [
      0.7676747561495877,
      0.8206395572412162,
      0.8585045459749756,
      0.8397890375859,
      0.7702959076907909
    ],
    "test_r2": [
      0.5692007837551394,
      0.6715178287384185,
      0.7276506686388016,
      0.6961964776918426,
      0.545658289668588
    ],
    "test_rmse": [
      -2.8741525807409314,
      -3.0417558328410257,
      -2.4368875576059343,
      -2.6006956474876506,
      -3.073186843688565
    ],
    "test_mae": [
      -1.7909636315596953,
      -2.051316403746605,
      -1.8033824315028528,
      -1.698553856600512,
      -2.083598440402263
    ]
  },
  "13": {
    "fit_time": [
      5.617788314819336,
      5.477078676223755,
      5.467503309249878,
      5.495555639266968,
      5.300793647766113
    ],
    "score_time": [
      0.02786564826965332,
      0.029827117919921875,
      0.028602123260498047,
      0.02822113037109375,
      0.027761220932006836
    ],
    "test_r": [
      0.8184844819895982,
      0.8354939145109104,
      0.8570083662183724,
      0.8148618980660228,
      0.7881210911149947
    ],
    "test_r2": [
      0.6522098013887989,
      0.6941563934907156,
      0.7329428417214034,
      0.658066344352545,
      0.6117075870773543
    ],
    "test_rmse": [
      -2.876580833392724,
      -2.7789114475054366,
      -2.34078851985322,
      -2.696109886755028,
      -2.8477952787507665
    ],
    "test_mae": [
      -1.7408901783398218,
      -1.9785483261517116,
      -1.7137331794840949,
      -1.766674266205178,
      -1.9712116933942916
    ]
  },
  "42": {
    "fit_time": [
      5.393733024597168,
      5.42535138130188,
      5.457858562469482,
      5.423227310180664,
      5.306926727294922
    ],
    "score_time": [
      0.028186559677124023,
      0.02973318099975586,
      0.028743267059326172,
      0.02801060676574707,
      0.026499509811401367
    ],
    "test_r": [
      0.8531363897747493,
      0.8669588210683674,
      0.7501880840052536,
      0.7522161365155168,
      0.8271960436675261
    ],
    "test_r2": [
      0.7262145227096388,
      0.692943116130126,
      0.5489386000969357,
      0.5249277039642479,
      0.6759147555268614
    ],
    "test_rmse": [
      -2.4480759826519938,
      -2.2726734971566747,
      -3.6875109804882236,
      -3.128501868112527,
      -2.6394039900017643
    ],
    "test_mae": [
      -1.7601334770236694,
      -1.7467984947987965,
      -2.4560299722424577,
      -1.9531321354599684,
      -1.7375315179910746
    ]
  },
  "69": {
    "fit_time": [
      5.4233338832855225,
      5.453709602355957,
      5.448538064956665,
      5.406046390533447,
      5.27920126914978
    ],
    "score_time": [
      0.02818441390991211,
      0.029720306396484375,
      0.029980182647705078,
      0.02742481231689453,
      0.026526927947998047
    ],
    "test_r": [
      0.731774268206719,
      0.8689429070126132,
      0.80327283680181,
      0.8228627890187395,
      0.7879172335157806
    ],
    "test_r2": [
      0.4889564549485429,
      0.7484172773544739,
      0.6346697261161105,
      0.6574522334916116,
      0.6070284020176864
    ],
    "test_rmse": [
      -3.209814360134866,
      -2.4753763510159046,
      -2.7855807303514633,
      -2.868553080936562,
      -2.958933255497716
    ],
    "test_mae": [
      -1.9895372647898537,
      -1.7058598973069874,
      -1.8748644530347414,
      -1.877512857763617,
      -2.0429634135907837
    ]
  },
  "420": {
    "fit_time": [
      5.459799766540527,
      5.575818777084351,
      5.602075099945068,
      5.4475791454315186,
      5.312238454818726
    ],
    "score_time": [
      0.028967618942260742,
      0.029238224029541016,
      0.027988910675048828,
      0.027413129806518555,
      0.026374340057373047
    ],
    "test_r": [
      0.8284877995527269,
      0.795328481829485,
      0.8968026386019449,
      0.85133546888089,
      0.710541289896951
    ],
    "test_r2": [
      0.6708782939410693,
      0.6100390675619982,
      0.8041300372896962,
      0.723397744482288,
      0.4774185241404473
    ],
    "test_rmse": [
      -2.6762511238661233,
      -2.8008631520385228,
      -1.932071964779294,
      -2.7010044589456,
      -3.580852634658275
    ],
    "test_mae": [
      -1.7448153569868634,
      -1.9952198943921498,
      -1.4358580485412051,
      -1.8632101312843525,
      -1.9915144657444306
    ]
  },
  "1234567890": {
    "fit_time": [
      5.435170412063599,
      5.4450883865356445,
      5.451209545135498,
      5.404019594192505,
      5.308871746063232
    ],
    "score_time": [
      0.02945423126220703,
      0.029247760772705078,
      0.030234813690185547,
      0.02718186378479004,
      0.026343345642089844
    ],
    "test_r": [
      0.8719546428272016,
      0.865586475097414,
      0.6695463808738848,
      0.8733291644321685,
      0.8348752902937239
    ],
    "test_r2": [
      0.757651385718381,
      0.7397037041937009,
      0.41848075839825827,
      0.7512035262576027,
      0.6871869295857358
    ],
    "test_rmse": [
      -2.242200548956139,
      -2.4852522276371087,
      -4.034247589599743,
      -2.3147273982175185,
      -2.3695408239134
    ],
    "test_mae": [
      -1.6927331747753276,
      -1.6740314612218312,
      -2.5220862081221176,
      -1.6478473446390653,
      -1.757640719929257
    ]
  },
  "473129": {
    "fit_time": [
      5.406742572784424,
      5.43440580368042,
      5.470365047454834,
      5.442992448806763,
      5.299712657928467
    ],
    "score_time": [
      0.02925276756286621,
      0.02915811538696289,
      0.02939462661743164,
      0.028183937072753906,
      0.02747035026550293
    ],
    "test_r": [
      0.800259058665523,
      0.8670330539993318,
      0.8077439314798689,
      0.7669941832104601,
      0.8746309509566892
    ],
    "test_r2": [
      0.6222351736806322,
      0.7460885090215071,
      0.6238550602603847,
      0.5796072310912084,
      0.7593230767036484
    ],
    "test_rmse": [
      -3.0636237969647144,
      -2.3230697564460843,
      -2.940697900913914,
      -3.2587731089489442,
      -1.9707478745592797
    ],
    "test_mae": [
      -2.0514653657163895,
      -1.6985167395217078,
      -1.9284883533205301,
      -2.075356436076465,
      -1.4715826129054166
    ]
  },
  "r_avg": 0.8157082250493631,
  "r_stdev": 0.05126414382118048,
  "r_stderr": 0.01937602510364171,
  "r2_avg": 0.6524562523201829,
  "r2_stdev": 0.08969027712813893,
  "r2_stderr": 0.03389973832878857,
  "rmse_avg": 2.763863225297533,
  "rmse_stdev": 0.4497267465772948,
  "rmse_stderr": 0.1699807327682415,
  "mae_avg": 1.865531491559031,
  "mae_stdev": 0.22144750026241258,
  "mae_stderr": 0.08369928773589348
}