{
  "6": {
    "fit_time": [
      20.12270736694336,
      20.364222049713135,
      20.22632098197937,
      19.932355880737305,
      7.7399327754974365
    ],
    "score_time": [
      0.03178906440734863,
      0.02719736099243164,
      0.029392242431640625,
      0.03665637969970703,
      0.024762392044067383
    ],
    "test_r": [
      0.6947577482215241,
      0.8264651933813791,
      0.7856421249585275,
      0.8246073753531911,
      0.8412840271750601
    ],
    "test_r2": [
      0.4650423874088311,
      0.6800297756170753,
      0.6150910138034447,
      0.6789571075447821,
      0.7069936883465439
    ],
    "test_rmse": [
      -0.06847941972732653,
      -0.0685244755785604,
      -0.06483089970211464,
      -0.06457672665020685,
      -0.05527769734711463
    ],
    "test_mae": [
      -0.0413850985263796,
      -0.050422570170837164,
      -0.046403724869616796,
      -0.043014259783130296,
      -0.03864125693588074
    ]
  },
  "13": {
    "fit_time": [
      20.146938800811768,
      19.921745538711548,
      20.354740858078003,
      20.29379439353943,
      7.686693429946899
    ],
    "score_time": [
      0.031225919723510742,
      0.03529214859008789,
      0.027414560317993164,
      0.030796289443969727,
      0.0247042179107666
    ],
    "test_r": [
      0.8264795913253982,
      0.68129444538377,
      0.853810307047349,
      0.8353189458812748,
      0.7886878423503416
    ],
    "test_r2": [
      0.6757779013388082,
      0.4561234048577779,
      0.7288724200075755,
      0.695000393659257,
      0.593908936358359
    ],
    "test_rmse": [
      -0.062333160825952055,
      -0.08678599613078777,
      -0.05856159347274059,
      -0.057739786490554466,
      -0.05960878367953803
    ],
    "test_mae": [
      -0.042189666121800626,
      -0.05609302152307215,
      -0.04042775979467398,
      -0.04054390608452875,
      -0.041649629366891996
    ]
  },
  "42": {
    "fit_time": [
      20.064924716949463,
      20.228073596954346,
      20.44129228591919,
      20.15740156173706,
      7.604859828948975
    ],
    "score_time": [
      0.03388404846191406,
      0.028179168701171875,
      0.02688765525817871,
      0.033316612243652344,
      0.024646759033203125
    ],
    "test_r": [
      0.8744566690323903,
      0.8633650476793722,
      0.7707178885626993,
      0.8150467824217366,
      0.7840784807531571
    ],
    "test_r2": [
      0.7629360992576398,
      0.7430155209796454,
      0.5446101686040343,
      0.6503125716386403,
      0.6031731528151996
    ],
    "test_rmse": [
      -0.05138166732990856,
      -0.05098629680621334,
      -0.07011082482228445,
      -0.06599451754047672,
      -0.07287396264805926
    ],
    "test_mae": [
      -0.03435170963835911,
      -0.03373900315719384,
      -0.049355757381445785,
      -0.04507809358646081,
      -0.04933621789175031
    ]
  },
  "69": {
    "fit_time": [
      20.596015691757202,
      20.274593591690063,
      20.027982473373413,
      20.380651712417603,
      7.654281377792358
    ],
    "score_time": [
      0.02788543701171875,
      0.03160595893859863,
      0.0357363224029541,
      0.02953028678894043,
      0.02443861961364746
    ],
    "test_r": [
      0.841165542479051,
      0.80102620204012,
      0.8365946082555001,
      0.7942281503777874,
      0.8375632764633151
    ],
    "test_r2": [
      0.7074818971765444,
      0.6391274519397395,
      0.6998721500727066,
      0.6109325081043593,
      0.7013821035313819
    ],
    "test_rmse": [
      -0.05342528133573742,
      -0.07521006392948326,
      -0.057276050042227356,
      -0.05912245300159322,
      -0.06143482423149723
    ],
    "test_mae": [
      -0.041065131045222074,
      -0.04803546265441524,
      -0.03945844416535772,
      -0.040678206562779165,
      -0.04421062385328003
    ]
  },
  "420": {
    "fit_time": [
      20.34690284729004,
      20.34703040122986,
      20.216179609298706,
      20.012348413467407,
      7.717512130737305
    ],
    "score_time": [
      0.029069900512695312,
      0.028567790985107422,
      0.03213667869567871,
      0.03440999984741211,
      0.024744510650634766
    ],
    "test_r": [
      0.7899328808876871,
      0.8668939960792739,
      0.8360020355842006,
      0.7962150834385963,
      0.8334017938864314
    ],
    "test_r2": [
      0.6010552656707988,
      0.7187274404242849,
      0.6987222050529075,
      0.6332856544196886,
      0.6730455346877389
    ],
    "test_rmse": [
      -0.06461099416376992,
      -0.06858872785788608,
      -0.051938570914573934,
      -0.06890269661796099,
      -0.05455312754566136
    ],
    "test_mae": [
      -0.04328765477347851,
      -0.04760956985675836,
      -0.03818077323873189,
      -0.04436961575561738,
      -0.03575887590841806
    ]
  },
  "1234567890": {
    "fit_time": [
      19.87552285194397,
      20.256678581237793,
      20.398274898529053,
      20.377479553222656,
      7.783781290054321
    ],
    "score_time": [
      0.035629987716674805,
      0.036579132080078125,
      0.02814197540283203,
      0.028595447540283203,
      0.02432560920715332
    ],
    "test_r": [
      0.833398920628711,
      0.6967294637429211,
      0.8411427243445981,
      0.8957810338313295,
      0.8060081215443209
    ],
    "test_r2": [
      0.6831494214225227,
      0.4593403920059843,
      0.7018075876146772,
      0.7927055383619237,
      0.6442375386878381
    ],
    "test_rmse": [
      -0.06351325000344807,
      -0.07464873322533336,
      -0.0574631318612991,
      -0.052504505737006636,
      -0.061807887537847446
    ],
    "test_mae": [
      -0.043760883847864064,
      -0.04667272166504494,
      -0.038344805265072945,
      -0.03838142007931845,
      -0.045130627289245974
    ]
  },
  "473129": {
    "fit_time": [
      20.04270029067993,
      20.40970468521118,
      20.30117177963257,
      20.187718391418457,
      7.599463939666748
    ],
    "score_time": [
      0.03720855712890625,
      0.02772045135498047,
      0.02660655975341797,
      0.030782461166381836,
      0.02467823028564453
    ],
    "test_r": [
      0.7875603260989275,
      0.776380329425044,
      0.8552896711808727,
      0.7847102776504047,
      0.8415482235481996
    ],
    "test_r2": [
      0.6145586408099966,
      0.5995955794699774,
      0.7310879769830403,
      0.6114210600062304,
      0.6951576367241388
    ],
    "test_rmse": [
      -0.07000546003285352,
      -0.07079429625569218,
      -0.055541909962620636,
      -0.06915477863673307,
      -0.05133877765752982
    ],
    "test_mae": [
      -0.05071783121858978,
      -0.04743952221296212,
      -0.03691599447740187,
      -0.04795670511674218,
      -0.037523988561366746
    ]
  },
  "r_avg": 0.8119310037432703,
  "r_stdev": 0.047558604201632285,
  "r_stderr": 0.017975462774124366,
  "r2_avg": 0.6519010892972599,
  "r2_stdev": 0.07918369973107933,
  "r2_stderr": 0.029928625339778286,
  "rmse_avg": 0.0628543236943598,
  "rmse_stdev": 0.008207302503443453,
  "rmse_stderr": 0.003102068765541316,
  "mae_avg": 0.04308944378227684,
  "mae_stdev": 0.005070368343621973,
  "mae_stderr": 0.0019164190989597474
}