{
  "6": {
    "fit_time": [
      4.863333463668823,
      4.957060098648071,
      5.003926038742065,
      5.035158395767212,
      3.43672776222229
    ],
    "score_time": [
      0.062483787536621094,
      0.07810807228088379,
      0.046862125396728516,
      0.04686379432678223,
      0.04686713218688965
    ],
    "test_r": [
      0.589393501285481,
      0.3960180192170867,
      0.5507124222819098,
      0.5492340176959646,
      0.5179569423220691
    ],
    "test_r2": [
      0.2760403070618256,
      0.1227140901373387,
      0.2840011716706762,
      0.27771625019524093,
      0.2505892096789675
    ],
    "test_rmse": [
      -8.169053824182976,
      -9.51169895564681,
      -7.682661338230752,
      -9.084153836751534,
      -8.412213320492743
    ],
    "test_mae": [
      -5.73634249142238,
      -6.470016322817121,
      -5.732810915538243,
      -6.375289028958157,
      -6.5256061567701735
    ]
  },
  "13": {
    "fit_time": [
      4.686371326446533,
      4.717641592025757,
      10.856337785720825,
      4.764506816864014,
      2.858705997467041
    ],
    "score_time": [
      0.062485456466674805,
      0.06248617172241211,
      0.09374856948852539,
      0.04686617851257324,
      0.031241655349731445
    ],
    "test_r": [
      0.5378600593803781,
      0.5559374468336543,
      0.4431436151585393,
      0.4684506116099673,
      0.577570787550022
    ],
    "test_r2": [
      0.1787845312082018,
      0.2718228265275344,
      0.17736982539813573,
      0.20374809743780176,
      0.2569826894092917
    ],
    "test_rmse": [
      -9.43165887091071,
      -8.23793020422704,
      -8.1271077225012,
      -8.501018334059111,
      -8.799321452028755
    ],
    "test_mae": [
      -6.809081468582154,
      -6.003502685001919,
      -6.345388686316355,
      -6.060175906344577,
      -6.088586831307626
    ]
  },
  "42": {
    "fit_time": [
      15.2492835521698,
      4.733264923095703,
      4.764506816864014,
      4.686400651931763,
      2.718113422393799
    ],
    "score_time": [
      0.07810807228088379,
      0.04686427116394043,
      0.04686450958251953,
      0.062487125396728516,
      0.04686331748962402
    ],
    "test_r": [
      0.5568362676603169,
      0.6591225941729475,
      0.35998567864667397,
      0.3671368207338995,
      0.495531363229026
    ],
    "test_r2": [
      0.2957582924535125,
      0.41585940258355114,
      0.08220634392909387,
      0.05107812615323404,
      0.21171359257930977
    ],
    "test_rmse": [
      -8.061651557831409,
      -6.293574099483152,
      -10.78268938500804,
      -8.847295613952285,
      -9.562168355598306
    ],
    "test_mae": [
      -5.906352276802063,
      -4.833911511557441,
      -7.4599986798422675,
      -6.524770613661758,
      -6.8204150926744616
    ]
  },
  "69": {
    "fit_time": [
      4.467665195465088,
      13.670693635940552,
      4.530149459838867,
      4.53018593788147,
      2.7962541580200195
    ],
    "score_time": [
      0.0624842643737793,
      0.12497162818908691,
      0.0624847412109375,
      0.06248831748962402,
      0.031212329864501953
    ],
    "test_r": [
      0.4974392205582345,
      0.5102309300787699,
      0.5053403925330853,
      0.6401764243742253,
      0.38538291550091375
    ],
    "test_r2": [
      0.2383300017790434,
      0.2404591280294498,
      0.15209940607909522,
      0.3596967058923637,
      0.09022650413224209
    ],
    "test_rmse": [
      -7.729074612748087,
      -8.93534091033344,
      -8.282985817628129,
      -8.48127115115697,
      -9.907272733232436
    ],
    "test_mae": [
      -5.718631782531738,
      -6.241031218937465,
      -5.827102387292044,
      -6.080780914581573,
      -7.432770237278293
    ]
  },
  "420": {
    "fit_time": [
      4.983180284500122,
      4.983180284500122,
      4.920724391937256,
      4.920724391937256,
      2.4213104248046875
    ],
    "score_time": [
      0.04686760902404785,
      0.04686760902404785,
      0.07810497283935547,
      0.062483787536621094,
      0.015622615814208984
    ],
    "test_r": [
      0.47185310087695487,
      0.35313719065590743,
      0.6170746579834148,
      0.5621087226883854,
      0.5138920229114976
    ],
    "test_r2": [
      0.1467190972204767,
      0.05345476671268867,
      0.35010390620620224,
      0.3095583245756959,
      0.2324262783816723
    ],
    "test_rmse": [
      -8.90878830910663,
      -9.101883193841903,
      -7.6571085697135,
      -7.873390456255439,
      -9.748969314345398
    ],
    "test_mae": [
      -6.548019632611956,
      -6.348542669841222,
      -5.901711658750263,
      -5.547624475977442,
      -6.91569285624736
    ]
  },
  "1234567890": {
    "fit_time": [
      4.826967000961304,
      9.658763885498047,
      4.873836994171143,
      5.030043840408325,
      3.014923334121704
    ],
    "score_time": [
      0.062483787536621094,
      0.07811164855957031,
      0.06247854232788086,
      0.03124690055847168,
      0.0312502384185791
    ],
    "test_r": [
      0.4691509631515435,
      0.6220071693940302,
      0.4434658448566843,
      0.5688447850392877,
      0.515245526255046
    ],
    "test_r2": [
      0.1780299823446312,
      0.3567251688441895,
      0.1476335765843979,
      0.3165300128076042,
      0.20030912985124627
    ],
    "test_rmse": [
      -7.791044255683189,
      -8.751593863892781,
      -10.750326986643975,
      -7.716289959773931,
      -7.362428869849825
    ],
    "test_mae": [
      -5.853167326790945,
      -6.157538788659232,
      -7.821442406518118,
      -5.805716158205325,
      -5.377736677565018
    ]
  },
  "473129": {
    "fit_time": [
      5.311255693435669,
      5.248772382736206,
      5.248772382736206,
      5.436223268508911,
      2.4525811672210693
    ],
    "score_time": [
      0.04686594009399414,
      0.06248331069946289,
      0.06248331069946289,
      0.04689359664916992,
      0.03124380111694336
    ],
    "test_r": [
      0.5895649428218322,
      0.43934205886526634,
      0.5585966093192671,
      0.46532781037184884,
      0.5108196869536654
    ],
    "test_r2": [
      0.2826570257610569,
      0.168128958665421,
      0.29509047966153745,
      0.16204487666779566,
      0.2533953676140287
    ],
    "test_rmse": [
      -8.564869664978946,
      -8.22396917362674,
      -9.185241224791568,
      -8.932025128279502,
      -7.8272367817160085
    ],
    "test_mae": [
      -6.055961983544486,
      -6.195086062295096,
      -6.410915765762328,
      -6.451768760337486,
      -5.974223048579587
    ]
  },
  "r_avg": 0.5103968892276515,
  "r_stdev": 0.07828093065284454,
  "r_stderr": 0.02958741070087425,
  "r2_avg": 0.22542867012098725,
  "r2_stdev": 0.0880776726024943,
  "r2_stderr": 0.033290231109081005,
  "rmse_avg": -8.606723081385807,
  "rmse_stdev": 0.9128940966031774,
  "rmse_stderr": 0.34504153613585453,
  "mae_avg": -6.238791813711533,
  "mae_stdev": 0.5836354189019474,
  "mae_stderr": 0.2205934535347941
}