{
  "6": {
    "fit_time": [
      1.377086877822876,
      1.3694777488708496,
      1.3687350749969482,
      1.3705859184265137,
      0.8926985263824463
    ],
    "score_time": [
      0.013112068176269531,
      0.014390707015991211,
      0.014380216598510742,
      0.013737201690673828,
      0.01096796989440918
    ],
    "test_r": [
      0.5050794657530012,
      0.5299419453122529,
      0.5342041723702782,
      0.5517953165508511,
      0.5253694603569706
    ],
    "test_r2": [
      0.24827442599407223,
      0.2719257202426776,
      0.2549039750955898,
      0.30141398154672927,
      0.27510863205888825
    ],
    "test_rmse": [
      -0.0832423297681204,
      -0.08665135612877159,
      -0.078372131182375,
      -0.08933887984946495,
      -0.08273452356000789
    ],
    "test_mae": [
      -0.061950635923232356,
      -0.06380613384417125,
      -0.06026766339923654,
      -0.06635145423476761,
      -0.06687605383031003
    ]
  },
  "13": {
    "fit_time": [
      1.3675413131713867,
      1.366835117340088,
      1.371687650680542,
      1.3415908813476562,
      0.8968508243560791
    ],
    "score_time": [
      0.014725446701049805,
      0.014724254608154297,
      0.013616085052490234,
      0.015781402587890625,
      0.011000633239746094
    ],
    "test_r": [
      0.5602356833315659,
      0.5589208412197677,
      0.45406670403170474,
      0.5044362241959719,
      0.5561785588290731
    ],
    "test_r2": [
      0.28555420642331397,
      0.3120761674455462,
      0.15105748391840612,
      0.24309550373290745,
      0.29129927902009656
    ],
    "test_rmse": [
      -0.08797193926223305,
      -0.08006998652851983,
      -0.08256059999807602,
      -0.08288315107472773,
      -0.08593719115405267
    ],
    "test_mae": [
      -0.06651306256737027,
      -0.06200673305307115,
      -0.06730443470435483,
      -0.061430256152367795,
      -0.06331874211758108
    ]
  },
  "42": {
    "fit_time": [
      1.3529303073883057,
      1.3609318733215332,
      1.3533215522766113,
      1.3459196090698242,
      0.8933517932891846
    ],
    "score_time": [
      0.014228343963623047,
      0.012580394744873047,
      0.013895273208618164,
      0.014823436737060547,
      0.010976552963256836
    ],
    "test_r": [
      0.49297822924280843,
      0.5880732341404494,
      0.5775342764585001,
      0.357933850939037,
      0.47476569880273783
    ],
    "test_r2": [
      0.23528293312533566,
      0.3447390119706305,
      0.32787838229054334,
      0.0775030335504282,
      0.2229433734968509
    ],
    "test_rmse": [
      -0.08400662624745935,
      -0.06665700723170602,
      -0.09227382018842117,
      -0.08723239231776508,
      -0.09493813607970288
    ],
    "test_mae": [
      -0.0616089418896607,
      -0.05362090089832033,
      -0.06886980524531432,
      -0.06854765871752488,
      -0.07120702787949158
    ]
  },
  "69": {
    "fit_time": [
      1.3936240673065186,
      1.392913579940796,
      1.3900082111358643,
      1.3823199272155762,
      0.8884198665618896
    ],
    "score_time": [
      0.014078378677368164,
      0.014077186584472656,
      0.01438760757446289,
      0.014433145523071289,
      0.010831832885742188
    ],
    "test_r": [
      0.5072715340042318,
      0.5800295890764081,
      0.49524329255785826,
      0.6075512940113141,
      0.33776840990713153
    ],
    "test_r2": [
      0.2075128931552528,
      0.33484818599832067,
      0.20642215853059742,
      0.34515746235706524,
      0.08094783226781554
    ],
    "test_rmse": [
      -0.0788388313146723,
      -0.0836172619205972,
      -0.08013259635258572,
      -0.08577021948445017,
      -0.09957666119287377
    ],
    "test_mae": [
      -0.06218363051967962,
      -0.06422478697640556,
      -0.05598131118203912,
      -0.06615985392364296,
      -0.07874530337136071
    ]
  },
  "420": {
    "fit_time": [
      1.3598108291625977,
      1.3509275913238525,
      1.3583073616027832,
      1.360417127609253,
      0.8878414630889893
    ],
    "score_time": [
      0.013782978057861328,
      0.014698028564453125,
      0.013890504837036133,
      0.013427495956420898,
      0.011054039001464844
    ],
    "test_r": [
      0.4221617165529,
      0.37224374920267417,
      0.6575970530900817,
      0.516675857764602,
      0.6032757806612801
    ],
    "test_r2": [
      0.12763178923282703,
      0.10235051963959807,
      0.40557962335285647,
      0.24384573587350422,
      0.35313419537655266
    ],
    "test_rmse": [
      -0.09007878965546853,
      -0.0886367785191662,
      -0.07323010990492751,
      -0.08239549997494008,
      -0.08949643813983119
    ],
    "test_mae": [
      -0.06910679137877054,
      -0.06579657079321997,
      -0.05961284004875592,
      -0.062398053756490476,
      -0.0664901576076542
    ]
  },
  "1234567890": {
    "fit_time": [
      1.3716905117034912,
      1.446134328842163,
      1.359046459197998,
      1.3435156345367432,
      0.9076759815216064
    ],
    "score_time": [
      0.013582706451416016,
      0.011934995651245117,
      0.01435089111328125,
      0.015427112579345703,
      0.011052846908569336
    ],
    "test_r": [
      0.44156068662220493,
      0.6287549006883744,
      0.476236468159963,
      0.5672849593422632,
      0.5041347907844747
    ],
    "test_r2": [
      0.18290886790836625,
      0.3776835560624945,
      0.20980613295416695,
      0.3129860314561411,
      0.218090169087357
    ],
    "test_rmse": [
      -0.07767887579655908,
      -0.08607846499559103,
      -0.10350833785064704,
      -0.07736269644465851,
      -0.07280117349611388
    ],
    "test_mae": [
      -0.06092524313756397,
      -0.06352877448499203,
      -0.08002508469564575,
      -0.06256342694780849,
      -0.05547017446595269
    ]
  },
  "473129": {
    "fit_time": [
      1.3706152439117432,
      1.3739004135131836,
      1.369123935699463,
      1.370823860168457,
      0.89630126953125
    ],
    "score_time": [
      0.01444244384765625,
      0.013819217681884766,
      0.01604485511779785,
      0.014066696166992188,
      0.010882377624511719
    ],
    "test_r": [
      0.5595177783321166,
      0.4253710061999115,
      0.5659703565261628,
      0.5630704854487113,
      0.5087415280961052
    ],
    "test_r2": [
      0.30692388802241766,
      0.1359050656071088,
      0.3203221068729779,
      0.3126325099474522,
      0.25337097133516395
    ],
    "test_rmse": [
      -0.08418753607611879,
      -0.083817402954875,
      -0.09019354367196707,
      -0.08089730424109165,
      -0.0782736466325001
    ],
    "test_mae": [
      -0.06251156772971153,
      -0.0664646521206413,
      -0.06712047646982329,
      -0.06098736926327954,
      -0.062025715159510705
    ]
  },
  "r_avg": 0.517484997101821,
  "r_stdev": 0.07307320993433482,
  "r_stderr": 0.027619077283923484,
  "r2_avg": 0.25374616585571574,
  "r2_stdev": 0.08253637636575527,
  "r2_stderr": 0.031195817997173924,
  "rmse_avg": 0.08432692111974396,
  "rmse_stdev": 0.007117706104311536,
  "rmse_stderr": 0.0026902400367506693,
  "mae_avg": 0.06445717967113493,
  "mae_stdev": 0.005297090370304343,
  "mae_stderr": 0.002002111970294333
}