{
  "6": {
    "fit_time": [
      0.004751920700073242,
      0.004657745361328125,
      0.005047321319580078,
      0.005056142807006836,
      0.00498199462890625
    ],
    "score_time": [
      0.005290508270263672,
      0.005942344665527344,
      0.005317211151123047,
      0.005316019058227539,
      0.005020618438720703
    ],
    "test_r": [
      0.5248841254851209,
      0.4705478343183549,
      0.4718793155560539,
      0.6077891885346423,
      0.5878165884815547
    ],
    "test_r2": [
      0.2309253130753821,
      0.2058888468029797,
      0.13615956235836923,
      0.34911369304148354,
      0.3320932501374797
    ],
    "test_rmse": [
      -0.08419742750468381,
      -0.09049574656471769,
      -0.08438636866207454,
      -0.08623491224899206,
      -0.07941603905277227
    ],
    "test_mae": [
      -0.05939221682135568,
      -0.06409483012255081,
      -0.06409387324666792,
      -0.062017871267337696,
      -0.06006212243492813
    ],
    "best_params": {
      "check_inverse": true,
      "func": null,
      "inverse_func": null,
      "regressor__algorithm": "ball_tree",
      "regressor__leaf_size": 100,
      "regressor__metric": "minkowski",
      "regressor__metric_params": null,
      "regressor__n_jobs": null,
      "regressor__n_neighbors": 10,
      "regressor__p": 2,
      "regressor__weights": "distance",
      "transformer__memory": null,
      "transformer__verbose": false,
      "transformer__MinMax__clip": false,
      "transformer__MinMax__copy": true,
      "transformer__Standard__copy": true,
      "transformer__Standard__with_mean": true,
      "transformer__Standard__with_std": true
    }
  },
  "13": {
    "fit_time": [
      0.005429983139038086,
      0.005460262298583984,
      0.005381345748901367,
      0.005380153656005859,
      0.005069732666015625
    ],
    "score_time": [
      0.006491184234619141,
      0.006467580795288086,
      0.006616830825805664,
      0.006722211837768555,
      0.005958080291748047
    ],
    "test_r": [
      0.5168724139798021,
      0.5962175847073279,
      0.46447800586185517,
      0.5261765945458611,
      0.5270718737479798
    ],
    "test_r2": [
      0.1968167960092463,
      0.33930630885390245,
      0.19946901692280827,
      0.26266282014335984,
      0.248915715113044
    ],
    "test_rmse": [
      -0.09327533831344055,
      -0.07846927817103584,
      -0.08017200981739973,
      -0.08180479827935598,
      -0.08846959823933405
    ],
    "test_mae": [
      -0.0685413281554826,
      -0.05670446459251507,
      -0.06253076724440466,
      -0.0579566809489759,
      -0.062121270394658756
    ],
    "best_params": {
      "check_inverse": true,
      "func": null,
      "inverse_func": null,
      "regressor__algorithm": "kd_tree",
      "regressor__leaf_size": 1,
      "regressor__metric": "minkowski",
      "regressor__metric_params": null,
      "regressor__n_jobs": null,
      "regressor__n_neighbors": 14,
      "regressor__p": 2,
      "regressor__weights": "distance",
      "transformer__memory": null,
      "transformer__verbose": false,
      "transformer__MinMax__clip": false,
      "transformer__MinMax__copy": true,
      "transformer__Standard__copy": true,
      "transformer__Standard__with_mean": true,
      "transformer__Standard__with_std": true
    }
  },
  "42": {
    "fit_time": [
      0.005179166793823242,
      0.0051805973052978516,
      0.005389213562011719,
      0.005214214324951172,
      0.005174875259399414
    ],
    "score_time": [
      0.006636857986450195,
      0.0065555572509765625,
      0.0066602230072021484,
      0.006268024444580078,
      0.006118297576904297
    ],
    "test_r": [
      0.5114990448932968,
      0.688197236350848,
      0.5306248753699124,
      0.40245630067084287,
      0.4851365344766135
    ],
    "test_r2": [
      0.24242257648096543,
      0.46453622149696416,
      0.26542323868487405,
      0.0825292878210967,
      0.21357402805680192
    ],
    "test_rmse": [
      -0.0836135502466919,
      -0.060256472486292345,
      -0.09646575363797377,
      -0.08699442348796718,
      -0.09550877848799771
    ],
    "test_mae": [
      -0.059924144052427554,
      -0.04834174929571543,
      -0.07106908574972515,
      -0.06422064861849534,
      -0.06931474346968813
    ],
    "best_params": {
      "check_inverse": true,
      "func": null,
      "inverse_func": null,
      "regressor__algorithm": "kd_tree",
      "regressor__leaf_size": 1,
      "regressor__metric": "minkowski",
      "regressor__metric_params": null,
      "regressor__n_jobs": null,
      "regressor__n_neighbors": 13,
      "regressor__p": 2,
      "regressor__weights": "distance",
      "transformer__memory": null,
      "transformer__verbose": false,
      "transformer__MinMax__clip": false,
      "transformer__MinMax__copy": true,
      "transformer__Standard__copy": true,
      "transformer__Standard__with_mean": true,
      "transformer__Standard__with_std": true
    }
  },
  "69": {
    "fit_time": [
      0.005117893218994141,
      0.0051364898681640625,
      0.005121707916259766,
      0.0051937103271484375,
      0.004971504211425781
    ],
    "score_time": [
      0.005713939666748047,
      0.0055539608001708984,
      0.005588531494140625,
      0.005539417266845703,
      0.005077362060546875
    ],
    "test_r": [
      0.5518884666516681,
      0.5046642683113453,
      0.48537817986008647,
      0.6203444265745658,
      0.43238756677456824
    ],
    "test_r2": [
      0.28554522576671504,
      0.2449892112192793,
      0.16723165325858358,
      0.37813509443895166,
      0.1322260560109756
    ],
    "test_rmse": [
      -0.074856832516232,
      -0.08908654806476746,
      -0.08208740992142999,
      -0.08358264381361331,
      -0.0967588685474813
    ],
    "test_mae": [
      -0.05626162215653737,
      -0.06523147486935463,
      -0.057437774267096224,
      -0.05997699778865716,
      -0.07227810274421848
    ],
    "best_params": {
      "check_inverse": true,
      "func": null,
      "inverse_func": null,
      "regressor__algorithm": "ball_tree",
      "regressor__leaf_size": 98,
      "regressor__metric": "minkowski",
      "regressor__metric_params": null,
      "regressor__n_jobs": null,
      "regressor__n_neighbors": 17,
      "regressor__p": 2,
      "regressor__weights": "distance",
      "transformer__memory": null,
      "transformer__verbose": false,
      "transformer__MinMax__clip": false,
      "transformer__MinMax__copy": true,
      "transformer__Standard__copy": true,
      "transformer__Standard__with_mean": true,
      "transformer__Standard__with_std": true
    }
  },
  "420": {
    "fit_time": [
      0.014502525329589844,
      0.004633188247680664,
      0.004839658737182617,
      0.0049359798431396484,
      0.004616975784301758
    ],
    "score_time": [
      0.008362531661987305,
      0.012806415557861328,
      0.005198240280151367,
      0.0053441524505615234,
      0.004815101623535156
    ],
    "test_r": [
      0.4751053729641654,
      0.4323132575386096,
      0.5808440983326857,
      0.5491472259788754,
      0.6102632860654874
    ],
    "test_r2": [
      0.1551038552466143,
      0.14667247049062515,
      0.32990282318518893,
      0.28619183961782324,
      0.3442415712520488
    ],
    "test_rmse": [
      -0.08864909179663547,
      -0.08642083334455726,
      -0.07775202983410989,
      -0.08005510746950018,
      -0.09010950317219724
    ],
    "test_mae": [
      -0.06734906948042295,
      -0.06115768655753846,
      -0.059852624436443694,
      -0.057294313235833706,
      -0.06351552970798954
    ],
    "best_params": {
      "check_inverse": true,
      "func": null,
      "inverse_func": null,
      "regressor__algorithm": "ball_tree",
      "regressor__leaf_size": 98,
      "regressor__metric": "minkowski",
      "regressor__metric_params": null,
      "regressor__n_jobs": null,
      "regressor__n_neighbors": 10,