{
  "6": {
    "fit_time": [
      0.02342510223388672,
      0.025017738342285156,
      0.02112722396850586,
      0.02166604995727539,
      0.022079944610595703
    ],
    "score_time": [
      0.010359048843383789,
      0.010316133499145508,
      0.012406110763549805,
      0.011661052703857422,
      0.009666919708251953
    ],
    "test_r": [
      0.32563197164465457,
      0.2252570665073091,
      0.32040894590023655,
      0.39517124967161243,
      0.41110812669333646
    ],
    "test_r2": [
      0.06098608931035965,
      0.0074256347225094554,
      0.08437209060285356,
      0.08081664966049229,
      0.11446437432270762
    ],
    "test_rmse": [
      -9.3035902947124,
      -10.117402939312043,
      -8.687904623068503,
      -10.247823403086912,
      -9.144360207580998
    ],
    "test_mae": [
      -6.912310129881732,
      -7.2966206086676175,
      -6.712472495085724,
      -7.688198182175875,
      -6.918784795960112
    ]
  },
  "13": {
    "fit_time": [
      0.0246579647064209,
      0.025672197341918945,
      0.02524280548095703,
      0.0253448486328125,
      0.027541160583496094
    ],
    "score_time": [
      0.01292109489440918,
      0.015006065368652344,
      0.01204991340637207,
      0.011525154113769531,
      0.012935876846313477
    ],
    "test_r": [
      0.3265908990153885,
      0.4265592158351679,
      0.20786166828281305,
      0.3295492047490325,
      0.2090237654000961
    ],
    "test_r2": [
      -0.041518627482332704,
      0.09323501062322204,
      -0.0003473400747642241,
      0.08044660131450065,
      -0.002125692757923403
    ],
    "test_rmse": [
      -10.621675878616369,
      -9.19278174939324,
      -8.962086044842,
      -9.135539258060312,
      -10.21905686522399
    ],
    "test_mae": [
      -7.764702891724888,
      -6.725787768365343,
      -7.1323415131383765,
      -6.987874685814734,
      -7.432514663520931
    ]
  },
  "42": {
    "fit_time": [
      0.028400182723999023,
      0.029336929321289062,
      0.030372142791748047,
      0.030846834182739258,
      0.030218124389648438
    ],
    "score_time": [
      0.014739036560058594,
      0.015582799911499023,
      0.017411231994628906,
      0.016872167587280273,
      0.013103008270263672
    ],
    "test_r": [
      0.3913312294377142,
      0.3203922965008478,
      0.3437758542953883,
      0.14923806207544094,
      0.32210634098446006
    ],
    "test_r2": [
      0.11821834854547308,
      0.07698689485100252,
      0.07383265554520047,
      -0.07641142766064513,
      0.06793119035433592
    ],
    "test_rmse": [
      -9.020771475614438,
      -7.911204087442276,
      -10.831766793285365,
      -9.422897338614124,
      -10.397725655929678
    ],
    "test_mae": [
      -6.612897739341732,
      -6.455698500810805,
      -7.804007809189282,
      -7.17066602445018,
      -8.01590098694169
    ]
  },
  "69": {
    "fit_time": [
      0.03011798858642578,
      0.030943870544433594,
      0.030476808547973633,
      0.03366971015930176,
      0.0319371223449707
    ],
    "score_time": [
      0.01400303840637207,
      0.014959335327148438,
      0.015363216400146484,
      0.013618230819702148,
      0.013987064361572266
    ],
    "test_r": [
      0.24759598708572172,
      0.39567924360494594,
      0.3209342091182501,
      0.36067123543171337,
      0.17229975942614623
    ],
    "test_r2": [
      0.05286441069449688,
      0.09795573758265108,
      -0.014398101675549446,
      0.09339034280687131,
      -0.0245333137805388
    ],
    "test_rmse": [
      -8.618866484210084,
      -9.73754497625157,
      -9.059801072671942,
      -10.092023437634973,
      -10.51357750599816
    ],
    "test_mae": [
      -6.71312081784545,
      -7.025123051267131,
      -6.624824743633407,
      -7.4480461562935005,
      -8.45662920759077
    ]
  },
  "420": {
    "fit_time": [
      0.032070159912109375,
      0.03239011764526367,
      0.031097888946533203,
      0.035043954849243164,
      0.03407096862792969
    ],
    "score_time": [
      0.01826190948486328,
      0.018224000930786133,
      0.016499042510986328,
      0.01648116111755371,
      0.015097856521606445
    ],
    "test_r": [
      0.3015816737077026,
      0.06053265835263401,
      0.3676811248594156,
      0.30593772879368014,
      0.351055720104698
    ],
    "test_r2": [
      -0.018221243531425735,
      -0.10113173519272367,
      0.1110994266084454,
      0.08645206705344899,
      0.06863577586077108
    ],
    "test_rmse": [
      -9.731811835241476,
      -9.817032101920134,
      -8.955079275477683,
      -9.056574421202715,
      -10.738866172945446
    ],
    "test_mae": [
      -7.666753819616068,
      -6.917221300827246,
      -7.093349037489462,
      -6.699555698970336,
      -7.8394722570445605
    ]
  },
  "1234567890": {
    "fit_time": [
      0.0311429500579834,
      0.029333114624023438,
      0.0283052921295166,
      0.03317999839782715,
      0.03194403648376465
    ],
    "score_time": [
      0.014158010482788086,
      0.014094829559326172,
      0.015353679656982422,
      0.01239013671875,
      0.013471841812133789
    ],
    "test_r": [
      0.31042344858956256,
      0.40858811793358296,
      0.28463754024603594,
      0.29766787877302,
      0.2583283504329102
    ],
    "test_r2": [
      0.07253221065053772,
      0.1380408179663416,
      -0.006832750494103257,
      0.06127491869926871,
      -0.014927594726052762
    ],
    "test_rmse": [
      -8.275935569577209,
      -10.130531366030725,
      -11.683882325872062,
      -9.043114415732722,
      -8.294258631440858
    ],
    "test_mae": [
      -6.462778176614373,
      -7.380415021926389,
      -8.81302621635221,
      -6.8390419985380495,
      -6.439148942613248
    ]
  },
  "473129": {
    "fit_time": [
      0.03325796127319336,
      0.0413510799407959,
      0.030790090560913086,
      0.03499794006347656,
      0.03873705863952637
    ],
    "score_time": [
      0.01802229881286621,
      0.0158078670501709,
      0.01804804801940918,
      0.01707005500793457,
      0.015495061874389648
    ],
    "test_r": [
      0.3517496826222555,
      0.31083423162190366,
      0.23972936102789502,
      0.26226345727964717,
      0.3087526066147689
    ],
    "test_r2": [
      0.03376796411371519,
      0.037026334661841354,
      0.021652908485228273,
      0.02667008781820024,
      0.09408953174423706
    ],
    "test_rmse": [
      -9.940267008659642,
      -8.84831705472075,
      -10.821073761701683,
      -9.626526063375666,
      -8.621955377174762
    ],
    "test_mae": [
      -7.2657530979126665,
      -6.789747864137019,
      -7.922469553128183,
      -6.9801494395867865,
      -7.009578617531175
    ]
  },
  "r_avg": 0.3034557117891425,
  "r_stdev": 0.07830405285521018,
  "r_stderr": 0.029596150071906187,
  "r2_avg": 0.04439200706350438,
  "r2_stdev": 0.056605600711193034,
  "r2_stderr": 0.021394906042176812,
  "rmse_avg": -9.566389299217795,
  "rmse_stdev": 0.8503350631648972,
  "rmse_stderr": 0.3213964440303883,
  "mae_avg": -7.200485251828201,
  "mae_stdev": 0.5631187523510648,
  "mae_stderr": 0.21283888247398372
}