{
  "6": {
    "fit_time": [
      0.0251009464263916,
      0.024911880493164062,
      0.04459691047668457,
      0.03707432746887207,
      0.025034427642822266
    ],
    "score_time": [
      0.021154165267944336,
      0.02073502540588379,
      0.021189212799072266,
      0.020650386810302734,
      0.020673274993896484
    ],
    "test_r": [
      0.35734793950215027,
      0.3536557402686683,
      0.4188431080598468,
      0.4356633268437698,
      0.4897612273697466
    ],
    "test_r2": [
      0.12101231273387802,
      0.11741064724768191,
      0.1535619922541024,
      0.18153106062031366,
      0.23956179676682787
    ],
    "test_rmse": [
      -0.09001314993802197,
      -0.09540406098314426,
      -0.0835320446004538,
      -0.09670115460527977,
      -0.08473879221872087
    ],
    "test_mae": [
      -0.06749479864403675,
      -0.07304172845856252,
      -0.06626822103971171,
      -0.07515253247290918,
      -0.0675195164169442
    ]
  },
  "13": {
    "fit_time": [
      0.025928020477294922,
      0.025154829025268555,
      0.024971485137939453,
      0.025448322296142578,
      0.02435302734375
    ],
    "score_time": [
      0.021363496780395508,
      0.0213010311126709,
      0.021801471710205078,
      0.02147054672241211,
      0.018847942352294922
    ],
    "test_r": [
      0.4460569105366584,
      0.4913262753446245,
      0.2657244211568962,
      0.40287647131380566,
      0.4116803588072179
    ],
    "test_r2": [
      0.15814913854058865,
      0.23237044351323355,
      -0.057208423399692565,
      0.1605311670038494,
      0.1604700854096247
    ],
    "test_rmse": [
      -0.09549422406628368,
      -0.08458150759845184,
      -0.09213274395482794,
      -0.08728668492035715,
      -0.09353363341581312
    ],
    "test_mae": [
      -0.07104725768735885,
      -0.06492949420655163,
      -0.07714443591294194,
      -0.06793694037979973,
      -0.0705524113128114
    ]
  },
  "42": {
    "fit_time": [
      0.013492822647094727,
      0.013362646102905273,
      0.013434886932373047,
      0.013255119323730469,
      0.012815475463867188
    ],
    "score_time": [
      0.011430025100708008,
      0.01131749153137207,
      0.011448860168457031,
      0.01122283935546875,
      0.010610342025756836
    ],
    "test_r": [
      0.39464601443331726,
      0.5072025473344806,
      0.4679237420505003,
      0.17778588920702534,
      0.369009402699335
    ],
    "test_r2": [
      0.13499756179567157,
      0.24915147593143194,
      0.20585275493836752,
      -0.0831394680172044,
      0.1341560199841576
    ],
    "test_rmse": [
      -0.0893453219136258,
      -0.07135342434824128,
      -0.10030095909545621,
      -0.09452300071915652,
      -0.10021533617857971
    ],
    "test_mae": [
      -0.06674011780446103,
      -0.05895843270077524,
      -0.07566250399062016,
      -0.07520450267248066,
      -0.07891317551741478
    ]
  },
  "69": {
    "fit_time": [
      0.013528823852539062,
      0.013249635696411133,
      0.013668298721313477,
      0.013324975967407227,
      0.013213634490966797
    ],
    "score_time": [
      0.011448383331298828,
      0.011208295822143555,
      0.011336565017700195,
      0.011186361312866211,
      0.010770320892333984
    ],
    "test_r": [
      0.37254853232641016,
      0.4091093493002702,
      0.4198723160318349,
      0.5016952922057342,
      0.2469283535587348
    ],
    "test_r2": [
      0.07778254149673658,
      0.16683516061836856,
      0.15259539882392892,
      0.2312365407473872,
      0.0357299852233266
    ],
    "test_rmse": [
      -0.0850473419719261,
      -0.0935838740092468,
      -0.08280562832032823,
      -0.09293182077608306,
      -0.1019968617200966
    ],
    "test_mae": [
      -0.06995353036261162,
      -0.0695286304605975,
      -0.060299311122254874,
      -0.07190548427054612,
      -0.08273901836264129
    ]
  },
  "420": {
    "fit_time": [
      0.010783195495605469,
      0.010735034942626953,
      0.010662078857421875,
      0.010624885559082031,
      0.010331392288208008
    ],
    "score_time": [
      0.009154796600341797,
      0.009145021438598633,
      0.009163141250610352,
      0.008939504623413086,
      0.008524656295776367
    ],
    "test_r": [
      0.46490476358267413,
      0.1826258413546275,
      0.48267352686688647,
      0.42320712213758394,
      0.49255728927422116
    ],
    "test_r2": [
      0.186365639989718,
      -0.09092186963027671,
      0.22686372126454868,
      0.15706275313932194,
      0.22468302502285475
    ],
    "test_rmse": [
      -0.08699359267327875,
      -0.0977141358208719,
      -0.08351622737000587,
      -0.08699532457858773,
      -0.09798019529121572
    ],
    "test_mae": [
      -0.07068375971323243,
      -0.07081270527496801,
      -0.06727643904194641,
      -0.06709180218303974,
      -0.07510093234569713
    ]
  },
  "1234567890": {
    "fit_time": [
      0.010844707489013672,
      0.010654211044311523,
      0.010778665542602539,
      0.010764837265014648,
      0.01032710075378418
    ],
    "score_time": [
      0.009213924407958984,
      0.009066104888916016,
      0.009111166000366211,
      0.008982419967651367,
      0.007756948471069336
    ],
    "test_r": [
      0.33339846305763576,
      0.5011406570313099,
      0.3554319206325903,
      0.4185119202104532,
      0.38547643685920424
    ],
    "test_r2": [
      0.0929922219150584,
      0.23301340708834872,
      0.09569024375126611,
      0.17223189528626937,
      0.12353614142952118
    ],
    "test_rmse": [
      -0.08184142616701602,
      -0.09556145675743187,
      -0.11073046291481067,
      -0.08491866518305849,
      -0.07707739872899062
    ],
    "test_mae": [
      -0.06486995509851023,
      -0.07280420653621264,
      -0.08599829552435748,
      -0.06464175793050317,
      -0.0608037941511944
    ]
  },
  "473129": {
    "fit_time": [
      0.007924318313598633,
      0.007935762405395508,
      0.00775599479675293,
      0.007767677307128906,
      0.007387638092041016
    ],
    "score_time": [
      0.006692171096801758,
      0.006859302520751953,
      0.006617546081542969,
      0.0067462921142578125,
      0.0060520172119140625
    ],
    "test_r": [
      0.43707575485925054,
      0.3625347220566574,
      0.44900075081401336,
      0.41891826522500586,
      0.3536285552391815
    ],
    "test_r2": [
      0.17686798360350464,
      0.06857767136652226,
      0.19815268860161295,
      0.17380562418083612,
      0.10075110367711204
    ],
    "test_rmse": [
      -0.09174704410201148,
      -0.08702154571397311,
      -0.09796472348043868,
      -0.08869122900565937,
      -0.08590196303941702
    ],
    "test_mae": [
      -0.06782703689375179,
      -0.06836887814244255,
      -0.07556448528292511,
      -0.06622532939621092,
      -0.0706677168164442
    ]
  },
  "r_avg": 0.4000212345014949,
  "r_stdev": 0.08212587294647399,
  "r_stderr": 0.031040662288636788,
  "r2_avg": 0.14035029836910853,
  "r2_stdev": 0.08425652761426716,
  "r2_stderr": 0.03184597405731389,
  "rmse_avg": 0.09057648446231034,
  "rmse_stdev": 0.007622999810183539,
  "rmse_stderr": 0.0028812231060054605,
  "mae_avg": 0.0702779753750705,
  "mae_stdev": 0.0057884420892167976,
  "mae_stderr": 0.002187825463795257
}