{
  "6": {
    "fit_time": [
      3.7089169025421143,
      3.728125810623169,
      3.73445987701416,
      3.7904698848724365,
      3.7174928188323975
    ],
    "score_time": [
      0.08923768997192383,
      0.08639907836914062,
      0.08688116073608398,
      0.08170104026794434,
      0.08752107620239258
    ],
    "test_r": [
      0.5327428910003431,
      0.549144217651008,
      0.4952865653614141,
      0.576096910238469,
      0.43446748758411446
    ],
    "test_r2": [
      0.21502808626756054,
      0.2834034253340848,
      0.17590016257605268,
      0.3060436365067162,
      0.1582231331110402
    ],
    "test_rmse": [
      -8.506318168795975,
      -8.596563654253284,
      -8.242243633853317,
      -8.90423553547478,
      -8.915563539885941
    ],
    "test_mae": [
      -6.126199669134986,
      -6.067157469995288,
      -6.067816275300156,
      -6.537595719740196,
      -6.98668901287019
    ]
  },
  "13": {
    "fit_time": [
      3.697885036468506,
      3.6705431938171387,
      3.6836040019989014,
      3.7010011672973633,
      3.6815690994262695
    ],
    "score_time": [
      0.08437609672546387,
      0.08586287498474121,
      0.08668708801269531,
      0.08388686180114746,
      0.08619904518127441
    ],
    "test_r": [
      0.4874491573256432,
      0.48805941474122216,
      0.45878821380373525,
      0.4794464825534192,
      0.5383342644415874
    ],
    "test_r2": [
      0.16557446271708087,
      0.19574278611833962,
      0.1567987839370144,
      0.20359913561108367,
      0.23161150666464603
    ],
    "test_rmse": [
      -9.507215046003536,
      -8.657590902368849,
      -8.228095249704877,
      -8.50181347690005,
      -8.948291922434084
    ],
    "test_mae": [
      -6.9878625846329525,
      -6.19396514217477,
      -6.448328676177408,
      -6.146570359613752,
      -6.554559056884295
    ]
  },
  "42": {
    "fit_time": [
      3.662601947784424,
      3.649388074874878,
      3.6670713424682617,
      3.702755928039551,
      3.704054117202759
    ],
    "score_time": [
      0.09035897254943848,
      0.09150481224060059,
      0.09030890464782715,
      0.0856471061706543,
      0.08341693878173828
    ],
    "test_r": [
      0.5675152576806739,
      0.6276284479545412,
      0.4209832653448813,
      0.35123185158077125,
      0.5001588323057854
    ],
    "test_r2": [
      0.3074231864327345,
      0.3849290618569875,
      0.10619779158867282,
      0.048396043340769856,
      0.21586702342276476
    ],
    "test_rmse": [
      -7.994607121507592,
      -6.45804784589767,
      -10.640824507657278,
      -8.859790022849266,
      -9.536943857311138
    ],
    "test_mae": [
      -5.657821001475923,
      -5.187179485213128,
      -7.393788962928789,
      -6.834529319672655,
      -6.6814102328467975
    ]
  },
  "69": {
    "fit_time": [
      3.6836740970611572,
      3.712143898010254,
      3.700824737548828,
      3.710259199142456,
      3.6801438331604004
    ],
    "score_time": [
      0.09771585464477539,
      0.09476304054260254,
      0.09761428833007812,
      0.09179091453552246,
      0.09919118881225586
    ],
    "test_r": [
      0.4732571415696833,
      0.6717025168018352,
      0.5168009387526883,
      0.5940618038706819,
      0.3318838984258798
    ],
    "test_r2": [
      0.19458698628765136,
      0.40537193981922337,
      0.14835962861952245,
      0.34211329888130226,
      0.002577546055219093
    ],
    "test_rmse": [
      -7.947918341371713,
      -7.906026252838986,
      -8.301232321102793,
      -8.596934814195567,
      -10.373541502698574
    ],
    "test_mae": [
      -6.060383969504642,
      -5.8127186833665485,
      -6.119649992016481,
      -6.258806767131354,
      -7.728388024838158
    ]
  },
  "420": {
    "fit_time": [
      3.709092140197754,
      3.7198381423950195,
      3.678881883621216,
      3.6757049560546875,
      3.675679922103882
    ],
    "score_time": [
      0.08570694923400879,
      0.08585786819458008,
      0.08998513221740723,
      0.09059405326843262,
      0.08933615684509277
    ],
    "test_r": [
      0.3826370189157311,
      0.4696153818983741,
      0.6479831290642148,
      0.5148720958298776,
      0.6490200820400622
    ],
    "test_r2": [
      -0.019672453323884564,
      0.19579264982874178,
      0.3738162994962789,
      0.251829939633449,
      0.35404832564459465
    ],
    "test_rmse": [
      -9.738744450414716,
      -8.389664434452042,
      -7.516120272650425,
      -8.195934011489435,
      -8.943317901702532
    ],
    "test_mae": [
      -7.146460663582764,
      -6.058330125324809,
      -5.980077195491616,
      -5.6964358635571095,
      -6.453516392976962
    ]
  },
  "1234567890": {
    "fit_time": [
      3.745720148086548,
      3.8340260982513428,
      3.766774892807007,
      3.762366771697998,
      3.739703893661499
    ],
    "score_time": [
      0.12170195579528809,
      0.10124802589416504,
      0.11585116386413574,
      0.11857104301452637,
      0.1113429069519043
    ],
    "test_r": [
      0.49538183658871043,
      0.6161219093867091,
      0.426714076632992,
      0.6212715305883789,
      0.49190868708473173
    ],
    "test_r2": [
      0.21369600174805958,
      0.35857292310742517,
      0.11684784643606205,
      0.38593934144692665,
      0.16436503710766692
    ],
    "test_rmse": [
      -7.6201395552792,
      -8.739015706690749,
      -10.942744863483446,
      -7.313991509351053,
      -7.526071576471963
    ],
    "test_mae": [
      -6.015029632494257,
      -6.121298743123759,
      -7.9560423003734035,
      -5.954091521110114,
      -5.375644070388645
    ]
  },
  "473129": {
    "fit_time": [
      4.009136199951172,
      3.999506950378418,
      4.020628929138184,
      4.051544904708862,
      4.026607990264893
    ],
    "score_time": [
      0.10527372360229492,
      0.10399699211120605,
      0.10150003433227539,
      0.10795092582702637,
      0.10454106330871582
    ],
    "test_r": [
      0.4236805761655457,
      0.4529150171301752,
      0.5486962786845867,
      0.5611251657478964,
      0.5368944628098326
    ],
    "test_r2": [
      0.133870690911284,
      0.13885226959458596,
      0.2788785333156836,
      0.2653058507426538,
      0.28580012900191676
    ],
    "test_rmse": [
      -9.411280150155578,
      -8.367434113920416,
      -9.290264745604762,
      -8.363592154541768,
      -7.655490386461923
    ],
    "test_mae": [
      -6.765151855474612,
      -6.434250765791309,
      -6.522725275450182,
      -5.933517843441455,
      -6.042972210049069
    ]
  },
  "r_avg": 0.5123964802158913,
  "r_stdev": 0.08230658677537561,
  "r_stderr": 0.031108965695743073,
  "r2_avg": 0.2213054574239975,
  "r2_stdev": 0.10552186564682406,
  "r2_stderr": 0.03988351634015233,
  "rmse_avg": -8.618217244279293,
  "rmse_stdev": 0.9231607316586123,
  "rmse_stderr": 0.34892195944416005,
  "mae_avg": -6.3516275675471014,
  "mae_stdev": 0.5950909837421531,
  "mae_stderr": 0.2249232500626455
}