{
  "6": {
    "fit_time": [
      0.1629030704498291,
      0.1577613353729248,
      0.16002821922302246,
      0.16134333610534668,
      0.15595197677612305
    ],
    "score_time": [
      0.010047197341918945,
      0.010067224502563477,
      0.010275602340698242,
      0.010304689407348633,
      0.009706497192382812
    ],
    "test_r": [
      0.49290189279618557,
      0.5862704827453062,
      0.5169086092697484,
      0.5421076127556905,
      0.5373928258143044
    ],
    "test_r2": [
      0.19791426315480354,
      0.34215597352563043,
      0.18272083061762945,
      0.28210211893081616,
      0.2851225484787526
    ],
    "test_rmse": [
      -0.08598544846928385,
      -0.0823661918445056,
      -0.0820806427207376,
      -0.09056531331822948,
      -0.08216107361576606
    ],
    "test_mae": [
      -0.061701230776955315,
      -0.061742644122898746,
      -0.06123780393539992,
      -0.0651889505018005,
      -0.06401730689531378
    ]
  },
  "13": {
    "fit_time": [
      0.1617271900177002,
      0.15977692604064941,
      0.15741467475891113,
      0.1594855785369873,
      0.15684723854064941
    ],
    "score_time": [
      0.00995016098022461,
      0.010169744491577148,
      0.010233163833618164,
      0.00999760627746582,
      0.009766817092895508
    ],
    "test_r": [
      0.4842291724659261,
      0.5047474565026177,
      0.44918229052115477,
      0.46934344391754323,
      0.5772908083451792
    ],
    "test_r2": [
      0.18606019337682378,
      0.22842100011601374,
      0.1067146107520377,
      0.17232309304147897,
      0.31630069570860564
    ],
    "test_rmse": [
      -0.0938978543230605,
      -0.0847988137881251,
      -0.08468935275087162,
      -0.08667146357875567,
      -0.08440774274818101
    ],
    "test_mae": [
      -0.0692348689941507,
      -0.06151859201582149,
      -0.06730445973800506,
      -0.061494267627458715,
      -0.06126882794067005
    ]
  },
  "42": {
    "fit_time": [
      0.16042590141296387,
      0.16071557998657227,
      0.15881133079528809,
      0.16133737564086914,
      0.15778470039367676
    ],
    "score_time": [
      0.009854316711425781,
      0.010350942611694336,
      0.010238885879516602,
      0.009964942932128906,
      0.009782791137695312
    ],
    "test_r": [
      0.5916450794571759,
      0.6642897657878655,
      0.4396529722014239,
      0.3446277571328053,
      0.5151027389344709
    ],
    "test_r2": [
      0.3412540647260236,
      0.42463318695468644,
      0.16244785116381277,
      0.0065870097810802886,
      0.2479052692601973
    ],
    "test_rmse": [
      -0.07796902911966128,
      -0.062461305735563716,
      -0.10300551969714057,
      -0.09052326860107758,
      -0.09340080939926096
    ],
    "test_mae": [
      -0.0566455008175728,
      -0.04993266138900781,
      -0.07521852067278156,
      -0.06897907136329055,
      -0.06668219859639861
    ]
  },
  "69": {
    "fit_time": [
      0.15789103507995605,
      0.1593303680419922,
      0.16017436981201172,
      0.15915870666503906,
      0.15639019012451172
    ],
    "score_time": [
      0.010065793991088867,
      0.009985208511352539,
      0.010341405868530273,
      0.010101795196533203,
      0.009670734405517578
    ],
    "test_r": [
      0.43376260061749466,
      0.5661612905196483,
      0.5674449901888707,
      0.646879403760529,
      0.3688669702934155
    ],
    "test_r2": [
      0.08688144206035198,
      0.32028429547746606,
      0.23192903190668845,
      0.41767958907975533,
      0.08927370952978142
    ],
    "test_rmse": [
      -0.08462674945954238,
      -0.0845277296861419,
      -0.07883428315127515,
      -0.08088147942325045,
      -0.0991245925813578
    ],
    "test_mae": [
      -0.06304498962912888,
      -0.06261417193275474,
      -0.05741452484328668,
      -0.06075753232270733,
      -0.07331387596847598
    ]
  },
  "420": {
    "fit_time": [
      0.1598973274230957,
      0.1614675521850586,
      0.1602485179901123,
      0.15985679626464844,
      0.1548476219177246
    ],
    "score_time": [
      0.009945392608642578,
      0.010402441024780273,
      0.010242700576782227,
      0.010071516036987305,
      0.009450435638427734
    ],
    "test_r": [
      0.4846256988950629,
      0.4229381027030672,
      0.5843314513492541,
      0.5275789519860751,
      0.6342999178572677
    ],
    "test_r2": [
      0.17258229536148806,
      0.09668223317491931,
      0.3405288773890507,
      0.2406405827603929,
      0.3965739573128093
    ],
    "test_rmse": [
      -0.08772735412699255,
      -0.08891619048095988,
      -0.07713309060104341,
      -0.0825699425086066,
      -0.08643918813691664
    ],
    "test_mae": [
      -0.06467983195177839,
      -0.06540146683788317,
      -0.059212146818027035,
      -0.0601499631014131,
      -0.06155792746616038
    ]
  },
  "1234567890": {
    "fit_time": [
      0.1595602035522461,
      0.15981245040893555,
      0.16165518760681152,
      0.15993094444274902,
      0.15546441078186035
    ],
    "score_time": [
      0.009958744049072266,
      0.010466337203979492,
      0.009992122650146484,
      0.010123968124389648,
      0.00948023796081543
    ],
    "test_r": [
      0.47221561679760926,
      0.6188363416682864,
      0.47962302857048267,
      0.6092238635112555,
      0.5443594703042435
    ],
    "test_r2": [
      0.1942354435636644,
      0.38204576448779104,
      0.20548917575192926,
      0.34907131802245484,
      0.22048189634342563
    ],
    "test_rmse": [
      -0.07713860187038636,
      -0.08577624532849136,
      -0.10379069415160107,
      -0.07530356189062767,
      -0.07268974510677215
    ],
    "test_mae": [
      -0.06028452420959496,
      -0.06289686484642516,
      -0.07594721170627487,
      -0.0596686150053775,
      -0.05279342006805096
    ]
  },
  "473129": {
    "fit_time": [
      0.16002893447875977,
      0.16033411026000977,
      0.1636667251586914,
      0.16066551208496094,
      0.15578103065490723
    ],
    "score_time": [
      0.010245561599731445,
      0.009834527969360352,
      0.009976625442504883,
      0.010152101516723633,
      0.009740829467773438
    ],
    "test_r": [
      0.4934036534322353,
      0.5149362563945419,
      0.600778439593885,
      0.481392083500253,
      0.5366975186817429
    ],
    "test_r2": [
      0.21576047745694837,
      0.1805811801273084,
      0.35618856650519604,
      0.21231974219900396,
      0.2730870742288559
    ],
    "test_rmse": [
      -0.0895533211422391,
      -0.08162185071634459,
      -0.08778154509038846,
      -0.08659933083295505,
      -0.07723325302150685
    ],
    "test_mae": [
      -0.06520802949691677,
      -0.06332795627759992,
      -0.06206297717901049,
      -0.06357100245431495,
      -0.06076590787280789
    ]
  },
  "r_avg": 0.5229728159792176,
  "r_stdev": 0.07389879176489245,
  "r_stderr": 0.02793111788543619,
  "r2_avg": 0.24185655320936214,
  "r2_stdev": 0.10063469573184326,
  "r2_stderr": 0.038036339738730066,
  "rmse_avg": 0.08495007368621772,
  "rmse_stdev": 0.007985413588480835,
  "rmse_stderr": 0.003018202638730881,
  "mae_avg": 0.063052567010729,
  "mae_stdev": 0.005248281493675342,
  "mae_stderr": 0.001983663948961081
}