{
  "6": {
    "fit_time": [
      0.061990976333618164,
      0.06607460975646973,
      0.07743501663208008,
      0.0722196102142334,
      0.05024456977844238
    ],
    "score_time": [
      0.031583547592163086,
      0.030920982360839844,
      0.030197620391845703,
      0.029937028884887695,
      0.011383056640625
    ],
    "test_r": [
      0.5055143274950016,
      0.5395333126571946,
      0.5041342064808836,
      0.5696496271068441,
      0.5139635581991845
    ],
    "test_r2": [
      0.21029732906548815,
      0.2633896265055332,
      0.18697732609911133,
      0.2952462941356754,
      0.24623533583761126
    ],
    "test_rmse": [
      -0.08531912000291202,
      -0.08715783516649671,
      -0.08186662039819258,
      -0.08973239146326352,
      -0.0843661427227543
    ],
    "test_mae": [
      -0.060702491471267064,
      -0.06134768450415464,
      -0.06039051408452445,
      -0.0654715029983825,
      -0.0686589845881046
    ]
  },
  "13": {
    "fit_time": [
      0.019337892532348633,
      0.019295692443847656,
      0.01995110511779785,
      0.01938319206237793,
      0.018512487411499023
    ],
    "score_time": [
      0.009058952331542969,
      0.009127616882324219,
      0.009130001068115234,
      0.009337663650512695,
      0.008692741394042969
    ],
    "test_r": [
      0.531039174691119,
      0.5543723132032212,
      0.4501892263789096,
      0.5392668943962796,
      0.4922468179141156
    ],
    "test_r2": [
      0.2172223826804175,
      0.2943136528533862,
      0.18083065545510912,
      0.27082646850657655,
      0.18680194236953052
    ],
    "test_rmse": [
      -0.09208284384906923,
      -0.08109712073368322,
      -0.08109994210109778,
      -0.08135067468572992,
      -0.09205510628034261
    ],
    "test_mae": [
      -0.06915744105439438,
      -0.059933967062202234,
      -0.06312032585767227,
      -0.058800540290491345,
      -0.06548225979950037
    ]
  },
  "42": {
    "fit_time": [
      0.018743038177490234,
      0.01851201057434082,
      0.01856684684753418,
      0.01925039291381836,
      0.019623994827270508
    ],
    "score_time": [
      0.009102106094360352,
      0.008946657180786133,
      0.008992671966552734,
      0.009070396423339844,
      0.008647441864013672
    ],
    "test_r": [
      0.4543929693260165,
      0.6754268552666646,
      0.5611344340361021,
      0.36116657362991034,
      0.5252892259170943
    ],
    "test_r2": [
      0.1780947317893632,
      0.43717040024523046,
      0.2879896474696051,
      0.03512338904727452,
      0.25107435231273934
    ],
    "test_rmse": [
      -0.08709115179843528,
      -0.06177704337411144,
      -0.09497246782809993,
      -0.08921362763995859,
      -0.09320382132359673
    ],
    "test_mae": [
      -0.06229718044336503,
      -0.05048254966389336,
      -0.06765831124910861,
      -0.06853346471475262,
      -0.0688767252508155
    ]
  },
  "69": {
    "fit_time": [
      0.019130706787109375,
      0.019942522048950195,
      0.018405914306640625,
      0.019049882888793945,
      0.01778101921081543
    ],
    "score_time": [
      0.00906825065612793,
      0.009401798248291016,
      0.00910806655883789,
      0.009113788604736328,
      0.008463621139526367
    ],
    "test_r": [
      0.5174956076614696,
      0.5741064506686164,
      0.48170404351234086,
      0.5936172079331417,
      0.3783027350257771
    ],
    "test_r2": [
      0.2373740054704322,
      0.3004172493607197,
      0.1460115768891903,
      0.3302227517990137,
      0.08867162615948887
    ],
    "test_rmse": [
      -0.07733923595731489,
      -0.08575414056195377,
      -0.08312668079044627,
      -0.08674276777469819,
      -0.09915735292264023
    ],
    "test_mae": [
      -0.057659157955321456,
      -0.06274351604494403,
      -0.057332348034019785,
      -0.06489347493102332,
      -0.07767470555681734
    ]
  },
  "420": {
    "fit_time": [
      0.01510930061340332,
      0.015406370162963867,
      0.014838457107543945,
      0.014821529388427734,
      0.014892101287841797
    ],
    "score_time": [
      0.007253885269165039,
      0.007244586944580078,
      0.007131099700927734,
      0.0071392059326171875,
      0.006765127182006836
    ],
    "test_r": [
      0.43883740764502466,
      0.39744889489788876,
      0.6540704835365296,
      0.5007420584888943,
      0.6034715593587402
    ],
    "test_r2": [
      0.11288801263565407,
      0.10219149745211176,
      0.3932187071934339,
      0.22720700717041975,
      0.3233894858461517
    ],
    "test_rmse": [
      -0.09083680498845899,
      -0.08864462935098844,
      -0.07398759883395643,
      -0.08329709936791754,
      -0.09153096171905344
    ],
    "test_mae": [
      -0.06913982595180283,
      -0.06300557938948802,
      -0.057028119594683256,
      -0.06206379970509796,
      -0.06623217153705453
    ]
  },
  "1234567890": {
    "fit_time": [
      0.014709234237670898,
      0.015266895294189453,
      0.015747547149658203,
      0.01546931266784668,
      0.015700817108154297
    ],
    "score_time": [
      0.007039785385131836,
      0.007245302200317383,
      0.0071752071380615234,
      0.0071408748626708984,
      0.00687861442565918
    ],
    "test_r": [
      0.42638277050811985,
      0.6141770553745115,
      0.45367302873041937,
      0.5901904941595153,
      0.5097266941675641
    ],
    "test_r2": [
      0.142452763686565,
      0.3544475358627257,
      0.15923926846527714,
      0.34634596256561956,
      0.18586539023291004
    ],
    "test_rmse": [
      -0.07957867593744382,
      -0.08767073488607563,
      -0.10676888738380653,
      -0.07546104043676906,
      -0.07428620146957413
    ],
    "test_mae": [
      -0.061163120917905864,
      -0.06155214588506343,
      -0.08022232152755508,
      -0.06017664672406822,
      -0.05398477058983404
    ]
  },
  "473129": {
    "fit_time": [
      0.01512908935546875,
      0.015081405639648438,
      0.01621866226196289,
      0.015366554260253906,
      0.014352798461914062
    ],
    "score_time": [
      0.007636070251464844,
      0.007136106491088867,
      0.007373809814453125,
      0.007292985916137695,
      0.006592512130737305
    ],
    "test_r": [
      0.5320528466000862,
      0.4313945738966596,
      0.5778037984409561,
      0.5313191649282816,
      0.5374960041758331
    ],
    "test_r2": [
      0.25193488091686356,
      0.10835177119319417,
      0.31163203577488197,
      0.2518399145633281,
      0.28840288876615316
    ],
    "test_rmse": [
      -0.08746353705642473,
      -0.08514325445254957,
      -0.09076830041216746,
      -0.08439890717084929,
      -0.0764152819614139
    ],
    "test_mae": [
      -0.06371014510780384,
      -0.06467271591022848,
      -0.06601428262978247,
      -0.0609051156703034,
      -0.05891447709520362
    ]
  },
  "r_avg": 0.5177523541831117,
  "r_stdev": 0.0720218400652661,
  "r_stderr": 0.02722169682542315,
  "r2_avg": 0.23439136761076534,
  "r2_stdev": 0.0897340094288756,
  "r2_stderr": 0.033916267584789994,
  "rmse_avg": 0.08545022865149274,
  "rmse_stdev": 0.00795017429218128,
  "rmse_stderr": 0.0030048834366758034,
  "mae_avg": 0.06342863953687512,
  "mae_stdev": 0.005734117058998103,
  "mae_stderr": 0.0021672925323774376
}