Dataset,num_of_folds,Features,Targets,Model,r_mean,r_std,r2_mean,r2_std,rmse_mean,rmse_std,mae_mean,mae_std,num_of_data
OPV_Min,5,DA_tokenized_BRICS,calc_PCE_percent,KNN,0.4621313572842616,0.0758690816690491,0.1851078211966673,0.09235114391605034,2.7506630324536743,0.1761565347347223,2.068073243899333,0.16155897314104664,553
