{
  "6": {
    "fit_time": [
      5.902773380279541,
      6.918158769607544,
      6.262095928192139,
      6.49640965461731,
      3.2336223125457764
    ],
    "score_time": [
      0.04686141014099121,
      0.046863555908203125,
      0.0468597412109375,
      0.06248664855957031,
      0.031246423721313477
    ],
    "test_r": [
      0.517700680151902,
      0.3411481179554279,
      0.516495120492757,
      0.5809940295772201,
      0.3980937501541425
    ],
    "test_r2": [
      0.2120925772353276,
      0.03217532709317983,
      0.22157875203343735,
      0.29426708109788857,
      0.12654024158686739
    ],
    "test_rmse": [
      -8.522208592327472,
      -9.99046871324573,
      -8.010559942053504,
      -8.979470871435442,
      -9.081796302595253
    ],
    "test_mae": [
      -6.193649970463345,
      -7.175865693773541,
      -6.083900715964181,
      -6.429819507770709,
      -6.6581897866188955
    ]
  },
  "13": {
    "fit_time": [
      5.264390468597412,
      5.998592138290405,
      5.061316728591919,
      5.4049835205078125,
      2.7493889331817627
    ],
    "score_time": [
      0.04686331748962402,
      0.046868324279785156,
      0.03124070167541504,
      0.04686880111694336,
      0.031208276748657227
    ],
    "test_r": [
      0.2531196086169847,
      0.530523752696108,
      0.4210061055530395,
      0.46817778887245354,
      0.46466573016859947
    ],
    "test_r2": [
      -0.16132910323372074,
      0.26326692786037054,
      0.16125828328472758,
      0.17251675084909412,
      0.1773790370636008
    ],
    "test_rmse": [
      -11.215978775031736,
      -8.286185674878931,
      -8.206308143083577,
      -8.666132339760622,
      -9.258691287793038
    ],
    "test_mae": [
      -7.777341339928763,
      -6.0417806380135675,
      -6.323168463025774,
      -6.076157406643704,
      -6.955775902550499
    ]
  },
  "42": {
    "fit_time": [
      5.561192989349365,
      5.155039548873901,
      5.186281442642212,
      5.295630931854248,
      2.7181122303009033
    ],
    "score_time": [
      0.09373354911804199,
      0.031241893768310547,
      0.04686594009399414,
      0.062485694885253906,
      0.03127694129943848
    ],
    "test_r": [
      0.3933302502226236,
      0.4867121080751098,
      0.4015635094096661,
      0.34002041185801557,
      0.40811858674905266
    ],
    "test_r2": [
      0.10488175590922522,
      0.19580891727678318,
      0.12499037830814264,
      -0.01710584320773134,
      0.13942931460550145
    ],
    "test_rmse": [
      -9.088733235660987,
      -7.384452158559698,
      -10.528366225520745,
      -9.15963956409996,
      -9.990969676805026
    ],
    "test_mae": [
      -6.389462210791452,
      -5.578919591903686,
      -7.1211068739209855,
      -6.629120715716937,
      -7.111346630749402
    ]
  },
  "69": {
    "fit_time": [
      5.186285018920898,
      5.420605897903442,
      5.2331483364105225,
      5.342499017715454,
      2.5618996620178223
    ],
    "score_time": [
      0.062484025955200195,
      0.046860456466674805,
      0.04686331748962402,
      0.046861886978149414,
      0.031240463256835938
    ],
    "test_r": [
      0.5122609320031533,
      0.4927074889029772,
      0.2958364781280427,
      0.44004890571652344,
      0.5027019362251082
    ],
    "test_r2": [
      0.25026024425578086,
      0.21028251664992492,
      -0.05846427961663858,
      0.16959162869081323,
      0.198758356056422
    ],
    "test_rmse": [
      -7.668304419123103,
      -9.111112912702337,
      -9.254491293152581,
      -9.658594633899131,
      -9.297565253794154
    ],
    "test_mae": [
      -5.876145386014666,
      -6.280291748046875,
      -6.545662375858852,
      -6.830925016660948,
      -7.010953667443077
    ]
  },
  "420": {
    "fit_time": [
      5.217528820037842,
      5.233149766921997,
      5.373741865158081,
      5.420605897903442,
      2.499419689178467
    ],
    "score_time": [
      0.04686284065246582,
      0.04686570167541504,
      0.04686403274536133,
      0.031242847442626953,
      0.03123927116394043
    ],
    "test_r": [
      0.5537202604674788,
      0.4752732320162143,
      0.5317602906177503,
      0.6011837103718418,
      0.3765022920702489
    ],
    "test_r2": [
      0.1816049926452875,
      0.1935057977131487,
      0.2672955840639806,
      0.3613258907413667,
      0.07575881233762549
    ],
    "test_rmse": [
      -8.724772511966204,
      -8.401584433625693,
      -8.130312640713147,
      -7.572476706246066,
      -10.697722144679688
    ],
    "test_mae": [
      -6.37669540132795,
      -6.080863065719605,
      -6.028338357380458,
      -5.763966692675342,
      -7.46355925551406
    ]
  },
  "1234567890": {
    "fit_time": [
      5.1394243240356445,
      6.123566627502441,
      5.842377662658691,
      4.967585325241089,
      2.9055702686309814
    ],
    "score_time": [
      0.0468592643737793,
      0.06248593330383301,
      0.046865224838256836,
      0.046863555908203125,
      0.031244754791259766
    ],
    "test_r": [
      0.49735755029471884,
      0.41239713572774483,
      0.4363341170204371,
      0.506962759287765,
      0.4692965620210465
    ],
    "test_r2": [
      0.1800303668486839,
      0.15841088081033206,
      0.11968215351828382,
      0.25402211931680885,
      0.12953314333282973
    ],
    "test_rmse": [
      -7.7815581566973355,
      -10.01011187622247,
      -10.925171434374416,
      -8.061424481686672,
      -7.68132539498227
    ],
    "test_mae": [
      -5.855289320264544,
      -6.949031273978096,
      -7.914909178870066,
      -5.748078617405247,
      -5.717471398705835
    ]
  },
  "473129": {
    "fit_time": [
      5.373743295669556,
      5.5611982345581055,
      5.295637845993042,
      5.483089923858643,
      3.061784267425537
    ],
    "score_time": [
      0.062486886978149414,
      0.04686450958251953,
      0.04686379432678223,
      0.04686713218688965,
      0.03124260902404785
    ],
    "test_r": [
      0.45117087383992827,
      0.47689643278479354,
      0.4163101150844781,
      0.45637547780106036,
      0.45481628527517554
    ],
    "test_r2": [
      0.10472673232359997,
      0.17245703825451653,
      0.1432662077622998,
      0.1689962679316841,
      0.2044266091773993
    ],
    "test_rmse": [
      -9.568307907072882,
      -8.202547336879741,
      -10.126207603251578,
      -8.894899448152897,
      -8.079849218037445
    ],
    "test_mae": [
      -6.49810877255031,
      -6.2937400381905695,
      -7.203676714215959,
      -6.5259150228414455,
      -6.110712750409101
    ]
  },
  "r_avg": 0.4537594967488454,
  "r_stdev": 0.07476955728277208,
  "r_stderr": 0.028260236315516177,
  "r2_avg": 0.15809204173076694,
  "r2_stdev": 0.09734270079416406,
  "r2_stderr": 0.0367920826069611,
  "rmse_avg": -8.977665751717474,
  "rmse_stdev": 0.9966627389204794,
  "rmse_stderr": 0.376703106884012,
  "mae_avg": -6.5034268429116695,
  "mae_stdev": 0.5814000680274203,
  "mae_stderr": 0.21974857031951275
}