{
  "6": {
    "fit_time": [
      0.08279013633728027,
      0.07982683181762695,
      0.07834005355834961,
      0.08233284950256348,
      0.08106613159179688
    ],
    "score_time": [
      0.028230905532836914,
      0.027408838272094727,
      0.02992701530456543,
      0.029263973236083984,
      0.026352882385253906
    ],
    "test_r": [
      0.6496689613295097,
      0.6335921362972678,
      0.7602950985240244,
      0.7315592028918623,
      0.5959789359344664
    ],
    "test_r2": [
      0.41880432590538086,
      0.398612827615077,
      0.5663876292711023,
      0.45271163544280757,
      0.33808516289341595
    ],
    "test_rmse": [
      -3.338362968323148,
      -4.115717224200735,
      -3.074844557340227,
      -3.4906092561429745,
      -3.709357733565372
    ],
    "test_mae": [
      -2.3803392475268845,
      -2.7884751712509193,
      -2.3269820000412484,
      -2.426997811864591,
      -2.585753038977676
    ]
  },
  "13": {
    "fit_time": [
      0.117523193359375,
      0.1223001480102539,
      0.1181328296661377,
      0.12025022506713867,
      0.11303400993347168
    ],
    "score_time": [
      0.032074689865112305,
      0.029994964599609375,
      0.030820846557617188,
      0.03168892860412598,
      0.03165006637573242
    ],
    "test_r": [
      0.610527476322294,
      0.6808337527615688,
      0.7586804179057611,
      0.7115357093703645,
      0.5904991168423787
    ],
    "test_r2": [
      0.3656188178347075,
      0.4408545839039161,
      0.570951994872549,
      0.49739896382500015,
      0.32541985715556054
    ],
    "test_rmse": [
      -3.8850182126642556,
      -3.757399637486494,
      -2.96696901352703,
      -3.2687247701990216,
      -3.753583573282814
    ],
    "test_mae": [
      -2.7068122796396197,
      -2.6975962544298637,
      -2.177057517538081,
      -2.350416237709313,
      -2.542408165763187
    ]
  },
  "42": {
    "fit_time": [
      0.10640120506286621,
      0.11382079124450684,
      0.10979104042053223,
      0.11758065223693848,
      0.11429786682128906
    ],
    "score_time": [
      0.03854203224182129,
      0.0335543155670166,
      0.03356599807739258,
      0.033712148666381836,
      0.035323143005371094
    ],
    "test_r": [
      0.7772986154541595,
      0.7206043241332043,
      0.6479404566710842,
      0.6522969826073513,
      0.5176603650682664
    ],
    "test_r2": [
      0.5897634343869269,
      0.5072476502341865,
      0.3823115820408992,
      0.39578256452542493,
      0.257992573995413
    ],
    "test_rmse": [
      -2.9966558764368036,
      -2.8790020910398555,
      -4.315192949755836,
      -3.5281999760670892,
      -3.9937453115872588
    ],
    "test_mae": [
      -2.3062233240971506,
      -2.158625998684537,
      -3.050782430907021,
      -2.384012450949573,
      -2.683596161931518
    ]
  },
  "69": {
    "fit_time": [
      0.13564705848693848,
      0.1369779109954834,
      0.13872480392456055,
      0.13500714302062988,
      0.13017892837524414
    ],
    "score_time": [
      0.0379488468170166,
      0.03702902793884277,
      0.03654193878173828,
      0.03821706771850586,
      0.036026954650878906
    ],
    "test_r": [
      0.7059025861864883,
      0.6862811852910939,
      0.7134978474605176,
      0.6442674529315978,
      0.5948794411061942
    ],
    "test_r2": [
      0.4931072371781009,
      0.45806587867808357,
      0.48845242387957966,
      0.41223344763787895,
      0.32871417719773377
    ],
    "test_rmse": [
      -3.1967524553653326,
      -3.633072621877421,
      -3.2962180546599362,
      -3.757549883147882,
      -3.867304113628847
    ],
    "test_mae": [
      -2.250110398268585,
      -2.5403361375580653,
      -2.300064297387582,
      -2.6216900089837094,
      -2.7371074161775044
    ]
  },
  "420": {
    "fit_time": [
      0.12661409378051758,
      0.1250009536743164,
      0.12219023704528809,
      0.12170004844665527,
      0.12088608741760254
    ],
    "score_time": [
      0.03624606132507324,
      0.03513503074645996,
      0.03379678726196289,
      0.033978939056396484,
      0.03384661674499512
    ],
    "test_r": [
      0.6634317275628401,
      0.5939274469003641,
      0.7825393225384485,
      0.7172491430511303,
      0.611642376952427
    ],
    "test_r2": [
      0.4153324742027662,
      0.33181090929371115,
      0.6058933094733534,
      0.49065574481806473,
      0.35224244767623236
    ],
    "test_rmse": [
      -3.566999809309298,
      -3.6663255923155855,
      -2.740603968566725,
      -3.665246170288676,
      -3.9867195480874718
    ],
    "test_mae": [
      -2.491654499608507,
      -2.5542899281328886,
      -2.0140525710710064,
      -2.629168159561036,
      -2.764241454941929
    ]
  },
  "1234567890": {
    "fit_time": [
      0.1551201343536377,
      0.15263795852661133,
      0.15214967727661133,
      0.15091681480407715,
      0.14194989204406738
    ],
    "score_time": [
      0.03334784507751465,
      0.03429818153381348,
      0.03493332862854004,
      0.03320908546447754,
      0.034358978271484375
    ],
    "test_r": [
      0.7550435782719656,
      0.6672222431436183,
      0.5819841048030574,
      0.6786848694081657,
      0.6462115435274477
    ],
    "test_r2": [
      0.5528321762067282,
      0.44227659624980165,
      0.3182822142799977,
      0.45674831503324886,
      0.3950095379064492
    ],
    "test_rmse": [
      -3.045716367601376,
      -3.637859420528637,
      -4.368001871880827,
      -3.4204109086653705,
      -3.295308008319785
    ],
    "test_mae": [
      -2.3133397496050407,
      -2.6023990770580525,
      -3.0296661537929657,
      -2.3870466760770244,
      -2.2471145006213566
    ]
  },
  "473129": {
    "fit_time": [
      0.1468489170074463,
      0.14923906326293945,
      0.14897704124450684,
      0.14920926094055176,
      0.14657926559448242
    ],
    "score_time": [
      0.036138057708740234,
      0.03598213195800781,
      0.036376953125,
      0.03657793998718262,
      0.03672289848327637
    ],
    "test_r": [
      0.6493045914305466,
      0.754424255737729,
      0.6352451286896902,
      0.6717197430079532,
      0.667164402190583
    ],
    "test_r2": [
      0.41523588086750385,
      0.5296368746950842,
      0.3675786194674694,
      0.4314557582905061,
      0.4134956945463456
    ],
    "test_rmse": [
      -3.8116677131226178,
      -3.16182410940714,
      -3.813081357543313,
      -3.7897332135498343,
      -3.0764470425587915
    ],
    "test_mae": [
      -2.7803610142533293,
      -2.347797662083797,
      -2.4721525575641983,
      -2.647945785374867,
      -2.262253186012864
    ]
  },
  "r_avg": 0.6702741297801548,
  "r_stdev": 0.06212685686112985,
  "r_stderr": 0.023481744713236635,
  "r2_avg": 0.4344858091851716,
  "r2_stdev": 0.08372777307939165,
  "r2_stderr": 0.03164612362818842,
  "rmse_avg": -3.5391492966298226,
  "rmse_stdev": 0.3987898171537959,
  "rmse_stderr": 0.15072838308198055,
  "mae_avg": -2.5016819807270143,
  "mae_stdev": 0.23538582936980157,
  "mae_stderr": 0.08896748095159693
}