{
  "6": {
    "fit_time": [
      0.03859233856201172,
      0.038344621658325195,
      0.06694889068603516,
      0.05304455757141113,
      0.03413128852844238
    ],
    "score_time": [
      0.01847386360168457,
      0.01758861541748047,
      0.01763129234313965,
      0.018400192260742188,
      0.016854524612426758
    ],
    "test_r": [
      0.6568088644854237,
      0.6415835801478184,
      0.7667871388685317,
      0.7411968458907586,
      0.5910172822546903
    ],
    "test_r2": [
      0.42986733493247453,
      0.40915473783884326,
      0.5726144848202892,
      0.4733456166832831,
      0.33704744981176205
    ],
    "test_rmse": [
      -3.306437590050068,
      -4.079484870948888,
      -3.0526866917316235,
      -3.424175219767681,
      -3.712264256694194
    ],
    "test_mae": [
      -2.363384364101889,
      -2.7875458788676335,
      -2.317499638857285,
      -2.387645755000567,
      -2.558861291840307
    ]
  },
  "13": {
    "fit_time": [
      0.12815141677856445,
      0.12393593788146973,
      0.12569856643676758,
      0.12337803840637207,
      0.03253602981567383
    ],
    "score_time": [
      0.01985907554626465,
      0.02177119255065918,
      0.019196033477783203,
      0.020217418670654297,
      0.01653432846069336
    ],
    "test_r": [
      0.6050352869129345,
      0.6917471064034004,
      0.7459175992822705,
      0.724608451716886,
      0.6051250262338325
    ],
    "test_r2": [
      0.3611497358328982,
      0.45546000927255725,
      0.5534763181857041,
      0.5162392277462166,
      0.3525285352186759
    ],
    "test_rmse": [
      -3.8986787640552247,
      -3.708001443188822,
      -3.026790175595037,
      -3.206874680573708,
      -3.677389484434951
    ],
    "test_mae": [
      -2.7088122230019764,
      -2.7108551594014543,
      -2.2006738507381463,
      -2.3289984941299955,
      -2.4953046985598992
    ]
  },
  "42": {
    "fit_time": [
      0.14615535736083984,
      0.14722633361816406,
      0.14441537857055664,
      0.14145255088806152,
      0.03428196907043457
    ],
    "score_time": [
      0.022537708282470703,
      0.02213883399963379,
      0.023853063583374023,
      0.022711515426635742,
      0.01576685905456543
    ],
    "test_r": [
      0.7744651752177908,
      0.7397462920668927,
      0.6487163921155217,
      0.6700728159900063,
      0.5275588324682557
    ],
    "test_r2": [
      0.5823098246787789,
      0.5294742727991651,
      0.3865585645023595,
      0.42823654593037086,
      0.27232720168974867
    ],
    "test_rmse": [
      -3.023756531262456,
      -2.813321178889432,
      -4.300332577973277,
      -3.432138163591959,
      -3.954980167809165
    ],
    "test_mae": [
      -2.308330491445567,
      -2.0934530750978517,
      -3.0594273290102305,
      -2.313041087636222,
      -2.66034895982282
    ]
  },
  "69": {
    "fit_time": [
      0.1513528823852539,
      0.14917707443237305,
      0.1468801498413086,
      0.1441347599029541,
      0.03413081169128418
    ],
    "score_time": [
      0.02295708656311035,
      0.02445197105407715,
      0.024114370346069336,
      0.0242156982421875,
      0.015739917755126953
    ],
    "test_r": [
      0.7139812039346304,
      0.6926907869935304,
      0.7115776084524923,
      0.6369677469637312,
      0.5945560082608519
    ],
    "test_r2": [
      0.5050647054121492,
      0.471331107468109,
      0.4857025151717199,
      0.4043567287757761,
      0.3402503105489887
    ],
    "test_rmse": [
      -3.158822150011746,
      -3.588332755567279,
      -3.305065862886411,
      -3.7826437441206635,
      -3.833930048132274
    ],
    "test_mae": [
      -2.1947117079155793,
      -2.5241426498582102,
      -2.3280527031712013,
      -2.633518684454009,
      -2.776374442708659
    ]
  },
  "420": {
    "fit_time": [
      0.13948512077331543,
      0.13581514358520508,
      0.13887619972229004,
      0.1404860019683838,
      0.03370928764343262
    ],
    "score_time": [
      0.02516341209411621,
      0.02399134635925293,
      0.023669958114624023,
      0.021984338760375977,
      0.017203807830810547
    ],
    "test_r": [
      0.6795117659873215,
      0.6037587149485473,
      0.7854548562412546,
      0.7196903537569614,
      0.599640848742205
    ],
    "test_r2": [
      0.4366242078374303,
      0.3497527808318579,
      0.6103031306127746,
      0.49267908655011383,
      0.3453186016945896
    ],
    "test_rmse": [
      -3.5014480784260775,
      -3.616767502144862,
      -2.7252279654555975,
      -3.6579589327464372,
      -4.007969829716748
    ],
    "test_mae": [
      -2.4471716391359877,
      -2.5518411931935074,
      -2.0262842303525725,
      -2.6510917123835234,
      -2.7463923222665287
    ]
  },
  "1234567890": {
    "fit_time": [
      0.1503276824951172,
      0.15062618255615234,
      0.1493535041809082,
      0.14685440063476562,
      0.03379511833190918
    ],
    "score_time": [
      0.02606964111328125,
      0.024989604949951172,
      0.023023366928100586,
      0.023306846618652344,
      0.015822649002075195
    ],
    "test_r": [
      0.7577420282033814,
      0.6714628337425499,
      0.5798958620287703,
      0.6850749517856484,
      0.6566401279372217
    ],
    "test_r2": [
      0.5591659072432604,
      0.44860365162120275,
      0.32220793446278573,
      0.46152318672087533,
      0.41798235837908404
    ],
    "test_rmse": [
      -3.024069522295166,
      -3.6171658390189285,
      -4.3554069893997855,
      -3.4053460045580315,
      -3.2321374718279814
    ],
    "test_mae": [
      -2.315739546640453,
      -2.590948467824352,
      -3.0836323474132405,
      -2.3693864246535923,
      -2.2441029899716636
    ]
  },
  "473129": {
    "fit_time": [
      0.1494307518005371,
      0.1522068977355957,
      0.15072417259216309,
      0.15005898475646973,
      0.03475809097290039
    ],
    "score_time": [
      0.02561783790588379,
      0.02451181411743164,
      0.02339649200439453,
      0.023154020309448242,
      0.016739368438720703
    ],
    "test_r": [
      0.6512314720098912,
      0.7638458441036048,
      0.6477007527357046,
      0.6742908779058022,
      0.6604707863253784
    ],
    "test_r2": [
      0.42112412000806454,
      0.5391197325794048,
      0.39305317147905117,
      0.4379048925469431,
      0.39201622003017456
    ],
    "test_rmse": [
      -3.792428505275163,
      -3.1297895065395878,
      -3.735494686131501,
      -3.7681779844155083,
      -3.1322746660623917
    ],
    "test_mae": [
      -2.753003226249901,
      -2.3411374571167616,
      -2.4145603003043696,
      -2.6369175017488224,
      -2.279736928371699
    ]
  },
  "r_avg": 0.6747592034604141,
  "r_stdev": 0.06261243600451855,
  "r_stderr": 0.023665276378271816,
  "r2_avg": 0.4426821202833567,
  "r2_stdev": 0.08167455337763939,
  "r2_stderr": 0.03087007952564347,
  "rmse_avg": 3.5139362811799604,
  "rmse_stdev": 0.39640182721736195,
  "rmse_stderr": 0.14982580772410495,
  "mae_avg": 2.491512250664185,
  "mae_stdev": 0.24442175351653353,
  "mae_stderr": 0.09238273925986783
}