{
  "6": {
    "fit_time": [
      5.122602462768555,
      5.218784809112549,
      5.21824312210083,
      5.229633092880249,
      5.1005027294158936
    ],
    "score_time": [
      0.02756190299987793,
      0.030089378356933594,
      0.03108501434326172,
      0.030631542205810547,
      0.026135683059692383
    ],
    "test_r": [
      0.830482296805343,
      0.8374756616070214,
      0.7442712976060161,
      0.8390628905121403,
      0.7913303629833033
    ],
    "test_r2": [
      0.6822806885422106,
      0.6987054913390409,
      0.5463786200635214,
      0.6977374195699497,
      0.6233243782502453
    ],
    "test_rmse": [
      -2.5563173187226718,
      -2.7281065534592694,
      -2.975599787945054,
      -2.7987043130052323,
      -2.728033241610968
    ],
    "test_mae": [
      -1.8164412787638673,
      -1.828356007028509,
      -1.9165107941185984,
      -2.011184596132349,
      -1.8641128829673481
    ]
  },
  "13": {
    "fit_time": [
      5.10268759727478,
      5.247092247009277,
      5.215850114822388,
      5.242438316345215,
      5.122375965118408
    ],
    "score_time": [
      0.02733016014099121,
      0.028031587600708008,
      0.030165910720825195,
      0.029021501541137695,
      0.026106834411621094
    ],
    "test_r": [
      0.8063491110192739,
      0.8086081628700933,
      0.7386044553217042,
      0.7731157993164661,
      0.8655928509432395
    ],
    "test_r2": [
      0.6354400016511614,
      0.6342624972808181,
      0.5098578760441301,
      0.5856429789885955,
      0.7480250548396958
    ],
    "test_rmse": [
      -2.560571348304219,
      -2.883673578266476,
      -2.87237499525593,
      -3.133281698613474,
      -2.716667539322312
    ],
    "test_mae": [
      -1.78649307736563,
      -1.8774995798534817,
      -1.9577718423914023,
      -2.059584145104443,
      -1.7649390285544924
    ]
  },
  "42": {
    "fit_time": [
      5.231817245483398,
      5.23927640914917,
      5.239078044891357,
      5.2111687660217285,
      5.101020812988281
    ],
    "score_time": [
      0.029467344284057617,
      0.030182838439941406,
      0.028773784637451172,
      0.027576684951782227,
      0.025871992111206055
    ],
    "test_r": [
      0.7373909571886873,
      0.7831131368787599,
      0.8132309912521808,
      0.8107418011711898,
      0.8558706650410643
    ],
    "test_r2": [
      0.5378453203956783,
      0.6006848854801157,
      0.6348750729553497,
      0.6495405631638312,
      0.7268871489288418
    ],
    "test_rmse": [
      -3.0410229658222434,
      -3.1998800790558892,
      -3.0913450433618856,
      -2.505185776007611,
      -2.4181161934476645
    ],
    "test_mae": [
      -2.0119101884824415,
      -2.293252981327198,
      -1.9126089284155101,
      -1.716850408448113,
      -1.7445696577319394
    ]
  },
  "69": {
    "fit_time": [
      5.135648250579834,
      5.201439380645752,
      5.230443239212036,
      5.220798969268799,
      5.126185178756714
    ],
    "score_time": [
      0.028375864028930664,
      0.02991938591003418,
      0.028177738189697266,
      0.02841806411743164,
      0.027458906173706055
    ],
    "test_r": [
      0.793328378525716,
      0.8620041469776366,
      0.7679760572490936,
      0.8292237459505555,
      0.7544376775916408
    ],
    "test_r2": [
      0.6051411166754517,
      0.7334456714999886,
      0.5873848593224984,
      0.673398960851378,
      0.5570137533810109
    ],
    "test_rmse": [
      -2.845090805123525,
      -2.407374431162353,
      -3.270334093244763,
      -2.8221081821200094,
      -2.884486724592659
    ],
    "test_mae": [
      -1.9621423731375178,
      -1.740639553334978,
      -2.1462816702878036,
      -1.9355735129780238,
      -2.0260802533891464
    ]
  },
  "420": {
    "fit_time": [
      5.14111852645874,
      5.2528910636901855,
      5.272526979446411,
      5.239720821380615,
      5.072744369506836
    ],
    "score_time": [
      0.027745723724365234,
      0.030898332595825195,
      0.027469396591186523,
      0.029539108276367188,
      0.026192426681518555
    ],
    "test_r": [
      0.8380418106565651,
      0.8309288066902566,
      0.7987464670078396,
      0.8292108465617913,
      0.8005978938163824
    ],
    "test_r2": [
      0.691720780976613,
      0.6903384287767803,
      0.6366347766618861,
      0.6863572902540126,
      0.6313578277485702
    ],
    "test_rmse": [
      -2.6295004003850204,
      -2.6718532116329734,
      -2.736934061569134,
      -2.4085565710142256,
      -3.100962727562418
    ],
    "test_mae": [
      -1.8064671815207243,
      -1.853651283228839,
      -1.8140884094768097,
      -1.7176237015370972,
      -2.1134400332415546
    ]
  },
  "1234567890": {
    "fit_time": [
      5.096136569976807,
      5.218914270401001,
      5.231043338775635,
      5.237130641937256,
      5.098964214324951
    ],
    "score_time": [
      0.027455806732177734,
      0.028283357620239258,
      0.028532028198242188,
      0.02831888198852539,
      0.026391029357910156
    ],
    "test_r": [
      0.7889767652594367,
      0.8185453486414461,
      0.8392760442115381,
      0.8888252978757212,
      0.7701460694072507
    ],
    "test_r2": [
      0.6167762185906849,
      0.6640743355891435,
      0.701759777203802,
      0.7844461507829505,
      0.5754192625286295
    ],
    "test_rmse": [
      -2.8995296087469677,
      -2.873671426450058,
      -2.6558107816356955,
      -2.226255426134446,
      -2.766199841416016
    ],
    "test_mae": [
      -2.0321853755592203,
      -1.861976664838967,
      -1.843068612769798,
      -1.6457077258604544,
      -1.7973094267315335
    ]
  },
  "473129": {
    "fit_time": [
      5.267235517501831,
      5.240173816680908,
      5.2051002979278564,
      5.202131509780884,
      5.087878942489624
    ],
    "score_time": [
      0.02832317352294922,
      0.028229713439941406,
      0.028441429138183594,
      0.028314590454101562,
      0.026625394821166992
    ],
    "test_r": [
      0.7695149160605287,
      0.8190401198618572,
      0.8830206961910846,
      0.8840288773651823,
      0.734142534555851
    ],
    "test_r2": [
      0.5738225123841321,
      0.6499692468796086,
      0.7771539711305866,
      0.7650870155281553,
      0.5191354054548651
    ],
    "test_rmse": [
      -3.1210039723971192,
      -2.9020204818253785,
      -2.2782855587743533,
      -2.182717432665973,
      -3.1230351396711087
    ],
    "test_mae": [
      -2.0555177367936577,
      -1.9674570375901683,
      -1.5310770583152769,
      -1.6800706347712762,
      -2.032699349058999
    ]
  },
  "r_avg": 0.8095786554563958,
  "r_stdev": 0.04203067214295153,
  "r_stderr": 0.01588610084673428,
  "r2_avg": 0.6466264388489696,
  "r2_stdev": 0.07151661677535745,
  "r2_stderr": 0.027030740370900835,
  "rmse_avg": 2.77184603743786,
  "rmse_stdev": 0.2783533122137971,
  "rmse_stderr": 0.10520766296126072,
  "mae_avg": 1.8892897997459195,
  "mae_stdev": 0.15490542859277015,
  "mae_stderr": 0.05854874868433484
}