{
  "6": {
    "fit_time": [
      7.935423135757446,
      8.776835203170776
    ],
    "score_time": [
      1.435964822769165,
      1.3557119369506836
    ],
    "test_r": [
      0.6826875436928784,
      0.7100301093157537
    ],
    "test_r2": [
      0.4635394203491887,
      0.4897376096921984
    ],
    "test_rmse": [
      -2.71353789155975,
      -2.790548433156958
    ],
    "test_mae": [
      -2.0203742150952095,
      -2.04295047361148
    ]
  },
  "r_avg": 0.6963588265043161,
  "r_stdev": 0.013671282811437646,
  "r_stderr": 0.005167259203185136,
  "r2_avg": 0.47663851502069354,
  "r2_stdev": 0.01309909467150483,
  "r2_stderr": 0.004950992414413299,
  "rmse_avg": 2.752043162358354,
  "rmse_stdev": 0.038505270798604,
  "rmse_stderr": 0.014553624385471945,
  "mae_avg": 2.031662344353345,
  "mae_stdev": 0.011288129258135271,
  "mae_stderr": 0.0042665118263111364
}