{
  "6": {
    "fit_time": [
      3.252953290939331,
      3.203200101852417
    ],
    "score_time": [
      0.0920858383178711,
      1.3728349208831787
    ],
    "test_r": [
      0.6618242940487984,
      0.6700949308142585
    ],
    "test_r2": [
      0.4343166177080149,
      0.4447467429763804
    ],
    "test_rmse": [
      -2.3255355645838716,
      -2.3059715866496044
    ],
    "test_mae": [
      -1.785076318792754,
      -1.793188300146876
    ]
  },
  "r_avg": 0.6659596124315285,
  "r_stdev": 0.004135318382730069,
  "r_stderr": 0.0015630034332539402,
  "r2_avg": 0.43953168034219764,
  "r2_stdev": 0.005215062634182754,
  "r2_stderr": 0.001971108400238997,
  "rmse_avg": 2.3157535756167382,
  "rmse_stdev": 0.00978198896713356,
  "rmse_stderr": 0.0036972443049447102,
  "mae_avg": 1.789132309469815,
  "mae_stdev": 0.004055990677060972,
  "mae_stderr": 0.001533020378785689
}