{
  "6": {
    "fit_time": [
      0.12633705139160156,
      0.04918813705444336
    ],
    "score_time": [
      0.020128965377807617,
      0.013922691345214844
    ],
    "test_r": [
      0.5729268078429598,
      0.44328422481805174
    ],
    "test_r2": [
      0.21611881403900934,
      0.06096538424379083
    ],
    "test_rmse": [
      -2.737545811576319,
      -2.998811691843189
    ],
    "test_mae": [
      -2.229879478840554,
      -2.37447647237285
    ],
    "best_params": {
      "check_inverse": true,
      "func": null,
      "inverse_func": null,
      "regressor__activation": "relu",
      "regressor__alpha": 0.0004510910337688182,
      "regressor__batch_size": "auto",
      "regressor__beta_1": 0.9,
      "regressor__beta_2": 0.999,
      "regressor__early_stopping": true,
      "regressor__epsilon": 1e-08,
      "regressor__learning_rate": "invscaling",
      "regressor__learning_rate_init": 0.0036652815093629817,
      "regressor__max_fun": 15000,
      "regressor__max_iter": 200,
      "regressor__momentum": 0.9,
      "regressor__n_iter_no_change": 10,
      "regressor__n_layers": 3,
      "regressor__n_neurons": 57,
      "regressor__nesterovs_momentum": true,
      "regressor__power_t": 0.5,
      "regressor__random_state": null,
      "regressor__shuffle": true,
      "regressor__solver": "adam",
      "regressor__tol": 0.0001,
      "regressor__validation_fraction": 0.1,
      "regressor__verbose": false,
      "regressor__warm_start": false,
      "transformer__memory": null,
      "transformer__verbose": false,
      "transformer__standardscaler__copy": true,
      "transformer__standardscaler__with_mean": true,
      "transformer__standardscaler__with_std": true
    }
  },
  "r_avg": 0.5081055163305057,
  "r_stdev": 0.06482129151245403,
  "r_stderr": 0.02450014528628218,
  "r2_avg": 0.1385420991414001,
  "r2_stdev": 0.07757671489760926,
  "r2_stderr": 0.02932124216406195,
  "rmse_avg": 2.868178751709754,
  "rmse_stdev": 0.13063294013343496,
  "rmse_stderr": 0.04937461037517967,
  "mae_avg": 2.302177975606702,
  "mae_stdev": 0.07229849676614819,
  "mae_stderr": 0.027326263229576517
}