{
  "6": {
    "fit_time": [
      0.19184136390686035,
      0.1903839111328125,
      0.18959569931030273,
      0.19136953353881836,
      0.18334579467773438
    ],
    "score_time": [
      0.011220455169677734,
      0.01122593879699707,
      0.011204957962036133,
      0.01096963882446289,
      0.010573625564575195
    ],
    "test_r": [
      0.6727391072360898,
      0.7134563561406756,
      0.595255463019716,
      0.7415319817452548,
      0.6860576783551243
    ],
    "test_r2": [
      0.443675613550356,
      0.5062672758789044,
      0.33995990718626545,
      0.5398844571045409,
      0.4684065222330055
    ],
    "test_rmse": [
      -2.2193299696953335,
      -2.184825048628589,
      -2.472747893572966,
      -2.3626435959365364,
      -2.040179378646906
    ],
    "test_mae": [
      -1.5881326228175292,
      -1.689752635152692,
      -1.722943136003354,
      -1.8261246705348302,
      -1.636246148962438
    ]
  },
  "13": {
    "fit_time": [
      0.1897752285003662,
      0.19103717803955078,
      0.1879885196685791,
      0.19306182861328125,
      0.18471407890319824
    ],
    "score_time": [
      0.011132001876831055,
      0.011214733123779297,
      0.011138677597045898,
      0.011074542999267578,
      0.010599136352539062
    ],
    "test_r": [
      0.6559621978508854,
      0.7516425583126439,
      0.5822955913356492,
      0.7025141318926216,
      0.7318159143759372
    ],
    "test_r2": [
      0.4009817882320613,
      0.5573700004628035,
      0.30041003276516187,
      0.48601350673757215,
      0.5346672622006705
    ],
    "test_rmse": [
      -2.1136887887234854,
      -2.137305410167659,
      -2.2731318642266136,
      -2.365732950956351,
      -2.316292363395929
    ],
    "test_mae": [
      -1.6619412677633028,
      -1.6246593844079003,
      -1.7521560111638703,
      -1.7576170764604018,
      -1.6751677372445986
    ]
  },
  "42": {
    "fit_time": [
      0.19031476974487305,
      0.1940631866455078,
      0.18813467025756836,
      0.1914350986480713,
      0.18506884574890137
    ],
    "score_time": [
      0.011313199996948242,
      0.011106252670288086,
      0.011121988296508789,
      0.011240482330322266,
      0.010640859603881836
    ],
    "test_r": [
      0.7168884083016447,
      0.5879189288519999,
      0.6989437807525614,
      0.7078424643393921,
      0.7014581122742058
    ],
    "test_r2": [
      0.5102602698701376,
      0.31418517634085197,
      0.4758084154101663,
      0.4988234769400267,
      0.490342209155492
    ],
    "test_rmse": [
      -2.1019606574282923,
      -2.6687789741346672,
      -2.361094529460692,
      -2.08411622063603,
      -2.1210718985648302
    ],
    "test_mae": [
      -1.6629605877457405,
      -1.9800410414107257,
      -1.6799476541760123,
      -1.5786842139060229,
      -1.6302738953246712
    ]
  },
  "69": {
    "fit_time": [
      0.1912999153137207,
      0.19242215156555176,
      0.18892717361450195,
      0.19051599502563477,
      0.18387675285339355
    ],
    "score_time": [
      0.011166572570800781,
      0.011231184005737305,
      0.011111259460449219,
      0.011273622512817383,
      0.010599851608276367
    ],
    "test_r": [
      0.6842483551991366,
      0.7536874748448389,
      0.6653638699655211,
      0.7068599336802298,
      0.572406534602195
    ],
    "test_r2": [
      0.45378643281527964,
      0.567916835405699,
      0.43922842206217927,
      0.48392269117051656,
      0.30227917935679616
    ],
    "test_rmse": [
      -2.2799262564087597,
      -2.0121985100222273,
      -2.5287139342310985,
      -2.2432650884514476,
      -2.322431162833403
    ],
    "test_mae": [
      -1.7347080094816922,
      -1.577506844934793,
      -1.9432763251802778,
      -1.665133394767725,
      -1.6443806114918291
    ]
  },
  "420": {
    "fit_time": [
      0.18715906143188477,
      0.19150519371032715,
      0.19151997566223145,
      0.18755745887756348,
      0.18768310546875
    ],
    "score_time": [
      0.011080265045166016,
      0.011196613311767578,
      0.011269807815551758,
      0.011135101318359375,
      0.010638236999511719
    ],
    "test_r": [
      0.7569973405685564,
      0.6989183923266412,
      0.7037306557681409,
      0.6220904154059071,
      0.644726910344449
    ],
    "test_r2": [
      0.5653090572222367,
      0.4876816447341238,
      0.4915275970274394,
      0.3642300223680438,
      0.3921966371915665
    ],
    "test_rmse": [
      -2.0333198021003556,
      -2.2268041027894534,
      -2.1106196543746467,
      -2.282030965578086,
      -2.6188356337506686
    ],
    "test_mae": [
      -1.5994429549340674,
      -1.5771281706942826,
      -1.630095951023554,
      -1.7510551272808557,
      -1.835917543172434
    ]
  },
  "1234567890": {
    "fit_time": [
      0.18636584281921387,
      0.19292044639587402,
      0.19317126274108887,
      0.1869347095489502,
      0.18860220909118652
    ],
    "score_time": [
      0.011078119277954102,
      0.011238336563110352,
      0.011163949966430664,
      0.01110982894897461,
      0.010675907135009766
    ],
    "test_r": [
      0.7196188767513491,
      0.6974838502713927,
      0.6734168474928953,
      0.772106612963302,
      0.6803323852609164
    ],
    "test_r2": [
      0.508651908121228,
      0.4848683572980863,
      0.4518840873267427,
      0.5882540405216043,
      0.4618835070217352
    ],
    "test_rmse": [
      -2.1631551291213844,
      -2.2623434637225492,
      -2.4541605836785614,
      -1.9431466765474583,
      -2.0854470587085476
    ],
    "test_mae": [
      -1.708625359748385,
      -1.7152733428200169,
      -1.762299705229255,
      -1.4370989470844446,
      -1.5684768095993433
    ]
  },
  "473129": {
    "fit_time": [
      0.1902916431427002,
      0.19286298751831055,
      0.19155406951904297,
      0.19184422492980957,
      0.18479561805725098
    ],
    "score_time": [
      0.011054277420043945,
      0.011354684829711914,
      0.011284828186035156,
      0.01124715805053711,
      0.010608196258544922
    ],
    "test_r": [
      0.6801674888758666,
      0.7155672730672673,
      0.6885608432685837,
      0.7642036306501243,
      0.6244016055655937
    ],
    "test_r2": [
      0.45944433678583596,
      0.4980928343888289,
      0.47217494614311983,
      0.5839724840018292,
      0.38077396616354175
    ],
    "test_rmse": [
      -2.4042721913994134,
      -2.0864398972921188,
      -2.271689904390015,
      -2.0067282137667504,
      -2.3438590709953244
    ],
    "test_mae": [
      -1.7256088842154247,
      -1.6349272043135648,
      -1.6445692039026634,
      -1.5314154094828514,
      -1.7199152660417065
    ]
  },
  "r_avg": 0.6877489134759233,
  "r_stdev": 0.051070548008831644,
  "r_stderr": 0.01930285276445049,
  "r2_avg": 0.46586099717698426,
  "r2_stdev": 0.07562136551181477,
  "r2_stderr": 0.028582189563911217,
  "rmse_avg": 2.242922481266776,
  "rmse_stdev": 0.17297133244867127,
  "rmse_stderr": 0.06537701851466587,
  "mae_avg": 1.6821000899563787,
  "mae_stdev": 0.10606241385026684,
  "mae_stderr": 0.040087824357002665
}