{
  "6": {
    "fit_time": [
      0.027369976043701172,
      1.9468979835510254
    ],
    "score_time": [
      0.023743867874145508,
      0.03471994400024414
    ],
    "test_r": [
      0.640848471924338,
      0.6469819316663604
    ],
    "test_r2": [
      0.4089449543062914,
      0.39030992938014486
    ],
    "test_rmse": [
      -2.3771152582209174,
      -2.4163673310669584
    ],
    "test_mae": [
      -1.7504035449741115,
      -1.8804701814929792
    ]
  },
  "r_avg": 0.6439152017953492,
  "r_stdev": 0.003066729871011198,
  "r_stderr": 0.0011591149395584028,
  "r2_avg": 0.39962744184321813,
  "r2_stdev": 0.009317512463073274,
  "r2_stderr": 0.0035216886878623966,
  "rmse_avg": 2.396741294643938,
  "rmse_stdev": 0.01962603642302052,
  "rmse_stderr": 0.00741794451388685,
  "mae_avg": 1.8154368632335454,
  "mae_stdev": 0.06503331825943381,
  "mae_stderr": 0.024580283863968256
}