fold,r,r2,rmse,mae
1.0,0.3298550530793376,-3.6415145946085827,7.322289984199973,6.090057684894594
2.0,0.19205851869903462,-8.251578091317855,8.19747045699653,7.129625838079614
3.0,0.1949691451015102,-5.105529681575249,7.988349286258318,6.915071382746506
4.0,0.2057818369918797,-7.574106062343583,8.600915607955722,7.6929457531612195
5.0,0.21829013373535988,-5.327707979293924,7.642332436949845,6.460717782592027
