Dataset,num_of_folds,Features,Targets,Model,r_mean,r_std,r2_mean,r2_std,rmse_mean,rmse_std,mae_mean,mae_std,num_of_data
OPV_Min,5,"HOMO_D_eV,LUMO_D_eV,HOMO_A_eV,LUMO_A_eV",calc_PCE_percent,RF,0.7464147551329378,0.06045039623776674,0.5564358918747734,0.08639028497219772,2.076464545870485,0.31433122649813205,1.5728365249273717,0.1785933660860153,529
