fold,r,r2,rmse,mae
1.0,0.5714781916167986,0.3255764335561855,0.07443266581747104,0.05307863272386553
2.0,0.6346531321958236,0.391076077001804,0.10141653349201375,0.07325059107486051
3.0,0.4328057797059091,0.1590606222684865,0.09036559402487597,0.0668330205047897
4.0,0.647006249533761,0.4095868952273045,0.08145701561257626,0.0591805367262072
5.0,0.7141050589615483,0.48557504255855277,0.08043814246482645,0.05865308244311233
