fold,r,r2,rmse,mae
1.0,0.7009406300031995,0.4831328902877122,2.443467194362579,1.9232201524149153
2.0,0.6404976711340256,0.33499804402512723,2.1977759266790082,1.74615966916492
3.0,0.7637208420426759,0.5431341380518118,2.185192626324113,1.772732445546221
4.0,0.679750093225663,0.35162239499590797,2.3651803576092694,1.8818134274922933
5.0,0.766681738577001,0.5664296474711918,2.0004721049876153,1.5708478413910336
