{
  "6": {
    "fit_time": [
      2.3730640411376953,
      2.427744150161743,
      2.327705144882202,
      2.9212028980255127,
      2.1729538440704346
    ],
    "score_time": [
      1.2183809280395508,
      1.2039098739624023,
      1.500251054763794,
      1.2948989868164062,
      1.0386641025543213
    ],
    "test_r": [
      0.5512378421790106,
      0.4852570267714038,
      0.5308307262298526,
      0.47619973047697,
      0.6361809802114632
    ],
    "test_r2": [
      0.25299981016367834,
      0.20738982460085553,
      0.23603442299521582,
      0.183123971746035,
      0.400976496361804
    ],
    "test_rmse": [
      -8.298028460894406,
      -9.041018149498125,
      -7.935831331865697,
      -9.660700847623751,
      -7.52094196853257
    ],
    "test_mae": [
      -6.096483236580271,
      -5.8740364862617565,
      -5.812637102428728,
      -6.947476375389123,
      -5.90084482566706
    ]
  },
  "13": {
    "fit_time": [
      2.413078784942627,
      2.399970054626465,
      2.323202133178711,
      2.369874954223633,
      2.069758892059326
    ],
    "score_time": [
      1.26239013671875,
      1.2990732192993164,
      1.227482795715332,
      1.1713101863861084,
      1.009727954864502
    ],
    "test_r": [
      0.5764608011582465,
      0.6087496408034553,
      0.4884254001950772,
      0.6167028503594559,
      0.40160445172126896
    ],
    "test_r2": [
      0.2359325608523979,
      0.3400758179431774,
      0.2337712460109299,
      0.3678507321830756,
      0.046666074634819976
    ],
    "test_rmse": [
      -9.09756925209895,
      -7.842356832410819,
      -7.843554547887053,
      -7.574527225264139,
      -9.967178625577828
    ],
    "test_mae": [
      -5.981626848258919,
      -5.42473002693951,
      -6.372012252143297,
      -5.426315249975806,
      -6.844499335321887
    ]
  },
  "42": {
    "fit_time": [
      2.392944812774658,
      2.191317081451416,
      2.3689868450164795,
      2.402728796005249,
      1.9755830764770508
    ],
    "score_time": [
      2.6503779888153076,
      1.209179162979126,
      1.2301549911499023,
      1.175990104675293,
      1.0249438285827637
    ],
    "test_r": [
      0.4311433880546515,
      0.5420325483893005,
      0.6309992216403097,
      0.4745359421460758,
      0.5417975122327475
    ],
    "test_r2": [
      0.13767138416282343,
      0.19424239412959066,
      0.3685913260772341,
      0.15616219444406665,
      0.22859940906456244
    ],
    "test_rmse": [
      -8.9207126685893,
      -7.391640927210132,
      -8.943547972559637,
      -8.343049091280745,
      -9.459198744755657
    ],
    "test_mae": [
      -6.433026164738679,
      -5.426235377450508,
      -6.299784303605686,
      -6.253484422985538,
      -6.522989588653762
    ]
  },
  "69": {
    "fit_time": [
      2.4057748317718506,
      2.3761627674102783,
      2.2058770656585693,
      2.40963077545166,
      2.0050461292266846
    ],
    "score_time": [
      1.3339741230010986,
      2.643033027648926,
      1.2185659408569336,
      1.3160221576690674,
      1.0174548625946045
    ],
    "test_r": [
      0.5208615385406995,
      0.5239915023093469,
      0.45364067918530016,
      0.5705159094992677,
      0.4722300563710445
    ],
    "test_r2": [
      0.25165496486365335,
      0.2416860664931758,
      0.10163872871169177,
      0.30229127353537877,
      0.1475381138541222
    ],
    "test_rmse": [
      -7.661168529154835,
      -8.928121058972621,
      -8.52589458209854,
      -8.853299523662823,
      -9.59014036535756
    ],
    "test_mae": [
      -5.612018256748655,
      -6.094367602934468,
      -6.097572027072213,
      -6.21639757735974,
      -7.294225014955441
    ]
  },
  "420": {
    "fit_time": [
      2.388421058654785,
      2.350674867630005,
      2.367988109588623,
      2.386457681655884,
      2.0394389629364014
    ],
    "score_time": [
      1.2581720352172852,
      1.221019983291626,
      1.2556729316711426,
      1.340811014175415,
      1.0416429042816162
    ],
    "test_r": [
      0.48686575498449225,
      0.4032377015882199,
      0.6384091020023769,
      0.5409543684806841,
      0.643127085145269
    ],
    "test_r2": [
      0.15378491681896322,
      0.10708022416699958,
      0.3741196395452441,
      0.279243722549382,
      0.375370071446515
    ],
    "test_rmse": [
      -8.87182583439393,
      -8.840295704129913,
      -7.514299547779642,
      -8.044378699434077,
      -8.794477639764889
    ],
    "test_mae": [
      -6.609593513402636,
      -6.039078009083639,
      -5.5283595960343845,
      -5.696361350720156,
      -6.139727399853569
    ]
  },
  "1234567890": {
    "fit_time": [
      2.369367837905884,
      2.4340920448303223,
      2.3966116905212402,
      2.4594838619232178,
      1.9916889667510986
    ],
    "score_time": [
      1.2760140895843506,
      1.233971118927002,
      1.2435071468353271,
      1.182770013809204,
      1.1811959743499756
    ],
    "test_r": [
      0.5169853371982445,
      0.6394713866407011,
      0.5201886199263441,
      0.5542240026456987,
      0.5680489122404784
    ],
    "test_r2": [
      0.21346264058089992,
      0.40185358475459587,
      0.1972682039376662,
      0.30601904002543834,
      0.2234528252181196
    ],
    "test_rmse": [
      -7.621270232947221,
      -8.439031880147533,
      -10.432628440079831,
      -7.775397354661763,
      -7.255109391981309
    ],
    "test_mae": [
      -5.6504029713576145,
      -5.980016230288377,
      -7.564059687153263,
      -5.4087779499836115,
      -5.387607081562278
    ]
  },
  "473129": {
    "fit_time": [
      2.36319899559021,
      2.3522839546203613,
      2.3967559337615967,
      2.4096438884735107,
      1.9781229496002197
    ],
    "score_time": [
      1.2331080436706543,
      1.3073368072509766,
      1.262120246887207,
      1.140775203704834,
      1.025329828262329
    ],
    "test_r": [
      0.6068727567621877,
      0.6181318274807314,
      0.43261205355045396,
      0.4782084994746645,
      0.6208196805986282
    ],
    "test_r2": [
      0.33379421272977017,
      0.3442556587486165,
      0.14603217764128074,
      0.16896164863786367,
      0.37785945159440537
    ],
    "test_rmse": [
      -8.253944312884025,
      -7.301645544428926,
      -10.109848129241245,
      -8.895084725257298,
      -7.145084768667367
    ],
    "test_mae": [
      -6.11133691604382,
      -5.591366074431361,
      -6.861319807866615,
      -6.383983481405547,
      -5.177537810111659
    ]
  },
  "r_avg": 0.5371872810626893,
  "r_stdev": 0.07053755961242113,
  "r_stderr": 0.0266606915462657,
  "r2_avg": 0.24678442374925852,
  "r2_stdev": 0.09402315533873463,
  "r2_stderr": 0.03553741235826954,
  "rmse_avg": -8.47693722603126,
  "rmse_stdev": 0.8635818324157001,
  "rmse_stderr": 0.32640325218934285,
  "mae_avg": -6.08743685585056,
  "mae_stdev": 0.555318834980665,
  "mae_stderr": 0.20989079081556505
}