{
  "6": {
    "fit_time": [
      2.3795998096466064,
      2.3753950595855713,
      2.3584649562835693,
      2.423816204071045,
      2.0338470935821533
    ],
    "score_time": [
      1.2278380393981934,
      1.2316839694976807,
      1.2258508205413818,
      1.1258950233459473,
      1.0125718116760254
    ],
    "test_r": [
      0.5970214058655559,
      0.5279209098698286,
      0.5083273465614975,
      0.6757963740322226,
      0.37395151337391536
    ],
    "test_r2": [
      0.13651581928157064,
      -0.1832432025912818,
      -0.2047390173134067,
      0.2311748462895824,
      -0.38509081418298896
    ],
    "test_rmse": [
      -8.921579642272382,
      -11.046495716289527,
      -9.965567186788677,
      -9.372260475142692,
      -11.436402472321626
    ],
    "test_mae": [
      -6.528198252086198,
      -7.580952258131956,
      -7.116687270270377,
      -6.280036024535884,
      -8.780412839935769
    ]
  },
  "13": {
    "fit_time": [
      2.3833858966827393,
      2.384627103805542,
      2.373453140258789,
      3.5342679023742676,
      2.0393142700195312
    ],
    "score_time": [
      1.2672109603881836,
      1.2360849380493164,
      1.2962708473205566,
      1.0330910682678223,
      1.0738999843597412
    ],
    "test_r": [
      0.5116384765043684,
      0.40188083149861425,
      0.45861445944544976,
      0.5199756332542081,
      0.5115658011802399
    ],
    "test_r2": [
      -0.10903643930408413,
      -0.27945067687412517,
      -0.35908500509039065,
      -0.12380994061717643,
      -0.15349570197138984
    ],
    "test_rmse": [
      -10.960552126878667,
      -10.919716213926169,
      -10.446168066739602,
      -10.099320297174463,
      -10.963714246470403
    ],
    "test_mae": [
      -7.755699776725341,
      -7.718617851879949,
      -7.689360049337888,
      -7.466941733501169,
      -7.585823995287286
    ]
  },
  "42": {
    "fit_time": [
      2.3792710304260254,
      2.3488972187042236,
      2.364082098007202,
      2.4394049644470215,
      2.0918631553649902
    ],
    "score_time": [
      1.2519009113311768,
      1.2718520164489746,
      1.3792409896850586,
      1.1284441947937012,
      1.014064073562622
    ],
    "test_r": [
      0.4186385689653459,
      0.6527655047322243,
      0.570776565501396,
      0.453568298905671,
      0.5569650759667637
    ],
    "test_r2": [
      -0.20897064176349156,
      -0.2586730325165525,
      0.0840079660304589,
      -0.19459685113466407,
      0.10791310904339146
    ],
    "test_rmse": [
      -10.562604764457456,
      -9.238365031211124,
      -10.77210101681432,
      -9.926725038855897,
      -10.172271558664288
    ],
    "test_mae": [
      -7.6425580408001705,
      -6.8590290461641485,
      -7.604076185518566,
      -7.594890312375153,
      -7.108622184036517
    ]
  },
  "69": {
    "fit_time": [
      2.4080162048339844,
      2.3656599521636963,
      2.360452175140381,
      2.457726240158081,
      1.9984970092773438
    ],
    "score_time": [
      1.241189956665039,
      1.258985996246338,
      1.4031949043273926,
      1.1378886699676514,
      1.031938076019287
    ],
    "test_r": [
      0.5714755925582153,
      0.5339635413595776,
      0.5319734700701942,
      0.567493921055584,
      0.44503536900490015
    ],
    "test_r2": [
      -0.3793957461270343,
      0.01953297090636552,
      -0.5990338807492475,
      0.12314935567759389,
      -0.08814855800709087
    ],
    "test_rmse": [
      -10.401321401512511,
      -10.152010291391672,
      -11.374787207887895,
      -9.925008622750852,
      -10.835066318157917
    ],
    "test_mae": [
      -7.067748218742663,
      -7.247854493683907,
      -7.847955381707235,
      -7.061584098080543,
      -7.5811978690937245
    ]
  },
  "420": {
    "fit_time": [
      2.4358041286468506,
      2.392353057861328,
      2.3550517559051514,
      2.417393922805786,
      2.1292972564697266
    ],
    "score_time": [
      1.230903148651123,
      1.2443609237670898,
      1.4087023735046387,
      1.1379098892211914,
      1.0759918689727783
    ],
    "test_r": [
      0.5090067007252448,
      0.5352397267725089,
      0.3531537910853793,
      0.4709971424884269,
      0.5370116826354511
    ],
    "test_r2": [
      -0.3035268361696426,
      -0.11284087544299148,
      -0.13858658604054241,
      -0.10995774842641848,
      0.13979200980265627
    ],
    "test_rmse": [
      -11.011148373106554,
      -9.86908992200106,
      -10.135049476565683,
      -9.982780321024832,
      -10.320491739270198
    ],
    "test_mae": [
      -7.499515545636316,
      -7.193019175230281,
      -7.216877014064805,
      -7.098492655351178,
      -7.289747725497264
    ]
  },
  "1234567890": {
    "fit_time": [
      2.4221649169921875,
      2.36135196685791,
      2.374217987060547,
      2.3851568698883057,
      2.013472080230713
    ],
    "score_time": [
      1.2386701107025146,
      1.2422919273376465,
      1.2349371910095215,
      1.1623353958129883,
      1.015547752380371
    ],
    "test_r": [
      0.5076094938460961,
      0.5785053348226266,
      0.4713564288573686,
      0.5835450606439407,
      0.6223687988596421
    ],
    "test_r2": [
      -0.2251771592046652,
      0.16270790165681026,
      -0.029971932909122367,
      0.060586070622293486,
      -0.4343102953454303
    ],
    "test_rmse": [
      -9.511896782851636,
      -9.984524149220297,
      -11.8173800412871,
      -9.046431781875429,
      -9.860106389512048
    ],
    "test_mae": [
      -6.771170871952077,
      -7.576181794004656,
      -8.401721348236787,
      -6.734464389922551,
      -7.101068703049001
    ]
  },
  "473129": {
    "fit_time": [
      2.4046237468719482,
      2.348771095275879,
      2.382143974304199,
      2.4516971111297607,
      3.2595860958099365
    ],
    "score_time": [
      1.2199082374572754,
      1.2201268672943115,
      1.2492079734802246,
      1.2407877445220947,
      1.0099050998687744
    ],
    "test_r": [
      0.5792251782040866,
      0.5890400335914323,
      0.5280410052350483,
      0.48240552265506503,
      0.4258973201825552
    ],
    "test_r2": [
      -0.07503142735492685,
      -0.30584480474247133,
      -0.09465744775237006,
      -0.06186018597264842,
      -0.08577221485363395
    ],
    "test_rmse": [
      -10.4849874322564,
      -10.303843492987275,
      -11.44624391718703,
      -10.054795094473759,
      -9.439141436674428
    ],
    "test_mae": [
      -7.7777007274789,
      -7.716209176784593,
      -7.710891887826667,
      -7.000337801295442,
      -6.837382050635225
    ]
  },
  "r_avg": 0.5189357680088756,
  "r_stdev": 0.07302184633237277,
  "r_stderr": 0.027599663667176044,
  "r2_avg": -0.12682648494705898,
  "r2_stdev": 0.18741461713987698,
  "r2_stderr": 0.07083606700149968,
  "rmse_avg": -10.307427087028627,
  "rmse_stdev": 0.696679103524717,
  "rmse_stderr": 0.2633199502202605,
  "mae_avg": -7.372657907110291,
  "mae_stdev": 0.4876244620187607,
  "mae_stderr": 0.18430472281332883
}