{
  "6": {
    "fit_time": [
      21.203861951828003,
      20.65755295753479,
      21.146592617034912,
      21.38201332092285,
      19.129177808761597
    ],
    "score_time": [
      0.031356096267700195,
      0.029552459716796875,
      0.031113862991333008,
      0.02971482276916504,
      0.029242753982543945
    ],
    "test_r": [
      0.6130743706992376,
      0.6706404779656958,
      0.6227168290456668,
      0.7364736822468388,
      0.7060151542066503
    ],
    "test_r2": [
      0.370148126377022,
      0.43420236689700986,
      0.3760792982107872,
      0.5217382178724785,
      0.49773336864523066
    ],
    "test_rmse": [
      -0.07619628135375545,
      -0.07638675877341636,
      -0.07171668908283453,
      -0.07392024490939982,
      -0.06886799976969396
    ],
    "test_mae": [
      -0.05528084128001214,
      -0.05651749069390723,
      -0.05601179923443373,
      -0.053285121325546324,
      -0.0517725643661078
    ]
  },
  "13": {
    "fit_time": [
      21.321036338806152,
      21.561376094818115,
      20.92063617706299,
      21.168232679367065,
      19.847795486450195
    ],
    "score_time": [
      0.03084397315979004,
      0.03052067756652832,
      0.03025364875793457,
      0.029295921325683594,
      0.02924346923828125
    ],
    "test_r": [
      0.6731104128534482,
      0.6878681327420753,
      0.6478158376714248,
      0.6488904109859831,
      0.694269032245773
    ],
    "test_r2": [
      0.43866164378684946,
      0.4624154417864488,
      0.3896049895695357,
      0.4165901701887056,
      0.4583982811511712
    ],
    "test_rmse": [
      -0.0779779624897148,
      -0.070782022913128,
      -0.07000663224028802,
      -0.07276668365956446,
      -0.075125908056785
    ],
    "test_mae": [
      -0.05722644199327457,
      -0.05021035395736821,
      -0.05648391984363821,
      -0.05176028545190605,
      -0.05225232628514836
    ]
  },
  "42": {
    "fit_time": [
      21.046183347702026,
      21.990286827087402,
      20.96792221069336,
      20.76451873779297,
      19.692450284957886
    ],
    "score_time": [
      0.031613826751708984,
      0.0307769775390625,
      0.03001689910888672,
      0.02950286865234375,
      0.029302120208740234
    ],
    "test_r": [
      0.6723373640278847,
      0.7233794464262885,
      0.6668923854009281,
      0.5468663259902063,
      0.7243071499249862
    ],
    "test_r2": [
      0.4489237802814491,
      0.5222482906903709,
      0.43666647002842185,
      0.2506323471775854,
      0.504681635043271
    ],
    "test_rmse": [
      -0.07131304608493289,
      -0.05691670883672061,
      -0.08447678355028401,
      -0.07862176349674004,
      -0.07579779677619716
    ],
    "test_mae": [
      -0.053715593336734466,
      -0.044714542733952554,
      -0.059933359639452406,
      -0.058995859896609895,
      -0.055462468739462846
    ]
  },
  "69": {
    "fit_time": [
      20.843892574310303,
      21.107299089431763,
      20.794193029403687,
      21.03171133995056,
      19.89039635658264
    ],
    "score_time": [
      0.030696868896484375,
      0.030519723892211914,
      0.03003215789794922,
      0.029250621795654297,
      0.029179811477661133
    ],
    "test_r": [
      0.7744949679723742,
      0.7297682915139319,
      0.6439423656886056,
      0.6821514534064229,
      0.5711996768980169
    ],
    "test_r2": [
      0.5590214143169211,
      0.49621659076668423,
      0.403847185695256,
      0.46412038367965636,
      0.2888420579824923
    ],
    "test_rmse": [
      -0.05881022287453939,
      -0.07277085589772656,
      -0.06945335783705256,
      -0.07758927591030929,
      -0.08759322382989056
    ],
    "test_mae": [
      -0.04616452205925529,
      -0.053410275199317035,
      -0.051529372687902364,
      -0.05472020892317712,
      -0.06619758338620985
    ]
  },
  "420": {
    "fit_time": [
      21.303532600402832,
      21.576442003250122,
      20.961039781570435,
      21.04024863243103,
      18.95844793319702
    ],
    "score_time": [
      0.030310392379760742,
      0.030109167098999023,
      0.029889822006225586,
      0.029964447021484375,
      0.02926468849182129
    ],
    "test_r": [
      0.6834534957093878,
      0.6336001176730234,
      0.7077880768146586,
      0.6699816954626618,
      0.737810780294491
    ],
    "test_r2": [
      0.45834827687887225,
      0.3991322322984665,
      0.4893563558753323,
      0.42826813662146634,
      0.5135349454222653
    ],
    "test_rmse": [
      -0.07097945999692841,
      -0.0725187025380795,
      -0.06787374414529111,
      -0.07164641906208044,
      -0.07761121429989502
    ],
    "test_mae": [
      -0.053677076093933344,
      -0.0522326264215491,
      -0.05178861332553564,
      -0.055742651791726786,
      -0.05370674167711665
    ]
  },
  "1234567890": {
    "fit_time": [
      20.99982738494873,
      20.544995307922363,
      21.414708852767944,
      20.85611653327942,
      20.014960289001465
    ],
    "score_time": [
      0.03057861328125,
      0.030333757400512695,
      0.03054070472717285,
      0.029117822647094727,
      0.029070615768432617
    ],
    "test_r": [
      0.723534508940284,
      0.7385215267860352,
      0.6545516850889375,
      0.7085721968177707,
      0.7274710990402473
    ],
    "test_r2": [
      0.5219634004570353,
      0.5310574145637288,
      0.3917137309544164,
      0.4809762878640962,
      0.5232317560030944
    ],
    "test_rmse": [
      -0.05941529493713454,
      -0.07472203862206993,
      -0.09081603021709408,
      -0.06724227749616456,
      -0.05684780539573453
    ],
    "test_mae": [
      -0.04725359939544582,
      -0.05523268244863796,
      -0.06524449010711511,
      -0.052138796378471366,
      -0.04273215328056652
    ]
  },
  "473129": {
    "fit_time": [
      21.803173780441284,
      21.27628493309021,
      21.130799770355225,
      20.805707454681396,
      19.722934246063232
    ],
    "score_time": [
      0.030598878860473633,
      0.03132224082946777,
      0.030286073684692383,
      0.02950000762939453,
      0.02915811538696289
    ],
    "test_r": [
      0.6545977254453281,
      0.6713861948477295,
      0.6299983131971763,
      0.6335204036151084,
      0.7423455630936475
    ],
    "test_r2": [
      0.42446681182200074,
      0.44572678735751114,
      0.3940815699524036,
      0.39270573052642155,
      0.5273811056162366
    ],
    "test_rmse": [
      -0.07671716050354609,
      -0.06712980965977162,
      -0.08515907971879001,
      -0.0760394816035592,
      -0.062275707720430805
    ],
    "test_mae": [
      -0.0536992142370774,
      -0.05238681995791906,
      -0.06075269382171072,
      -0.05582463227078374,
      -0.04739026095806097
    ]
  },
  "r_avg": 0.6786670614496837,
  "r_stdev": 0.04928081254772998,
  "r_stderr": 0.018626396344069273,
  "r2_avg": 0.4475061886388769,
  "r2_stdev": 0.06721501338316567,
  "r2_stderr": 0.025404887111676367,
  "rmse_avg": 0.0726881269788441,
  "rmse_stdev": 0.007809840158882023,
  "rmse_stderr": 0.0029518421199381433,
  "mae_avg": 0.053869942377116196,
  "mae_stdev": 0.004875941152411095,
  "mae_stderr": 0.0018429325280950636
}