{
  "6": {
    "fit_time": [
      20.602246046066284,
      20.589804887771606,
      20.816211700439453,
      20.49030303955078,
      7.719537734985352
    ],
    "score_time": [
      0.030935287475585938,
      0.0294342041015625,
      0.02686905860900879,
      0.03489112854003906,
      0.024910926818847656
    ],
    "test_r": [
      0.6369507441628692,
      0.6947650349883198,
      0.6458106264487946,
      0.6881753322809988,
      0.683588330593302
    ],
    "test_r2": [
      0.3919103543722887,
      0.4800087131383578,
      0.3710060775999878,
      0.4722723103810288,
      0.45302434342617326
    ],
    "test_rmse": [
      -0.07486836831267818,
      -0.07322941295426116,
      -0.0720076699506226,
      -0.07764893422913727,
      -0.07186779251972288
    ],
    "test_mae": [
      -0.054461694804561485,
      -0.05750679682686645,
      -0.053384284948115805,
      -0.05475379892860314,
      -0.05511916754080433
    ]
  },
  "13": {
    "fit_time": [
      20.765385627746582,
      20.887535095214844,
      20.710652589797974,
      20.861523628234863,
      7.660857915878296
    ],
    "score_time": [
      0.03255128860473633,
      0.024912118911743164,
      0.035570621490478516,
      0.026402711868286133,
      0.025021791458129883
    ],
    "test_r": [
      0.6358699547012681,
      0.7323492263041496,
      0.5624261050782688,
      0.6232612422735954,
      0.6802499803204604
    ],
    "test_r2": [
      0.37510418024548997,
      0.5362156689217463,
      0.27550741697764103,
      0.34382195119132997,
      0.45554159333363164
    ],
    "test_rmse": [
      -0.0822741366414039,
      -0.06574422552028679,
      -0.07626945978184861,
      -0.07717143218822324,
      -0.07532377395160667
    ],
    "test_mae": [
      -0.05911773734764079,
      -0.048174920786834795,
      -0.0582964108832089,
      -0.053334421583444556,
      -0.05326903716886961
    ]
  },
  "42": {
    "fit_time": [
      20.900636672973633,
      20.73820686340332,
      20.884406805038452,
      20.753494262695312,
      7.777182102203369
    ],
    "score_time": [
      0.02524709701538086,
      0.033136606216430664,
      0.02548074722290039,
      0.034394025802612305,
      0.025127649307250977
    ],
    "test_r": [
      0.6368625787459039,
      0.69458359401004,
      0.6402294500623231,
      0.585663066495351,
      0.6962135249535093
    ],
    "test_r2": [
      0.39855113717245116,
      0.4225886488801812,
      0.405410229845779,
      0.2992258255750365,
      0.480695062860406
    ],
    "test_rmse": [
      -0.07450106930678839,
      -0.06257218393363932,
      -0.08678872044990321,
      -0.076029888552765,
      -0.07761141340390856
    ],
    "test_mae": [
      -0.056331257260427946,
      -0.04674207213142563,
      -0.06055709809874066,
      -0.05814845021025259,
      -0.056453176298973895
    ]
  },
  "69": {
    "fit_time": [
      20.600048542022705,
      20.685590028762817,
      20.695439100265503,
      20.452951908111572,
      7.661573886871338
    ],
    "score_time": [
      0.028374433517456055,
      0.025281190872192383,
      0.024834632873535156,
      0.03608226776123047,
      0.024645566940307617
    ],
    "test_r": [
      0.6980349083173345,
      0.7378590990077315,
      0.6296625365726221,
      0.7035180935043785,
      0.4877405516844252
    ],
    "test_r2": [
      0.45611218473520276,
      0.5345291202042599,
      0.3573093696967179,
      0.49063898179056453,
      0.17815373919576039
    ],
    "test_rmse": [
      -0.06531286575142313,
      -0.06994904839038592,
      -0.07211331034898529,
      -0.07564512285124111,
      -0.09416353850622712
    ],
    "test_mae": [
      -0.048544992433350545,
      -0.05159053219385301,
      -0.054652059684283404,
      -0.053099042366822155,
      -0.06984520022322166
    ]
  },
  "420": {
    "fit_time": [
      20.689830541610718,
      20.91996169090271,
      20.79228138923645,
      20.69481325149536,
      7.71712589263916
    ],
    "score_time": [
      0.03297567367553711,
      0.0250701904296875,
      0.028321266174316406,
      0.03238105773925781,
      0.024387836456298828
    ],
    "test_r": [
      0.6588809274194413,
      0.5675813384801255,
      0.6812747278168778,
      0.6809089906089844,
      0.7194467461483743
    ],
    "test_r2": [
      0.40973923925405076,
      0.27340964721270145,
      0.45957540289952614,
      0.44578013854680865,
      0.5103571060462682
    ],
    "test_rmse": [
      -0.07409596918561687,
      -0.07974535304617116,
      -0.06982491173383372,
      -0.07054062988020719,
      -0.0778642997914236
    ],
    "test_mae": [
      -0.05483419969379393,
      -0.05880173241802443,
      -0.053461654402782985,
      -0.051868597211620966,
      -0.054134438340617624
    ]
  },
  "1234567890": {
    "fit_time": [
      20.823363065719604,
      20.71450686454773,
      20.81272578239441,
      20.713974237442017,
      7.67983603477478
    ],
    "score_time": [
      0.02502584457397461,
      0.036188602447509766,
      0.026308774948120117,
      0.03265881538391113,
      0.024824857711791992
    ],
    "test_r": [
      0.6871804663239206,
      0.6721358139368161,
      0.65701960520727,
      0.7395469999178433,
      0.6721861286761306
    ],
    "test_r2": [
      0.46459804726232545,
      0.4502480136072923,
      0.3981444251374292,
      0.5251778139667072,
      0.3670989171003035
    ],
    "test_rmse": [
      -0.06287929423700048,
      -0.08090442562584926,
      -0.09033470927251744,
      -0.06431530246402545,
      -0.06549798847350731
    ],
    "test_mae": [
      -0.04837957647559986,
      -0.06027948228724817,
      -0.06455834399869805,
      -0.05335000728453048,
      -0.04754694655680509
    ]
  },
  "473129": {
    "fit_time": [
      20.80915594100952,
      20.750468492507935,
      20.881187915802002,
      20.597023487091064,
      7.6643006801605225
    ],
    "score_time": [
      0.02878594398498535,
      0.03223061561584473,
      0.025949954986572266,
      0.035047054290771484,
      0.0246427059173584
    ],
    "test_r": [
      0.6340706048881937,
      0.5991742743291565,
      0.6976957361362126,
      0.6625747564477074,
      0.6554081382190655
    ],
    "test_r2": [
      0.37125049307714786,
      0.29351047928712204,
      0.48451844886037543,
      0.4362508238217624,
      0.4276950360791333
    ],
    "test_rmse": [
      -0.08018555928449039,
      -0.07578902724122576,
      -0.0785471517871401,
      -0.07326263185274688,
      -0.068529393486662
    ],
    "test_mae": [
      -0.059512863341511194,
      -0.05765341418396549,
      -0.05710827797925861,
      -0.052795701282383825,
      -0.05187086165728768
    ]
  },
  "r_avg": 0.6593971210017647,
  "r_stdev": 0.052232953003363246,
  "r_stderr": 0.01974220055563192,
  "r2_avg": 0.4141423126200854,
  "r2_stdev": 0.08031241934990904,
  "r2_stderr": 0.030355241255684434,
  "rmse_avg": 0.07466882899735645,
  "rmse_stdev": 0.007074245833503901,
  "rmse_stderr": 0.002673813598398023,
  "mae_avg": 0.05512966425241228,
  "mae_stdev": 0.004703681814320659,
  "mae_stderr": 0.0017778246181527936
}