{
  "6": {
    "fit_time": [
      2.191941738128662,
      2.2272589206695557,
      2.2256720066070557,
      2.2156872749328613,
      2.203272819519043
    ],
    "score_time": [
      0.49391627311706543,
      0.48945116996765137,
      0.49117112159729004,
      0.4960198402404785,
      0.501833438873291
    ],
    "test_r": [
      0.6534384024644503,
      0.606426789683889,
      0.6148750408325073,
      0.7001285647433807,
      0.6233294590694392
    ],
    "test_r2": [
      0.36383329146319277,
      0.34245827676698926,
      0.37226410723396175,
      0.41836937624234505,
      0.3821838018881699
    ],
    "test_rmse": [
      -7.657729705966103,
      -8.234726454031778,
      -7.1935623846365315,
      -8.15181266263481,
      -7.638005231510553
    ],
    "test_mae": [
      -5.420893643190297,
      -5.347325422790518,
      -5.335056893570664,
      -5.462011479993081,
      -5.884413892033622
    ]
  },
  "13": {
    "fit_time": [
      2.316457986831665,
      2.2793681621551514,
      2.242683172225952,
      2.268242835998535,
      2.3105452060699463
    ],
    "score_time": [
      0.4250798225402832,
      0.4353160858154297,
      0.4408540725708008,
      0.4368431568145752,
      0.42378878593444824
    ],
    "test_r": [
      0.5910619017337714,
      0.7172075626786619,
      0.5905690999013471,
      0.6491815193911228,
      0.6084366531951979
    ],
    "test_r2": [
      0.26795467940135087,
      0.4494518811005225,
      0.33306011798280233,
      0.4188363721778926,
      0.33707534748438384
    ],
    "test_rmse": [
      -8.904888959419262,
      -7.163037408518681,
      -7.317741140538466,
      -7.262646807752359,
      -8.311545797945579
    ],
    "test_mae": [
      -6.072193455988172,
      -4.976803426509347,
      -5.604702102594102,
      -5.111454651166795,
      -5.619630490643458
    ]
  },
  "42": {
    "fit_time": [
      1.560776948928833,
      1.7656550407409668,
      1.5752480030059814,
      1.5793468952178955,
      1.596613883972168
    ],
    "score_time": [
      0.4138832092285156,
      0.2001190185546875,
      0.41783618927001953,
      0.4033627510070801,
      0.40453124046325684
    ],
    "test_r": [
      0.5770141524677531,
      0.7225194344946215,
      0.6268199537662233,
      0.5813231429484191,
      0.6541153031456919
    ],
    "test_r2": [
      0.31479995218806844,
      0.5125883944634736,
      0.37836169492620897,
      0.3142830176024838,
      0.3461950171595438
    ],
    "test_rmse": [
      -7.951917111164857,
      -5.748924266581921,
      -8.87408231448492,
      -7.5208644662300035,
      -8.708402220580382
    ],
    "test_mae": [
      -5.681071860474508,
      -4.324954576451896,
      -6.040597502957214,
      -5.517151441146951,
      -6.127602970581067
    ]
  },
  "69": {
    "fit_time": [
      1.6316564083099365,
      1.6048150062561035,
      1.7534420490264893,
      1.652184009552002,
      1.607131004333496
    ],
    "score_time": [
      0.38086771965026855,
      0.3881709575653076,
      0.20195889472961426,
      0.3639960289001465,
      0.3695378303527832
    ],
    "test_r": [
      0.6785599094143704,
      0.6946106741919073,
      0.5324031887793836,
      0.6538908907376737,
      0.5900686055236813
    ],
    "test_r2": [
      0.4587164488424743,
      0.41403367885882114,
      0.23061026280066277,
      0.41669350262623506,
      0.2787087544229875
    ],
    "test_rmse": [
      -6.515631136066257,
      -7.84823285668531,
      -7.890193290849728,
      -8.094993176839889,
      -8.821507525997886
    ],
    "test_mae": [
      -4.760507837294781,
      -5.329457636489141,
      -5.396125201772015,
      -5.550758757842742,
      -6.701417890585865
    ]
  },
  "420": {
    "fit_time": [
      2.908501148223877,
      2.9295570850372314,
      2.9142308235168457,
      2.915050983428955,
      3.0383217334747314
    ],
    "score_time": [
      0.5077831745147705,
      0.4898948669433594,
      0.5035490989685059,
      0.48987388610839844,
      0.39464306831359863
    ],
    "test_r": [
      0.5841084947563709,
      0.4769821327584981,
      0.723874336621771,
      0.7111184253718982,
      0.6544922445480527
    ],
    "test_r2": [
      0.3015483414292448,
      0.21470705669286416,
      0.47803654575946575,
      0.47808961388170323,
      0.37807469791194304
    ],
    "test_rmse": [
      -8.060106920228147,
      -8.290417824381032,
      -6.86219239076301,
      -6.84535948854859,
      -8.775417089122675
    ],
    "test_mae": [
      -5.875879377709281,
      -5.665258405188376,
      -5.219732707905768,
      -4.964406762021622,
      -5.896738815291365
    ]
  },
  "1234567890": {
    "fit_time": [
      2.981781005859375,
      3.0113580226898193,
      2.941977024078369,
      2.9864377975463867,
      2.99895977973938
    ],
    "score_time": [
      0.4169619083404541,
      0.4103353023529053,
      0.43038105964660645,
      0.4106323719024658,
      0.4062530994415283
    ],
    "test_r": [
      0.6910405129330005,
      0.7003544699878437,
      0.6024157516915565,
      0.6817071041330608,
      0.6473241639491668
    ],
    "test_r2": [
      0.42563758358743753,
      0.4525084963503494,
      0.2937980214365262,
      0.4548790058578067,
      0.39292222789532416
    ],
    "test_rmse": [
      -6.512694252091997,
      -8.073792196085558,
      -9.785273580877059,
      -6.891206577617186,
      -6.414786534798176
    ],
    "test_mae": [
      -4.996048377521354,
      -5.627275385716482,
      -6.806034795708235,
      -5.116090225954969,
      -4.4322242351277
    ]
  },
  "473129": {
    "fit_time": [
      2.733898878097534,
      2.7318341732025146,
      2.7325801849365234,
      2.7288641929626465,
      2.731442928314209
    ],
    "score_time": [
      0.4477560520172119,
      0.43874692916870117,
      0.4403188228607178,
      0.4446530342102051,
      0.433361291885376
    ],
    "test_r": [
      0.634077364258147,
      0.5390396659341354,
      0.5871905653243453,
      0.6695404806237487,
      0.7072813987224494
    ],
    "test_r2": [
      0.38085543813313083,
      0.2617584371586609,
      0.3293453137430027,
      0.4049292071717848,
      0.46478488048795585
    ],
    "test_rmse": [
      -7.957073420175565,
      -7.7473418012292,
      -8.959285167506382,
      -7.527033922345641,
      -6.627157902956305
    ],
    "test_mae": [
      -5.385966747563802,
      -5.70213787874438,
      -6.035263600235437,
      -5.439534935046581,
      -4.973143569506424
    ]
  },
  "r_avg": 0.6364722103079297,
  "r_stdev": 0.05866927339770815,
  "r_stderr": 0.022174901001599034,
  "r2_avg": 0.37321008123227917,
  "r2_stdev": 0.07381721206791131,
  "r2_stderr": 0.027900283658258467,
  "rmse_avg": 7.7468452567760515,
  "rmse_stdev": 0.868578011091857,
  "rmse_stderr": 0.3282916302297364,
  "mae_avg": 5.497139055809086,
  "mae_stdev": 0.5262310970100162,
  "mae_stderr": 0.1988966592624583
}