fold,r,r2,rmse,mae
1.0,0.06654158546442168,-3303.1451061719767,195.3649362137103,42.61562491118008
2.0,-0.0875135454884455,-3.54596351282157e+24,5075035470017.938,483885645988.9013
3.0,-0.031460237757819656,-368.68906327568874,62.1603818779297,13.670312724884647
4.0,0.07429997211137412,-8.819178304249872e+22,872296886301.18,181327067725.14716
5.0,-0.09913468083942954,-1.4357515298030734e+24,3640343413300.659,563262941469.2762
