{
  "6": {
    "fit_time": [
      1.2233881950378418,
      0.010826826095581055
    ],
    "score_time": [
      0.004952907562255859,
      0.0078029632568359375
    ],
    "test_r": [
      0.16336665144176066,
      0.10067167194925175
    ],
    "test_r2": [
      0.024241782985116145,
      -0.1578246599832971
    ],
    "test_rmse": [
      -3.0542696999061905,
      -3.329889269975384
    ],
    "test_mae": [
      -2.455958702958037,
      -2.5970907323210803
    ]
  },
  "r_avg": 0.1320191616955062,
  "r_stdev": 0.03134748974625445,
  "r_stderr": 0.011848237442105218,
  "r2_avg": -0.06679143849909047,
  "r2_stdev": 0.09103322148420662,
  "r2_stderr": 0.03440732358461041,
  "rmse_avg": -3.192079484940787,
  "rmse_stdev": 0.13780978503459673,
  "rmse_stderr": 0.05208720277611624,
  "mae_avg": -2.5265247176395587,
  "mae_stdev": 0.07056601468152168,
  "mae_stderr": 0.026671446551462735
}