{
  "6": {
    "fit_time": [
      4.257879018783569,
      4.332388877868652,
      4.290647983551025,
      4.298748016357422,
      4.284611225128174
    ],
    "score_time": [
      0.0883030891418457,
      0.07728815078735352,
      0.08329296112060547,
      0.08086180686950684,
      0.08421087265014648
    ],
    "test_r": [
      0.31764521271601787,
      0.5284328086533732,
      0.22300696737256548,
      0.19167453959831493,
      0.175741725440359
    ],
    "test_r2": [
      0.043899644682399375,
      0.2583050373317154,
      0.008268765752267093,
      -0.09344472319558217,
      -0.02542227708456868
    ],
    "test_rmse": [
      -0.09717950831362387,
      -0.08839975362029531,
      -0.11476689112043353,
      -0.1165582164520246,
      -0.10549998070013364
    ],
    "test_mae": [
      -0.07245770563305685,
      -0.07099705913010174,
      -0.08099151793127983,
      -0.08117286927806873,
      -0.07478734528055667
    ]
  },
  "13": {
    "fit_time": [
      4.079949855804443,
      4.155684947967529,
      4.155000925064087,
      4.094486713409424,
      4.098157167434692
    ],
    "score_time": [
      0.09446597099304199,
      0.08079910278320312,
      0.08276104927062988,
      0.09075021743774414,
      0.0884709358215332
    ],
    "test_r": [
      0.39719537402638616,
      0.2712781614994516,
      0.46585219454218446,
      0.2892789937564315,
      0.388077834961512
    ],
    "test_r2": [
      0.13917873110698675,
      0.021258037388012352,
      0.17784343895609633,
      0.043307989268605795,
      0.13573286064653123
    ],
    "test_rmse": [
      -0.10026172100256024,
      -0.10025502818177036,
      -0.09875942064256399,
      -0.09840449816872075,
      -0.1111668893278015
    ],
    "test_mae": [
      -0.0756938667217971,
      -0.07416401365292319,
      -0.07678462309480413,
      -0.06899856907514063,
      -0.0769231593458076
    ]
  },
  "42": {
    "fit_time": [
      4.165407180786133,
      4.133764028549194,
      4.145075082778931,
      4.154916048049927,
      4.148416042327881
    ],
    "score_time": [
      0.08299899101257324,
      0.08548688888549805,
      0.08598089218139648,
      0.08389878273010254,
      0.08359289169311523
    ],
    "test_r": [
      0.348546387996631,
      0.3624749074537941,
      0.41803169042404237,
      0.4436329987287056,
      0.3416435256040548
    ],
    "test_r2": [
      0.101828201932605,
      0.12182453671384419,
      0.16523226363838128,
      0.1768828446360452,
      0.11632205094122883
    ],
    "test_rmse": [
      -0.09725460392879882,
      -0.10840812686816906,
      -0.09934455698798719,
      -0.09035543510908162,
      -0.10619576563785603
    ],
    "test_mae": [
      -0.070132426308989,
      -0.0773964119418215,
      -0.07937055658872198,
      -0.06336723955085805,
      -0.08089538044180188
    ]
  },
  "69": {
    "fit_time": [
      4.17864203453064,
      4.166845083236694,
      4.117633819580078,
      4.160306215286255,
      4.152451992034912
    ],
    "score_time": [
      0.07972097396850586,
      0.08346319198608398,
      0.0964808464050293,
      0.0824136734008789,
      0.08366799354553223
    ],
    "test_r": [
      0.37083617785075157,
      0.48197925865720614,
      0.24983726113790758,
      0.41495058930638373,
      0.24512431098882567
    ],
    "test_r2": [
      0.13001932911363157,
      0.21843303092518807,
      -0.10795455659440933,
      0.16339131469167079,
      0.015350605653816629
    ],
    "test_rmse": [
      -0.09504641420541386,
      -0.10102410240695925,
      -0.1143316775619004,
      -0.10194429706873528,
      -0.10271744286388688
    ],
    "test_mae": [
      -0.06804814175783705,
      -0.08060050548658568,
      -0.08294581795170602,
      -0.07039071485537475,
      -0.07780775907725195
    ]
  },
  "420": {
    "fit_time": [
      4.030418872833252,
      4.096430063247681,
      4.1271421909332275,
      4.092371940612793,
      4.097107172012329
    ],
    "score_time": [
      0.09066104888916016,
      0.08147573471069336,
      0.07840895652770996,
      0.08106303215026855,
      0.0810539722442627
    ],
    "test_r": [
      0.41295491822667074,
      0.4126867622562574,
      0.35988973138508895,
      0.30599277797390584,
      0.4405396659259359
    ],
    "test_r2": [
      0.16449179732232566,
      0.16240041271792793,
      0.11334858007417614,
      0.08012685994095037,
      0.19342369478717514
    ],
    "test_rmse": [
      -0.08818885930340012,
      -0.10316828798604605,
      -0.09063965398277071,
      -0.10474622954367797,
      -0.11080272422749092
    ],
    "test_mae": [
      -0.06736476691187229,
      -0.07255917313432238,
      -0.0691013142370311,
      -0.07430649246907109,
      -0.08341476584896304
    ]
  },
  "1234567890": {
    "fit_time": [
      4.150177001953125,
      4.199291944503784,
      4.149569988250732,
      4.180649042129517,
      4.1469361782073975
    ],
    "score_time": [
      0.0859839916229248,
      0.07867312431335449,
      0.08851289749145508,
      0.08044290542602539,
      0.0868217945098877
    ],
    "test_r": [
      0.24877049946698726,
      0.38113378292685823,
      0.3459250036095644,
      0.3996898278694692,
      0.38346236351945906
    ],
    "test_r2": [
      0.02747516812933759,
      0.14370673439139459,
      0.10521690985912113,
      0.15585291465864948,
      0.14394840154779787
    ],
    "test_rmse": [
      -0.09877971993642051,
      -0.0964419748579779,
      -0.11539228880821092,
      -0.09605802996492036,
      -0.10080916135470575
    ],
    "test_mae": [
      -0.07458121693181197,
      -0.07275729578903063,
      -0.08092048054784408,
      -0.07024510234335132,
      -0.07150016158829378
    ]
  },
  "473129": {
    "fit_time": [
      4.135462999343872,
      4.1304380893707275,
      4.1137518882751465,
      4.148108720779419,
      4.163265943527222
    ],
    "score_time": [
      0.0845789909362793,
      0.0851888656616211,
      0.08635520935058594,
      0.07959818840026855,
      0.08126282691955566
    ],
    "test_r": [
      0.36188832467979626,
      0.43455273653914744,
      0.44371524537714063,
      0.24236361908821907,
      0.3399096937469897
    ],
    "test_r2": [
      0.09920164654056329,
      0.16814014645705844,
      0.1914552014761326,
      -0.013284510317336018,
      0.08436816883901233
    ],
    "test_rmse": [
      -0.09667686187319932,
      -0.0980890012934048,
      -0.10437222838331613,
      -0.10600511132073613,
      -0.10076525028453956
    ],
    "test_mae": [
      -0.07512309065281673,
      -0.07593626932986333,
      -0.07477163583619582,
      -0.07734670982597903,
      -0.07145388725494357
    ]
  },
  "r_avg": 0.35539188209446826,
  "r_stdev": 0.0841502198061649,
  "r_stderr": 0.03180579348264775,
  "r2_avg": 0.10371797865510719,
  "r2_stdev": 0.08341509215766514,
  "r2_stderr": 0.031527941348388024,
  "rmse_avg": -0.10168027752255811,
  "rmse_stdev": 0.007292717806800916,
  "rmse_stderr": 0.0027563882426525155,
  "mae_avg": -0.07472308702302499,
  "mae_stdev": 0.004759904956411372,
  "mae_stderr": 0.0017990749684240327
}