{
  "6": {
    "fit_time": [
      0.20123696327209473,
      0.20140314102172852,
      0.20224285125732422,
      0.20260190963745117,
      0.19429802894592285
    ],
    "score_time": [
      0.014541149139404297,
      0.014848947525024414,
      0.015705108642578125,
      0.014770984649658203,
      0.013922929763793945
    ],
    "test_r": [
      0.3269458364149964,
      0.4946200780735741,
      0.31050819394782425,
      0.2135278111162357,
      0.13563072827970582
    ],
    "test_r2": [
      0.027073447079792312,
      0.1619109211557911,
      -0.03860680789956139,
      -0.1610198973631931,
      -0.32113516404763653
    ],
    "test_rmse": [
      -0.09803089907305977,
      -0.0939687566601798,
      -0.11744788600894689,
      -0.12010589065695434,
      -0.11974975461923772
    ],
    "test_mae": [
      -0.07135815634495755,
      -0.07257048002062351,
      -0.08282717063833378,
      -0.07947114428752154,
      -0.08498264684881028
    ]
  },
  "13": {
    "fit_time": [
      0.20962786674499512,
      0.20788788795471191,
      0.20857977867126465,
      0.2050158977508545,
      0.20613718032836914
    ],
    "score_time": [
      0.014602899551391602,
      0.014928817749023438,
      0.017460107803344727,
      0.014780044555664062,
      0.015802860260009766
    ],
    "test_r": [
      0.48202290141121856,
      0.2444623381790599,
      0.5865823355305088,
      0.3371122525953123,
      0.28755232083586574
    ],
    "test_r2": [
      0.19245275597147316,
      -0.2573337137844345,
      0.32324451318771963,
      -0.08192359451439013,
      0.003160253386455092
    ],
    "test_rmse": [
      -0.09710970398431916,
      -0.11363113364338988,
      -0.0896018884250062,
      -0.10464709414580878,
      -0.11938894817406412
    ],
    "test_mae": [
      -0.07249482159066835,
      -0.07831986463394261,
      -0.06833314665871992,
      -0.07209740574865155,
      -0.08193625668917519
    ]
  },
  "42": {
    "fit_time": [
      0.2112569808959961,
      0.20930790901184082,
      0.2114579677581787,
      0.20791292190551758,
      0.21149802207946777
    ],
    "score_time": [
      0.014217138290405273,
      0.01516580581665039,
      0.015524148941040039,
      0.013875961303710938,
      0.01611495018005371
    ],
    "test_r": [
      0.38310620356826575,
      0.43342314979341967,
      0.4043972677226337,
      0.3894587097540512,
      0.44022892970702543
    ],
    "test_r2": [
      -0.008449788486026177,
      0.09155954627932983,
      0.12370467514831873,
      -0.004647583084106177,
      0.174219020528125
    ],
    "test_rmse": [
      -0.10305227930475844,
      -0.11026036454794844,
      -0.1017856365822203,
      -0.09982293315154435,
      -0.10265795984219334
    ],
    "test_mae": [
      -0.07706608910532163,
      -0.07422596504825937,
      -0.07852892516594083,
      -0.06437852093947966,
      -0.07614538958360992
    ]
  },
  "69": {
    "fit_time": [
      0.20985698699951172,
      0.20570707321166992,
      0.20715904235839844,
      0.205610990524292,
      0.20700502395629883
    ],
    "score_time": [
      0.01688098907470703,
      0.015618085861206055,
      0.015188932418823242,
      0.015594005584716797,
      0.01626896858215332
    ],
    "test_r": [
      0.4159113512706579,
      0.5424878116135424,
      0.24031248602093827,
      0.28865337062063434,
      0.21333729721886918
    ],
    "test_r2": [
      0.13193639380656985,
      0.2839149471952337,
      -0.33271677873167316,
      0.004136771483561397,
      -0.2194261127914492
    ],
    "test_rmse": [
      -0.09494163566263916,
      -0.0966994950709374,
      -0.12539335851722852,
      -0.11122479130120465,
      -0.11430918688348578
    ],
    "test_mae": [
      -0.06568624769569198,
      -0.07719390862381577,
      -0.08748335145689261,
      -0.07428690451904299,
      -0.08046357008685122
    ]
  },
  "420": {
    "fit_time": [
      0.20496487617492676,
      0.20309805870056152,
      0.202347993850708,
      0.2024519443511963,
      0.19986295700073242
    ],
    "score_time": [
      0.014194011688232422,
      0.014597892761230469,
      0.014362096786499023,
      0.014953136444091797,
      0.01479196548461914
    ],
    "test_r": [
      0.46410643465889645,
      0.3570849364170003,
      0.4000921476670997,
      0.380064031313258,
      0.40746714299975983
    ],
    "test_r2": [
      0.17402694713338307,
      0.07886153529303297,
      0.025376908959802602,
      0.08108165943569967,
      0.04649497286556359
    ],
    "test_rmse": [
      -0.08768419224895181,
      -0.10819083069555627,
      -0.095029868933741,
      -0.10469185377793094,
      -0.12047285485307806
    ],
    "test_mae": [
      -0.06847552655574272,
      -0.07680683037181135,
      -0.07005809680391903,
      -0.07105810321781576,
      -0.08480486392766533
    ]
  },
  "1234567890": {
    "fit_time": [
      0.20479083061218262,
      0.205092191696167,
      0.20281696319580078,
      0.19858694076538086,
      0.20199823379516602
    ],
    "score_time": [
      0.014794111251831055,
      0.014497041702270508,
      0.014621973037719727,
      0.0143890380859375,
      0.015006780624389648
    ],
    "test_r": [
      0.35009704818206316,
      0.42909507226463406,
      0.3558074765600167,
      0.3659907401091138,
      0.42843709214876446
    ],
    "test_r2": [
      0.014206934350010192,
      0.134431385594189,
      0.004460557051166547,
      0.019254344669931256,
      0.1338346354347002
    ],
    "test_rmse": [
      -0.09945126699870321,
      -0.09696289662202559,
      -0.12171585083269475,
      -0.10353872420521015,
      -0.10140291444052581
    ],
    "test_mae": [
      -0.07323517459743363,
      -0.07307132302058364,
      -0.08710460594714158,
      -0.0718989240770852,
      -0.06907310282469455
    ]
  },
  "473129": {
    "fit_time": [
      0.20640826225280762,
      0.20607900619506836,
      0.20095419883728027,
      0.20209002494812012,
      0.19772005081176758
    ],
    "score_time": [
      0.014787673950195312,
      0.014140844345092773,
      0.014014959335327148,
      0.014396190643310547,
      0.014284849166870117
    ],
    "test_r": [
      0.4089950622535857,
      0.44210902193784685,
      0.5071177574126087,
      0.19924899268835436,
      0.35962096936157195
    ],
    "test_r2": [
      0.0781685061680153,
      0.1362648650993038,
      0.2450282421380371,
      -0.26051288419761565,
      0.025206682125699875
    ],
    "test_rmse": [
      -0.09779902466953894,
      -0.09995062707305848,
      -0.10085519304370846,
      -0.11823192186038424,
      -0.10396965876940267
    ],
    "test_mae": [
      -0.07365983504575233,
      -0.07559850906615262,
      -0.07251992318195215,
      -0.08041781664662209,
      -0.07037467306958542
    ]
  },
  "r_avg": 0.37216043713282604,
  "r_stdev": 0.09964723939391355,
  "r_stderr": 0.03766311632434484,
  "r2_avg": 0.0293782599040234,
  "r2_stdev": 0.15932399815105844,
  "r2_stderr": 0.060218810998887894,
  "rmse_avg": -0.1055364935794182,
  "rmse_stdev": 0.009909342778766048,
  "rmse_stderr": 0.0037453795212441005,
  "mae_avg": -0.07537163640115051,
  "mae_stdev": 0.005761459964488059,
  "mae_stderr": 0.0021776271792414903
}