{
  "6": {
    "fit_time": [
      0.217634916305542,
      0.2176189422607422,
      0.21677589416503906,
      0.22720694541931152,
      0.21761822700500488
    ],
    "score_time": [
      0.019708871841430664,
      0.0206451416015625,
      0.020173072814941406,
      0.015746116638183594,
      0.019397735595703125
    ],
    "test_r": [
      0.5846067222464825,
      0.3971369112149826,
      0.5254229454359706,
      0.6231559586639083,
      0.4690895809469477
    ],
    "test_r2": [
      0.3250807113429427,
      -0.05017974245554946,
      0.21521398468131803,
      0.34518760616797184,
      0.09608471854995504
    ],
    "test_rmse": [
      -8.50776426597449,
      -10.095064246382126,
      -7.931510276087562,
      -9.48888509045604,
      -7.968440432310508
    ],
    "test_mae": [
      -6.240768770699776,
      -7.1931988619640155,
      -6.043264669151563,
      -7.061751660342702,
      -6.114693829414108
    ]
  },
  "13": {
    "fit_time": [
      0.20908594131469727,
      0.20703887939453125,
      0.21060919761657715,
      0.2068629264831543,
      0.20834994316101074
    ],
    "score_time": [
      0.018341064453125,
      0.019733428955078125,
      0.01848602294921875,
      0.019114971160888672,
      0.01726388931274414
    ],
    "test_r": [
      0.423113801436178,
      0.5286772441451874,
      0.5654768124803735,
      0.5186046531879436,
      0.6489372633928979
    ],
    "test_r2": [
      0.018231846852601596,
      0.2314150945447796,
      0.24677170826655614,
      0.2404294489265949,
      0.4084165858123062
    ],
    "test_rmse": [
      -8.895135340657061,
      -9.277161405401435,
      -7.705967173940825,
      -9.184049065589447,
      -8.174798049424096
    ],
    "test_mae": [
      -6.26908035926329,
      -6.712037900973716,
      -5.753697569511424,
      -7.007745823918196,
      -6.148166015126508
    ]
  },
  "42": {
    "fit_time": [
      0.21917414665222168,
      0.22119879722595215,
      0.21566510200500488,
      0.21584105491638184,
      0.21655988693237305
    ],
    "score_time": [
      0.02001214027404785,
      0.018238067626953125,
      0.01866602897644043,
      0.019950151443481445,
      0.01863384246826172
    ],
    "test_r": [
      0.3623212975483751,
      0.46108867480894583,
      0.5588642040107514,
      0.45486603306382206,
      0.4847335596817386
    ],
    "test_r2": [
      0.014782163183524988,
      0.13693660817110742,
      0.25067580662981115,
      0.18019605050967946,
      0.047038019200701275
    ],
    "test_rmse": [
      -8.607563440679703,
      -9.688436354282253,
      -9.549686702470517,
      -8.568130420684865,
      -9.48875050746738
    ],
    "test_mae": [
      -6.918553666248182,
      -7.066757813959917,
      -6.485998282536184,
      -6.253262632879484,
      -7.100977131214061
    ]
  },
  "69": {
    "fit_time": [
      0.2060244083404541,
      0.2055349349975586,
      0.20343399047851562,
      0.20928406715393066,
      0.20800423622131348
    ],
    "score_time": [
      0.01600790023803711,
      0.017451047897338867,
      0.015746116638183594,
      0.01791691780090332,
      0.016097068786621094
    ],
    "test_r": [
      0.5745632681591634,
      0.4405440899567496,
      0.5435737896989855,
      0.6029321126840289,
      0.4998463943760386
    ],
    "test_r2": [
      0.287816450563096,
      0.09389829189942234,
      0.2156678080817347,
      0.3567675672616676,
      0.20170723896168175
    ],
    "test_rmse": [
      -8.627463452626767,
      -9.388940975053968,
      -9.059740361245991,
      -8.236100718392859,
      -8.12491844206692
    ],
    "test_mae": [
      -5.859364442966879,
      -7.037852541608,
      -6.8100809865318,
      -6.24219087660067,
      -6.127721918854178
    ]
  },
  "420": {
    "fit_time": [
      0.2266073226928711,
      0.22823619842529297,
      0.22710013389587402,
      0.2263960838317871,
      0.2252061367034912
    ],
    "score_time": [
      0.022169828414916992,
      0.01975560188293457,
      0.0213167667388916,
      0.020840883255004883,
      0.020503997802734375
    ],
    "test_r": [
      0.573088424952092,
      0.6205652841260654,
      0.47732303091121026,
      0.42614719752340824,
      0.5668672188909091
    ],
    "test_r2": [
      0.266341541418354,
      0.35319824276806544,
      0.13852898703280891,
      0.044348569826177076,
      0.2681318547253069
    ],
    "test_rmse": [
      -8.740960404205431,
      -7.966739445945101,
      -8.388510103857223,
      -8.567145368850106,
      -9.794093938662316
    ],
    "test_mae": [
      -6.305854869556375,
      -5.865428553505099,
      -6.464780054220908,
      -6.242616779799977,
      -7.342625607944331
    ]
  },
  "1234567890": {
    "fit_time": [
      0.2066030502319336,
      0.20682382583618164,
      0.21211481094360352,
      0.21379423141479492,
      0.20500683784484863
    ],
    "score_time": [
      0.018106937408447266,
      0.02060532569885254,
      0.018826007843017578,
      0.016200780868530273,
      0.020536184310913086
    ],
    "test_r": [
      0.44874285544337644,
      0.5906743929743803,
      0.4767739905251833,
      0.5239486972020876,
      0.36369802695148257
    ],
    "test_r2": [
      0.13555120424909695,
      0.23921883281701828,
      0.16699774849843507,
      0.21448279411445514,
      0.022556208842757886
    ],
    "test_rmse": [
      -9.487115532019365,
      -8.985669734100526,
      -9.333665426815486,
      -9.093418228306449,
      -8.508418363517428
    ],
    "test_mae": [
      -6.977824384366216,
      -6.385680840037658,
      -6.938786728737559,
      -6.89724462331806,
      -6.26315108316261
    ]
  },
  "473129": {
    "fit_time": [
      0.2854499816894531,
      0.2806367874145508,
      0.28123021125793457,
      0.28228116035461426,
      0.2898402214050293
    ],
    "score_time": [
      0.01902484893798828,
      0.020262956619262695,
      0.020413875579833984,
      0.02097296714782715,
      0.02094268798828125
    ],
    "test_r": [
      0.5575435650148539,
      0.3859015601604362,
      0.6290986231998099,
      0.5425071840866917,
      0.5011218887017946
    ],
    "test_r2": [
      0.2582551104957078,
      0.005673361375736263,
      0.38223623327336576,
      0.16672989743998878,
      0.22140542177109346
    ],
    "test_rmse": [
      -8.881028986460484,
      -9.7377650668773,
      -8.086312752542938,
      -8.836793529442685,
      -8.50813049238274
    ],
    "test_mae": [
      -6.844980113410254,
      -7.135632080782542,
      -5.732942071537296,
      -6.180839614179607,
      -6.800343933651869
    ]
  },
  "r_avg": 0.5129016359372358,
  "r_stdev": 0.07666015804740318,
  "r_stderr": 0.028974816237190813,
  "r2_avg": 0.19273697073715063,
  "r2_stdev": 0.11626887076582526,
  "r2_stderr": 0.04394550246638309,
  "rmse_avg": -8.842407831290869,
  "rmse_stdev": 0.611327944832503,
  "rmse_stderr": 0.2310602445044309,
  "mae_avg": -6.537882774056429,
  "mae_stdev": 0.4565621489416309,
  "mae_stderr": 0.1725642720206838
}