{
  "6": {
    "fit_time": [
      0.059397220611572266,
      0.05655980110168457,
      0.055233001708984375,
      0.05930805206298828,
      0.0631568431854248
    ],
    "score_time": [
      0.011339664459228516,
      0.013826131820678711,
      0.013118267059326172,
      0.01129007339477539,
      0.007911920547485352
    ],
    "test_r": [
      0.5888664427462237,
      0.40935049077250363,
      0.5178440576451474,
      0.5546036745709864,
      0.45148426299201655
    ],
    "test_r2": [
      0.2256204666605076,
      -0.09991515090183323,
      0.10078595422968539,
      0.2661910766059826,
      -0.05892487089466325
    ],
    "test_rmse": [
      -9.113106820478992,
      -10.331344919554411,
      -8.490080430122289,
      -10.04496056928996,
      -8.624661133879915
    ],
    "test_mae": [
      -6.508950250608111,
      -7.177935031608299,
      -6.344038870776141,
      -7.347122161300094,
      -6.693952785774514
    ]
  },
  "13": {
    "fit_time": [
      0.04780697822570801,
      0.04793596267700195,
      0.04798126220703125,
      0.04805707931518555,
      0.04949593544006348
    ],
    "score_time": [
      0.00987696647644043,
      0.009438276290893555,
      0.00974273681640625,
      0.010004043579101562,
      0.009690284729003906
    ],
    "test_r": [
      0.3835537382592922,
      0.5177513923884542,
      0.5914550215111312,
      0.5483558413156487,
      0.5885203987215689
    ],
    "test_r2": [
      -0.15174026280325137,
      0.16689679869497043,
      0.1766863956964415,
      0.22576326078587172,
      0.31267398500158583
    ],
    "test_rmse": [
      -9.634415340059823,
      -9.658698036518135,
      -8.056501429524195,
      -9.272290377218614,
      -8.811511836219696
    ],
    "test_mae": [
      -6.6765859075423775,
      -7.110519599208125,
      -6.135256797649242,
      -6.920091271577059,
      -6.72627293339482
    ]
  },
  "42": {
    "fit_time": [
      0.056849002838134766,
      0.05793166160583496,
      0.05732083320617676,
      0.05728793144226074,
      0.0570681095123291
    ],
    "score_time": [
      0.012736082077026367,
      0.01258230209350586,
      0.012042045593261719,
      0.011176109313964844,
      0.010612964630126953
    ],
    "test_r": [
      0.3607082688632008,
      0.41184041062154264,
      0.518387995570241,
      0.5300415893808578,
      0.42289937493877816
    ],
    "test_r2": [
      -0.05567700245755747,
      -0.021696107842027024,
      0.12382368929944976,
      0.25833315680972935,
      -0.18505903353376119
    ],
    "test_rmse": [
      -8.910039506924212,
      -10.541276672442894,
      -10.326425113351553,
      -8.14958506749606,
      -10.581353733202965
    ],
    "test_mae": [
      -7.062117635744428,
      -7.552495617336696,
      -6.8344111887613925,
      -6.035416107177735,
      -7.599363797505698
    ]
  },
  "69": {
    "fit_time": [
      0.06586790084838867,
      0.06777811050415039,
      0.06671500205993652,
      0.07128715515136719,
      0.06284904479980469
    ],
    "score_time": [
      0.011642932891845703,
      0.012653827667236328,
      0.012307882308959961,
      0.011677026748657227,
      0.012090921401977539
    ],
    "test_r": [
      0.6202422040144946,
      0.4195074820125476,
      0.5198468040184244,
      0.5985908459424981,
      0.4747576654739672
    ],
    "test_r2": [
      0.3437408338699942,
      -0.03991225187208469,
      0.05897053164317434,
      0.29905102472557543,
      0.13625926924795095
    ],
    "test_rmse": [
      -8.28180213842929,
      -10.058343933347828,
      -9.92355641970096,
      -8.597672230690401,
      -8.45141863230581
    ],
    "test_mae": [
      -5.686878958885823,
      -7.151102992163764,
      -7.163460478606048,
      -6.314733588607222,
      -6.349563838817456
    ]
  },
  "420": {
    "fit_time": [
      0.05280590057373047,
      0.05064702033996582,
      0.05160188674926758,
      0.04961204528808594,
      0.053955793380737305
    ],
    "score_time": [
      0.008430242538452148,
      0.008077144622802734,
      0.008688926696777344,
      0.009345054626464844,
      0.01203012466430664
    ],
    "test_r": [
      0.542163315193914,
      0.6201706273741084,
      0.46492624648672437,
      0.3929358339737437,
      0.5424393796911516
    ],
    "test_r2": [
      0.031000328065432736,
      0.3362302428680305,
      0.03971388998215675,
      -0.2029358394671732,
      0.12048724763052376
    ],
    "test_rmse": [
      -10.045556564411118,
      -8.070561450919046,
      -8.85655494192741,
      -9.61186386553957,
      -10.73665289866345
    ],
    "test_mae": [
      -7.149207013331422,
      -5.886840366080956,
      -6.595465752636945,
      -6.835933418273925,
      -7.5053090639467595
    ]
  },
  "1234567890": {
    "fit_time": [
      0.05864381790161133,
      0.05938315391540527,
      0.0573272705078125,
      0.06070709228515625,
      0.0560450553894043
    ],
    "score_time": [
      0.012192964553833008,
      0.011986970901489258,
      0.011966943740844727,
      0.008699178695678711,
      0.011295080184936523
    ],
    "test_r": [
      0.4899088004455627,
      0.6134080322840091,
      0.5018212487002202,
      0.47590628468421264,
      0.3672877825561389
    ],
    "test_r2": [
      0.15920714759115362,
      0.17620186735513566,
      0.10758036566530016,
      0.006955166947165248,
      -0.08719098424073013
    ],
    "test_rmse": [
      -9.356405985323319,
      -9.350416948518049,
      -9.660813537525804,
      -10.224303736367204,
      -8.973375905453228
    ],
    "test_mae": [
      -6.882354250566675,
      -6.354583447774252,
      -7.015954005629929,
      -7.596369630319102,
      -6.502836960686578
    ]
  },
  "473129": {
    "fit_time": [
      0.06239509582519531,
      0.06127786636352539,
      0.06365489959716797,
      0.062406301498413086,
      0.0609588623046875
    ],
    "score_time": [
      0.013393878936767578,
      0.013342857360839844,
      0.011039257049560547,
      0.011445999145507812,
      0.011494159698486328
    ],
    "test_r": [
      0.5176035570866561,
      0.32183679071547866,
      0.6445685166402496,
      0.5526745258732171,
      0.5247615899565848
    ],
    "test_r2": [
      0.16340455873844284,
      -0.22807816343480303,
      0.3948139708675117,
      0.022177179029506222,
      0.17534462095661651
    ],
    "test_rmse": [
      -9.431781973923185,
      -10.822005737974603,
      -8.003570321175395,
      -9.57264365425756,
      -8.756180442733955
    ],
    "test_mae": [
      -7.090090911585257,
      -7.591601353398077,
      -5.749650534170645,
      -6.55537138974225,
      -6.884969008410418
    ]
  },
  "r_avg": 0.5028862998120429,
  "r_stdev": 0.08248805239666518,
  "r_stderr": 0.031177553253663077,
  "r2_avg": 0.09419381032914316,
  "r2_stdev": 0.16296593241963153,
  "r2_stderr": 0.061595332765443364,
  "rmse_avg": -9.35233520872774,
  "rmse_stdev": 0.8199038030503984,
  "rmse_stderr": 0.3098945088382051,
  "mae_avg": -6.788194483417093,
  "mae_stdev": 0.5198585547835416,
  "mae_stderr": 0.19648806469809976
}