{
  "6": {
    "fit_time": [
      6.594527959823608,
      6.599676132202148
    ],
    "score_time": [
      0.11162710189819336,
      0.11344265937805176
    ],
    "test_r": [
      -0.2836986838100301,
      0.03631942048761619
    ],
    "test_r2": [
      -0.4445682839030154,
      -4.193796908863447
    ],
    "test_rmse": [
      -3.714005708694458,
      -7.058156490325928
    ],
    "test_mae": [
      -2.855557680130005,
      -6.425765514373779
    ]
  },
  "r_avg": -0.12368963166120696,
  "r_stdev": 0.16000905214882316,
  "r_stderr": 0.0604777370721359,
  "r2_avg": -2.319182596383231,
  "r2_stdev": 1.8746143124802155,
  "r2_stderr": 0.7085376107121394,
  "rmse_avg": 5.386081099510193,
  "rmse_stdev": 1.6720753908157349,
  "rmse_stderr": 0.6319850939213668,
  "mae_avg": 4.640661597251892,
  "mae_stdev": 1.7851039171218872,
  "mae_stderr": 0.6747058613016813
}