{
  "6": {
    "fit_time": [
      0.040579795837402344,
      0.03995108604431152
    ],
    "score_time": [
      0.08706307411193848,
      0.08578276634216309
    ],
    "test_r": [
      0.5911121491326777,
      0.5801555969842264
    ],
    "test_r2": [
      0.34588282898310607,
      0.3178579525850641
    ],
    "test_rmse": [
      -2.499201717440596,
      -2.5579157242998924
    ],
    "test_mae": [
      -1.9203452739153224,
      -1.9748332252556002
    ],
    "best_params": {
      "check_inverse": true,
      "func": null,
      "inverse_func": null,
      "regressor__algorithm": "brute",
      "regressor__leaf_size": 83,
      "regressor__metric": "minkowski",
      "regressor__metric_params": null,
      "regressor__n_jobs": null,
      "regressor__n_neighbors": 16,
      "regressor__p": 2,
      "regressor__weights": "uniform",
      "transformer__memory": null,
      "transformer__verbose": false,
      "transformer__standardscaler__copy": true,
      "transformer__standardscaler__with_mean": true,
      "transformer__standardscaler__with_std": true
    }
  },
  "r_avg": 0.585633873058452,
  "r_stdev": 0.005478276074225685,
  "r_stderr": 0.0020705937293937693,
  "r2_avg": 0.3318703907840851,
  "r2_stdev": 0.014012438199020982,
  "r2_stderr": 0.00529620381946733,
  "rmse_avg": 2.5285587208702442,
  "rmse_stdev": 0.0293570034296482,
  "rmse_stderr": 0.011095904330417057,
  "mae_avg": 1.9475892495854614,
  "mae_stdev": 0.02724397567013892,
  "mae_stderr": 0.010297254906840265
}