{
  "6": {
    "fit_time": [
      26.239681005477905,
      27.643823623657227,
      27.316967725753784,
      26.98153281211853,
      17.72791814804077
    ],
    "score_time": [
      0.1428663730621338,
      0.1351604461669922,
      0.11472892761230469,
      0.09097743034362793,
      0.07598638534545898
    ],
    "test_r": [
      0.7546022327852844,
      0.7633195786838695,
      0.7937176155310893,
      0.7582104783970345,
      0.7822188318784211
    ],
    "test_r2": [
      0.5664784954241993,
      0.5720028361513719,
      0.629562824349732,
      0.5671835201626614,
      0.6058153578034094
    ],
    "test_rmse": [
      -2.564269395773092,
      -2.6053407457889395,
      -2.414147217072547,
      -2.4203299933281333,
      -2.374413957544756
    ],
    "test_mae": [
      -1.9159526604577877,
      -1.8661678144992617,
      -1.8808122951446196,
      -1.894814728054992,
      -1.832094022734296
    ]
  },
  "13": {
    "fit_time": [
      25.7284734249115,
      27.979936361312866,
      28.173481225967407,
      26.85415482521057,
      17.778700351715088
    ],
    "score_time": [
      0.14582490921020508,
      0.1381523609161377,
      0.11445069313049316,
      0.09151768684387207,
      0.07628846168518066
    ],
    "test_r": [
      0.78870384171063,
      0.7560172599511267,
      0.7962950203612714,
      0.7737712182948245,
      0.7880197655273865
    ],
    "test_r2": [
      0.615142571212186,
      0.5655500469368742,
      0.6225908691330242,
      0.59703848109028,
      0.6166249418568317
    ],
    "test_rmse": [
      -2.491765479862365,
      -2.4006839118888363,
      -2.3473488312483863,
      -2.44314930102462,
      -2.4490081781388446
    ],
    "test_mae": [
      -1.864827266217673,
      -1.8911601309429669,
      -1.8635969666944425,
      -1.9429072239255096,
      -1.7487675871667552
    ]
  },
  "42": {
    "fit_time": [
      26.198066473007202,
      27.333732843399048,
      27.380831718444824,
      27.05912137031555,
      17.90121865272522
    ],
    "score_time": [
      0.1421217918395996,
      0.1384449005126953,
      0.11599278450012207,
      0.09441208839416504,
      0.07614350318908691
    ],
    "test_r": [
      0.7732486617419954,
      0.7791621266411218,
      0.8343719182191501,
      0.7451309531652123,
      0.7518781474927232
    ],
    "test_r2": [
      0.587362480068798,
      0.6040139783723759,
      0.684634437089479,
      0.5449384383622308,
      0.5527633499634665
    ],
    "test_rmse": [
      -2.5614440291002416,
      -2.473640387770052,
      -2.253517793599313,
      -2.497268420467083,
      -2.4576035125763385
    ],
    "test_mae": [
      -2.0294547369169194,
      -1.8578447552565296,
      -1.7443988825340082,
      -1.8981068175246247,
      -1.848102436292029
    ]
  },
  "69": {
    "fit_time": [
      26.05221676826477,
      27.701262712478638,
      27.642094373703003,
      26.905128955841064,
      18.50623106956482
    ],
    "score_time": [
      0.13537979125976562,
      0.14554047584533691,
      0.11220574378967285,
      0.09087014198303223,
      0.07631182670593262
    ],
    "test_r": [
      0.7674446685646866,
      0.765244734667119,
      0.783142538080344,
      0.7611200195690268,
      0.772187080674236
    ],
    "test_r2": [
      0.5809266738295542,
      0.5830866285676266,
      0.6110063321864694,
      0.5755897018667445,
      0.5954393625756758
    ],
    "test_rmse": [
      -2.4045881503080886,
      -2.4829270398601726,
      -2.46547589559301,
      -2.5491947255862053,
      -2.480275836685524
    ],
    "test_mae": [
      -1.8807731421491019,
      -1.8603195641741006,
      -1.8164794879723656,
      -1.9065228940759158,
      -1.8411019627199143
    ]
  },
  "420": {
    "fit_time": [
      25.487849712371826,
      27.50294852256775,
      27.591747999191284,
      27.345134019851685,
      18.015411376953125
    ],
    "score_time": [
      0.14167308807373047,
      0.1389021873474121,
      0.11207962036132812,
      0.0904543399810791,
      0.0773160457611084
    ],
    "test_r": [
      0.7447437178765671,
      0.7506112643637554,
      0.768743690449902,
      0.7837750000622132,
      0.8378380385478591
    ],
    "test_r2": [
      0.5457161196711261,
      0.546070471173894,
      0.5862538509509971,
      0.6101274717540601,
      0.6999206357924276
    ],
    "test_rmse": [
      -2.4708062038027268,
      -2.564913167796787,
      -2.5545519712275158,
      -2.516762468293971,
      -2.100481395054952
    ],
    "test_mae": [
      -1.873231163189206,
      -1.9601309839049523,
      -1.902060695383691,
      -1.9247671068262953,
      -1.6600003007031785
    ]
  },
  "1234567890": {
    "fit_time": [
      26.125360250473022,
      27.10702085494995,
      27.51467728614807,
      27.175426483154297,
      18.024823904037476
    ],
    "score_time": [
      0.1443946361541748,
      0.14792823791503906,
      0.11365151405334473,
      0.09047603607177734,
      0.07662773132324219
    ],
    "test_r": [
      0.7577523017284601,
      0.7736785914918108,
      0.7892985727451659,
      0.790456275835179,
      0.7997612151708272
    ],
    "test_r2": [
      0.5675154507110832,
      0.5972039832168079,
      0.6223065968746937,
      0.6244636465201989,
      0.6384222551174645
    ],
    "test_rmse": [
      -2.654835701073806,
      -2.410100622510131,
      -2.3578308849541867,
      -2.3877815829342897,
      -2.2677619055317484
    ],
    "test_mae": [
      -2.0296336513850384,
      -1.8245905473821677,
      -1.7874300960492846,
      -1.8444398626550198,
      -1.7520742941459015
    ]
  },
  "473129": {
    "fit_time": [
      26.3493390083313,
      27.167282342910767,
      27.63357901573181,
      27.05368185043335,
      17.383551836013794
    ],
    "score_time": [
      0.13915133476257324,
      0.135451078414917,
      0.11019492149353027,
      0.09218120574951172,
      0.07558488845825195
    ],
    "test_r": [
      0.7568599359454332,
      0.7954103863629006,
      0.7935278504295733,
      0.7602416313202105,
      0.7511398477546232
    ],
    "test_r2": [
      0.5651899214642788,
      0.6315419173790668,
      0.6261965536496806,
      0.5740716855933561,
      0.5331882467641016
    ],
    "test_rmse": [
      -2.518849706203059,
      -2.4950768287401495,
      -2.366775678706918,
      -2.4942934528256715,
      -2.5328701164365537
    ],
    "test_mae": [
      -1.8775081463194396,
      -1.8820693854136579,
      -1.880593387085107,
      -1.9578975214029377,
      -1.895519252263929
    ]
  },
  "r_avg": 0.7754755717720294,
  "r_stdev": 0.02177786333262868,
  "r_stderr": 0.008231258637783971,
  "r2_avg": 0.5955982895324637,
  "r2_stdev": 0.036726948690848915,
  "r2_stderr": 0.013881481807173638,
  "rmse_avg": 2.452288128265972,
  "rmse_stdev": 0.10562842767850723,
  "rmse_stderr": 0.039923793002300256,
  "mae_avg": 1.869604336273246,
  "mae_stdev": 0.0730079840394054,
  "mae_stderr": 0.02759442421291993
}