{
  "6": {
    "fit_time": [
      0.8709414005279541,
      0.9442424774169922,
      0.833336591720581,
      0.9483845233917236,
      0.4145026206970215
    ],
    "score_time": [
      0.009260416030883789,
      0.008378982543945312,
      0.00975799560546875,
      0.007946491241455078,
      0.007156848907470703
    ],
    "test_r": [
      0.32699323180340434,
      0.1971939205658971,
      0.1992907412016762,
      0.3013343478577416,
      0.23302320078605596
    ],
    "test_r2": [
      0.10226028130124021,
      0.027405130588229354,
      0.015529224295565691,
      0.08153370406973237,
      0.0472793792230598
    ],
    "test_rmse": [
      -0.09096823826051538,
      -0.1001505887013138,
      -0.09008592615223497,
      -0.10243825462630499,
      -0.09484907258858535
    ],
    "test_mae": [
      -0.06858010853985323,
      -0.07517423454754747,
      -0.07079871303394443,
      -0.07663327614311774,
      -0.07701721493318003
    ]
  },
  "13": {
    "fit_time": [
      0.9820842742919922,
      0.9779641628265381,
      0.8109879493713379,
      0.9799187183380127,
      0.4600026607513428
    ],
    "score_time": [
      0.008383989334106445,
      0.009148120880126953,
      0.00988006591796875,
      0.008374214172363281,
      0.007153987884521484
    ],
    "test_r": [
      0.18415797128880174,
      0.24756039541319647,
      0.3712815984161595,
      0.3054997223457195,
      0.24879633725471967
    ],
    "test_r2": [
      -0.01757243287553556,
      0.05648547352196853,
      0.0403459518586724,
      0.08936827354939136,
      0.05942926900600776
    ],
    "test_rmse": [
      -0.10498861108528186,
      -0.0937721499160823,
      -0.08777908474474003,
      -0.09091113918405089,
      -0.09900233723234193
    ],
    "test_mae": [
      -0.07749934933262678,
      -0.07069386595561032,
      -0.07267525405283407,
      -0.0714664924603991,
      -0.07323031446445961
    ]
  },
  "42": {
    "fit_time": [
      0.9636967182159424,
      0.9689059257507324,
      0.9624383449554443,
      0.9038791656494141,
      0.3879876136779785
    ],
    "score_time": [
      0.008630514144897461,
      0.008597612380981445,
      0.008857011795043945,
      0.00953054428100586,
      0.0071790218353271484
    ],
    "test_r": [
      0.27055056862511695,
      0.4492277621339342,
      0.2875758848672365,
      0.13857270013327583,
      0.16156518559369307
    ],
    "test_r2": [
      0.07267093218137677,
      0.1795340299597754,
      0.06692594783241479,
      -0.026259828785714312,
      0.015344832045078971
    ],
    "test_rmse": [
      -0.0925081697790529,
      -0.07458799637205772,
      -0.10872079643733881,
      -0.09200765763670345,
      -0.10687015742232134
    ],
    "test_mae": [
      -0.07293093507814456,
      -0.060779740696570835,
      -0.07973787254774553,
      -0.07219978174120276,
      -0.08061343297496382
    ]
  },
  "69": {
    "fit_time": [
      0.9672729969024658,
      0.9747414588928223,
      0.9753062725067139,
      0.9015038013458252,
      0.3980591297149658
    ],
    "score_time": [
      0.009883880615234375,
      0.008350372314453125,
      0.008130073547363281,
      0.009642362594604492,
      0.007292747497558594
    ],
    "test_r": [
      0.3462076634110445,
      0.24916616915201478,
      0.24499326428813842,
      0.207800142349244,
      0.30310167582988917
    ],
    "test_r2": [
      0.08749554496036238,
      0.059892189457788514,
      0.04835319458377463,
      0.02803698772720775,
      0.08696748551823752
    ],
    "test_rmse": [
      -0.08459828750760685,
      -0.09940869734646637,
      -0.0877510546973055,
      -0.10449438377205705,
      -0.09925001938534325
    ],
    "test_mae": [
      -0.0700192017489151,
      -0.07085013403244315,
      -0.06266930717010867,
      -0.08109139400316769,
      -0.08214248139710893
    ]
  },
  "420": {
    "fit_time": [
      0.9586715698242188,
      0.9649913311004639,
      0.9679827690124512,
      0.9100844860076904,
      0.3616337776184082
    ],
    "score_time": [
      0.009282112121582031,
      0.009113311767578125,
      0.008043289184570312,
      0.010041475296020508,
      0.007109880447387695
    ],
    "test_r": [
      0.20661276869723205,
      0.166068773993356,
      0.3560644144319498,
      0.3256889317312057,
      0.22501603758477373
    ],
    "test_r2": [
      0.02764878697551343,
      -0.0024078259809219293,
      0.11251695847662557,
      0.09599072273744103,
      0.041072014894309006
    ],
    "test_rmse": [
      -0.09510080794798707,
      -0.09366617720673756,
      -0.08947936083366842,
      -0.09009169010288146,
      -0.10896616113122995
    ],
    "test_mae": [
      -0.07593437669181391,
      -0.06856744410943837,
      -0.07065848133234258,
      -0.0704394225189005,
      -0.08124359106523858
    ]
  },
  "1234567890": {
    "fit_time": [
      0.970613956451416,
      0.8895399570465088,
      0.9777653217315674,
      0.9766874313354492,
      0.4124884605407715
    ],
    "score_time": [
      0.009685277938842773,
      0.009598493576049805,
      0.008226633071899414,
      0.008110761642456055,
      0.007208108901977539
    ],
    "test_r": [
      0.2716581160809255,
      0.30737894313833375,
      0.2742024299185554,
      0.23056658154719134,
      0.296643228722315
    ],
    "test_r2": [
      0.06717873809571606,
      0.08547810409828371,
      0.04477830255756243,
      0.03421366308011342,
      0.08489310275748929
    ],
    "test_rmse": [
      -0.0829978612517527,
      -0.10434843245341621,
      -0.11380480440757813,
      -0.0917253427742983,
      -0.07875823183375505
    ],
    "test_mae": [
      -0.06482493417457043,
      -0.07849486266055218,
      -0.08939566966511572,
      -0.06953061541491112,
      -0.06493303920217393
    ]
  },
  "473129": {
    "fit_time": [
      0.9848651885986328,
      0.9936225414276123,
      0.99310302734375,
      0.9901666641235352,
      0.34031033515930176
    ],
    "score_time": [
      0.009782791137695312,
      0.0077517032623291016,
      0.007650613784790039,
      0.008149385452270508,
      0.007117033004760742
    ],
    "test_r": [
      0.21866260430971698,
      0.28408608418498776,
      0.2154229482982751,
      0.19578235192595425,
      0.3208056410382003
    ],
    "test_r2": [
      0.03180235150494648,
      0.07984602122024509,
      0.04113784288614586,
      0.022626423280454167,
      0.05551044157424534
    ],
    "test_rmse": [
      -0.09950372649230528,
      -0.08649355048488165,
      -0.10712774610239163,
      -0.09646501867936717,
      -0.08803628592908361
    ],
    "test_mae": [
      -0.0728584787742774,
      -0.06947042607794333,
      -0.07829369443557722,
      -0.07373979898304438,
      -0.07329177654417292
    ]
  },
  "r_avg": 0.26195863825485527,
  "r_stdev": 0.06583648181403673,
  "r_stderr": 0.024883851153623963,
  "r2_avg": 0.055523177662194376,
  "r2_stdev": 0.038962588275064845,
  "r2_stderr": 0.01472647414446038,
  "rmse_avg": 0.09519165201368683,
  "rmse_stdev": 0.008876736488459035,
  "rmse_stderr": 0.003355091028902197,
  "mae_avg": 0.07338513475725761,
  "mae_stdev": 0.005846367956481519,
  "mae_stderr": 0.00220971938368957
}