{
  "6": {
    "fit_time": [
      0.5166153907775879,
      0.5154476165771484,
      0.5267682075500488,
      0.5254640579223633,
      0.4522676467895508
    ],
    "score_time": [
      0.00753021240234375,
      0.007635354995727539,
      0.007350921630859375,
      0.007607698440551758,
      0.0071353912353515625
    ],
    "test_r": [
      0.4384243331042779,
      0.2714177438331214,
      0.3935102799120793,
      0.5400060279150831,
      0.39920632838114994
    ],
    "test_r2": [
      0.1336991957155672,
      0.04747907164572318,
      0.09177407803227855,
      0.27639310383450655,
      0.1113266492654007
    ],
    "test_rmse": [
      -0.08936118572660565,
      -0.09911166742577232,
      -0.08652716608901889,
      -0.09092470627378908,
      -0.09160546522212301
    ],
    "test_mae": [
      -0.0617252450466156,
      -0.06888985861114093,
      -0.06512085222346442,
      -0.0676739534648689,
      -0.06761538896174044
    ]
  },
  "13": {
    "fit_time": [
      0.5156631469726562,
      0.5225989818572998,
      0.5325567722320557,
      0.5156004428863525,
      0.45276546478271484
    ],
    "score_time": [
      0.007582187652587891,
      0.007837772369384766,
      0.007348299026489258,
      0.0077059268951416016,
      0.007058858871459961
    ],
    "test_r": [
      0.4014166401754646,
      0.4381667359663883,
      0.39202605167252924,
      0.39090221091643773,
      0.32978435379386933
    ],
    "test_r2": [
      0.05100052576244052,
      0.1360222768917606,
      0.15136673658728672,
      0.1305922134631754,
      0.07399688736002252
    ],
    "test_rmse": [
      -0.10138938991892003,
      -0.08973272365103836,
      -0.08254556104606224,
      -0.0888295524545565,
      -0.09823266823452349
    ],
    "test_mae": [
      -0.07029094815339361,
      -0.06295591845725262,
      -0.06482591008884567,
      -0.06492147472269899,
      -0.06739074030781653
    ]
  },
  "42": {
    "fit_time": [
      0.5203289985656738,
      0.5185480117797852,
      0.523625373840332,
      0.5140364170074463,
      0.45064616203308105
    ],
    "score_time": [
      0.007917165756225586,
      0.007973432540893555,
      0.007737398147583008,
      0.007708072662353516,
      0.007180929183959961
    ],
    "test_r": [
      0.3873047189651022,
      0.5263230921200606,
      0.341368665682018,
      0.29236666341478784,
      0.45693857277982336
    ],
    "test_r2": [
      0.11270539292376991,
      0.2583506150022725,
      0.07326787308838678,
      -0.09600549511527068,
      0.18015483261258902
    ],
    "test_rmse": [
      -0.09048926758869749,
      -0.0709149784232848,
      -0.1083506892844802,
      -0.09508273718988444,
      -0.09751698991437184
    ],
    "test_mae": [
      -0.06465218348588263,
      -0.05432103538981505,
      -0.07327750888977733,
      -0.07111082731195398,
      -0.0705948378721873
    ]
  },
  "69": {
    "fit_time": [
      0.5201089382171631,
      0.522883415222168,
      0.5211505889892578,
      0.514317512512207,
      0.4509263038635254
    ],
    "score_time": [
      0.00808572769165039,
      0.0077250003814697266,
      0.00798344612121582,
      0.007753133773803711,
      0.0070819854736328125
    ],
    "test_r": [
      0.4512938014719162,
      0.5091474406238894,
      0.24116106858105132,
      0.46208417090444864,
      0.4491943537883462
    ],
    "test_r2": [
      0.1762772505002731,
      0.23185190955526702,
      -0.09052760611107291,
      0.20557144773730185,
      0.13130554859310217
    ],
    "test_rmse": [
      -0.08037752059159267,
      -0.08985826523357807,
      -0.09393615507748801,
      -0.09447034520491254,
      -0.09681017433364845
    ],
    "test_mae": [
      -0.060644383739999363,
      -0.05996221098899841,
      -0.06420333817771504,
      -0.06833021939509623,
      -0.0749142776283058
    ]
  },
  "420": {
    "fit_time": [
      0.5201103687286377,
      0.5224320888519287,
      0.5213165283203125,
      0.5146677494049072,
      0.4514577388763428
    ],
    "score_time": [
      0.008029937744140625,
      0.007910728454589844,
      0.007814645767211914,
      0.00793600082397461,
      0.0070476531982421875
    ],
    "test_r": [
      0.35952109471435595,
      0.29506293688242435,
      0.5489657694878041,
      0.4922072254482888,
      0.4311452890695411
    ],
    "test_r2": [
      0.03656378007332117,
      0.016748698632826575,
      0.2854157369386554,
      0.23685066760534057,
      0.14641064808365678
    ],
    "test_rmse": [
      -0.09466383861554953,
      -0.09276685565701885,
      -0.08029149890218513,
      -0.08277573675003069,
      -0.10280710951357752
    ],
    "test_mae": [
      -0.0705315550012248,
      -0.06382522760885102,
      -0.061911203375032975,
      -0.05998680323136818,
      -0.06994528691360544
    ]
  },
  "1234567890": {
    "fit_time": [
      0.5208537578582764,
      0.5217392444610596,
      0.5216703414916992,
      0.5138676166534424,
      0.4506528377532959
    ],
    "score_time": [
      0.007972478866577148,
      0.007885456085205078,
      0.007849931716918945,
      0.007688760757446289,
      0.007207632064819336
    ],
    "test_r": [
      0.5788646735707301,
      0.48877466000410663,
      0.3024225278713262,
      0.5071319892330284,
      0.4335453517361487
    ],
    "test_r2": [
      0.32290739815039526,
      0.2292066154848974,
      0.011626426045329707,
      0.2542901602349753,
      0.11822471586354466
    ],
    "test_rmse": [
      -0.07071177147821543,
      -0.09579831375074203,
      -0.11576281260018734,
      -0.08059976056866207,
      -0.07731059288803885
    ],
    "test_mae": [
      -0.05519592342930181,
      -0.0646063703183617,
      -0.08414525439058032,
      -0.057987679249531535,
      -0.057040563860884644
    ]
  },
  "473129": {
    "fit_time": [
      0.5206985473632812,
      0.5200982093811035,
      0.5198893547058105,
      0.5138680934906006,
      0.4504125118255615
    ],
    "score_time": [
      0.007815361022949219,
      0.007920503616333008,
      0.007886171340942383,
      0.007673501968383789,
      0.006999492645263672
    ],
    "test_r": [
      0.4352585380953247,
      0.2736153947445051,
      0.26962287581125965,
      0.3684876321406724,
      0.5675062733342893
    ],
    "test_r2": [
      0.15389283426898137,
      -0.04447428310747337,
      0.014034566066098653,
      0.0870468003027216,
      0.2912742405580524
    ],
    "test_rmse": [
      -0.09301864749733253,
      -0.09215148673782031,
      -0.10863123654496877,
      -0.09323174511038936,
      -0.07626095520791845
    ],
    "test_mae": [
      -0.06423256913721562,
      -0.06781656252103194,
      -0.07388766323838915,
      -0.06592721249176577,
      -0.05895654060045878
    ]
  },
  "r_avg": 0.41326215674701855,
  "r_stdev": 0.09071808344726,
  "r_stderr": 0.03428821260255072,
  "r2_avg": 0.12990347178703154,
  "r2_stdev": 0.10511840004993078,
  "r2_stderr": 0.03973102067844521,
  "rmse_avg": 0.091224273448771,
  "rmse_stdev": 0.009968105697841312,
  "rmse_stderr": 0.0037675898169848665,
  "mae_avg": 0.06569764366529064,
  "mae_stdev": 0.005994722874751274,
  "mae_stderr": 0.002265792272191725
}