fold,r,r2,rmse,mae
1.0,0.7192167099854124,0.5079695164339939,2.058581677248163,1.58540734272033
2.0,0.7424700491779153,0.5365926912344762,2.2073748531026056,1.7703411852444852
3.0,0.7764176706000316,0.5840020206901686,2.0871103736759355,1.6513660876804552
4.0,0.6690448765700331,0.4445318525948292,2.3867023476952585,1.7393139321516313
5.0,0.7835124503525986,0.5925875410095185,1.8930050192661376,1.5385486472911367
