{
  "6": {
    "fit_time": [
      3.0965938568115234,
      3.115844964981079,
      3.1150529384613037,
      3.1065258979797363,
      3.0903918743133545
    ],
    "score_time": [
      0.3497951030731201,
      0.34093189239501953,
      0.3426330089569092,
      0.34453415870666504,
      0.341846227645874
    ],
    "test_r": [
      0.7318891249540993,
      0.7142415485540841,
      0.7763051269624147,
      0.7787972211105497,
      0.6938636752072237
    ],
    "test_r2": [
      0.5236785334244993,
      0.49787369177683183,
      0.5983569442055401,
      0.5623515491942468,
      0.4717288048068502
    ],
    "test_rmse": [
      -2.045397142054613,
      -2.2965130724640597,
      -1.9135154919753437,
      -2.08425545098864,
      -2.2434421510061204
    ],
    "test_mae": [
      -1.5037940625969244,
      -1.6800570764421447,
      -1.5026718784017403,
      -1.4684083305315256,
      -1.6876849460566468
    ]
  },
  "13": {
    "fit_time": [
      2.7017788887023926,
      2.74885892868042,
      2.7305190563201904,
      2.743027925491333,
      0.61090087890625
    ],
    "score_time": [
      0.287708044052124,
      0.28263092041015625,
      0.2769489288330078,
      0.26990318298339844,
      0.18500924110412598
    ],
    "test_r": [
      0.6897439790936899,
      0.7719062132614672,
      0.7322050484223469,
      0.759463791743095,
      0.7318389873410585
    ],
    "test_r2": [
      0.4369625102009653,
      0.5832610886989842,
      0.5281410005625244,
      0.571686217810264,
      0.5070072774687606
    ],
    "test_rmse": [
      -2.321500868907903,
      -2.0034781679377485,
      -2.009337738515149,
      -2.0629714937373063,
      -2.176216586447759
    ],
    "test_mae": [
      -1.6537375887905625,
      -1.4690341479674431,
      -1.623743088823174,
      -1.5442014689018844,
      -1.5271621105996027
    ]
  },
  "42": {
    "fit_time": [
      1.1469860076904297,
      1.1491279602050781,
      1.6318349838256836,
      1.1681630611419678,
      1.197525978088379
    ],
    "score_time": [
      0.3058757781982422,
      0.3049490451812744,
      0.17386198043823242,
      0.2984609603881836,
      0.29308390617370605
    ],
    "test_r": [
      0.7477045306948614,
      0.824675298411585,
      0.7281358971280443,
      0.7133922164279292,
      0.7383667416557379
    ],
    "test_r2": [
      0.5529539291977739,
      0.6786978371822335,
      0.5126000526670464,
      0.4765404653084414,
      0.5037594978898335
    ],
    "test_rmse": [
      -2.098492261798801,
      -1.461387204934947,
      -2.4264472763546365,
      -2.158922907096131,
      -2.242465234122826
    ],
    "test_mae": [
      -1.6569453900935012,
      -1.1842565728005177,
      -1.7255045852625022,
      -1.5214338767755047,
      -1.5947929822589297
    ]
  },
  "69": {
    "fit_time": [
      1.9793720245361328,
      2.0010900497436523,
      1.980053186416626,
      2.007275104522705,
      1.995365858078003
    ],
    "score_time": [
      0.3309149742126465,
      0.3185410499572754,
      0.32287001609802246,
      0.31218814849853516,
      0.31570911407470703
    ],
    "test_r": [
      0.7609514508090542,
      0.8031268290704214,
      0.7068438670902226,
      0.7816459256873161,
      0.7004352966592415
    ],
    "test_r2": [
      0.5747735340830964,
      0.6153593336149292,
      0.4761549525939507,
      0.6054300027127297,
      0.44120323937529815
    ],
    "test_rmse": [
      -1.940770373862212,
      -1.9663372290563397,
      -2.1382263524262366,
      -2.0419841246381836,
      -2.3096674418862997
    ],
    "test_mae": [
      -1.421027061080696,
      -1.4875937137025563,
      -1.5507373744355728,
      -1.5208203958817135,
      -1.6978571190116913
    ]
  },
  "420": {
    "fit_time": [
      1.7330889701843262,
      1.685845136642456,
      1.7164249420166016,
      1.724424123764038,
      1.746337890625
    ],
    "score_time": [
      0.3459031581878662,
      0.33753180503845215,
      0.3409609794616699,
      0.3431248664855957,
      0.3394050598144531
    ],
    "test_r": [
      0.7613727217123618,
      0.6188697359942146,
      0.8136905775614695,
      0.8231963848561866,
      0.7175327871987354
    ],
    "test_r2": [
      0.5467269872618241,
      0.3746888471139973,
      0.6497816550111165,
      0.6478158692304665,
      0.49217577819389235
    ],
    "test_rmse": [
      -2.0777259695726276,
      -2.2619321537417276,
      -1.7126179342135812,
      -1.958244321097557,
      -2.34425647701919
    ],
    "test_mae": [
      -1.5522841091651816,
      -1.6663697583662647,
      -1.3193655893636362,
      -1.4726231611169982,
      -1.5900334245632406
    ]
  },
  "1234567890": {
    "fit_time": [
      0.9933068752288818,
      0.9930832386016846,
      0.9891550540924072,
      0.989346981048584,
      0.9911959171295166
    ],
    "score_time": [
      0.25188398361206055,
      0.25147175788879395,
      0.2543768882751465,
      0.24836301803588867,
      0.25453686714172363
    ],
    "test_r": [
      0.8009221361696214,
      0.7801631714759663,
      0.6544185013266575,
      0.7643521478869211,
      0.8280842097842994
    ],
    "test_r2": [
      0.6067982425193565,
      0.5967829784760137,
      0.37956967115826523,
      0.5731067616167935,
      0.6679952625237987
    ],
    "test_rmse": [
      -1.9277198948943026,
      -2.0788415177031996,
      -2.638765615848829,
      -1.8625669835384957,
      -1.6436575988498028
    ],
    "test_mae": [
      -1.5025469481022715,
      -1.620771858036237,
      -1.8593154139264807,
      -1.3690631591832771,
      -1.2289833618311208
    ]
  },
  "473129": {
    "fit_time": [
      2.019591808319092,
      1.978236198425293,
      2.00604510307312,
      2.0139122009277344,
      2.007878065109253
    ],
    "score_time": [
      0.32619285583496094,
      0.33990979194641113,
      0.3284602165222168,
      0.31873583793640137,
      0.3224198818206787
    ],
    "test_r": [
      0.7395043732409003,
      0.7445713228524788,
      0.7462379026697614,
      0.745421057593974,
      0.7815980531446964
    ],
    "test_r2": [
      0.5415774834703869,
      0.5234298351998209,
      0.55132116126168,
      0.5266874124774346,
      0.6019724292856782
    ],
    "test_rmse": [
      -2.078942067784936,
      -2.0875342439067737,
      -2.128411876213434,
      -2.216621530391923,
      -1.7863800790030218
    ],
    "test_mae": [
      -1.5035998399727326,
      -1.687502614397337,
      -1.5314135379598888,
      -1.637692730055195,
      -1.2995246374681502
    ]
  },
  "r_avg": 0.7487276529643625,
  "r_stdev": 0.04622158348827566,
  "r_stderr": 0.01747011644479811,
  "r2_avg": 0.5428271667878664,
  "r2_stdev": 0.07254825909574888,
  "r2_stderr": 0.027420664516861603,
  "rmse_avg": 2.0784441952568757,
  "rmse_stdev": 0.22295478048601308,
  "rmse_stderr": 0.08426898611128388,
  "mae_avg": 1.5389301118263672,
  "mae_stdev": 0.14070093123059094,
  "mae_stderr": 0.05317995332447782
}