Dataset,num_of_folds,Features,Targets,Model,r_mean,r_std,r2_mean,r2_std,rmse_mean,rmse_std,mae_mean,mae_std,num_of_data
OPV_Min,5,DA_FP_radius_3_nbits_1024,calc_PCE_percent,MLR,-0.026642102090310538,0.1192384507120485,-2.501719067297515e+25,1.1618981323013988e+25,15205607509218.354,4448382985712.505,5806619054135.379,1722614834588.4587,558
