{
  "6": {
    "fit_time": [
      0.5772891044616699,
      0.6009447574615479,
      0.6037139892578125,
      0.5945160388946533,
      0.2583901882171631
    ],
    "score_time": [
      0.1605679988861084,
      0.16679620742797852,
      0.16687893867492676,
      0.1680004596710205,
      0.11040377616882324
    ],
    "test_r": [
      0.7728952151493621,
      0.8236957710063489,
      0.7493237561373706,
      0.8269354185117751,
      0.8247653807316685
    ],
    "test_r2": [
      0.5882881616292025,
      0.658824387200618,
      0.5591017709635486,
      0.6251325663244901,
      0.6541018441504989
    ],
    "test_rmse": [
      -2.909977516038365,
      -2.9030513030043332,
      -2.9335732618892565,
      -3.1167622909477726,
      -2.61420730789992
    ],
    "test_mae": [
      -1.9763043167270875,
      -1.957734908570247,
      -1.8700257780405514,
      -2.1530564898627187,
      -1.9238694860263292
    ]
  },
  "13": {
    "fit_time": [
      0.5760586261749268,
      0.5853123664855957,
      0.5725257396697998,
      0.5771393775939941,
      0.26122021675109863
    ],
    "score_time": [
      0.1629631519317627,
      0.16376709938049316,
      0.15781617164611816,
      0.16268539428710938,
      0.11348795890808105
    ],
    "test_r": [
      0.8512868137777606,
      0.8276673780074049,
      0.7505982062117834,
      0.7622059599013383,
      0.8237256816392277
    ],
    "test_r2": [
      0.6960414928178029,
      0.6674856885264596,
      0.5626720393618905,
      0.5644590164192609,
      0.651348344570027
    ],
    "test_rmse": [
      -2.3380808577084227,
      -2.7495810228224777,
      -2.7132121030683956,
      -3.212377717234003,
      -3.1956093240265244
    ],
    "test_mae": [
      -1.7493240760448494,
      -1.8437620402154848,
      -1.919914127533792,
      -2.1187991495903344,
      -2.099886838680684
    ]
  },
  "42": {
    "fit_time": [
      0.5753529071807861,
      0.5796921253204346,
      0.5778872966766357,
      0.5844070911407471,
      0.2600898742675781
    ],
    "score_time": [
      0.1598036289215088,
      0.16151189804077148,
      0.15851211547851562,
      0.17281651496887207,
      0.11203145980834961
    ],
    "test_r": [
      0.8584116064448419,
      0.776062534941254,
      0.7805129699348091,
      0.8173652614448182,
      0.8125764039967756
    ],
    "test_r2": [
      0.7007182127973791,
      0.5914781295899785,
      0.5838113174687676,
      0.654596881449272,
      0.6461794293890203
    ],
    "test_rmse": [
      -2.447181421001473,
      -3.236558670052687,
      -3.3004402394481613,
      -2.4870481018042883,
      -2.752311829312978
    ],
    "test_mae": [
      -1.7380453781757659,
      -2.3109648458013123,
      -2.0854380888856046,
      -1.6977546705002642,
      -1.9006929910905412
    ]
  },
  "69": {
    "fit_time": [
      0.5755231380462646,
      0.5988359451293945,
      0.5897665023803711,
      0.5814926624298096,
      0.2557847499847412
    ],
    "score_time": [
      0.16109681129455566,
      0.16248178482055664,
      0.16187715530395508,
      0.1622326374053955,
      0.10905671119689941
    ],
    "test_r": [
      0.7455266861254825,
      0.8278346123219128,
      0.7729657774606306,
      0.8455368216739824,
      0.8105030317708388
    ],
    "test_r2": [
      0.553515134506968,
      0.6778674022481137,
      0.5591547236539021,
      0.689594186847807,
      0.638420163854732
    ],
    "test_rmse": [
      -3.025370352642988,
      -2.646476922935361,
      -3.3803575377730546,
      -2.7512483795565776,
      -2.606006681644975
    ],
    "test_mae": [
      -2.0470556081632747,
      -1.8260565890963727,
      -2.282123872003378,
      -1.8174420323259335,
      -2.0204558803740613
    ]
  },
  "420": {
    "fit_time": [
      0.5941576957702637,
      0.5875942707061768,
      0.5797371864318848,
      0.5874216556549072,
      0.2590303421020508
    ],
    "score_time": [
      0.16727185249328613,
      0.16370463371276855,
      0.1609945297241211,
      0.16496682167053223,
      0.11190986633300781
    ],
    "test_r": [
      0.8188451491593493,
      0.7457643401312796,
      0.8209906566269646,
      0.8294677230263157,
      0.7894908132875748
    ],
    "test_r2": [
      0.6393439852933664,
      0.5498785592571178,
      0.6611123799781384,
      0.6634912958782446,
      0.5948290980586497
    ],
    "test_rmse": [
      -2.844118622004487,
      -3.2213194027411878,
      -2.6431420650644997,
      -2.4948095835561372,
      -3.250971498624251
    ],
    "test_mae": [
      -1.931046293408065,
      -2.082529785283579,
      -1.9141084292911,
      -1.8068498566347446,
      -2.1671664811657494
    ]
  },
  "1234567890": {
    "fit_time": [
      0.5645372867584229,
      0.5831353664398193,
      0.5810749530792236,
      0.5837869644165039,
      0.2646481990814209
    ],
    "score_time": [
      0.15901994705200195,
      0.16443920135498047,
      0.16533470153808594,
      0.16113781929016113,
      0.1120309829711914
    ],
    "test_r": [
      0.8107392494226382,
      0.7967399817925027,
      0.8407734035637208,
      0.8607153812245227,
      0.7581857182130741
    ],
    "test_r2": [
      0.6098106828024163,
      0.63019834254854,
      0.6896805918308107,
      0.7052612123339608,
      0.5679858152031696
    ],
    "test_rmse": [
      -2.9257620974197973,
      -3.0150876651103533,
      -2.7090591728891495,
      -2.603249215023625,
      -2.7903097197857174
    ],
    "test_mae": [
      -2.0635681938764088,
      -1.9931671095728112,
      -1.8308658294572953,
      -1.8302498415902069,
      -1.8664871224231034
    ]
  },
  "473129": {
    "fit_time": [
      0.5903732776641846,
      0.5957796573638916,
      0.5768139362335205,
      0.576932430267334,
      0.2630653381347656
    ],
    "score_time": [
      0.16677641868591309,
      0.16634035110473633,
      0.15939664840698242,
      0.16465544700622559,
      0.11342430114746094
    ],
    "test_r": [
      0.741837499260893,
      0.858821505814773,
      0.8299759317710066,
      0.8753312854488637,
      0.7240791501796956
    ],
    "test_r2": [
      0.49807498685046103,
      0.7238282931724559,
      0.672067339099747,
      0.7553118058825933,
      0.5028654740467519
    ],
    "test_rmse": [
      -3.387025673114966,
      -2.577727258527501,
      -2.763745472592755,
      -2.227668242773782,
      -3.1754291917844073
    ],
    "test_mae": [
      -2.236613726684553,
      -1.873777419036712,
      -1.917277679409206,
      -1.6421591924265002,
      -2.0288575910868363
    ]
  },
  "r_avg": 0.8046329450317873,
  "r_stdev": 0.03959804819432082,
  "r_stderr": 0.01496665541796045,
  "r2_avg": 0.6281865930287475,
  "r2_stdev": 0.06154263479215303,
  "r2_stderr": 0.023260929526815452,
  "rmse_avg": 2.8556816491949895,
  "rmse_stdev": 0.30271950195830677,
  "rmse_stderr": 0.11441721702728715,
  "mae_avg": 1.9578123348301562,
  "mae_stdev": 0.15988748841187395,
  "mae_stderr": 0.06043179029836286
}