{
  "6": {
    "fit_time": [
      5.342984914779663,
      5.259796142578125,
      5.258397340774536,
      5.198006868362427,
      5.090367078781128
    ],
    "score_time": [
      0.027230262756347656,
      0.029668569564819336,
      0.029252290725708008,
      0.02872014045715332,
      0.026996850967407227
    ],
    "test_r": [
      0.8404298854148985,
      0.8256401735478212,
      0.7562084899455238,
      0.8692073706130666,
      0.7906242678489964
    ],
    "test_r2": [
      0.6976640606703112,
      0.6792869293399308,
      0.5617721242998361,
      0.7394928450923401,
      0.6180092380754454
    ],
    "test_rmse": [
      -2.4936634732555008,
      -2.8146477468436677,
      -2.9246759993354843,
      -2.5982124063565233,
      -2.7472129884246863
    ],
    "test_mae": [
      -1.7864699287152068,
      -1.8821736138838305,
      -1.8086315906489332,
      -1.8803274193516484,
      -1.8152133925755816
    ]
  },
  "13": {
    "fit_time": [
      5.330260276794434,
      5.2523815631866455,
      5.195091247558594,
      5.229909658432007,
      5.1003217697143555
    ],
    "score_time": [
      0.02726459503173828,
      0.027586698532104492,
      0.029021501541137695,
      0.027662992477416992,
      0.027022361755371094
    ],
    "test_r": [
      0.8177909115012229,
      0.8176794446854865,
      0.7406604982207722,
      0.7993399200070639,
      0.8647962372288569
    ],
    "test_r2": [
      0.6608196393075851,
      0.655498005072648,
      0.5194721959252134,
      0.6327197565340799,
      0.7470926034162322
    ],
    "test_rmse": [
      -2.469833765548592,
      -2.798705628463283,
      -2.8440641242183715,
      -2.9499243230685046,
      -2.7216895094690017
    ],
    "test_mae": [
      -1.7886246229749208,
      -1.857502765478911,
      -1.9463565368564038,
      -1.9917693057987422,
      -1.7659355679706292
    ]
  },
  "42": {
    "fit_time": [
      5.344429016113281,
      5.286345720291138,
      5.210484743118286,
      5.224716901779175,
      5.10189414024353
    ],
    "score_time": [
      0.028165340423583984,
      0.027891159057617188,
      0.028125762939453125,
      0.028037071228027344,
      0.026171445846557617
    ],
    "test_r": [
      0.7629976729327648,
      0.7856021645675263,
      0.8115638947229554,
      0.823286229715206,
      0.8554783876851783
    ],
    "test_r2": [
      0.5783171783199217,
      0.6046053509024549,
      0.6333391423077488,
      0.672038782574667,
      0.7276797504965443
    ],
    "test_rmse": [
      -2.9048183349830876,
      -3.1841331632664414,
      -3.0978402295297345,
      -2.423440172533213,
      -2.4146048331359626
    ],
    "test_mae": [
      -1.9630539986846642,
      -2.3144880372506598,
      -1.9023913139546356,
      -1.6780944584034112,
      -1.7471299158202276
    ]
  },
  "69": {
    "fit_time": [
      5.122020959854126,
      5.208298444747925,
      5.257736444473267,
      5.216657638549805,
      5.1053807735443115
    ],
    "score_time": [
      0.027315616607666016,
      0.028576135635375977,
      0.026996850967407227,
      0.028821468353271484,
      0.026210784912109375
    ],
    "test_r": [
      0.7855069873416471,
      0.8620201075890166,
      0.7955971107845643,
      0.8235753414220965,
      0.7589989841422531
    ],
    "test_r2": [
      0.5885230708371472,
      0.7376867476928355,
      0.629987115345498,
      0.6654553589448273,
      0.5647585733469459
    ],
    "test_rmse": [
      -2.9043431057413813,
      -2.388146087787301,
      -3.096905587003552,
      -2.8562217076810317,
      -2.859160502264042
    ],
    "test_mae": [
      -2.017366192953302,
      -1.7518061330141848,
      -2.0875590045363817,
      -1.9216997267581795,
      -2.0122703303231133
    ]
  },
  "420": {
    "fit_time": [
      5.113846063613892,
      5.254154682159424,
      5.227689027786255,
      5.216667175292969,
      5.097646474838257
    ],
    "score_time": [
      0.02751445770263672,
      0.02744150161743164,
      0.0303499698638916,
      0.02808380126953125,
      0.0267488956451416
    ],
    "test_r": [
      0.8193666506101218,
      0.828975913668632,
      0.8195496080539181,
      0.8282219893420096,
      0.797029453408023
    ],
    "test_r2": [
      0.6592886391167074,
      0.6871245588649137,
      0.6704495239942299,
      0.6841300011741885,
      0.6245453222017665
    ],
    "test_rmse": [
      -2.764358877653867,
      -2.6856825401222353,
      -2.6064753747361356,
      -2.4170934528690746,
      -3.129484448511249
    ],
    "test_mae": [
      -1.8696656339649758,
      -1.802146973521621,
      -1.7073502424911213,
      -1.683382921660388,
      -2.1511870414239387
    ]
  },
  "1234567890": {
    "fit_time": [
      5.150789022445679,
      5.248382806777954,
      5.302549362182617,
      5.276507139205933,
      5.105343818664551
    ],
    "score_time": [
      0.02702164649963379,
      0.02984762191772461,
      0.026818275451660156,
      0.027935028076171875,
      0.02588796615600586
    ],
    "test_r": [
      0.7747590130386415,
      0.8269982360223902,
      0.8473116571838768,
      0.8940435200617894,
      0.7632413277437131
    ],
    "test_r2": [
      0.5915832154982079,
      0.677793190236627,
      0.7136098554347281,
      0.7834458956639072,
      0.5647106036643268
    ],
    "test_rmse": [
      -2.993319761652728,
      -2.8143809000203666,
      -2.6025138921266957,
      -2.2314148005449836,
      -2.800866779314951
    ],
    "test_mae": [
      -2.107156755639872,
      -1.81618416485963,
      -1.800012076784063,
      -1.586954764260186,
      -1.822032615873549
    ]
  },
  "473129": {
    "fit_time": [
      5.130982160568237,
      5.206181049346924,
      5.2495386600494385,
      5.224884271621704,
      5.115981817245483
    ],
    "score_time": [
      0.02756810188293457,
      0.02788400650024414,
      0.029195785522460938,
      0.028804779052734375,
      0.026061296463012695
    ],
    "test_r": [
      0.7757449372672687,
      0.8106585102320989,
      0.8740975445839128,
      0.8868277979410406,
      0.7611407603183606
    ],
    "test_r2": [
      0.5880304990926964,
      0.6348117853795793,
      0.7570540034344263,
      0.77116105543226,
      0.5660571669152049
    ],
    "test_rmse": [
      -3.068538677249531,
      -2.964188027538337,
      -2.3788145220362993,
      -2.1543138516628537,
      -2.9667553213306497
    ],
    "test_mae": [
      -2.0137077600584115,
      -2.078349846204122,
      -1.5724797618830644,
      -1.661296362126315,
      -1.9914858354021001
    ]
  },
  "r_avg": 0.8141420285540775,
  "r_stdev": 0.039105396576451616,
  "r_stderr": 0.014780450608835373,
  "r2_avg": 0.6539432509887422,
  "r2_stdev": 0.06632157982259063,
  "r2_stderr": 0.025067200966784862,
  "rmse_avg": 2.7448698547508377,
  "rmse_stdev": 0.2633423154414679,
  "rmse_stderr": 0.0995340394768641,
  "mae_avg": 1.8737787603459124,
  "mae_stdev": 0.16205826310053317,
  "mae_stderr": 0.061252266009583715
}