{
  "6": {
    "fit_time": [
      31.898778676986694,
      23.63508653640747,
      28.96196460723877,
      30.39912724494934,
      24.112759828567505
    ],
    "score_time": [
      0.062480926513671875,
      0.07810807228088379,
      0.09373211860656738,
      0.07811617851257324,
      0.04684329032897949
    ],
    "test_r": [
      0.5305131009528978,
      0.5299034452919679,
      0.4991328833863665,
      0.6065673956820115,
      0.4115451134426788
    ],
    "test_r2": [
      0.2676417086887407,
      0.2710336825127101,
      0.24902731178722415,
      0.36516719748546167,
      0.1482754473320781
    ],
    "test_rmse": [
      -0.08012391968818856,
      -0.10342955794681047,
      -0.09055555461062877,
      -0.09080801385900178,
      -0.09424559038672371
    ],
    "test_mae": [
      -0.05299469860536711,
      -0.06831406709126064,
      -0.0642843348128455,
      -0.06268288664774851,
      -0.06402963809279708
    ]
  },
  "13": {
    "fit_time": [
      28.50894546508789,
      30.568483352661133,
      23.99437642097473,
      35.457961082458496,
      26.960759162902832
    ],
    "score_time": [
      0.10934877395629883,
      0.062485456466674805,
      0.07810783386230469,
      0.062485456466674805,
      0.046863555908203125
    ],
    "test_r": [
      0.42894530243344303,
      0.5439496908318145,
      0.6252104234064177,
      0.5691298691055975,
      0.5361771526394171
    ],
    "test_r2": [
      0.1698006315978875,
      0.29414476977690907,
      0.3824593781739378,
      0.31972086892148344,
      0.2772155753503498
    ],
    "test_rmse": [
      -0.09974451958746348,
      -0.09886834996507902,
      -0.08838097778587668,
      -0.08623212895372587,
      -0.07952486425972881
    ],
    "test_mae": [
      -0.06688037681153843,
      -0.07215611337763923,
      -0.06010855039528438,
      -0.05835659324371063,
      -0.053904575945020794
    ]
  },
  "42": {
    "fit_time": [
      36.96665978431702,
      31.25539779663086,
      35.61308193206787,
      31.302274465560913,
      20.456472635269165
    ],
    "score_time": [
      0.0625159740447998,
      0.07810568809509277,
      0.07810425758361816,
      0.07810592651367188,
      0.04686903953552246
    ],
    "test_r": [
      0.5825656268682928,
      0.589251596726878,
      0.542071521971221,
      0.5009022862798114,
      0.31769786962815294
    ],
    "test_r2": [
      0.31753974332657464,
      0.3335453393196637,
      0.2567716061415052,
      0.23784179451808118,
      0.09545657289610998
    ],
    "test_rmse": [
      -0.08717945755893163,
      -0.08210797235207803,
      -0.08956834681774196,
      -0.09742948646627338,
      -0.11002378301996459
    ],
    "test_mae": [
      -0.05925225642323494,
      -0.05371717000859124,
      -0.06312710472089904,
      -0.06911793968699001,
      -0.07145411164051779
    ]
  },
  "69": {
    "fit_time": [
      33.13494634628296,
      29.267102241516113,
      31.542348623275757,
      33.50986409187317,
      24.58668875694275
    ],
    "score_time": [
      0.09373259544372559,
      0.09372878074645996,
      0.07810521125793457,
      0.05880236625671387,
      0.03120899200439453
    ],
    "test_r": [
      0.54165849053173,
      0.5560360328928602,
      0.5201116692729133,
      0.35960660629971786,
      0.404280108832456
    ],
    "test_r2": [
      0.26423267490531566,
      0.302019704754647,
      0.26902830939569344,
      0.08778857188192224,
      0.16241377894175124
    ],
    "test_rmse": [
      -0.08473068011198395,
      -0.10459733414430625,
      -0.08938614141146467,
      -0.09052900069447432,
      -0.10288959702063664
    ],
    "test_mae": [
      -0.05932748979755811,
      -0.07003738860147339,
      -0.0605843620470592,
      -0.0621468174865654,
      -0.069361194881233
    ]
  },
  "420": {
    "fit_time": [
      29.517229080200195,
      29.064207553863525,
      34.90387845039368,
      32.71172046661377,
      24.598326683044434
    ],
    "score_time": [
      0.07810735702514648,
      0.2655630111694336,
      0.06248736381530762,
      0.09374284744262695,
      0.04687905311584473
    ],
    "test_r": [
      0.42627014923716733,
      0.58815892910329,
      0.5545882095862217,
      0.587069545831902,
      0.4884556375281772
    ],
    "test_r2": [
      0.17129580876415107,
      0.34319532033570943,
      0.3054675189005507,
      0.34256727699499046,
      0.22423136237730246
    ],
    "test_rmse": [
      -0.09312146990333367,
      -0.10481107719803966,
      -0.07885926308450719,
      -0.09225670249539748,
      -0.08403150202669483
    ],
    "test_mae": [
      -0.06340581487332071,
      -0.06911197182961873,
      -0.05355813280599459,
      -0.06401413021860897,
      -0.061718326177682956
    ]
  },
  "1234567890": {
    "fit_time": [
      27.45672345161438,
      32.22586631774902,
      38.81839656829834,
      34.40196895599365,
      26.919566869735718
    ],
    "score_time": [
      0.0781102180480957,
      0.09372830390930176,
      0.10935473442077637,
      0.04686594009399414,
      0.06248593330383301
    ],
    "test_r": [
      0.42961798554097347,
      0.46357291421917735,
      0.5677529737777578,
      0.541305775447547,
      0.37319542879633216
    ],
    "test_r2": [
      0.17934162267364495,
      0.2024931694230352,
      0.3126970418442676,
      0.2866490865482698,
      0.12424622612014069
    ],
    "test_rmse": [
      -0.10221586017459472,
      -0.09066249893238616,
      -0.08723988905070722,
      -0.09739896363512464,
      -0.09697389705388583
    ],
    "test_mae": [
      -0.06417630312698229,
      -0.061205722306455886,
      -0.06121284886768885,
      -0.06560180095294574,
      -0.06790788227802999
    ]
  },
  "473129": {
    "fit_time": [
      34.73657417297363,
      33.28924298286438,
      28.342744827270508,
      31.02963900566101,
      19.495375633239746
    ],
    "score_time": [
      0.04686474800109863,
      0.0624852180480957,
      0.07810616493225098,
      0.24994111061096191,
      0.046891212463378906
    ],
    "test_r": [
      0.5835763874667741,
      0.4055670356744602,
      0.48460774387631583,
      0.555737273030068,
      0.5310072898382031
    ],
    "test_r2": [
      0.3327862244119043,
      0.1452971273920356,
      0.17240753538405929,
      0.30499878527429725,
      0.24572182253636132
    ],
    "test_rmse": [
      -0.09210543520854768,
      -0.10343235641383539,
      -0.0974370134689691,
      -0.09248586179036632,
      -0.08075578363843368
    ],
    "test_mae": [
      -0.06258681638325964,
      -0.07105834085600718,
      -0.0657078647528376,
      -0.06387423400191573,
      -0.056992462592081974
    ]
  },
  "r_avg": 0.5078782704408862,
  "r_stdev": 0.07639880002294576,
  "r_stderr": 0.02887603218921003,
  "r2_avg": 0.2504148741911076,
  "r2_stdev": 0.07767475672810285,
  "r2_stderr": 0.02935829849285732,
  "rmse_avg": -0.09268979573474018,
  "rmse_stdev": 0.008043516431631386,
  "rmse_stderr": 0.0030401634492226164,
  "mae_avg": -0.06325629492402188,
  "mae_stdev": 0.0051737256109545314,
  "mae_stderr": 0.0019554844740387717
}