{
  "6": {
    "fit_time": [
      0.017724990844726562,
      0.014941930770874023,
      0.014632940292358398,
      0.01798224449157715,
      0.013390064239501953
    ],
    "score_time": [
      0.009680032730102539,
      0.009927988052368164,
      0.009689807891845703,
      0.010068893432617188,
      0.008771181106567383
    ],
    "test_r": [
      0.25862488408929274,
      0.34543573104252473,
      0.35550290955236685,
      0.4773558558815983,
      0.3647691999325723
    ],
    "test_r2": [
      -0.08457586162190811,
      0.052105346494775384,
      0.057154751471264253,
      0.2178617093891677,
      0.0401241990574448
    ],
    "test_rmse": [
      -0.09750577821705893,
      -0.11794267524037745,
      -0.10146662892653074,
      -0.10079436921209868,
      -0.10005043412884009
    ],
    "test_mae": [
      -0.06872678571428571,
      -0.08654821428571428,
      -0.07354107142857144,
      -0.07209369369369371,
      -0.07282522522522523
    ]
  },
  "13": {
    "fit_time": [
      0.016269922256469727,
      0.018162965774536133,
      0.018810749053955078,
      0.018014907836914062,
      0.013592958450317383
    ],
    "score_time": [
      0.009958982467651367,
      0.01030874252319336,
      0.010105133056640625,
      0.010271072387695312,
      0.009253978729248047
    ],
    "test_r": [
      0.3980184665784728,
      0.35958032911876225,
      0.3966724787905689,
      0.3085776790386073,
      0.3321864858506101
    ],
    "test_r2": [
      0.10356858538270186,
      0.07407271664544102,
      0.1352514738189915,
      -0.020672974378004083,
      0.02370423553681067
    ],
    "test_rmse": [
      -0.10364691436382878,
      -0.11323688350406984,
      -0.10458537353350543,
      -0.10562551561791093,
      -0.09242495470516744
    ],
    "test_mae": [
      -0.07484999999999999,
      -0.0826875,
      -0.07433035714285714,
      -0.0716828828828829,
      -0.06715495495495495
    ]
  },
  "42": {
    "fit_time": [
      0.01705312728881836,
      0.017482995986938477,
      0.01576709747314453,
      0.017667055130004883,
      0.01618504524230957
    ],
    "score_time": [
      0.010442972183227539,
      0.011107206344604492,
      0.010740995407104492,
      0.01043081283569336,
      0.010355949401855469
    ],
    "test_r": [
      0.4925559683949554,
      0.3696330372264648,
      0.3437937541664331,
      0.23009785519892106,
      0.34975135903448246
    ],
    "test_r2": [
      0.22935372917449537,
      0.009130546523854477,
      0.027104727516264915,
      -0.04124492242740074,
      0.0962920230090395
    ],
    "test_rmse": [
      -0.09264095438072424,
      -0.1001170957286659,
      -0.10247701310189378,
      -0.11387917099094806,
      -0.10997296145986181
    ],
    "test_mae": [
      -0.06635,
      -0.0684892857142857,
      -0.0772875,
      -0.0795279279279279,
      -0.07544324324324327
    ]
  },
  "69": {
    "fit_time": [
      0.018410921096801758,
      0.01969599723815918,
      0.019079923629760742,
      0.019251108169555664,
      0.019136905670166016
    ],
    "score_time": [
      0.011511087417602539,
      0.011275053024291992,
      0.012634992599487305,
      0.010985851287841797,
      0.009974002838134766
    ],
    "test_r": [
      0.3860018221241777,
      0.5316173804165856,
      0.29745783260288355,
      0.25205803874904276,
      0.38635038704724334
    ],
    "test_r2": [
      0.07327633318043403,
      0.2793425742640324,
      -0.002067267179072685,
      -0.21436984599338138,
      0.10145791814728589
    ],
    "test_rmse": [
      -0.0950923479721536,
      -0.10628291758993338,
      -0.10465701635068989,
      -0.10445168718098788,
      -0.10656777904944596
    ],
    "test_mae": [
      -0.06784464285714285,
      -0.07777500000000001,
      -0.07562678571428572,
      -0.07701981981981981,
      -0.07543243243243243
    ]
  },
  "420": {
    "fit_time": [
      0.01829814910888672,
      0.017178773880004883,
      0.016209840774536133,
      0.017513036727905273,
      0.015034198760986328
    ],
    "score_time": [
      0.010490894317626953,
      0.010496139526367188,
      0.012633085250854492,
      0.01024317741394043,
      0.010226011276245117
    ],
    "test_r": [
      0.46116776290735256,
      0.35637091492419226,
      0.21733861129690327,
      0.46769107860066295,
      0.3341308257132663
    ],
    "test_r2": [
      0.16032041015034626,
      0.0957341127381347,
      -0.16909820701394218,
      0.2065479896715302,
      -0.0024242022722704704
    ],
    "test_rmse": [
      -0.09373609420678279,
      -0.12298075052625104,
      -0.10231326195283079,
      -0.10135206500649643,
      -0.09552164416771994
    ],
    "test_mae": [
      -0.06289107142857144,
      -0.08724285714285715,
      -0.0757642857142857,
      -0.07153333333333331,
      -0.0726936936936937
    ]
  },
  "1234567890": {
    "fit_time": [
      0.017178058624267578,
      0.016541004180908203,
      0.017364025115966797,
      0.017659902572631836,
      0.016084909439086914
    ],
    "score_time": [
      0.012721776962280273,
      0.010320186614990234,
      0.01046609878540039,
      0.010174989700317383,
      0.010148048400878906
    ],
    "test_r": [
      0.453954532168122,
      0.5927164189764739,
      0.3471040778883082,
      0.356064372085307,
      0.2902685038779546
    ],
    "test_r2": [
      0.18679846785588383,
      0.33146835916773143,
      0.024909731288966785,
      0.061863865186721934,
      0.01719858723761447
    ],
    "test_rmse": [
      -0.10175041242457658,
      -0.0830082891730011,
      -0.10391145097080083,
      -0.11169549500138135,
      -0.10272986705717858
    ],
    "test_mae": [
      -0.075375,
      -0.062380357142857154,
      -0.0784625,
      -0.07858918918918917,
      -0.0763027027027027
    ]
  },
  "473129": {
    "fit_time": [
      0.02416396141052246,
      0.02266407012939453,
      0.022912979125976562,
      0.02358388900756836,
      0.02378225326538086
    ],
    "score_time": [
      0.015266895294189453,
      0.013524055480957031,
      0.01448512077331543,
      0.015402078628540039,
      0.014103889465332031
    ],
    "test_r": [
      0.5010174915015702,
      0.4180466929964022,
      0.37544327757001106,
      0.26281354049050204,
      0.41253342334423715
    ],
    "test_r2": [
      0.2308933451144165,
      0.14859473622438646,
      0.03876316446133088,
      -0.031962930501376885,
      0.12383025947255966
    ],
    "test_rmse": [
      -0.09888855740536558,
      -0.10323263257600006,
      -0.10501005904197942,
      -0.11269758624720383,
      -0.08703661443468634
    ],
    "test_mae": [
      -0.0712375,
      -0.07372857142857143,
      -0.07763392857142859,
      -0.08547747747747751,
      -0.0629945945945946
    ]
  },
  "r_avg": 0.37379151369079516,
  "r_stdev": 0.08480936347420452,
  "r_stderr": 0.03205492637177571,
  "r2_avg": 0.07372307676555058,
  "r2_stdev": 0.11469370726308085,
  "r2_stderr": 0.04335014662316493,
  "rmse_avg": -0.10283666432705564,
  "rmse_stdev": 0.008036428794654738,
  "rmse_stderr": 0.003037484574247857,
  "mae_avg": -0.07421555387019674,
  "mae_stdev": 0.0060529036131867974,
  "mae_stderr": 0.002287782524333795
}