{
  "6": {
    "fit_time": [
      0.026613950729370117,
      0.026575326919555664,
      0.026544809341430664,
      0.027540922164916992,
      0.02688908576965332
    ],
    "score_time": [
      0.014590978622436523,
      0.011961936950683594,
      0.012295246124267578,
      0.01324319839477539,
      0.012048006057739258
    ],
    "test_r": [
      0.28823816862343404,
      0.3434774051989489,
      0.3224083502584191,
      0.43873694500664656,
      0.3440247341732936
    ],
    "test_r2": [
      -0.011375058758259726,
      0.044744078698443324,
      0.05185423652339394,
      0.18432127089615657,
      0.01853168102218239
    ],
    "test_rmse": [
      -0.09415784393699561,
      -0.11839975584585549,
      -0.10175144322180871,
      -0.10293286618111581,
      -0.10116949884531884
    ],
    "test_mae": [
      -0.066715488136142,
      -0.08661803081451089,
      -0.07362263904028425,
      -0.0725747900391309,
      -0.07261377672267048
    ]
  },
  "13": {
    "fit_time": [
      0.038340091705322266,
      0.03474783897399902,
      0.03541898727416992,
      0.03523111343383789,
      0.03499293327331543
    ],
    "score_time": [
      0.01610875129699707,
      0.018102169036865234,
      0.01789402961730957,
      0.01818108558654785,
      0.018604040145874023
    ],
    "test_r": [
      0.3722797472699435,
      0.39449727054758005,
      0.3738588202473682,
      0.26611509519058907,
      0.3218557647561169
    ],
    "test_r2": [
      0.07463394413723767,
      0.13868524571264462,
      0.10049562234062714,
      -0.04801663767574249,
      0.04025886023529046
    ],
    "test_rmse": [
      -0.10530636598493517,
      -0.10921452745057056,
      -0.10666640967317832,
      -0.10703100980046285,
      -0.09163799945136447
    ],
    "test_mae": [
      -0.07398787971462746,
      -0.08090057253412931,
      -0.07640543107157814,
      -0.07206883419402489,
      -0.06519134915781834
    ]
  },
  "42": {
    "fit_time": [
      0.03838992118835449,
      0.038697004318237305,
      0.03835701942443848,
      0.039344072341918945,
      0.03836798667907715
    ],
    "score_time": [
      0.01962590217590332,
      0.02128291130065918,
      0.019866228103637695,
      0.021030902862548828,
      0.020505666732788086
    ],
    "test_r": [
      0.5070165054133904,
      0.3733705140219524,
      0.32190093205213643,
      0.22203521593516118,
      0.3412116641211539
    ],
    "test_r2": [
      0.25609452897080265,
      -0.015472882737790794,
      -0.0035179636249580426,
      -0.009025349596132104,
      0.10029620264555272
    ],
    "test_rmse": [
      -0.09101948130357874,
      -0.10135243518830794,
      -0.10407729290841775,
      -0.11210342648640809,
      -0.10972905503834482
    ],
    "test_mae": [
      -0.06416704255484885,
      -0.07123199188497786,
      -0.07741854792576038,
      -0.07847224630465216,
      -0.07486462430347633
    ]
  },
  "69": {
    "fit_time": [
      0.026995182037353516,
      0.02695298194885254,
      0.025313854217529297,
      0.02735304832458496,
      0.027186870574951172
    ],
    "score_time": [
      0.011426925659179688,
      0.011598825454711914,
      0.011100292205810547,
      0.011528968811035156,
      0.012933969497680664
    ],
    "test_r": [
      0.3888455591886294,
      0.5163130351458305,
      0.2638643802215327,
      0.2590025597987407,
      0.37762283282234493
    ],
    "test_r2": [
      0.10593972947036856,
      0.26159660927960504,
      0.0030855596666996554,
      -0.14604830801373314,
      0.11518301070747827
    ],
    "test_rmse": [
      -0.09340149808967628,
      -0.10758355125518936,
      -0.10438758606410806,
      -0.10147088173663238,
      -0.105750743776521
    ],
    "test_mae": [
      -0.06776648694109319,
      -0.07847966991579351,
      -0.07437525292420977,
      -0.07382082481873388,
      -0.07306453486953199
    ]
  },
  "420": {
    "fit_time": [
      0.027617931365966797,
      0.026020050048828125,
      0.0276639461517334,
      0.02750682830810547,
      0.026564836502075195
    ],
    "score_time": [
      0.01637101173400879,
      0.018340110778808594,
      0.015413999557495117,
      0.017562150955200195,
      0.017759084701538086
    ],
    "test_r": [
      0.4477215595309092,
      0.37160599340578243,
      0.19126300063220186,
      0.47371770445716793,
      0.3266298646451277
    ],
    "test_r2": [
      0.12348606079138336,
      0.11884025977354418,
      -0.1292911460059294,
      0.21904893998033925,
      0.04345133109122834
    ],
    "test_rmse": [
      -0.09576999582392763,
      -0.1213993575313683,
      -0.10055632557183886,
      -0.10055048706221699,
      -0.09331029301161721
    ],
    "test_mae": [
      -0.06529977138828245,
      -0.08511572671776799,
      -0.07352884312860966,
      -0.06993601003468401,
      -0.07117847561482296
    ]
  },
  "1234567890": {
    "fit_time": [
      0.04647493362426758,
      0.0465090274810791,
      0.04714083671569824,
      0.04881906509399414,
      0.041284799575805664
    ],
    "score_time": [
      0.026968002319335938,
      0.02483081817626953,
      0.025131940841674805,
      0.02120375633239746,
      0.020520925521850586
    ],
    "test_r": [
      0.4375165737050513,
      0.5651731509382028,
      0.3030883202245371,
      0.36612271224990994,
      0.2824932912301167
    ],
    "test_r2": [
      0.17548687307884592,
      0.3020760657315885,
      0.006932796562250654,
      0.09729023107681145,
      0.03441603492256329
    ],
    "test_rmse": [
      -0.10245564018046789,
      -0.08481341017699344,
      -0.10486494120484073,
      -0.10956624958308678,
      -0.10182604190542956
    ],
    "test_mae": [
      -0.07465564455741727,
      -0.062389874010149546,
      -0.0786197592285176,
      -0.07720582505996687,
      -0.07472189905199036
    ]
  },
  "473129": {
    "fit_time": [
      0.029903173446655273,
      0.040303945541381836,
      0.03785109519958496,
      0.040375709533691406,
      0.03641700744628906
    ],
    "score_time": [
      0.023363828659057617,
      0.02017998695373535,
      0.020724058151245117,
      0.01996016502380371,
      0.016647815704345703
    ],
    "test_r": [
      0.4866610811815236,
      0.36734492893165027,
      0.3658810759237308,
      0.26239161340845135,
      0.42342510109253945
    ],
    "test_r2": [
      0.22649330301710746,
      0.09879664335306348,
      0.06299426036165712,
      0.006146039132037484,
      0.14949879178114434
    ],
    "test_rmse": [
      -0.09917102360653766,
      -0.10620873531456675,
      -0.10367805129669358,
      -0.110597128768019,
      -0.08575221202830699
    ],
    "test_mae": [
      -0.0698380589586304,
      -0.07408464239792664,
      -0.07562529277928795,
      -0.0828912385121854,
      -0.06313222991112558
    ]
  },
  "r_avg": 0.3630774706157176,
  "r_stdev": 0.08448656309036105,
  "r_stderr": 0.03193291929480914,
  "r2_avg": 0.07994088184421434,
  "r2_stdev": 0.10151090083320954,
  "r2_stderr": 0.03836751413811597,
  "rmse_avg": -0.10256181615156292,
  "rmse_stdev": 0.007879626931351148,
  "rmse_stderr": 0.0029782190406174506,
  "mae_avg": -0.07350238014912455,
  "mae_stdev": 0.005726230526069657,
  "mae_stderr": 0.0021643117031152678
}