{
  "6": {
    "fit_time": [
      9.957106351852417,
      10.497870922088623
    ],
    "score_time": [
      1.976496696472168,
      1.723175287246704
    ],
    "test_r": [
      0.5296897032491987,
      0.5681668841185552
    ],
    "test_r2": [
      0.26620860544434277,
      0.31937001541580445
    ],
    "test_rmse": [
      -0.09161301958313993,
      -0.08987883267958156
    ],
    "test_mae": [
      -0.06627544902540915,
      -0.06654622805405948
    ]
  },
  "r_avg": 0.548928293683877,
  "r_stdev": 0.019238590434678238,
  "r_stderr": 0.00727150369508352,
  "r2_avg": 0.2927893104300736,
  "r2_stdev": 0.02658070498573084,
  "r2_stderr": 0.010046562152145496,
  "rmse_avg": 0.09074592613136075,
  "rmse_stdev": 0.0008670934517791828,
  "rmse_stderr": 0.0003277305195514706,
  "mae_avg": 0.06641083853973431,
  "mae_stdev": 0.00013538951432516544,
  "mae_stderr": 5.1172426432886375e-05
}