{
  "6": {
    "fit_time": [
      2.8141918182373047,
      2.775439977645874,
      2.8592302799224854,
      2.924149751663208,
      2.8326809406280518
    ],
    "score_time": [
      0.015319108963012695,
      0.01543879508972168,
      0.013566970825195312,
      0.014898061752319336,
      0.01565408706665039
    ],
    "test_r": [
      0.50442124584296,
      0.5392828940173579,
      0.6127133989515936,
      0.6835781387099078,
      0.49525563529389366
    ],
    "test_r2": [
      0.2386468760228917,
      0.28930587384820816,
      0.3715786020951183,
      0.46003018092215575,
      0.23084065693644862
    ],
    "test_rmse": [
      -0.08169461917735384,
      -0.1021250543422824,
      -0.0828377903229489,
      -0.08374892486783947,
      -0.08956114059546913
    ],
    "test_mae": [
      -0.05443190559799828,
      -0.0726123502327501,
      -0.06113460651329656,
      -0.059466459431880836,
      -0.0629561630662204
    ]
  },
  "13": {
    "fit_time": [
      2.704766035079956,
      2.6961147785186768,
      2.7110440731048584,
      2.699643135070801,
      2.72000789642334
    ],
    "score_time": [
      0.014020919799804688,
      0.015522241592407227,
      0.012941122055053711,
      0.014803886413574219,
      0.014265060424804688
    ],
    "test_r": [
      0.610802263358969,
      0.5717810161203727,
      0.6622278074390261,
      0.5405042407846767,
      0.572525654042776
    ],
    "test_r2": [
      0.34990194756303383,
      0.3267377729696075,
      0.40775198662561585,
      0.2918384324274179,
      0.3269840922334716
    ],
    "test_rmse": [
      -0.08826474606443158,
      -0.0965587405132779,
      -0.08655214650504515,
      -0.0879815707030435,
      -0.07673812942626504
    ],
    "test_mae": [
      -0.06234993043530569,
      -0.07010193016434053,
      -0.06111845110310491,
      -0.05955931337816239,
      -0.05099959470408958
    ]
  },
  "42": {
    "fit_time": [
      2.8902859687805176,
      2.801551103591919,
      2.780931234359741,
      2.715322971343994,
      2.7095658779144287
    ],
    "score_time": [
      0.012881994247436523,
      0.013714075088500977,
      0.013072729110717773,
      0.014332056045532227,
      0.015256166458129883
    ],
    "test_r": [
      0.6407792739756777,
      0.6727105408792415,
      0.5511933525439546,
      0.49053809358508826,
      0.5731195433927226
    ],
    "test_r2": [
      0.40092740091524937,
      0.44604803957685235,
      0.279769744160837,
      0.23273893154431746,
      0.29658948020315967
    ],
    "test_rmse": [
      -0.08167990196646857,
      -0.07485763022950448,
      -0.08817167532127936,
      -0.0977551012255641,
      -0.09702335585197853
    ],
    "test_mae": [
      -0.057430974112488535,
      -0.05189139750614393,
      -0.06158000032980462,
      -0.06902698550087501,
      -0.06641190143994251
    ]
  },
  "69": {
    "fit_time": [
      2.65893816947937,
      2.731904983520508,
      2.7598748207092285,
      2.7378270626068115,
      2.769650936126709
    ],
    "score_time": [
      0.014488935470581055,
      0.014780998229980469,
      0.015542030334472656,
      0.014844894409179688,
      0.01735091209411621
    ],
    "test_r": [
      0.5418350686286378,
      0.6826698445548284,
      0.5429871661046786,
      0.46290754148016805,
      0.6461608236078219
    ],
    "test_r2": [
      0.2861548021628325,
      0.45242495221456325,
      0.2924745207667798,
      0.1870755524899238,
      0.37575705477510835
    ],
    "test_rmse": [
      -0.08345886321467813,
      -0.09264475979871174,
      -0.08794090961851227,
      -0.08546042815968827,
      -0.0888246542367146
    ],
    "test_mae": [
      -0.05818039529037614,
      -0.06308877237022519,
      -0.06165964906565636,
      -0.060195705116954365,
      -0.06457093519186026
    ]
  },
  "420": {
    "fit_time": [
      2.737017869949341,
      2.813873052597046,
      2.7636988162994385,
      2.8349368572235107,
      2.804975986480713
    ],
    "score_time": [
      0.015044927597045898,
      0.012504100799560547,
      0.015738964080810547,
      0.014377117156982422,
      0.014081001281738281
    ],
    "test_r": [
      0.4500310332484917,
      0.6258853747877098,
      0.5694292256579876,
      0.6774253642588445,
      0.48647183971033464
    ],
    "test_r2": [
      0.19795174479092692,
      0.3738954304290434,
      0.3201101015221657,
      0.4417021715327175,
      0.1970199415718472
    ],
    "test_rmse": [
      -0.09161156539707178,
      -0.10233224501429021,
      -0.07802355390602693,
      -0.08501689481292896,
      -0.08549257485747835
    ],
    "test_mae": [
      -0.06188556645693361,
      -0.06982928004653154,
      -0.05407051717126521,
      -0.058383099349452974,
      -0.06437022891470535
    ]
  },
  "1234567890": {
    "fit_time": [
      2.7769150733947754,
      2.7056007385253906,
      2.729124069213867,
      2.7403690814971924,
      2.7426087856292725
    ],
    "score_time": [
      0.01350092887878418,
      0.014410972595214844,
      0.014256954193115234,
      0.012800931930541992,
      0.015017032623291016
    ],
    "test_r": [
      0.6006996153050457,
      0.5751967573504425,
      0.5475020848339598,
      0.6713065346430469,
      0.51328486593815
    ],
    "test_r2": [
      0.3429476576475733,
      0.3306464858372272,
      0.2813720002789949,
      0.44088549902833085,
      0.25736694546993855
    ],
    "test_rmse": [
      -0.09146123640973118,
      -0.08305929748746833,
      -0.08920579444156142,
      -0.08622895104276018,
      -0.08929990110035359
    ],
    "test_mae": [
      -0.06252916980350036,
      -0.05738702406232389,
      -0.0654737540780762,
      -0.06004563086442679,
      -0.06328682058446085
    ]
  },
  "473129": {
    "fit_time": [
      2.770148992538452,
      2.852282762527466,
      2.749711751937866,
      2.7242560386657715,
      2.756898880004883
    ],
    "score_time": [
      0.014452219009399414,
      0.01513218879699707,
      0.015493154525756836,
      0.014014005661010742,
      0.014027118682861328
    ],
    "test_r": [
      0.637684876432572,
      0.5081388338834693,
      0.6026771496554593,
      0.5394613204739255,
      0.5389296743757144
    ],
    "test_r2": [
      0.39816569436608573,
      0.24599798728801736,
      0.3440105086688342,
      0.28926092899706735,
      0.2609676454635441
    ],
    "test_rmse": [
      -0.08747646543130132,
      -0.09714827415821872,
      -0.08674893290389467,
      -0.0935271414906344,
      -0.07993548057695092
    ],
    "test_mae": [
      -0.06042523071099903,
      -0.06697084369400255,
      -0.06113101391154098,
      -0.06380695488304408,
      -0.060482023071854005
    ]
  },
  "r_avg": 0.5754890883962717,
  "r_stdev": 0.0658215834435589,
  "r_stderr": 0.024878220098877614,
  "r2_avg": 0.3218822183813116,
  "r2_stdev": 0.07645143484251361,
  "r2_stderr": 0.02889592628104993,
  "rmse_avg": -0.0880128128906208,
  "rmse_stdev": 0.006512056352469144,
  "rmse_stderr": 0.0024613259474673905,
  "mae_avg": -0.06168127366155982,
  "mae_stdev": 0.004784706934709155,
  "mae_stderr": 0.0018084492350809408
}