{
  "6": {
    "fit_time": [
      2.1496758460998535,
      2.0914831161499023,
      2.1969008445739746,
      2.221055507659912,
      2.165454387664795
    ],
    "score_time": [
      0.012048959732055664,
      0.01190185546875,
      0.011861085891723633,
      0.011758565902709961,
      0.011794805526733398
    ],
    "test_r": [
      0.47280985363453504,
      0.5640625157570713,
      0.6143462124335805,
      0.7248049879724718,
      0.5202350335055362
    ],
    "test_r2": [
      0.20700784832690433,
      0.3123751263947524,
      0.3749654938490291,
      0.4990275920111189,
      0.2669096208109941
    ],
    "test_rmse": [
      -0.08337480479977727,
      -0.10045388249412344,
      -0.08261426063671479,
      -0.08066802065853108,
      -0.08743598682115387
    ],
    "test_mae": [
      -0.05405918866624447,
      -0.07058522978087228,
      -0.0623016724885977,
      -0.058031160649410655,
      -0.06187820112462025
    ]
  },
  "13": {
    "fit_time": [
      2.1566884517669678,
      2.2133724689483643,
      2.2042250633239746,
      2.1287598609924316,
      2.1287896633148193
    ],
    "score_time": [
      0.012114286422729492,
      0.011963129043579102,
      0.011858224868774414,
      0.011844873428344727,
      0.011557817459106445
    ],
    "test_r": [
      0.617714208257784,
      0.5452525639651763,
      0.7053986278548545,
      0.5409358626534664,
      0.5714339614253202
    ],
    "test_r2": [
      0.36746420590533935,
      0.28978115339225385,
      0.48366274761304706,
      0.2786193196702428,
      0.3168359394436886
    ],
    "test_rmse": [
      -0.08706435698008373,
      -0.09917348253220568,
      -0.08081514682593645,
      -0.08879894125728979,
      -0.07731451741287719
    ],
    "test_mae": [
      -0.06112868301341514,
      -0.06977835274006164,
      -0.05891120863883138,
      -0.058937460065460065,
      -0.0530111466320878
    ]
  },
  "42": {
    "fit_time": [
      2.299001932144165,
      2.23063063621521,
      2.174752950668335,
      2.1123881340026855,
      2.052680730819702
    ],
    "score_time": [
      0.011638879776000977,
      0.01189732551574707,
      0.012058496475219727,
      0.011968135833740234,
      0.011729955673217773
    ],
    "test_r": [
      0.6390699141804466,
      0.6575483265983243,
      0.5895897465581494,
      0.4430637352072261,
      0.5365521692028534
    ],
    "test_r2": [
      0.4047266954279757,
      0.4317416746693721,
      0.3390321853122047,
      0.16774375279869036,
      0.272647010490214
    ],
    "test_rmse": [
      -0.08142048466964065,
      -0.07581810513823863,
      -0.08446631898674549,
      -0.1018113932265609,
      -0.09866076452768595
    ],
    "test_mae": [
      -0.05794956830094289,
      -0.051683781352823775,
      -0.06017050874249759,
      -0.07126634227234227,
      -0.06829518203868205
    ]
  },
  "69": {
    "fit_time": [
      2.0720255374908447,
      2.2209339141845703,
      2.1699557304382324,
      2.168440341949463,
      2.120163679122925
    ],
    "score_time": [
      0.011862754821777344,
      0.01180577278137207,
      0.01214289665222168,
      0.012109041213989258,
      0.01152181625366211
    ],
    "test_r": [
      0.5389557218914887,
      0.7007422699459236,
      0.5434918294473715,
      0.4754721841069603,
      0.6521518208848812
    ],
    "test_r2": [
      0.2539714236531845,
      0.47650974196620566,
      0.2844390715578756,
      0.18142774451204546,
      0.4023864479581978
    ],
    "test_rmse": [
      -0.08531947519736383,
      -0.09058438430298009,
      -0.08843887731349545,
      -0.085756783288095,
      -0.08690943425006754
    ],
    "test_mae": [
      -0.05949850084337349,
      -0.06252176834648486,
      -0.061567134056667534,
      -0.06043760130547631,
      -0.06593561199096495
    ]
  },
  "420": {
    "fit_time": [
      2.180115222930908,
      2.186272621154785,
      2.1470389366149902,
      2.1741137504577637,
      2.186713933944702
    ],
    "score_time": [
      0.012009859085083008,
      0.011932134628295898,
      0.012012481689453125,
      0.012115478515625,
      0.011712074279785156
    ],
    "test_r": [
      0.4569911519476615,
      0.700454424014483,
      0.5726506259231641,
      0.6748330166087025,
      0.5095942731562655
    ],
    "test_r2": [
      0.20262925653067232,
      0.4406868357926079,
      0.32749434233659935,
      0.4526468791069864,
      0.2094984877110736
    ],
    "test_rmse": [
      -0.09134403737272907,
      -0.09672006636566173,
      -0.07759869273833668,
      -0.08417944704014944,
      -0.08482568392062237
    ],
    "test_mae": [
      -0.062463645678230505,
      -0.0663120416959033,
      -0.05485799698245183,
      -0.0572455775920776,
      -0.062271350631350635
    ]
  },
  "1234567890": {
    "fit_time": [
      2.189929962158203,
      2.157266616821289,
      2.1809611320495605,
      2.1317849159240723,
      2.18044114112854
    ],
    "score_time": [
      0.011990070343017578,
      0.011928081512451172,
      0.011900663375854492,
      0.01196599006652832,
      0.011717081069946289
    ],
    "test_r": [
      0.6464608989901331,
      0.5792425376522943,
      0.582136287074468,
      0.7122650976536425,
      0.5093818225911539
    ],
    "test_r2": [
      0.40642506843227144,
      0.3289207831242712,
      0.3354926999613501,
      0.48669271010195336,
      0.25865814279122645
    ],
    "test_rmse": [
      -0.08693103686386949,
      -0.08316629878438894,
      -0.08578095485072837,
      -0.08262118907854689,
      -0.0892222355864408
    ],
    "test_mae": [
      -0.06029962796132441,
      -0.05859400070109475,
      -0.06310907315204636,
      -0.05984614995414994,
      -0.06463479813810385
    ]
  },
  "473129": {
    "fit_time": [
      2.187708616256714,
      2.2506279945373535,
      2.1704516410827637,
      2.1259846687316895,
      2.124558687210083
    ],
    "score_time": [
      0.01195526123046875,
      0.01163029670715332,
      0.01205301284790039,
      0.01189565658569336,
      0.011637210845947266
    ],
    "test_r": [
      0.6160358037535849,
      0.538328874948391,
      0.6173657432018418,
      0.5580155549880547,
      0.5746263949232048
    ],
    "test_r2": [
      0.37176801961678074,
      0.28819473386989214,
      0.3546476012176214,
      0.3059648153365958,
      0.32175997484113217
    ],
    "test_rmse": [
      -0.08937432546727997,
      -0.09439074970625451,
      -0.08604272664480057,
      -0.09242156320432318,
      -0.07657721575845108
    ],
    "test_mae": [
      -0.06117475807501032,
      -0.06667566742231565,
      -0.061211616856357946,
      -0.06293381547930078,
      -0.05746871223033723
    ]
  },
  "r_avg": 0.585771830083156,
  "r_stdev": 0.07477688205890479,
  "r_stderr": 0.028263004820667084,
  "r2_avg": 0.3343644327581249,
  "r2_stdev": 0.08934080332047327,
  "r2_stderr": 0.033767649645243696,
  "rmse_avg": 0.08708844699149,
  "rmse_stdev": 0.006607451282291188,
  "rmse_stderr": 0.0024973818418453316,
  "mae_avg": 0.06134420387428321,
  "mae_stdev": 0.004595760495457105,
  "mae_stderr": 0.0017370341937420696
}