{
  "6": {
    "fit_time": [
      1.5488641262054443,
      1.5552399158477783,
      1.5536270141601562,
      1.5561747550964355,
      1.5554890632629395
    ],
    "score_time": [
      0.01366114616394043,
      0.012683868408203125,
      0.013093948364257812,
      0.013267278671264648,
      0.012327909469604492
    ],
    "test_r": [
      0.5166318889507914,
      0.5477869622112727,
      0.6519561785299423,
      0.6841649770650803,
      0.4413156376942387
    ],
    "test_r2": [
      0.18660957233402165,
      0.2563537354227844,
      0.38606139901715475,
      0.44786082886460166,
      0.10455242291115596
    ],
    "test_rmse": [
      -0.08444032849624801,
      -0.10446580085548768,
      -0.08187767342206993,
      -0.08468739553895326,
      -0.09663435200340265
    ],
    "test_mae": [
      -0.053760448609079636,
      -0.0739663720854691,
      -0.059168503241879604,
      -0.05728419028960907,
      -0.06845407698605512
    ]
  },
  "13": {
    "fit_time": [
      1.3255250453948975,
      1.308804988861084,
      1.325814962387085,
      1.3356337547302246,
      1.3532319068908691
    ],
    "score_time": [
      0.011043787002563477,
      0.01037287712097168,
      0.010700225830078125,
      0.01024317741394043,
      0.011939048767089844
    ],
    "test_r": [
      0.5629828693387446,
      0.5744234794753049,
      0.6793992673234334,
      0.5157623426019565,
      0.4694949558023381
    ],
    "test_r2": [
      0.30887519346563774,
      0.28909424006780315,
      0.45236825369202693,
      0.1568777952865228,
      0.0740601220701953
    ],
    "test_rmse": [
      -0.09100726948037466,
      -0.09922143051530596,
      -0.08322816984329234,
      -0.09599990378986208,
      -0.09000982929597298
    ],
    "test_mae": [
      -0.06504303573710578,
      -0.06858175229174751,
      -0.05900389944655555,
      -0.06467810707264118,
      -0.05849651738759634
    ]
  },
  "42": {
    "fit_time": [
      1.2755191326141357,
      1.2506580352783203,
      1.2505440711975098,
      1.2418649196624756,
      1.2657008171081543
    ],
    "score_time": [
      0.012697696685791016,
      0.00992894172668457,
      0.010097980499267578,
      0.010863065719604492,
      0.011432170867919922
    ],
    "test_r": [
      0.7040325071689707,
      0.6371674058507077,
      0.5478837497578725,
      0.3817265087550542,
      0.5025865029189874
    ],
    "test_r2": [
      0.4754556091415264,
      0.37365390592971925,
      0.1997421130644118,
      -0.016522473176850294,
      0.24158494965882293
    ],
    "test_rmse": [
      -0.07643048290160757,
      -0.07959892626256819,
      -0.09294122525110872,
      -0.11251912360442141,
      -0.10074542511590591
    ],
    "test_mae": [
      -0.05525776720046997,
      -0.05203825140425137,
      -0.06599424689582416,
      -0.07476346720875919,
      -0.07115566973643261
    ]
  },
  "69": {
    "fit_time": [
      1.255666971206665,
      1.246170997619629,
      1.2380650043487549,
      1.2436339855194092,
      1.2365190982818604
    ],
    "score_time": [
      0.009971857070922852,
      0.014883995056152344,
      0.010318994522094727,
      0.011098146438598633,
      0.010363101959228516
    ],
    "test_r": [
      0.5458407635266578,
      0.7074938479123589,
      0.5003868725074507,
      0.4966158231511202,
      0.6069274943199134
    ],
    "test_r2": [
      0.2073072674780262,
      0.49704276162176386,
      0.14012522288159757,
      0.1525145662119204,
      0.36602983706975867
    ],
    "test_rmse": [
      -0.08794737512954887,
      -0.08879010430187037,
      -0.09694770134267135,
      -0.08725816852926427,
      -0.08951403075178235
    ],
    "test_mae": [
      -0.06007831014054162,
      -0.059485805413552695,
      -0.0673161041012832,
      -0.05885668306092959,
      -0.0654544866879781
    ]
  },
  "420": {
    "fit_time": [
      1.2660341262817383,
      1.2464499473571777,
      1.2500553131103516,
      1.2552146911621094,
      1.2452430725097656
    ],
    "score_time": [
      0.011065959930419922,
      0.010140180587768555,
      0.011159658432006836,
      0.011825323104858398,
      0.010648965835571289
    ],
    "test_r": [
      0.43834267450573294,
      0.6071625798255588,
      0.49876680375277027,
      0.6703564210210866,
      0.5315225770706795
    ],
    "test_r2": [
      0.13704477988528874,
      0.3565305142374303,
      0.15121689302941188,
      0.4302516490792294,
      0.11760278925815915
    ],
    "test_rmse": [
      -0.09502637994975173,
      -0.1037416243397218,
      -0.08717757768035207,
      -0.08588430541980577,
      -0.08962064818911876
    ],
    "test_mae": [
      -0.06577246634875025,
      -0.06835895859769411,
      -0.058919409232480194,
      -0.06055964375830986,
      -0.06548955966760446
    ]
  },
  "1234567890": {
    "fit_time": [
      1.3175833225250244,
      1.3062629699707031,
      1.3325161933898926,
      1.3185808658599854,
      1.3313698768615723
    ],
    "score_time": [
      0.011260747909545898,
      0.011299848556518555,
      0.010291814804077148,
      0.011313915252685547,
      0.010300159454345703
    ],
    "test_r": [
      0.6085307598753384,
      0.612111485897765,
      0.5424358466106189,
      0.7515942597738062,
      0.49396039836803474
    ],
    "test_r2": [
      0.35610818062731575,
      0.3366259377986478,
      0.20196618664731925,
      0.5560581966891811,
      0.18433951799430925
    ],
    "test_rmse": [
      -0.09054063536881123,
      -0.08268747362009812,
      -0.09400514953698046,
      -0.07683617657273699,
      -0.0935876518653252
    ],
    "test_mae": [
      -0.06172121603148324,
      -0.05755900624820165,
      -0.06740010588083947,
      -0.05379045186601243,
      -0.06894836649594008
    ]
  },
  "473129": {
    "fit_time": [
      1.2755746841430664,
      1.2701609134674072,
      1.2664868831634521,
      1.2545950412750244,
      1.2706990242004395
    ],
    "score_time": [
      0.010139226913452148,
      0.01068425178527832,
      0.010593891143798828,
      0.011658668518066406,
      0.011432886123657227
    ],
    "test_r": [
      0.620353804919647,
      0.5310492580771768,
      0.5345361173720797,
      0.5612388982583948,
      0.5299679566919444
    ],
    "test_r2": [
      0.3565700288651612,
      0.24899336072692524,
      0.1425808284642771,
      0.2689671221936907,
      0.21860922101779157
    ],
    "test_rmse": [
      -0.09044892302848982,
      -0.09695511489930421,
      -0.09917730324495466,
      -0.09485298894791694,
      -0.08219435754509219
    ],
    "test_mae": [
      -0.06023341823901449,
      -0.06548703306061883,
      -0.06904648955804961,
      -0.06232182196024302,
      -0.060833104614738946
    ]
  },
  "r_avg": 0.5659002821966523,
  "r_stdev": 0.08337352315472403,
  "r_stderr": 0.03151222974209787,
  "r2_avg": 0.26751750084362114,
  "r2_stdev": 0.13336663277904542,
  "r2_stderr": 0.05040784907534703,
  "rmse_avg": -0.09105717218971937,
  "rmse_stdev": 0.007936890842126378,
  "rmse_stderr": 0.002999862764476058,
  "mae_avg": -0.06300796418736405,
  "mae_stdev": 0.005619745624175532,
  "mae_stderr": 0.0021240641932874157
}