{
  "6": {
    "fit_time": [
      78.88754987716675,
      80.12993383407593
    ],
    "score_time": [
      4.384521961212158,
      5.2263641357421875
    ],
    "test_r": [
      0.7012435464679351,
      0.7541233234686348
    ],
    "test_r2": [
      0.48274811557082087,
      0.5670542119318025
    ],
    "test_rmse": [
      -2.2260381585804,
      -2.0791635052984927
    ],
    "test_mae": [
      -1.6416211684346929,
      -1.6147661143776026
    ]
  },
  "r_avg": 0.7276834349682849,
  "r_stdev": 0.02643988850034984,
  "r_stderr": 0.009993338523457454,
  "r2_avg": 0.5249011637513117,
  "r2_stdev": 0.042153048180490815,
  "r2_stderr": 0.015932354641271775,
  "rmse_avg": 2.1526008319394463,
  "rmse_stdev": 0.07343732664095359,
  "rmse_stderr": 0.027756700463054507,
  "mae_avg": 1.6281936414061478,
  "mae_stdev": 0.013427527028545105,
  "mae_stderr": 0.005075128177161205
}