{
  "6": {
    "fit_time": [
      4.46942925453186,
      5.425063848495483
    ],
    "score_time": [
      0.26508307456970215,
      0.21958708763122559
    ],
    "test_r": [
      0.6925449802221869,
      0.6955625374771712
    ],
    "test_r2": [
      0.47733851130073157,
      0.43719636764519676
    ],
    "test_rmse": [
      -2.2353551122018964,
      -2.3215970340905177
    ],
    "test_mae": [
      -1.668920451434647,
      -1.731855833446873
    ]
  },
  "r_avg": 0.6940537588496791,
  "r_stdev": 0.0015087786274921575,
  "r_stderr": 0.0005702647188276584,
  "r2_avg": 0.45726743947296417,
  "r2_stdev": 0.020071071827767406,
  "r2_stderr": 0.0075861520861124545,
  "rmse_avg": 2.278476073146207,
  "rmse_stdev": 0.043120960944310616,
  "rmse_stderr": 0.01629819127896783,
  "mae_avg": 1.7003881424407599,
  "mae_stdev": 0.03146769100611302,
  "mae_stderr": 0.011893669247942705
}