{
  "6": {
    "fit_time": [
      6.646432161331177,
      6.484992027282715
    ],
    "score_time": [
      0.2189948558807373,
      1.2924151420593262
    ],
    "test_r": [
      0.6815480631860709,
      0.6577174165593832
    ],
    "test_r2": [
      0.4483905381131611,
      0.40529749678816585
    ],
    "test_rmse": [
      -2.2964242730557727,
      -2.3864826298247688
    ],
    "test_mae": [
      -1.6274956240862395,
      -1.8016626952481791
    ]
  },
  "r_avg": 0.6696327398727271,
  "r_stdev": 0.011915323313343829,
  "r_stderr": 0.004503568896862559,
  "r2_avg": 0.42684401745066347,
  "r2_stdev": 0.021546520662497626,
  "r2_stderr": 0.008143819327383341,
  "rmse_avg": 2.3414534514402705,
  "rmse_stdev": 0.04502917838449805,
  "rmse_stderr": 0.01701942967813529,
  "mae_avg": 1.7145791596672093,
  "mae_stdev": 0.08708353558096982,
  "mae_stderr": 0.032914482633641544
}