{
  "6": {
    "fit_time": [
      3.6866800785064697,
      3.5510966777801514,
      3.606065034866333,
      3.583338499069214,
      2.7664072513580322
    ],
    "score_time": [
      0.07587242126464844,
      0.0911250114440918,
      0.08814668655395508,
      0.09158754348754883,
      0.07233119010925293
    ],
    "test_r": [
      0.7596476995387527,
      0.7346542816707349,
      0.7843544451076283,
      0.7676346372584266,
      0.7044286681364591
    ],
    "test_r2": [
      0.5677851336745035,
      0.5225792366911843,
      0.609922416416329,
      0.5731653584238277,
      0.4954066464532415
    ],
    "test_rmse": [
      -1.9483968460110979,
      -2.239304151161446,
      -1.885764032692183,
      -2.0583445689404805,
      -2.192588706677117
    ],
    "test_mae": [
      -1.4871093411043874,
      -1.7232150344830868,
      -1.4801834356423629,
      -1.5008786148557196,
      -1.6591407306603352
    ]
  },
  "13": {
    "fit_time": [
      3.618004083633423,
      3.624204158782959,
      3.614407777786255,
      3.618514060974121,
      2.7316441535949707
    ],
    "score_time": [
      0.09186863899230957,
      0.09307122230529785,
      0.09177446365356445,
      0.0910646915435791,
      0.07144021987915039
    ],
    "test_r": [
      0.7247218649412501,
      0.7670724081204419,
      0.7238806573850173,
      0.7611888977098089,
      0.7420757597140628
    ],
    "test_r2": [
      0.49831647849735927,
      0.5845075048983903,
      0.5110824707340128,
      0.5778195083862778,
      0.5354007005370386
    ],
    "test_rmse": [
      -2.1913669735697567,
      -2.0004798426604915,
      -2.045335819034396,
      -2.048147750928431,
      -2.1126187851816205
    ],
    "test_mae": [
      -1.592237325670638,
      -1.536930478357839,
      -1.6573051587900751,
      -1.556100140018368,
      -1.5111795252418487
    ]
  },
  "42": {
    "fit_time": [
      3.7365286350250244,
      3.7352981567382812,
      3.7326667308807373,
      3.729688882827759,
      2.759746789932251
    ],
    "score_time": [
      0.09935355186462402,
      0.09941697120666504,
      0.09931778907775879,
      0.09967494010925293,
      0.0722048282623291
    ],
    "test_r": [
      0.7519627676463376,
      0.7947060245215217,
      0.7230019948856343,
      0.729695474004469,
      0.7684678134295084
    ],
    "test_r2": [
      0.5503082643650684,
      0.6145807375544903,
      0.5156625408291695,
      0.5260571315296378,
      0.559907526101457
    ],
    "test_rmse": [
      -2.104692648702336,
      -1.6005718854261066,
      -2.4188121958677193,
      -2.054274964253982,
      -2.1117941659620296
    ],
    "test_mae": [
      -1.6799494870552745,
      -1.2847505877238135,
      -1.7345495858192455,
      -1.5522897426199282,
      -1.5594848932719778
    ]
  },
  "69": {
    "fit_time": [
      3.5926852226257324,
      3.632126808166504,
      3.6252517700195312,
      3.626068115234375,
      2.7329108715057373
    ],
    "score_time": [
      0.0877373218536377,
      0.0912625789642334,
      0.08908653259277344,
      0.09183216094970703,
      0.07126474380493164
    ],
    "test_r": [
      0.7891949559062041,
      0.8198107568363125,
      0.7106003677544117,
      0.7878539095670826,
      0.6955640200958216
    ],
    "test_r2": [
      0.6116190953295537,
      0.6450684804500932,
      0.49758908513296984,
      0.612574422481221,
      0.4627752118438997
    ],
    "test_rmse": [
      -1.854782309402977,
      -1.8888726874681439,
      -2.0940246487779626,
      -2.023412723051102,
      -2.264647092772807
    ],
    "test_mae": [
      -1.4075545436775907,
      -1.4681818563777933,
      -1.5689665241068234,
      -1.5479593336518063,
      -1.6783729877394302
    ]
  },
  "420": {
    "fit_time": [
      3.6172077655792236,
      3.619969129562378,
      3.6122047901153564,
      3.6160120964050293,
      2.732586145401001
    ],
    "score_time": [
      0.09392476081848145,
      0.09206461906433105,
      0.09009313583374023,
      0.09268569946289062,
      0.07137322425842285
    ],
    "test_r": [
      0.7576512575094786,
      0.6348826805777631,
      0.8297513061528,
      0.8442563490571925,
      0.7366883495885774
    ],
    "test_r2": [
      0.5538163222128523,
      0.3952130661868425,
      0.6764870078372436,
      0.6751361423648211,
      0.5324503770644573
    ],
    "test_rmse": [
      -2.061413786788508,
      -2.2245014171480997,
      -1.646026811932257,
      -1.8807569823017412,
      -2.249377125190432
    ],
    "test_mae": [
      -1.5631954143847004,
      -1.7148088306120592,
      -1.289379808847204,
      -1.5010137030227126,
      -1.5890346095256058
    ]
  },
  "1234567890": {
    "fit_time": [
      3.633779764175415,
      3.6352453231811523,
      3.634291648864746,
      3.623603105545044,
      2.745699644088745
    ],
    "score_time": [
      0.09716391563415527,
      0.09631991386413574,
      0.09577202796936035,
      0.09421181678771973,
      0.0720517635345459
    ],
    "test_r": [
      0.8128397411787205,
      0.7811674639177382,
      0.6764272685018391,
      0.8051003366237734,
      0.8295937562648646
    ],
    "test_r2": [
      0.6317604674474054,
      0.5944267346396995,
      0.4282820684192641,
      0.6155170365198536,
      0.6837932228740226
    ],
    "test_rmse": [
      -1.8655264442061652,
      -2.084906641699191,
      -2.5330584637967357,
      -1.767627757098594,
      -1.6040754730588556
    ],
    "test_mae": [
      -1.487902776139944,
      -1.638132903406762,
      -1.8294232282083338,
      -1.3836644345394824,
      -1.2192833362487985
    ]
  },
  "473129": {
    "fit_time": [
      3.6402463912963867,
      3.6352760791778564,
      3.5970849990844727,
      3.6356804370880127,
      2.7579195499420166
    ],
    "score_time": [
      0.09208106994628906,
      0.09085488319396973,
      0.09078574180603027,
      0.0904693603515625,
      0.07210063934326172
    ],
    "test_r": [
      0.7771570381297315,
      0.7480084401899373,
      0.7566299081145569,
      0.770916738178381,
      0.7966403476828109
    ],
    "test_r2": [
      0.5967111257895152,
      0.5356818768070168,
      0.5716197900155835,
      0.5734762035473573,
      0.6067429828703775
    ],
    "test_rmse": [
      -1.9499233387885933,
      -2.0605255350771037,
      -2.0797090403173373,
      -2.1042103533829484,
      -1.7756424921598848
    ],
    "test_mae": [
      -1.4963760543255387,
      -1.6738675251753645,
      -1.5447748477102141,
      -1.5466423745151348,
      -1.3423989329500852
    ]
  },
  "r_avg": 0.7599493824542302,
  "r_stdev": 0.04469275218024917,
  "r_stderr": 0.01689227252513987,
  "r2_avg": 0.564092639283601,
  "r2_stdev": 0.0652351727128799,
  "r2_stderr": 0.024656577676089572,
  "rmse_avg": 2.0293004131853896,
  "rmse_stdev": 0.20431863028792147,
  "rmse_stderr": 0.07722518342274137,
  "mae_avg": 1.5430353744708651,
  "mae_stdev": 0.1329854251017722,
  "mae_stderr": 0.05026376611649938
}