{
  "6": {
    "fit_time": [
      2.3434648513793945,
      2.2505407333374023
    ],
    "score_time": [
      0.09597110748291016,
      2.3150930404663086
    ],
    "test_r": [
      0.713752369588066,
      0.7374987299956094
    ],
    "test_r2": [
      0.5061626200857786,
      0.5319170951097013
    ],
    "test_rmse": [
      -2.1715284102270163,
      -2.1188987835024857
    ],
    "test_mae": [
      -1.6136345771894114,
      -1.56088352118949
    ]
  },
  "r_avg": 0.7256255497918377,
  "r_stdev": 0.011873180203771705,
  "r_stderr": 0.004487640298662161,
  "r2_avg": 0.51903985759774,
  "r2_stdev": 0.012877237511961348,
  "r2_stderr": 0.004867138290023123,
  "rmse_avg": 2.145213596864751,
  "rmse_stdev": 0.026314813362265266,
  "rmse_stderr": 0.009946064564804761,
  "mae_avg": 1.5872590491894507,
  "mae_stdev": 0.02637552799996068,
  "mae_stderr": 0.009969012540845255
}