{
  "6": {
    "fit_time": [
      0.12367796897888184,
      0.10428595542907715
    ],
    "score_time": [
      0.07801961898803711,
      1.294407844543457
    ],
    "test_r": [
      0.5472408719519056,
      0.5671659504920425
    ],
    "test_r2": [
      0.295464892293129,
      0.26368625034092985
    ],
    "test_rmse": [
      -2.5937305383162115,
      -2.6575428555342864
    ],
    "test_mae": [
      -1.960166025591759,
      -2.02548288243021
    ],
    "best_params": {
      "check_inverse": true,
      "func": null,
      "inverse_func": null,
      "regressor__algorithm": "brute",
      "regressor__leaf_size": 83,
      "regressor__metric": "minkowski",
      "regressor__metric_params": null,
      "regressor__n_jobs": null,
      "regressor__n_neighbors": 31,
      "regressor__p": 2,
      "regressor__weights": "uniform",
      "transformer__copy": true,
      "transformer__method": "yeo-johnson",
      "transformer__standardize": true
    }
  },
  "r_avg": 0.5572034112219741,
  "r_stdev": 0.00996253927006846,
  "r_stderr": 0.0037654859050451567,
  "r2_avg": 0.2795755713170294,
  "r2_stdev": 0.015889320976099575,
  "r2_stderr": 0.006005598829205936,
  "rmse_avg": 2.625636696925249,
  "rmse_stdev": 0.03190615860903745,
  "rmse_stderr": 0.012059394424413658,
  "mae_avg": 1.9928244540109845,
  "mae_stdev": 0.032658428419225505,
  "mae_stderr": 0.012343725686782138
}