{
  "6": {
    "fit_time": [
      0.20676302909851074,
      0.21338176727294922
    ],
    "score_time": [
      0.17094182968139648,
      0.1674191951751709
    ],
    "test_r": [
      0.585129044115449,
      0.5932112924402008
    ],
    "test_r2": [
      0.33888102574715806,
      0.3346167249928681
    ],
    "test_rmse": [
      -2.5125420946799957,
      -2.526299066676786
    ],
    "test_mae": [
      -1.9192232818832884,
      -1.9300957839639337
    ],
    "best_params": {
      "check_inverse": true,
      "func": null,
      "inverse_func": null,
      "regressor__algorithm": "brute",
      "regressor__leaf_size": 83,
      "regressor__metric": "minkowski",
      "regressor__metric_params": null,
      "regressor__n_jobs": null,
      "regressor__n_neighbors": 16,
      "regressor__p": 2,
      "regressor__weights": "uniform",
      "transformer__memory": null,
      "transformer__verbose": false,
      "transformer__standardscaler__copy": true,
      "transformer__standardscaler__with_mean": true,
      "transformer__standardscaler__with_std": true
    }
  },
  "r_avg": 0.5891701682778249,
  "r_stdev": 0.0040411241623758976,
  "r_stderr": 0.001527401364397261,
  "r2_avg": 0.3367488753700131,
  "r2_stdev": 0.0021321503771449812,
  "r2_stderr": 0.0008058770936740278,
  "rmse_avg": 2.519420580678391,
  "rmse_stdev": 0.006878485998395245,
  "rmse_stderr": 0.002599823335484807,
  "mae_avg": 1.9246595329236111,
  "mae_stdev": 0.005436251040322637,
  "mae_stderr": 0.0020547097596014087
}