{
  "6": {
    "fit_time": [
      0.12189602851867676,
      0.10961723327636719
    ],
    "score_time": [
      0.12865686416625977,
      0.12068676948547363
    ],
    "test_r": [
      0.642721973683211,
      0.6265559984186801
    ],
    "test_r2": [
      0.4064909053551812,
      0.3711264137251846
    ],
    "test_rmse": [
      -2.3806043611558203,
      -2.456012079561903
    ],
    "test_mae": [
      -1.7877312669767347,
      -1.880128906072447
    ]
  },
  "r_avg": 0.6346389860509456,
  "r_stdev": 0.008082987632265448,
  "r_stderr": 0.0030550821607693113,
  "r2_avg": 0.3888086595401829,
  "r2_stdev": 0.017682245814998276,
  "r2_stderr": 0.006683260721085437,
  "rmse_avg": 2.4183082203588615,
  "rmse_stdev": 0.03770385920304142,
  "rmse_stderr": 0.014250719274091652,
  "mae_avg": 1.8339300865245909,
  "mae_stdev": 0.04619881954785621,
  "mae_stderr": 0.017461512484053855
}