{
  "6": {
    "fit_time": [
      0.21623611450195312,
      0.22420692443847656
    ],
    "score_time": [
      0.15367770195007324,
      0.15419387817382812
    ],
    "test_r": [
      0.6206662475843436,
      0.6784429438316127
    ],
    "test_r2": [
      0.32329837885267565,
      0.4091214745993116
    ],
    "test_rmse": [
      -2.541980087446968,
      -2.380663013572444
    ],
    "test_mae": [
      -1.9089372100671609,
      -1.7549255711799236
    ]
  },
  "r_avg": 0.6495545957079782,
  "r_stdev": 0.028888348123634555,
  "r_stderr": 0.010918769274656633,
  "r2_avg": 0.3662099267259936,
  "r2_stdev": 0.04291154787331797,
  "r2_stderr": 0.01621904057794885,
  "rmse_avg": 2.461321550509706,
  "rmse_stdev": 0.0806585369372621,
  "rmse_stderr": 0.03048606140718756,
  "mae_avg": 1.8319313906235424,
  "mae_stdev": 0.07700581944361862,
  "mae_stderr": 0.029105463964651013
}