{
  "6": {
    "fit_time": [
      0.15850400924682617,
      0.13790202140808105
    ],
    "score_time": [
      0.06754207611083984,
      0.06196308135986328
    ],
    "test_r": [
      0.5738658922224652,
      0.6495865019899092
    ],
    "test_r2": [
      0.1883414797300046,
      0.3522022603671072
    ],
    "test_rmse": [
      -2.783942183821392,
      -2.492691516428468
    ],
    "test_mae": [
      -1.9381747543546797,
      -1.8187517847485561
    ]
  },
  "r_avg": 0.6117261971061871,
  "r_stdev": 0.037860304883721996,
  "r_stderr": 0.014309850183344656,
  "r2_avg": 0.2702718700485559,
  "r2_stdev": 0.08193039031855132,
  "r2_stderr": 0.03096677680019154,
  "rmse_avg": 2.63831685012493,
  "rmse_stdev": 0.1456253336964619,
  "rmse_stderr": 0.05504120250737608,
  "mae_avg": 1.878463269551618,
  "mae_stdev": 0.059711484803061765,
  "mae_stderr": 0.02256881988618772
}