{
  "6": {
    "fit_time": [
      0.3280208110809326,
      0.34174442291259766,
      0.35415220260620117,
      0.35268187522888184,
      0.22291183471679688
    ],
    "score_time": [
      0.03113532066345215,
      0.027018308639526367,
      0.0242919921875,
      0.024374723434448242,
      0.02234196662902832
    ],
    "test_r": [
      0.011605316240995249,
      -0.10897450808475737,
      -0.0164498666526652,
      -0.3043727493921636,
      -0.015725152060991586
    ],
    "test_r2": [
      -3.3797933538190853e+22,
      -2.7224405051640785e+24,
      -1.811680384656686e+24,
      -3.3564068808415e+24,
      -5.3193625823146244e+23
    ],
    "test_rmse": [
      -544844587990.66595,
      -5347387205766.7,
      -4063990110375.7285,
      -5771989729093.267,
      -2251211025101.479
    ],
    "test_mae": [
      -244370802195.8901,
      -1727999567277.688,
      -1383866428594.635,
      -2002720682209.0361,
      -871052091775.9874
    ]
  },
  "13": {
    "fit_time": [
      0.37337303161621094,
      0.38156914710998535,
      0.38195204734802246,
      0.3841209411621094,
      0.20563507080078125
    ],
    "score_time": [
      0.025669574737548828,
      0.024607419967651367,
      0.02415323257446289,
      0.023093461990356445,
      0.021200895309448242
    ],
    "test_r": [
      -0.11464333630129664,
      0.07187817924172873,
      0.027230285491311245,
      -0.010591701421854508,
      0.09461368984867437
    ],
    "test_r2": [
      -6.239297435528425e+24,
      -7.020471304605298e+23,
      -3.0888401692819736e+23,
      -2.8732394186569418e+23,
      -1.3350165390270364e+24
    ],
    "test_rmse": [
      -7728016464561.503,
      -2600373443433.1104,
      -1625715468714.0576,
      -1689655281916.1372,
      -3581172038385.3433
    ],
    "test_mae": [
      -2713682390151.0747,
      -920498625093.2316,
      -577504086581.4127,
      -451322126969.98987,
      -1203622119736.7588
    ]
  },
  "42": {
    "fit_time": [
      0.3671424388885498,
      0.3794243335723877,
      0.3814876079559326,
      0.383345365524292,
      0.2106311321258545
    ],
    "score_time": [
      0.02569746971130371,
      0.023936033248901367,
      0.022869110107421875,
      0.022406578063964844,
      0.02111673355102539
    ],
    "test_r": [
      0.2225762120555493,
      -0.2451192787663912,
      0.11139547971585492,
      0.023939703114137133,
      -0.06396941646001755
    ],
    "test_r2": [
      -4.7379745441466326e+23,
      -8.643229997320817e+23,
      -4.1687164769046654e+23,
      -4.401612750845503e+23,
      -1.103782684853956e+24
    ],
    "test_rmse": [
      -2160367287631.6282,
      -2396881210907.823,
      -2244033311727.334,
      -1979709616022.114,
      -3344424555101.512
    ],
    "test_mae": [
      -910940145111.163,
      -966251316881.974,
      -932360022401.6068,
      -647613116121.686,
      -933470985026.4126
    ]
  },
  "69": {
    "fit_time": [
      0.3759615421295166,
      0.396378755569458,
      0.39217591285705566,
      0.39402031898498535,
      0.21124601364135742
    ],
    "score_time": [
      0.027695894241333008,
      0.024347782135009766,
      0.02496790885925293,
      0.02384042739868164,
      0.021361112594604492
    ],
    "test_r": [
      -0.03149207602417521,
      0.1724224982415957,
      -0.05402167035820267,
      0.18692345687865244,
      -0.06818843920210264
    ],
    "test_r2": [
      -4.2818397720393446e+24,
      -6.060645207856474e+24,
      -7.693792375881344e+23,
      -7.95438767856872e+24,
      -5.32263373111956e+24
    ],
    "test_rmse": [
      -6158560560133.035,
      -7805304190716.716,
      -2591328596263.883,
      -9168403299254.385,
      -7128297281677.595
    ],
    "test_mae": [
      -1993628741624.7246,
      -3283209616913.434,
      -1036233774339.8766,
      -2797420278712.018,
      -2959243356391.5044
    ]
  },
  "420": {
    "fit_time": [
      0.370133638381958,
      0.3777446746826172,
      0.3797910213470459,
      0.3813650608062744,
      0.21429181098937988
    ],
    "score_time": [
      0.025377988815307617,
      0.024100542068481445,
      0.02385878562927246,
      0.022672653198242188,
      0.021161556243896484
    ],
    "test_r": [
      -0.009118882234609478,
      -0.2404812050885343,
      0.09998218713859743,
      0.14278796630521584,
      -0.18524509940995207
    ],
    "test_r2": [
      -2.756380378083017e+24,
      -2.71702646742293e+24,
      -2.2535745092706614e+23,
      -7.316552543190832e+23,
      -4.063576197853215e+20
    ],
    "test_rmse": [
      -5123631790311.496,
      -4714964436752.12,
      -1373811041926.1646,
      -2822508328974.004,
      -66313602650.36782
    ],
    "test_mae": [
      -1695258037766.2327,
      -1238174220671.9568,
      -576630372051.6608,
      -845692834810.8934,
      -24881104836.49699
    ]
  },
  "1234567890": {
    "fit_time": [
      0.3685460090637207,
      0.379535436630249,
      0.38224244117736816,
      0.37502574920654297,
      0.21292805671691895
    ],
    "score_time": [
      0.025702953338623047,
      0.024649620056152344,
      0.022395610809326172,
      0.022503376007080078,
      0.02165365219116211
    ],
    "test_r": [
      0.05238709538290624,
      0.053874886176192134,
      -0.2244835119369004,
      0.05623907948820967,
      -0.0922140300029639
    ],
    "test_r2": [
      -6.970827883682814e+24,
      -1.6491513020919369e+22,
      -1.2673427205542915e+23,
      -1.1408253616951438e+22,
      -1.3135513568251339e+25
    ],
    "test_rmse": [
      -8116679251497.974,
      -420418873448.8367,
      -1192617956561.2058,
      -304482155865.18866,
      -10338623980082.611
    ],
    "test_mae": [
      -2125372429613.1667,
      -113559111456.90358,
      -546961456142.6378,
      -115542162280.7466,
      -3265289791183.7676
    ]
  },
  "473129": {
    "fit_time": [
      0.3617217540740967,
      0.3712794780731201,
      0.3738393783569336,
      0.3803553581237793,
      0.20506072044372559
    ],
    "score_time": [
      0.025474071502685547,
      0.02424311637878418,
      0.022815465927124023,
      0.02260756492614746,
      0.021104812622070312
    ],
    "test_r": [
      0.1489878774016858,
      -0.19585666572325394,
      -0.009245561495729575,
      0.16057067018632631,
      0.009863497031910178
    ],
    "test_r2": [
      -1.4262101140550136e+24,
      -5.059925832182896e+24,
      -2.4552118959448913e+24,
      -1.1017095731651324e+24,
      -5.6043695325808876e+23
    ],
    "test_rmse": [
      -3666917785143.797,
      -6802088196872.254,
      -4978888147482.604,
      -3381824621029.879,
      -2119730607258.448
    ],
    "test_mae": [
      -1277133978947.17,
      -2592050393787.6343,
      -1693888205834.7617,
      -1049515920304.5707,
      -805186769928.664
    ]
  },
  "r_avg": -0.009797573447914829,
  "r_stdev": 0.13165944850332845,
  "r_stderr": 0.049762594070246025,
  "r2_avg": -2.351769956651289e+24,
  "r2_stdev": 2.887280813165592e+24,
  "r2_stderr": 1.091289570977786e+24,
  "rmse_avg": 3874433315446.599,
  "rmse_stdev": 2658836307938.8345,
  "rmse_stderr": 1004945663947.9009,
  "mae_avg": 1329204201820.7822,
  "mae_stdev": 900050311938.3467,
  "mae_stderr": 340187041833.56775
}