{
  "6": {
    "fit_time": [
      7.8215882778167725,
      7.407164812088013,
      8.054458856582642,
      8.024376153945923,
      7.612301588058472
    ],
    "score_time": [
      0.048232078552246094,
      0.04548501968383789,
      0.04317116737365723,
      0.0434260368347168,
      0.04549813270568848
    ],
    "test_r": [
      0.7261286062182013,
      0.7593359740023032,
      0.8102924055987621,
      0.7791155355691926,
      0.7077479007432661
    ],
    "test_r2": [
      0.5127299383116414,
      0.5759373537480798,
      0.6495061825290782,
      0.585907548616431,
      0.47802307154315427
    ],
    "test_rmse": [
      -2.0687710585166275,
      -2.1104615455643274,
      -1.7875246200293322,
      -2.0273881563395655,
      -2.230036974144404
    ],
    "test_mae": [
      -1.4110676822736241,
      -1.5914866379368366,
      -1.4055747812779862,
      -1.3892892963611756,
      -1.6371535458593796
    ]
  },
  "13": {
    "fit_time": [
      7.905339002609253,
      7.93729829788208,
      7.7053492069244385,
      8.191842079162598,
      6.998990058898926
    ],
    "score_time": [
      0.039422035217285156,
      0.038385868072509766,
      1.4179377555847168,
      0.03308582305908203,
      1.3599908351898193
    ],
    "test_r": [
      0.7549246945279119,
      0.7516685415851114,
      0.7274062436441279,
      0.7847162528031975,
      0.7510398633776737
    ],
    "test_r2": [
      0.5421527477153627,
      0.5511039013239394,
      0.5255898886812628,
      0.6062936698249216,
      0.5260649837747025
    ],
    "test_rmse": [
      -2.093439912705987,
      -2.0793399771130425,
      -2.0147621720247946,
      -1.977872996124224,
      -2.1337388294700776
    ],
    "test_mae": [
      -1.5208991192307424,
      -1.5013946374403524,
      -1.578500287914046,
      -1.398312042128329,
      -1.4888607560092957
    ]
  },
  "42": {
    "fit_time": [
      7.403552055358887,
      7.925096273422241,
      7.568155765533447,
      7.712615013122559,
      7.742844104766846
    ],
    "score_time": [
      0.044222116470336914,
      0.03857159614562988,
      0.04480695724487305,
      0.0469050407409668,
      0.03923487663269043
    ],
    "test_r": [
      0.7502399726429346,
      0.8183016824856563,
      0.7135815312865583,
      0.7137435501554263,
      0.7821559830282132
    ],
    "test_r2": [
      0.5569224873927463,
      0.6600713959319295,
      0.4924071882429112,
      0.4732776909691151,
      0.5893603062200754
    ],
    "test_rmse": [
      -2.089157034180921,
      -1.5031500357477694,
      -2.476200755337261,
      -2.165640843503304,
      -2.039905639571636
    ],
    "test_mae": [
      -1.6052332504627866,
      -1.1275383620251573,
      -1.7841907153344738,
      -1.524911175933445,
      -1.4318694822447484
    ]
  },
  "69": {
    "fit_time": [
      7.5195441246032715,
      7.581672191619873,
      7.510248184204102,
      7.8302037715911865,
      6.773519992828369
    ],
    "score_time": [
      0.04259800910949707,
      0.03846883773803711,
      0.043615102767944336,
      0.030758142471313477,
      1.3015329837799072
    ],
    "test_r": [
      0.7306462151162264,
      0.7972622482476375,
      0.7437251480541549,
      0.8202839641838905,
      0.6901390103081732
    ],
    "test_r2": [
      0.5248919752117176,
      0.6299130794852761,
      0.5291821651214066,
      0.6695820655267113,
      0.41357724396891415
    ],
    "test_rmse": [
      -2.0514464907685483,
      -1.9287781210891053,
      -2.0271165036299243,
      -1.8686249269488233,
      -2.366071802005689
    ],
    "test_mae": [
      -1.4564783958370455,
      -1.4528223011012409,
      -1.445712742449306,
      -1.3272809209401362,
      -1.6993249163960695
    ]
  },
  "420": {
    "fit_time": [
      7.6011621952056885,
      7.306618928909302,
      7.671657085418701,
      7.564915895462036,
      7.525707960128784
    ],
    "score_time": [
      0.03929281234741211,
      1.3490421772003174,
      0.03256082534790039,
      0.03805899620056152,
      0.03967690467834473
    ],
    "test_r": [
      0.7525953439256869,
      0.6526546135512252,
      0.8209372039609755,
      0.8349021409460075,
      0.7362309211932895
    ],
    "test_r2": [
      0.5395321243263858,
      0.3808151596920907,
      0.6668606866331828,
      0.6943602984453372,
      0.5109899084618379
    ],
    "test_rmse": [
      -2.0941510573872524,
      -2.2508245544293475,
      -1.6703365524757527,
      -1.8242605550769209,
      -2.3004210320914003
    ],
    "test_mae": [
      -1.5435930548631114,
      -1.6202001262167953,
      -1.3014417120282222,
      -1.4170867573941683,
      -1.5060413438773668
    ]
  },
  "1234567890": {
    "fit_time": [
      7.490136623382568,
      7.442803382873535,
      7.501315116882324,
      7.3867878913879395,
      7.78840708732605
    ],
    "score_time": [
      0.03760933876037598,
      0.042021751403808594,
      0.03696084022521973,
      0.0448150634765625,
      0.031201601028442383
    ],
    "test_r": [
      0.8119806383591053,
      0.7969968974968081,
      0.6652615018728217,
      0.8381546541795737,
      0.8282900861704723
    ],
    "test_r2": [
      0.6369901687440713,
      0.6317292516025572,
      0.40264794963042905,
      0.7016136595056421,
      0.6610857124209009
    ],
    "test_rmse": [
      -1.852232063337259,
      -1.986714975086763,
      -2.589223177825918,
      -1.5571904489983905,
      -1.660673097792876
    ],
    "test_mae": [
      -1.4281345082025605,
      -1.4830735306751677,
      -1.7553149230215424,
      -1.1799688545815437,
      -1.226317026320177
    ]
  },
  "473129": {
    "fit_time": [
      7.656635284423828,
      7.357281684875488,
      7.5238189697265625,
      7.694037675857544,
      7.418633937835693
    ],
    "score_time": [
      0.032527923583984375,
      0.045406341552734375,
      0.0377199649810791,
      0.03027200698852539,
      0.04481005668640137
    ],
    "test_r": [
      0.7782826929770931,
      0.7753633585679186,
      0.7806905263811781,
      0.743633373091663,
      0.8071712856678733
    ],
    "test_r2": [
      0.5912399050641494,
      0.577822000885158,
      0.5968959356324337,
      0.5322999059635996,
      0.6406437453984368
    ],
    "test_rmse": [
      -1.9631056029299894,
      -1.9647983369363275,
      -2.0174206806533004,
      -2.2034400992513397,
      -1.6973831754120308
    ],
    "test_mae": [
      -1.3527948364937525,
      -1.5568730365879773,
      -1.441778249011674,
      -1.5733114468292126,
      -1.255080038573113
    ]
  },
  "r_avg": 0.7638743017691517,
  "r_stdev": 0.04665406197019744,
  "r_stderr": 0.017633577946305504,
  "r2_avg": 0.5673720370441597,
  "r2_stdev": 0.0801408444554001,
  "r2_stderr": 0.030290392041099744,
  "rmse_avg": -2.019188680128578,
  "rmse_stdev": 0.2345015593491507,
  "rmse_stderr": 0.08863325829924376,
  "mae_avg": -1.4691117283952162,
  "mae_stdev": 0.14703655428718485,
  "mae_stderr": 0.05557459375424845
}