{
  "6": {
    "fit_time": [
      1.9509937763214111,
      1.952423095703125,
      1.9761369228363037,
      1.9682817459106445,
      1.9521071910858154
    ],
    "score_time": [
      0.33152318000793457,
      0.3331739902496338,
      0.3275630474090576,
      0.33256006240844727,
      0.32697081565856934
    ],
    "test_r": [
      0.7346235825757486,
      0.6985475715149938,
      0.7793621375624721,
      0.7785191881191491,
      0.6793694835827686
    ],
    "test_r2": [
      0.5253008201029219,
      0.481928674394138,
      0.6010242611708148,
      0.5616565514219605,
      0.4450763286927868
    ],
    "test_rmse": [
      -2.0419109977768004,
      -2.3326909878940967,
      -1.907151066684965,
      -2.0859097219718508,
      -2.2993391577918714
    ],
    "test_mae": [
      -1.4855631709962782,
      -1.7222739396906703,
      -1.4787507027827753,
      -1.4678063833870965,
      -1.7208279634449384
    ]
  },
  "13": {
    "fit_time": [
      1.494434118270874,
      1.497025966644287,
      1.4687988758087158,
      1.4637060165405273,
      1.4871420860290527
    ],
    "score_time": [
      0.3805959224700928,
      0.37845301628112793,
      0.3820359706878662,
      0.36617088317871094,
      0.3751380443572998
    ],
    "test_r": [
      0.6766950454503375,
      0.7501569535911109,
      0.7191823382839673,
      0.7636042260329046,
      0.7189567620439706
    ],
    "test_r2": [
      0.4116438536419197,
      0.5520732841310748,
      0.5130812573446527,
      0.5781313815630101,
      0.49171191778423073
    ],
    "test_rmse": [
      -2.373123507168865,
      -2.0770936156382054,
      -2.041150678914666,
      -2.047391107302762,
      -2.2097178572927696
    ],
    "test_mae": [
      -1.674145275427057,
      -1.5199503615778416,
      -1.6103816392511943,
      -1.532341242588057,
      -1.562078067098646
    ]
  },
  "42": {
    "fit_time": [
      1.1575748920440674,
      1.1523799896240234,
      1.661478042602539,
      1.1825587749481201,
      1.1575050354003906
    ],
    "score_time": [
      0.2931821346282959,
      0.2951090335845947,
      0.1733689308166504,
      0.2899961471557617,
      0.29583001136779785
    ],
    "test_r": [
      0.7385803381130931,
      0.8020783792985813,
      0.7251916659206766,
      0.7223839705821326,
      0.7288625823533973
    ],
    "test_r2": [
      0.5330531496396005,
      0.6405422493764359,
      0.5090799339111564,
      0.4912480661768839,
      0.4917970652282123
    ],
    "test_rmse": [
      -2.14469212048844,
      -1.5457256091514615,
      -2.435193703266355,
      -2.1283772763763156,
      -2.2693328469141614
    ],
    "test_mae": [
      -1.6774870807411182,
      -1.2445212491043176,
      -1.7235152271949785,
      -1.5085394786554764,
      -1.6158647851119579
    ]
  },
  "69": {
    "fit_time": [
      1.1069409847259521,
      1.141951084136963,
      1.160843849182129,
      1.7667441368103027,
      1.1550829410552979
    ],
    "score_time": [
      0.30770397186279297,
      0.30240297317504883,
      0.2999732494354248,
      0.16398000717163086,
      0.29925107955932617
    ],
    "test_r": [
      0.7530465309864163,
      0.7894176972738034,
      0.682046539020874,
      0.7720913968034857,
      0.7029990464482501
    ],
    "test_r2": [
      0.5652952499623607,
      0.593486861098586,
      0.43997997790884347,
      0.5906635806475692,
      0.4409132822970462
    ],
    "test_rmse": [
      -1.96228102089095,
      -2.021471841730856,
      -2.210823303666946,
      -2.079842866968719,
      -2.31026660209647
    ],
    "test_mae": [
      -1.4729333986139572,
      -1.5203595568639214,
      -1.5776406717794076,
      -1.545892668526016,
      -1.6988521699052574
    ]
  },
  "420": {
    "fit_time": [
      1.6491761207580566,
      1.5970020294189453,
      1.6511590480804443,
      1.6594092845916748,
      1.6675257682800293
    ],
    "score_time": [
      0.3085477352142334,
      0.3155651092529297,
      0.29451608657836914,
      0.2926819324493408,
      0.29030299186706543
    ],
    "test_r": [
      0.743870916018618,
      0.6140033768136901,
      0.8107609807033049,
      0.818030618401037,
      0.7053025381656072
    ],
    "test_r2": [
      0.5207027192632419,
      0.36397974285644974,
      0.6442838013221276,
      0.6393691560110322,
      0.4745293000617997
    ],
    "test_rmse": [
      -2.1365389733566906,
      -2.281218898970337,
      -1.7260082339287002,
      -1.9815882499910888,
      -2.3846391582134245
    ],
    "test_mae": [
      -1.6057245739668022,
      -1.6830676573790415,
      -1.3163864868924477,
      -1.5030978696743438,
      -1.6006314351087105
    ]
  },
  "1234567890": {
    "fit_time": [
      1.6573877334594727,
      1.1556859016418457,
      1.1557822227478027,
      1.1545820236206055,
      1.1335947513580322
    ],
    "score_time": [
      0.1560990810394287,
      0.27402210235595703,
      0.2792987823486328,
      0.27596402168273926,
      0.2743649482727051
    ],
    "test_r": [
      0.7920461853307286,
      0.7722858196997369,
      0.6438292298978255,
      0.7634877791205653,
      0.8182025128988819
    ],
    "test_r2": [
      0.5923927414398926,
      0.5868906856318341,
      0.36180383188670673,
      0.5758645799545095,
      0.6510513197112202
    ],
    "test_rmse": [
      -1.962714626559605,
      -2.104187550248826,
      -2.676279101481639,
      -1.8565409520469445,
      -1.685077933936438
    ],
    "test_mae": [
      -1.5247837008090352,
      -1.6232868489397485,
      -1.8830032928879636,
      -1.3644934257062542,
      -1.2434850708524572
    ]
  },
  "473129": {
    "fit_time": [
      1.9411849975585938,
      1.9527740478515625,
      1.947340965270996,
      1.9190959930419922,
      1.9283490180969238
    ],
    "score_time": [
      0.37676501274108887,
      0.3658890724182129,
      0.3738689422607422,
      0.3771090507507324,
      0.3728139400482178
    ],
    "test_r": [
      0.740324979779674,
      0.7309027015535088,
      0.7430582631199594,
      0.7400794210296572,
      0.7663446455878402
    ],
    "test_r2": [
      0.5453422513673247,
      0.49629552986082504,
      0.5440143039394215,
      0.5088983623808356,
      0.5811847248636153
    ],
    "test_rmse": [
      -2.070387874277477,
      -2.1461401813303977,
      -2.145672769525647,
      -2.2578922412330225,
      -1.8324348615832762
    ],
    "test_mae": [
      -1.509437029887933,
      -1.7190896841154222,
      -1.5335017914827271,
      -1.651925284518412,
      -1.335521102511392
    ]
  },
  "r_avg": 0.7405212972479649,
  "r_stdev": 0.04644925213961058,
  "r_stderr": 0.017556167106620633,
  "r2_avg": 0.5298368799155726,
  "r2_stdev": 0.07316066406740898,
  "r2_stderr": 0.02765213183924334,
  "rmse_avg": -2.107737357047744,
  "rmse_stdev": 0.22117336412477667,
  "rmse_stderr": 0.08359567401509914,
  "mae_avg": -1.5559188653563902,
  "mae_stdev": 0.13957483874864285,
  "mae_stderr": 0.05275433037297866
}