{
  "6": {
    "fit_time": [
      5.411353588104248,
      5.364506006240845,
      5.352421283721924,
      5.3820061683654785,
      5.252904415130615
    ],
    "score_time": [
      0.025034666061401367,
      0.026922225952148438,
      0.026046037673950195,
      0.026417016983032227,
      0.02516317367553711
    ],
    "test_r": [
      0.749690681558018,
      0.8303082818324201,
      0.7692148871131629,
      0.8128420015726288,
      0.7047360882229018
    ],
    "test_r2": [
      0.5404789113504882,
      0.6858536199390246,
      0.5775327058517165,
      0.6548775276285523,
      0.4658397397990266
    ],
    "test_rmse": [
      -2.0090016392308327,
      -1.8164709785842,
      -1.962494272325863,
      -1.8508655316987317,
      -2.2559122232169693
    ],
    "test_mae": [
      -1.3782227098164062,
      -1.3727521885228293,
      -1.5395509575190947,
      -1.3021193783550742,
      -1.6862754808384501
    ]
  },
  "13": {
    "fit_time": [
      5.4127819538116455,
      5.373440980911255,
      5.4210569858551025,
      5.3553667068481445,
      5.26380181312561
    ],
    "score_time": [
      0.025545597076416016,
      0.026708364486694336,
      0.0269014835357666,
      0.025804996490478516,
      0.024966716766357422
    ],
    "test_r": [
      0.7776728610115634,
      0.7545183370658831,
      0.733381323715327,
      0.7696905306669934,
      0.7847913091639185
    ],
    "test_r2": [
      0.5955576777515552,
      0.5605873246699078,
      0.5193278026824046,
      0.5852964822784377,
      0.6094012054729998
    ],
    "test_rmse": [
      -1.967562295715734,
      -2.0572585600887714,
      -2.02801573918357,
      -2.0299299997044957,
      -1.9370789029321973
    ],
    "test_mae": [
      -1.4136097462988548,
      -1.4443398522268163,
      -1.5667050765550548,
      -1.5133127432292233,
      -1.3905401284136645
    ]
  },
  "42": {
    "fit_time": [
      5.3316686153411865,
      5.393691778182983,
      5.42641806602478,
      5.332215309143066,
      5.239399671554565
    ],
    "score_time": [
      0.02549886703491211,
      0.026369571685791016,
      0.026441574096679688,
      0.02686309814453125,
      0.024518489837646484
    ],
    "test_r": [
      0.7490443814632038,
      0.7947761093501416,
      0.7644841853860458,
      0.6951295080064118,
      0.7993663196428856
    ],
    "test_r2": [
      0.5517849565989955,
      0.5720068427668212,
      0.5792521204256673,
      0.41317128722168805,
      0.6300692369384662
    ],
    "test_rmse": [
      -2.1012341250849933,
      -1.686657449765566,
      -2.2544421110997828,
      -2.285868561243279,
      -1.9361537384136096
    ],
    "test_mae": [
      -1.596956751720543,
      -1.2929388613082027,
      -1.563682388835716,
      -1.6024672915049334,
      -1.339585877510789
    ]
  },
  "69": {
    "fit_time": [
      5.362751722335815,
      5.424929141998291,
      5.396167039871216,
      5.319835186004639,
      5.238071918487549
    ],
    "score_time": [
      0.025747060775756836,
      0.026690959930419922,
      0.0260770320892334,
      0.027672767639160156,
      0.024486541748046875
    ],
    "test_r": [
      0.7845366654842587,
      0.8106228058225716,
      0.7270989419394032,
      0.8029496811304869,
      0.717811901496429
    ],
    "test_r2": [
      0.5948919085982491,
      0.6543864457782855,
      0.49615480556330793,
      0.628921160981728,
      0.4694670490396833
    ],
    "test_rmse": [
      -1.894303097106651,
      -1.8639136370608953,
      -2.097011522872078,
      -1.980265523755814,
      -2.2504983239871437
    ],
    "test_mae": [
      -1.2807739769219704,
      -1.371397098152133,
      -1.546364496804877,
      -1.4555858394272065,
      -1.6737004007518856
    ]
  },
  "420": {
    "fit_time": [
      5.427548885345459,
      5.428424119949341,
      5.608128547668457,
      5.404754877090454,
      5.272127866744995
    ],
    "score_time": [
      0.028187274932861328,
      0.02789020538330078,
      0.025161027908325195,
      0.026093482971191406,
      0.024712562561035156
    ],
    "test_r": [
      0.7716138789453759,
      0.6332418687330088,
      0.8313816629439454,
      0.85215966055104,
      0.7604812019752537
    ],
    "test_r2": [
      0.5880680164017573,
      0.33736698905866846,
      0.6881786425186937,
      0.7253197742258785,
      0.5581929608568331
    ],
    "test_rmse": [
      -1.9807109084372028,
      -2.3284559198490986,
      -1.616009728033142,
      -1.729400905821351,
      -2.186576792171086
    ],
    "test_mae": [
      -1.4860298062833301,
      -1.6619777022990685,
      -1.2586964223375634,
      -1.3511327617678253,
      -1.3632552531072453
    ]
  },
  "1234567890": {
    "fit_time": [
      5.387422800064087,
      5.392998695373535,
      5.42846155166626,
      5.357542514801025,
      5.224656581878662
    ],
    "score_time": [
      0.0266268253326416,
      0.0263216495513916,
      0.025366544723510742,
      0.02573418617248535,
      0.02499103546142578
    ],
    "test_r": [
      0.8374725329750266,
      0.7605270282288296,
      0.6696220799734313,
      0.8341360143553148,
      0.8304579218276729
    ],
    "test_r2": [
      0.6897786708542885,
      0.5445606215920998,
      0.43342152455260574,
      0.6776115591968552,
      0.6747730725197758
    ],
    "test_rmse": [
      -1.7122691476661327,
      -2.2093638421217916,
      -2.5216473011227394,
      -1.6186091575493573,
      -1.6267936165510193
    ],
    "test_mae": [
      -1.3029654619788487,
      -1.5581450935822754,
      -1.7116309410609643,
      -1.242203639512002,
      -1.2474875693335905
    ]
  },
  "473129": {
    "fit_time": [
      5.396724700927734,
      5.422218561172485,
      5.446538686752319,
      5.39864182472229,
      5.243916273117065
    ],
    "score_time": [
      0.02589702606201172,
      0.02731800079345703,
      0.025191783905029297,
      0.026584863662719727,
      0.024712562561035156
    ],
    "test_r": [
      0.7823129287716222,
      0.805794944718605,
      0.7884372672469193,
      0.7424032186676045,
      0.8152638743090032
    ],
    "test_r2": [
      0.5930464643893759,
      0.6419818449302551,
      0.6108151476349224,
      0.534190456161466,
      0.6634918785941986
    ],
    "test_rmse": [
      -1.95876272068864,
      -1.809350514952465,
      -1.9822838570143593,
      -2.198982186595674,
      -1.6425366322237276
    ],
    "test_mae": [
      -1.3721413762759735,
      -1.4068749241270457,
      -1.3938078910273417,
      -1.5150807556335875,
      -1.233440643449816
    ]
  },
  "r_avg": 0.7727992253104946,
  "r_stdev": 0.0487487815379332,
  "r_stderr": 0.01842530752382687,
  "r2_avg": 0.5813044695664195,
  "r2_stdev": 0.08530712363586464,
  "r2_stderr": 0.03224306202896257,
  "rmse_avg": 1.9824768989676844,
  "rmse_stdev": 0.22272929583105472,
  "rmse_stderr": 0.08418376092250086,
  "mae_avg": 1.4410214710425773,
  "mae_stdev": 0.1366571049293289,
  "mae_stderr": 0.05165153064758046
}