fold,r,r2,rmse,mae
1.0,0.2699106978253451,0.056173692125820573,3.021548056366972,2.378024776285513
2.0,0.21760440670587317,0.025691159379443218,2.9851561003962708,2.436230939659634
3.0,0.281451744091011,0.07154844313061792,3.3208175015201795,2.7292965819312838
4.0,0.018720994353195814,-0.1720570379504771,3.156875283724568,2.4239934414493662
5.0,0.17272435516592005,-0.05690410405027957,3.450465553909285,2.7121089073586493
