fold,r,r2,rmse,mae
1.0,0.6255925137595909,0.3701613720557816,2.697315265053915,2.0390857258136363
2.0,0.5149219528510776,0.23341418397373037,2.359675809582697,1.8443511928883112
3.0,0.6095392817078048,0.36112008026641784,2.584074269189799,2.0145033258246747
4.0,0.5763237617305567,0.2944889575957239,2.4671875705710633,1.979349658376364
5.0,0.6501567044122892,0.40861978074787264,2.3363403418835915,1.7679975557584418
