Dataset,num_of_folds,Features,Targets,Model,r_mean,r_std,r2_mean,r2_std,rmse_mean,rmse_std,mae_mean,mae_std,num_of_data
OPV_Min,5,DA_mordred,calc_PCE_percent,KNN,0.19208243962826904,0.09499937610276074,-0.015109569472974992,0.09014976981610699,3.1869724991834554,0.17682987418319185,2.5359309293368892,0.1522060431459872,397
