fold,r,r2,rmse,mae
1.0,0.7615627700517482,0.5579654633548944,2.6933991274142564,2.152921407111399
2.0,0.8402323699503115,0.6866857425448665,2.9091677507099827,2.271334135472438
3.0,0.7411448086205792,0.5439394874466412,3.388893506214764,2.5235728979398626
4.0,0.7576589690804791,0.5645002403447084,3.0662978704212938,2.3342723033518045
5.0,0.8332970975064101,0.6828080272983286,2.6528408476310084,1.9524599863414938
