{
  "6": {
    "fit_time": [
      5.983521938323975,
      5.80866003036499
    ],
    "score_time": [
      0.12504196166992188,
      2.0734729766845703
    ],
    "test_r": [
      0.0020538462000970754,
      -0.06536238053586721
    ],
    "test_r2": [
      -4.279734426405858,
      -0.6882103068061911
    ],
    "test_rmse": [
      -7.10034704208374,
      -4.024038314819336
    ],
    "test_mae": [
      -6.481551170349121,
      -2.9778056144714355
    ]
  },
  "r_avg": -0.03165426716788507,
  "r_stdev": 0.03370811336798214,
  "r_stderr": 0.012740469305264658,
  "r2_avg": -2.4839723666060243,
  "r2_stdev": 1.7957620597998334,
  "r2_stderr": 0.6787342605822084,
  "rmse_avg": 5.562192678451538,
  "rmse_stdev": 1.5381543636322021,
  "rmse_stderr": 0.5813677034570885,
  "mae_avg": 4.729678392410278,
  "mae_stdev": 1.7518727779388428,
  "mae_stderr": 0.6621456712928656
}