{
  "6": {
    "fit_time": [
      1.5430710315704346,
      1.9630990028381348
    ],
    "score_time": [
      2.6703319549560547,
      2.524846076965332
    ],
    "test_r": [
      0.532083074856329,
      0.4676999852722656
    ],
    "test_r2": [
      0.2447469449311781,
      0.11814062781673318
    ],
    "test_rmse": [
      -2.6854667595879658,
      -2.908362182719045
    ],
    "test_mae": [
      -1.9888221453183117,
      -2.164143401275197
    ]
  },
  "r_avg": 0.4998915300642973,
  "r_stdev": 0.03219154479203171,
  "r_stderr": 0.012167260262673197,
  "r2_avg": 0.18144378637395564,
  "r2_stdev": 0.06330315855722246,
  "r2_stderr": 0.02392634496390014,
  "rmse_avg": 2.7969144711535057,
  "rmse_stdev": 0.11144771156553968,
  "rmse_stderr": 0.04212327556995356,
  "mae_avg": 2.0764827732967546,
  "mae_stdev": 0.08766062797844276,
  "mae_stderr": 0.03313260305753004
}