{
  "6": {
    "fit_time": [
      2.203563690185547,
      2.117464780807495,
      2.1541078090667725,
      2.3390657901763916,
      2.277313709259033
    ],
    "score_time": [
      0.012266397476196289,
      0.016720294952392578,
      0.015239238739013672,
      0.010519266128540039,
      0.011227130889892578
    ],
    "test_r": [
      0.5002485772160769,
      0.4376671530023447,
      0.5203163605491113,
      0.3729453579084466,
      0.4424324532493458
    ],
    "test_r2": [
      0.2277468727911528,
      0.18115483404353006,
      0.26377893495913707,
      0.09582326563563448,
      0.16270101792406255
    ],
    "test_rmse": [
      -2.604398313053115,
      -2.9326708912895123,
      -2.59069311590826,
      -2.9958144566902645,
      -2.82440317880319
    ],
    "test_mae": [
      -1.9280291981477906,
      -2.2784288404293167,
      -2.0059742038632065,
      -2.1918864527546877,
      -2.188945296101367
    ]
  },
  "13": {
    "fit_time": [
      2.2524607181549072,
      2.331009864807129,
      2.1096110343933105,
      2.310288906097412,
      2.3590619564056396
    ],
    "score_time": [
      0.011904001235961914,
      1.5120351314544678,
      0.016299009323120117,
      0.012276887893676758,
      0.010447025299072266
    ],
    "test_r": [
      0.3755306636044593,
      0.5048748010512167,
      0.5128846916487612,
      0.5302058858238117,
      0.41626153951249767
    ],
    "test_r2": [
      0.041914326478245334,
      0.231478794614981,
      0.25566330483132615,
      0.27111332759984375,
      0.12919133023898555
    ],
    "test_rmse": [
      -3.0283241990487455,
      -2.720699115716436,
      -2.5236640127597716,
      -2.6911766558438814,
      -2.8922993099828584
    ],
    "test_mae": [
      -2.204449139959616,
      -1.950686467810288,
      -2.1088795173799992,
      -2.049433132064508,
      -2.183412009089792
    ]
  },
  "42": {
    "fit_time": [
      2.3304810523986816,
      2.353437900543213,
      2.301975965499878,
      2.2455339431762695,
      2.3141560554504395
    ],
    "score_time": [
      0.012291908264160156,
      0.009624242782592773,
      0.014727354049682617,
      0.022061824798583984,
      0.011591196060180664
    ],
    "test_r": [
      0.5473040022196723,
      0.5705678322614596,
      0.4589188177635585,
      0.4107643597743411,
      0.364328506819921
    ],
    "test_r2": [
      0.29255696123674346,
      0.314222255833439,
      0.16865856022503067,
      0.10108061629024356,
      0.09288586040168234
    ],
    "test_rmse": [
      -2.6398361376320842,
      -2.135011258091477,
      -3.1689678614659957,
      -2.8291498408690576,
      -3.0318700519402415
    ],
    "test_mae": [
      -2.1330767793562315,
      -1.7025114644499537,
      -2.368819190366729,
      -2.038186424643749,
      -2.238970706859193
    ]
  },
  "69": {
    "fit_time": [
      2.3288557529449463,
      2.293195962905884,
      2.309364080429077,
      1.954178810119629,
      2.432670831680298
    ],
    "score_time": [
      0.011228322982788086,
      0.013344049453735352,
      0.013779878616333008,
      0.012897014617919922,
      0.01146697998046875
    ],
    "test_r": [
      0.5080082668236844,
      0.48523626712389356,
      0.46333540631070913,
      0.4175866447961413,
      0.4877020777478561
    ],
    "test_r2": [
      0.25551858051213017,
      0.20330134152127988,
      0.17845815767944273,
      0.16224904624947023,
      0.20030659968051612
    ],
    "test_rmse": [
      -2.5679758910861588,
      -2.8299414195455874,
      -2.6777319487880957,
      -2.9754167079925726,
      -2.7630215260885786
    ],
    "test_mae": [
      -2.0268361029599657,
      -2.1404341178130095,
      -1.9634137937043417,
      -2.148095455825648,
      -2.161603409097885
    ]
  },
  "420": {
    "fit_time": [
      2.3626911640167236,
      2.469834804534912,
      2.2136380672454834,
      2.192399024963379,
      1.9960482120513916
    ],
    "score_time": [
      0.01460886001586914,
      0.010969877243041992,
      0.01365804672241211,
      0.016217947006225586,
      0.015529870986938477
    ],
    "test_r": [
      0.4360064969396742,
      0.32718576040853337,
      0.5719616624871333,
      0.58777062906659,
      0.3710178774823095
    ],
    "test_r2": [
      0.144556455271444,
      0.03006217064210326,
      0.32692394800822777,
      0.3352188376509514,
      0.082074885609694
    ],
    "test_rmse": [
      -2.8543288918954053,
      -2.8171076035353506,
      -2.3742317653292866,
      -2.6904277669189898,
      -3.1517520567830073
    ],
    "test_mae": [
      -2.198901349426903,
      -2.078674797303641,
      -1.8253919844943687,
      -2.0437283844331877,
      -2.353973453005277
    ]
  },
  "1234567890": {
    "fit_time": [
      2.1579978466033936,
      0.788989782333374,
      2.162829875946045,
      2.052302837371826,
      2.174654006958008
    ],
    "score_time": [
      0.013691186904907227,
      1.3269681930541992,
      0.013129949569702148,
      0.014167070388793945,
      0.010525941848754883
    ],
    "test_r": [
      0.5283890672761777,
      0.4985991530608184,
      0.40778099280056307,
      0.4282409954148101,
      0.49735562508637665
    ],
    "test_r2": [
      0.2562270423790849,
      0.2455199659879127,
      0.09805406361883573,
      0.17037251926178032,
      0.17915531942199314
    ],
    "test_rmse": [
      -2.6512848878100397,
      -2.843647950666822,
      -3.1815925407697114,
      -2.596532882504985,
      -2.5844593489525476
    ],
    "test_mae": [
      -2.0282667573015822,
      -2.2467307546231257,
      -2.389545042847044,
      -1.9281775187454089,
      -1.8913575779111644
    ]
  },
  "473129": {
    "fit_time": [
      2.271944999694824,
      2.238734006881714,
      2.371638059616089,
      2.20688533782959,
      2.125570058822632
    ],
    "score_time": [
      0.011489152908325195,
      0.013576030731201172,
      0.01043081283569336,
      0.01441502571105957,
      0.0165407657623291
    ],
    "test_r": [
      0.3621395005276993,
      0.5150917811673867,
      0.41015923119815306,
      0.5184845856714408,
      0.5097156875953952
    ],
    "test_r2": [
      0.08301880334248313,
      0.22292929124186045,
      0.11396204711555269,
      0.2477072986381167,
      0.2505093365273866
    ],
    "test_rmse": [
      -2.940286379016337,
      -2.665633591619865,
      -2.9909836739859705,
      -2.794543950335407,
      -2.4513222239275163
    ],
    "test_mae": [
      -2.262572889225703,
      -2.061509163201748,
      -2.1656356137987283,
      -2.067807352822874,
      -1.9414488421511409
    ]
  },
  "r_avg": 0.4656291060397248,
  "r_stdev": 0.06666478469840528,
  "r_stderr": 0.025196920216806345,
  "r2_avg": 0.18903131352755156,
  "r2_stdev": 0.08015090953121252,
  "r2_stderr": 0.030294196282174987,
  "rmse_avg": -2.7717486116184893,
  "rmse_stdev": 0.2267670982778336,
  "rmse_stderr": 0.08570990679641301,
  "mae_avg": -2.099879805256262,
  "mae_stdev": 0.15221407583484697,
  "mae_stderr": 0.057531512957504485
}