{
  "6": {
    "fit_time": [
      0.016865968704223633,
      0.013669967651367188
    ],
    "score_time": [
      0.03311491012573242,
      0.011349916458129883
    ],
    "test_r": [
      0.566859966973678,
      0.5223575973501395
    ],
    "test_r2": [
      0.2900143026708294,
      0.20238851512785405
    ],
    "test_rmse": [
      -2.603744320930205,
      -2.7659512467516727
    ],
    "test_mae": [
      -1.9133690663595224,
      -2.032942338979149
    ]
  },
  "r_avg": 0.5446087821619088,
  "r_stdev": 0.022251184811769242,
  "r_stderr": 0.008410157341211283,
  "r2_avg": 0.24620140889934172,
  "r2_stdev": 0.04381289377148767,
  "r2_stderr": 0.01655971730534959,
  "rmse_avg": -2.684847783840939,
  "rmse_stdev": 0.08110346291073389,
  "rmse_stderr": 0.03065422761827894,
  "mae_avg": -1.9731557026693358,
  "mae_stdev": 0.05978663630981329,
  "mae_stderr": 0.022597224485832908
}