{
  "6": {
    "fit_time": [
      0.034554243087768555,
      0.033674001693725586,
      0.03303956985473633,
      0.03281450271606445,
      0.02762293815612793
    ],
    "score_time": [
      0.006575584411621094,
      0.006514072418212891,
      0.00663447380065918,
      0.006467103958129883,
      0.0060498714447021484
    ],
    "test_r": [
      -0.020699336185089144,
      -0.0003887226935511412,
      -0.03418824311428926,
      0.09373506156523266,
      0.047196682383271085
    ],
    "test_r2": [
      -1.9781413965685867e+50,
      -5.4243690591951356e+57,
      -1.3763612871879327e+53,
      -1.5875861185687954e+58,
      -1.6114035530509113e+57
    ],
    "test_rmse": [
      -4.1682737494217795e+25,
      -2.38691552276625e+29,
      -1.1201548812302977e+27,
      -3.969692755133513e+29,
      -1.2390492480002901e+29
    ],
    "test_mae": [
      -9.088116446341516e+24,
      -5.825035094840674e+28,
      -2.20829534869822e+26,
      -8.213080408735426e+28,
      -2.616552881731798e+28
    ]
  },
  "13": {
    "fit_time": [
      0.05276083946228027,
      0.0502471923828125,
      0.04763936996459961,
      0.04712629318237305,
      0.026390790939331055
    ],
    "score_time": [
      0.006552934646606445,
      0.006575822830200195,
      0.006577253341674805,
      0.00653076171875,
      0.006012439727783203
    ],
    "test_r": [
      0.01409114621065587,
      0.21941759402787492,
      0.06573979783254794,
      -0.085854883370777,
      0.24281037210659123
    ],
    "test_r2": [
      -8.886933906794014e+58,
      -2.5362725450254063e+53,
      -2.5817638853533945e+49,
      -1.2540627957230677e+57,
      -7.451208503398273e+60
    ],
    "test_rmse": [
      -9.223084106782983e+29,
      -1.5629696615042726e+27,
      -1.4862952181534294e+25,
      -1.1162766598210103e+29,
      -8.460484223549955e+30
    ],
    "test_mae": [
      -1.5973101275100783e+29,
      -1.9028090434426503e+26,
      -3.7890787906725924e+24,
      -2.5765638697778526e+28,
      -2.1380739057077472e+30
    ]
  },
  "42": {
    "fit_time": [
      0.12798094749450684,
      0.12822794914245605,
      0.12974238395690918,
      0.12784123420715332,
      0.03688240051269531
    ],
    "score_time": [
      0.013913154602050781,
      0.013772249221801758,
      0.012505769729614258,
      0.012660980224609375,
      0.006342649459838867
    ],
    "test_r": [
      0.05502269755544651,
      0.139239974469691,
      -0.027988219007004086,
      -0.132184809105656,
      0.058423120675796233
    ],
    "test_r2": [
      -2.811345639596539e+54,
      -2.0587441116342806e+48,
      -1.816668061803543e+63,
      -4.165625436563782e+52,
      -2.895045273056196e+56
    ],
    "test_rmse": [
      -5.262454483781318e+27,
      -3.699215746844325e+24,
      -1.481378068292846e+32,
      -6.090257921344928e+26,
      -5.4163571640400405e+28
    ],
    "test_mae": [
      -1.160187420495786e+27,
      -9.321658413493446e+23,
      -3.543649200183487e+31,
      -1.8921218224103162e+26,
      -1.3325478680242628e+28
    ]
  },
  "69": {
    "fit_time": [
      0.12898564338684082,
      0.13269305229187012,
      0.13076567649841309,
      0.12957453727722168,
      0.03651571273803711
    ],
    "score_time": [
      0.014292001724243164,
      0.01278376579284668,
      0.01309347152709961,
      0.01278376579284668,
      0.0062868595123291016
    ],
    "test_r": [
      -0.0010074570962185225,
      -0.05000840487879371,
      0.16140195175333386,
      -0.11082017034677255,
      0.0976552287715127
    ],
    "test_r2": [
      -2.622613887578581e+58,
      -1.4604159761037968e+56,
      -9.021379393090865e+50,
      -4.892926100925529e+54,
      -1.753466869347277e+56
    ],
    "test_rmse": [
      -4.819824098954106e+29,
      -3.8314987684309255e+28,
      -8.873372844195391e+25,
      -7.190757786159147e+27,
      -4.091393913504798e+28
    ],
    "test_mae": [
      -9.845645603877625e+28,
      -7.609240971574007e+27,
      -1.7308937307954738e+25,
      -1.1225093672947251e+27,
      -1.0223742716788485e+28
    ]
  },
  "420": {
    "fit_time": [
      0.1285245418548584,
      0.12657999992370605,
      0.12963247299194336,
      0.12830305099487305,
      0.03594541549682617
    ],
    "score_time": [
      0.0131988525390625,
      0.013437271118164062,
      0.012787818908691406,
      0.012095212936401367,
      0.006514787673950195
    ],
    "test_r": [
      0.015491489445206723,
      0.1472165715775131,
      0.011773936276095263,
      0.017645426846522,
      -0.04002176140178176
    ],
    "test_r2": [
      -1.9393895757060174e+58,
      -3.28908119534368e+52,
      -9.318890210946635e+50,
      -2.8846095359025564e+54,
      -1.8571405094054133e+55
    ],
    "test_rmse": [
      -4.297747192412545e+29,
      -5.187627504812731e+26,
      -8.834320266205592e+25,
      -5.604353250670908e+27,
      -1.4176558044700812e+28
    ],
    "test_mae": [
      -1.2805711460572694e+29,
      -1.4946522733023436e+26,
      -2.483617077085071e+25,
      -2.490598261549482e+27,
      -3.278520165997358e+27
    ]
  },
  "1234567890": {
    "fit_time": [
      0.1293473243713379,
      0.1320209503173828,
      0.13043522834777832,
      0.1308736801147461,
      0.03784751892089844
    ],
    "score_time": [
      0.014374494552612305,
      0.014054298400878906,
      0.013358592987060547,
      0.012231588363647461,
      0.0063593387603759766
    ],
    "test_r": [
      -0.06094702050199499,
      -0.04960411890240037,
      0.16030591974199765,
      0.1579635403643557,
      -0.0416140851591486
    ],
    "test_r2": [
      -6.042935162092093e+55,
      -4.6031695798569225e+52,
      -1.169483910899946e+54,
      -3.854032773082122e+52,
      -8.54486026930341e+57
    ],
    "test_rmse": [
      -2.3897923775958013e+28,
      -7.023934296067555e+26,
      -3.62285900449706e+27,
      -5.596415669826526e+26,
      -2.636888062380946e+29
    ],
    "test_mae": [
      -4.917050518281938e+27,
      -1.053164667867924e+26,
      -8.481637560056002e+26,
      -9.357261842971329e+25,
      -7.2197067949827415e+28
    ]
  },
  "473129": {
    "fit_time": [
      0.13022089004516602,
      0.13159728050231934,
      0.1295783519744873,
      0.12969231605529785,
      0.03766489028930664
    ],
    "score_time": [
      0.01423501968383789,
      0.013979673385620117,
      0.01345968246459961,
      0.012857198715209961,
      0.006444692611694336
    ],
    "test_r": [
      0.04677653423885972,
      0.032363551376070776,
      0.2521765579777765,
      -0.07134038541946706,
      0.0865607677656293
    ],
    "test_r2": [
      -1.343614362431107e+54,
      -1.3346402142376366e+59,
      -2.0998170521721154e+58,
      -2.0153354973148653e+53,
      -1.284566813299229e+50
    ],
    "test_rmse": [
      -3.559153638663049e+27,
      -1.1047201777565449e+30,
      -4.604458988247719e+29,
      -1.446409272510325e+27,
      -3.209191534785708e+25
    ],
    "test_mae": [
      -8.37947342025633e+26,
      -2.2236153612589918e+29,
      -1.0513132690881286e+29,
      -3.1911605624918287e+26,
      -8.474491728001141e+24
    ]
  },
  "r_avg": 0.03989543730797247,
  "r_stdev": 0.0974361536807618,
  "r_stderr": 0.03682740447799521,
  "r2_avg": -5.21269038908315e+61,
  "r2_stdev": 3.026188503729079e+62,
  "r2_stderr": 1.143791743038543e+62,
  "rmse_avg": 4.609597149245473e+30,
  "rmse_stdev": 2.4655173364885155e+31,
  "rmse_stderr": 9.318779607809953e+30,
  "mae_avg": 1.1028559544464263e+30,
  "mae_stdev": 5.898850541552926e+30,
  "mae_stderr": 2.2295559362982463e+30
}