{
  "6": {
    "fit_time": [
      1.4622559547424316,
      1.497063159942627
    ],
    "score_time": [
      1.3415319919586182,
      0.08803987503051758
    ],
    "test_r": [
      0.5567899990196592,
      0.4791498623992247
    ],
    "test_r2": [
      0.26757553949448365,
      0.1655768649445687
    ],
    "test_rmse": [
      -2.6445693220703395,
      -2.8290589029051048
    ],
    "test_mae": [
      -2.0587426290154105,
      -2.187697919622206
    ],
    "best_params": {
      "check_inverse": true,
      "func": null,
      "inverse_func": null,
      "regressor__natural_gradient": true,
      "regressor__n_estimators": 151,
      "regressor__learning_rate": 0.011826780571453624,
      "regressor__minibatch_frac": 1,
      "regressor__col_sample": 1.0,
      "regressor__verbose": false,
      "transformer__copy": true,
      "transformer__method": "yeo-johnson",
      "transformer__standardize": true
    }
  },
  "r_avg": 0.517969930709442,
  "r_stdev": 0.038820068310217254,
  "r_stderr": 0.014672606661053465,
  "r2_avg": 0.21657620221952617,
  "r2_stdev": 0.05099933727495748,
  "r2_stderr": 0.019275937636949143,
  "rmse_avg": 2.736814112487722,
  "rmse_stdev": 0.09224479041738265,
  "rmse_stderr": 0.034865253597952645,
  "mae_avg": 2.1232202743188084,
  "mae_stdev": 0.06447764530339772,
  "mae_stderr": 0.024370259227974596
}