{
  "6": {
    "fit_time": [
      0.6357369422912598,
      0.6197359561920166,
      0.6868209838867188,
      0.6689741611480713,
      0.6260452270507812
    ],
    "score_time": [
      0.01279449462890625,
      0.012621402740478516,
      0.012570381164550781,
      0.01267385482788086,
      0.012335777282714844
    ],
    "test_r": [
      0.596371219912611,
      0.500605192863192,
      0.722292746214735,
      0.5509502508888303,
      0.5295641925692605
    ],
    "test_r2": [
      0.26689208711379764,
      0.2015638451278361,
      0.48370748027983346,
      0.2164764327131854,
      0.14485363351259484
    ],
    "test_rmse": [
      -2.5375319615401,
      -2.8958931326990243,
      -2.169500565962294,
      -2.788780160773483,
      -2.8543461367558414
    ],
    "test_mae": [
      -1.7855410046694615,
      -2.060487888230838,
      -1.6439672071893485,
      -2.05431087227973,
      -2.083930273924923
    ]
  },
  "13": {
    "fit_time": [
      0.729973316192627,
      0.8133141994476318,
      0.7561452388763428,
      0.8455660343170166,
      0.5994117259979248
    ],
    "score_time": [
      0.012838363647460938,
      0.012844085693359375,
      0.014179706573486328,
      0.012619256973266602,
      0.012448549270629883
    ],
    "test_r": [
      0.5193725033987119,
      0.6192496056795516,
      0.6217608815244231,
      0.6297086636972549,
      0.4723860086374931
    ],
    "test_r2": [
      0.11396761528520027,
      0.29501023345369737,
      0.36489843866711424,
      0.35269223772431946,
      0.07555563177149716
    ],
    "test_rmse": [
      -2.912225442853484,
      -2.6058174876111404,
      -2.331140287366826,
      -2.5361072160133826,
      -2.980041090270609
    ],
    "test_mae": [
      -2.0666847977719303,
      -1.794058758273406,
      -1.7959145961718528,
      -1.8431873416399052,
      -2.181298141535405
    ]
  },
  "42": {
    "fit_time": [
      0.7648324966430664,
      0.8346772193908691,
      0.8532373905181885,
      0.7559280395507812,
      0.6101117134094238
    ],
    "score_time": [
      0.01285099983215332,
      0.012918710708618164,
      0.012756824493408203,
      0.02501201629638672,
      0.012520074844360352
    ],
    "test_r": [
      0.6435520874062994,
      0.6380109006629008,
      0.5625691841802404,
      0.5646188983273225,
      0.5202145858496237
    ],
    "test_r2": [
      0.35710792452795415,
      0.3549323921556339,
      0.22546251750460755,
      0.2533545145591358,
      0.17395073495236102
    ],
    "test_rmse": [
      -2.51651931042843,
      -2.070670962113088,
      -3.058787733662935,
      -2.5784148796565485,
      -2.8932275339667055
    ],
    "test_mae": [
      -1.9837693680693829,
      -1.5542380209233377,
      -2.2402303319942853,
      -1.7527373856691297,
      -2.018284377939374
    ]
  },
  "69": {
    "fit_time": [
      0.9680407047271729,
      0.7232522964477539,
      0.8681144714355469,
      0.7021641731262207,
      0.6732351779937744
    ],
    "score_time": [
      0.012490510940551758,
      0.013022661209106445,
      0.013628959655761719,
      0.01281428337097168,
      0.012709379196166992
    ],
    "test_r": [
      0.6210927213072168,
      0.6070623338222658,
      0.5317134406475397,
      0.6255993653915639,
      0.5506183595976839
    ],
    "test_r2": [
      0.34546934605992585,
      0.29310396367082914,
      0.17091701966519435,
      0.3473808184278111,
      0.17853310055898108
    ],
    "test_rmse": [
      -2.4078476571576912,
      -2.665680996544279,
      -2.6899936603266723,
      -2.6261543577017363,
      -2.8003837360053216
    ],
    "test_mae": [
      -1.7919312771406877,
      -1.8797945827279616,
      -1.8952897771646195,
      -1.8099830592263908,
      -2.0887072415182892
    ]
  },
  "420": {
    "fit_time": [
      0.6581361293792725,
      0.7446305751800537,
      0.8268740177154541,
      0.6922049522399902,
      0.6644189357757568
    ],
    "score_time": [
      0.012786626815795898,
      0.012612104415893555,
      0.0125732421875,
      0.012608528137207031,
      0.012300729751586914
    ],
    "test_r": [
      0.5461354684483684,
      0.49960933201244795,
      0.727632035971906,
      0.6849619349830822,
      0.5027972015770902
    ],
    "test_r2": [
      0.15783051554944072,
      0.16475784802515303,
      0.49757249099934986,
      0.42638238555417785,
      0.12602055616026542
    ],
    "test_rmse": [
      -2.8320967608464027,
      -2.614193248317697,
      -2.051293230694435,
      -2.4991551810153623,
      -3.0753817143686235
    ],
    "test_mae": [
      -2.108705465969496,
      -1.7941951151480744,
      -1.5576319681113866,
      -1.821285392653708,
      -2.0999180702284383
    ]
  },
  "1234567890": {
    "fit_time": [
      0.7241277694702148,
      0.6218571662902832,
      0.6443154811859131,
      0.6835548877716064,
      0.636075496673584
    ],
    "score_time": [
      0.012653350830078125,
      0.01255655288696289,
      0.012731552124023438,
      0.012716531753540039,
      0.012418031692504883
    ],
    "test_r": [
      0.6607391752025765,
      0.6303680395540314,
      0.5041911759314615,
      0.5875354825845267,
      0.6083305701900726
    ],
    "test_r2": [
      0.35577351781264854,
      0.36933745371265214,
      0.13350307345065848,
      0.3328288356102349,
      0.21070007451118344
    ],
    "test_rmse": [
      -2.467490509889117,
      -2.599863058184283,
      -3.11844306961003,
      -2.3284713357714097,
      -2.5343129476280915
    ],
    "test_mae": [
      -1.8621432610835538,
      -1.886352508460432,
      -2.1711266036242862,
      -1.6796466465874276,
      -1.78609743068717
    ]
  },
  "473129": {
    "fit_time": [
      0.6436138153076172,
      0.6178898811340332,
      0.7018496990203857,
      0.6955933570861816,
      0.6040146350860596
    ],
    "score_time": [
      0.0124664306640625,
      0.012732744216918945,
      0.012749910354614258,
      0.012592315673828125,
      0.012444019317626953
    ],
    "test_r": [
      0.5391652225204521,
      0.6080083198931425,
      0.5846751796162678,
      0.5804105351933062,
      0.5779243194159879
    ],
    "test_r2": [
      0.2197820978462297,
      0.28470991989132866,
      0.23619587580953383,
      0.25689764221282485,
      0.3162235158268222
    ],
    "test_rmse": [
      -2.712172901415606,
      -2.557474336005351,
      -2.777019181224485,
      -2.777421798282188,
      -2.3413932901916574
    ],
    "test_mae": [
      -1.9367308440085762,
      -1.9597342174720787,
      -1.8414846133068303,
      -1.9500680046505285,
      -1.8139403586777227
    ]
  },
  "r_avg": 0.5848513467335268,
  "r_stdev": 0.06190568539201945,
  "r_stderr": 0.023398149755469645,
  "r2_avg": 0.26583845059154326,
  "r2_stdev": 0.10333562208642902,
  "r2_stderr": 0.0390571939449778,
  "rmse_avg": 2.6344356249386958,
  "rmse_stdev": 0.26338288933981013,
  "rmse_stderr": 0.09954937496896894,
  "mae_avg": 1.9026687658494277,
  "mae_stdev": 0.1691044109289694,
  "mae_stderr": 0.06391545956030373
}