{
  "6": {
    "fit_time": [
      0.6214234828948975,
      0.6099765300750732,
      0.6623704433441162,
      0.6319713592529297,
      0.6164941787719727
    ],
    "score_time": [
      0.013099193572998047,
      0.01277923583984375,
      0.012508869171142578,
      0.012796163558959961,
      0.012221813201904297
    ],
    "test_r": [
      0.6062883227535854,
      0.516586941532641,
      0.7216022417375617,
      0.5466283457044615,
      0.5310855716896064
    ],
    "test_r2": [
      0.29673777697125214,
      0.23131123610333748,
      0.491064145417632,
      0.22696556674123625,
      0.17565322362519342
    ],
    "test_rmse": [
      -2.485342303657586,
      -2.8414348336273365,
      -2.153988475515171,
      -2.7700503799029783,
      -2.8024726440274224
    ],
    "test_mae": [
      -1.7666482931213465,
      -2.040864767071386,
      -1.6329891555837655,
      -2.035674954251704,
      -2.037773318632529
    ]
  },
  "13": {
    "fit_time": [
      0.6774516105651855,
      0.7169961929321289,
      0.5941658020019531,
      0.6853351593017578,
      0.5928323268890381
    ],
    "score_time": [
      0.012778043746948242,
      0.012800931930541992,
      0.012632369995117188,
      0.014784812927246094,
      0.012423515319824219
    ],
    "test_r": [
      0.5052033595974366,
      0.6309306406289759,
      0.620684036751401,
      0.6424359179390587,
      0.4929255964692188
    ],
    "test_r2": [
      0.10958924990414753,
      0.3262014505860076,
      0.3711420298543895,
      0.378208681117876,
      0.13814462986038867
    ],
    "test_rmse": [
      -2.9194120163615622,
      -2.5475201257405278,
      -2.3196534354875813,
      -2.4856188252445555,
      -2.8773921727020486
    ],
    "test_mae": [
      -2.0954963362311996,
      -1.7599146603536084,
      -1.8181578955147095,
      -1.8025221847364243,
      -2.097189583337501
    ]
  },
  "42": {
    "fit_time": [
      0.5938496589660645,
      0.6625044345855713,
      0.6754426956176758,
      0.6696681976318359,
      0.5925321578979492
    ],
    "score_time": [
      0.01289987564086914,
      0.012597322463989258,
      0.012724161148071289,
      0.01286625862121582,
      0.01223611831665039
    ],
    "test_r": [
      0.6505044436214268,
      0.6438835865249892,
      0.5742067494969705,
      0.5636818599245408,
      0.5152114600765558
    ],
    "test_r2": [
      0.38310345181573136,
      0.3634603078425639,
      0.26027338545405454,
      0.2718886562235475,
      0.1784993043187637
    ],
    "test_rmse": [
      -2.4651162304490803,
      -2.056938092594418,
      -2.989260354902928,
      -2.546211502068762,
      -2.8852508835993538
    ],
    "test_mae": [
      -1.9590246201776431,
      -1.5702012163202994,
      -2.215693592134435,
      -1.7860104000993333,
      -2.0321414539194467
    ]
  },
  "69": {
    "fit_time": [
      0.6140015125274658,
      0.623469352722168,
      0.6260697841644287,
      0.6521034240722656,
      0.6223392486572266
    ],
    "score_time": [
      0.012609004974365234,
      0.013084888458251953,
      0.012996673583984375,
      0.012458324432373047,
      0.012432575225830078
    ],
    "test_r": [
      0.6297149489400855,
      0.6108423705530888,
      0.5479052889650391,
      0.6185241677164869,
      0.5456892019936758
    ],
    "test_r2": [
      0.3724468694728692,
      0.3020027618014758,
      0.21850050802789756,
      0.35472792015495336,
      0.19591048561584679
    ],
    "test_rmse": [
      -2.3577038935615873,
      -2.648849324091232,
      -2.6116598139136276,
      -2.611330065301001,
      -2.770605626663122
    ],
    "test_mae": [
      -1.7738244298096848,
      -1.8776481185281853,
      -1.8525046526757676,
      -1.82271909347347,
      -2.0794407801902133
    ]
  },
  "420": {
    "fit_time": [
      0.6175680160522461,
      0.59279465675354,
      0.6581041812896729,
      0.6684620380401611,
      0.5993950366973877
    ],
    "score_time": [
      0.012745857238769531,
      0.012756824493408203,
      0.012675046920776367,
      0.012400627136230469,
      0.012340068817138672
    ],
    "test_r": [
      0.5590985543861784,
      0.48724197191605323,
      0.7187238047077462,
      0.6770243152671905,
      0.5087207453333261
    ],
    "test_r2": [
      0.19140259608025512,
      0.17835031539195656,
      0.49584955894152916,
      0.4205973631344183,
      0.15776293082398152
    ],
    "test_rmse": [
      -2.775073614389592,
      -2.592834718151982,
      -2.0548073835537837,
      -2.5117257498874035,
      -3.0190172519387453
    ],
    "test_mae": [
      -2.084974220520014,
      -1.817802220240451,
      -1.578147426667228,
      -1.8317371732042735,
      -2.083830542470186
    ]
  },
  "1234567890": {
    "fit_time": [
      0.6791343688964844,
      0.631298303604126,
      0.6035618782043457,
      0.6476023197174072,
      0.6378262042999268
    ],
    "score_time": [
      0.012635231018066406,
      0.012537479400634766,
      0.012601613998413086,
      0.012722492218017578,
      0.012433767318725586
    ],
    "test_r": [
      0.6803175008075596,
      0.6212321085413247,
      0.5100911401253553,
      0.5916947950750874,
      0.6237180476157941
    ],
    "test_r2": [
      0.3903826822530818,
      0.36759200472087095,
      0.17667486491117834,
      0.3412500123414447,
      0.2679379518416899
    ],
    "test_rmse": [
      -2.400296280879969,
      -2.603458319133315,
      -3.0397648844718037,
      -2.3137294382931253,
      -2.4406930122241515
    ],
    "test_mae": [
      -1.812048730010665,
      -1.9324264794966974,
      -2.154629234190589,
      -1.6824393003274953,
      -1.7079164514531338
    ]
  },
  "473129": {
    "fit_time": [
      0.6255533695220947,
      0.5979776382446289,
      0.6737017631530762,
      0.6613655090332031,
      0.5734817981719971
    ],
    "score_time": [
      0.012758970260620117,
      0.012575387954711914,
      0.012656450271606445,
      0.012626409530639648,
      0.012263298034667969
    ],
    "test_r": [
      0.5360761144175445,
      0.6132421798181364,
      0.5769336894201652,
      0.5746357696126363,
      0.5714483090161689
    ],
    "test_r2": [
      0.23440545224217657,
      0.316545819304507,
      0.251532506012347,
      0.26413086237884675,
      0.31266689758152677
    ],
    "test_rmse": [
      -2.686636018677413,
      -2.499912945274112,
      -2.748997543700997,
      -2.7638712894615205,
      -2.3474746937634228
    ],
    "test_mae": [
      -1.9736269226596603,
      -1.9218106887110165,
      -1.832371269985547,
      -1.9732280821886894,
      -1.8302253946605442
    ]
  },
  "r_avg": 0.5875638313907736,
  "r_stdev": 0.061616127524719976,
  "r_stderr": 0.023288707168750124,
  "r2_avg": 0.2860832416819708,
  "r2_stdev": 0.09593619131936558,
  "r2_stderr": 0.03626047199453641,
  "rmse_avg": 2.598402975520377,
  "rmse_stdev": 0.2527118517625874,
  "rmse_stderr": 0.0955161018746323,
  "mae_avg": 1.8935329612271095,
  "mae_stdev": 0.16200133744580206,
  "mae_stderr": 0.06123075013449256
}