{
  "6": {
    "fit_time": [
      0.4090266227722168,
      0.43615102767944336
    ],
    "score_time": [
      0.022837162017822266,
      0.02571892738342285
    ],
    "test_r": [
      0.6030664549333385,
      0.5699686416349932
    ],
    "test_r2": [
      0.33908386603393625,
      0.2193767267719392
    ],
    "test_rmse": [
      -2.512156624079121,
      -2.7363369124318178
    ],
    "test_mae": [
      -1.8445631765065562,
      -1.9828368219685708
    ]
  },
  "r_avg": 0.5865175482841658,
  "r_stdev": 0.01654890664917269,
  "r_stderr": 0.006254898780533452,
  "r2_avg": 0.2792302964029377,
  "r2_stdev": 0.05985356963099853,
  "r2_stderr": 0.022622522903301443,
  "rmse_avg": 2.6242467682554693,
  "rmse_stdev": 0.11209014417634844,
  "rmse_stderr": 0.04236609227314184,
  "mae_avg": 1.9136999992375636,
  "mae_stdev": 0.0691368227310073,
  "mae_stderr": 0.026131262769057535
}