{
  "6": {
    "fit_time": [
      0.039229631423950195,
      0.03877615928649902,
      0.037482261657714844,
      0.03977227210998535,
      0.030754804611206055
    ],
    "score_time": [
      0.015366792678833008,
      0.016598939895629883,
      0.015651702880859375,
      0.015618324279785156,
      0.014966011047363281
    ],
    "test_r": [
      0.6760452142093183,
      0.5348523272115919,
      0.6961189001301801,
      0.5945034500221115,
      0.594200284754502
    ],
    "test_r2": [
      0.42742797949431277,
      0.2840589574483905,
      0.4599498345134657,
      0.305337388223335,
      0.3277703464573607
    ],
    "test_rmse": [
      -2.242552548735087,
      -2.742212231685079,
      -2.2188549011287226,
      -2.625882027158818,
      -2.5307266770702586
    ],
    "test_mae": [
      -1.5917525518362172,
      -2.036655112566407,
      -1.7387487570741251,
      -1.8586289946580141,
      -1.8930374407051371
    ]
  },
  "13": {
    "fit_time": [
      0.07271981239318848,
      0.0732734203338623,
      0.07006311416625977,
      0.062273502349853516,
      0.031151771545410156
    ],
    "score_time": [
      0.015918970108032227,
      0.017030715942382812,
      0.016866683959960938,
      0.016505718231201172,
      0.014214277267456055
    ],
    "test_r": [
      0.53127105346999,
      0.659319761650921,
      0.6353666688323105,
      0.680787723140401,
      0.5405408599921896
    ],
    "test_r2": [
      0.2278126887426084,
      0.39099097019214224,
      0.3960316425865148,
      0.43640881474693516,
      0.2660925345766233
    ],
    "test_rmse": [
      -2.718701484765396,
      -2.421945988833024,
      -2.2732851388995665,
      -2.366433464920425,
      -2.655232251699301
    ],
    "test_mae": [
      -1.9341574559604495,
      -1.709153487740665,
      -1.826606305200299,
      -1.7845605977333092,
      -1.9323448159495287
    ]
  },
  "42": {
    "fit_time": [
      0.1409316062927246,
      0.13928937911987305,
      0.14040303230285645,
      0.13672518730163574,
      0.03302717208862305
    ],
    "score_time": [
      0.025079011917114258,
      0.025418758392333984,
      0.023548126220703125,
      0.02195596694946289,
      0.014087915420532227
    ],
    "test_r": [
      0.6790259060622692,
      0.7124950711085746,
      0.5820199713806012,
      0.5591883541139151,
      0.5266559827411517
    ],
    "test_r2": [
      0.4242313400122112,
      0.500742143584338,
      0.29949834491406135,
      0.3010605533224112,
      0.2543984299826578
    ],
    "test_rmse": [
      -2.381525532375677,
      -1.8216751329798015,
      -2.9089261982253234,
      -2.4946829159893014,
      -2.7487359458374794
    ],
    "test_mae": [
      -1.8855251429247015,
      -1.4118581489580377,
      -2.1734835557001952,
      -1.8355689006847236,
      -1.9884041035673428
    ]
  },
  "69": {
    "fit_time": [
      0.14032721519470215,
      0.13879895210266113,
      0.1385340690612793,
      0.13967037200927734,
      0.03370332717895508
    ],
    "score_time": [
      0.023843050003051758,
      0.025036096572875977,
      0.02410292625427246,
      0.02251744270324707,
      0.015132665634155273
    ],
    "test_r": [
      0.6705858973275742,
      0.6073720947790491,
      0.6191896034766412,
      0.6038426913348512,
      0.5973879316792186
    ],
    "test_r2": [
      0.43554253312377744,
      0.3474711454436744,
      0.3343654073986224,
      0.3566556407691738,
      0.31446261921952545
    ],
    "test_rmse": [
      -2.236040275192821,
      -2.561121978285165,
      -2.410294992276748,
      -2.6074265335751585,
      -2.558221136856833
    ],
    "test_mae": [
      -1.6813815167786186,
      -1.8887477720846344,
      -1.7508741941039863,
      -1.857558397840975,
      -1.9212524335657426
    ]
  },
  "420": {
    "fit_time": [
      0.14220595359802246,
      0.14008235931396484,
      0.14162635803222656,
      0.1340498924255371,
      0.032427310943603516
    ],
    "score_time": [
      0.02272820472717285,
      0.021500110626220703,
      0.02187514305114746,
      0.019533395767211914,
      0.015195608139038086
    ],
    "test_r": [
      0.5845124092246778,
      0.5137228495527525,
      0.694980798475441,
      0.7141881818337497,
      0.5436016382084845
    ],
    "test_r2": [
      0.27983528888444575,
      0.2586435831914349,
      0.4716886969476667,
      0.4709267695601128,
      0.26651428759514395
    ],
    "test_rmse": [
      -2.618932198540496,
      -2.4628899825746324,
      -2.1034684047614016,
      -2.4001582568272934,
      -2.8173723500593
    ],
    "test_mae": [
      -1.9593486923469146,
      -1.7828977989884849,
      -1.6244582253304911,
      -1.8086191004827523,
      -2.0030439937638125
    ]
  },
  "1234567890": {
    "fit_time": [
      0.13928699493408203,
      0.14017820358276367,
      0.13910770416259766,
      0.1391763687133789,
      0.03412151336669922
    ],
    "score_time": [
      0.026093721389770508,
      0.025544404983520508,
      0.025054454803466797,
      0.022158384323120117,
      0.014215946197509766
    ],
    "test_r": [
      0.6586815188416835,
      0.6242061897905734,
      0.5435019328000901,
      0.6389201242676864,
      0.6865757053097803
    ],
    "test_r2": [
      0.4088416809816202,
      0.3752731319063475,
      0.23662191476605288,
      0.38851901984607895,
      0.4317823754950286
    ],
    "test_rmse": [
      -2.3636768793360954,
      -2.5875994212377216,
      -2.92700962655253,
      -2.2291728181328634,
      -2.15028765478498
    ],
    "test_mae": [
      -1.83539054790204,
      -1.9539867157605417,
      -2.1091529431087954,
      -1.6363152092022752,
      -1.5298821584454776
    ]
  },
  "473129": {
    "fit_time": [
      0.1412959098815918,
      0.1405186653137207,
      0.14058637619018555,
      0.1396653652191162,
      0.033255815505981445
    ],
    "score_time": [
      0.02539515495300293,
      0.02386474609375,
      0.023080110549926758,
      0.024191856384277344,
      0.014089584350585938
    ],
    "test_r": [
      0.5559437117332582,
      0.6480465657773653,
      0.5895813489961714,
      0.6300860782591579,
      0.65689396785646
    ],
    "test_r2": [
      0.2980123404686189,
      0.3764373809452636,
      0.32156208841214085,
      0.35886578628157983,
      0.411832431310481
    ],
    "test_rmse": [
      -2.5726111980848065,
      -2.3878674716694337,
      -2.6172362946935923,
      -2.579835393833204,
      -2.1715399625393133
    ],
    "test_mae": [
      -1.8800060530812464,
      -1.887527033108719,
      -1.783205788581702,
      -1.8734905054975737,
      -1.6879513752233486
    ]
  },
  "r_avg": 0.6166917933812769,
  "r_stdev": 0.058183195446661985,
  "r_stderr": 0.021991180804990466,
  "r2_avg": 0.35559045975269027,
  "r2_stdev": 0.07390489997524638,
  "r2_stderr": 0.027933426571943646,
  "rmse_avg": 2.471832436289076,
  "rmse_stdev": 0.23745556421384223,
  "rmse_stderr": 0.08974976719119358,
  "mae_avg": 1.830159309327351,
  "mae_stdev": 0.15630432067830982,
  "mae_stderr": 0.059077480194242624
}