{
  "6": {
    "fit_time": [
      1.1092092990875244,
      0.8957180976867676,
      1.1137428283691406,
      1.1054222583770752,
      1.1077070236206055
    ],
    "score_time": [
      0.009885787963867188,
      1.3097937107086182,
      0.009495019912719727,
      1.4077236652374268,
      0.010202884674072266
    ],
    "test_r": [
      0.6499209243086577,
      0.5050109706857859,
      0.7168923232313702,
      0.6150360603868106,
      0.5599727327124373
    ],
    "test_r2": [
      0.38848430693509106,
      0.24150295573835856,
      0.5128673528098409,
      0.3569883368329796,
      0.2714920498917708
    ],
    "test_rmse": [
      -2.3175620509031423,
      -2.8225352871821374,
      -2.1073441678193556,
      -2.5263741760235527,
      -2.6345324836035844
    ],
    "test_mae": [
      -1.6367506091197903,
      -2.0973205691682053,
      -1.6174985200035725,
      -1.8454176898080465,
      -1.9831908889216967
    ]
  },
  "13": {
    "fit_time": [
      1.0178859233856201,
      1.0177199840545654,
      1.0137579441070557,
      1.0126218795776367,
      1.0112159252166748
    ],
    "score_time": [
      0.011545896530151367,
      0.00993204116821289,
      0.010062932968139648,
      0.010766029357910156,
      0.010040044784545898
    ],
    "test_r": [
      0.5582320664501672,
      0.6601417800248921,
      0.621204991948475,
      0.6627490317042576,
      0.5151219835214509
    ],
    "test_r2": [
      0.23775652406322512,
      0.4000194965721805,
      0.38399704141811297,
      0.43548004686815245,
      0.2097237218167849
    ],
    "test_rmse": [
      -2.701139736503444,
      -2.4039263443484655,
      -2.295822029537118,
      -2.3683825396226044,
      -2.7553154965662867
    ],
    "test_mae": [
      -1.9705514393318102,
      -1.6823272298626581,
      -1.8492978223782557,
      -1.7448364126672649,
      -2.00569758924144
    ]
  },
  "42": {
    "fit_time": [
      1.010693073272705,
      1.0121819972991943,
      1.0100388526916504,
      1.020076036453247,
      1.0094618797302246
    ],
    "score_time": [
      0.010696887969970703,
      0.011317968368530273,
      0.010696172714233398,
      0.011003732681274414,
      0.010399103164672852
    ],
    "test_r": [
      0.664965818181505,
      0.6932321788945104,
      0.5972348097383458,
      0.5264182964796115,
      0.5454873671478953
    ],
    "test_r2": [
      0.42379618412859354,
      0.46808347879199075,
      0.32890084354120586,
      0.22140404056689234,
      0.25655782445299846
    ],
    "test_rmse": [
      -2.3824253200703067,
      -1.880313291199443,
      -2.8472228906750248,
      -2.633004793802953,
      -2.7447526460987857
    ],
    "test_mae": [
      -1.8631709947509383,
      -1.485754895677648,
      -2.063264412388271,
      -1.9208177900860997,
      -1.9506821494818127
    ]
  },
  "69": {
    "fit_time": [
      1.0880780220031738,
      1.0847992897033691,
      1.090634822845459,
      1.0922119617462158,
      1.08909273147583
    ],
    "score_time": [
      0.010241031646728516,
      0.010403633117675781,
      0.011378049850463867,
      0.011541128158569336,
      0.01035618782043457
    ],
    "test_r": [
      0.6348066298691698,
      0.6300826169647593,
      0.595843874149032,
      0.6371739817610147,
      0.5671285830332458
    ],
    "test_r2": [
      0.3948509283135314,
      0.3712783402857115,
      0.3043261232266501,
      0.40163214985238493,
      0.28093942292854457
    ],
    "test_rmse": [
      -2.31523562396419,
      -2.513967238744494,
      -2.4640817051353445,
      -2.5146321136918255,
      -2.620023893664969
    ],
    "test_mae": [
      -1.753885317232071,
      -1.8353274310197865,
      -1.7476338166778764,
      -1.7926898342971158,
      -2.00194214440036
    ]
  },
  "420": {
    "fit_time": [
      1.0064189434051514,
      1.006605863571167,
      1.0041868686676025,
      1.0052070617675781,
      1.0074849128723145
    ],
    "score_time": [
      0.011286020278930664,
      0.010128974914550781,
      0.010513067245483398,
      0.010215044021606445,
      0.010014057159423828
    ],
    "test_r": [
      0.5953976325512509,
      0.48585090379243606,
      0.6637352312121712,
      0.7280250154224366,
      0.5440967701751211
    ],
    "test_r2": [
      0.27715627994589775,
      0.18577780496608687,
      0.4314768581211271,
      0.5231967946748881,
      0.25479212531636497
    ],
    "test_rmse": [
      -2.6237988837348287,
      -2.5810888528683975,
      -2.1820520987147622,
      -2.2785132971382254,
      -2.8397959567463973
    ],
    "test_mae": [
      -2.0042156431624005,
      -1.8523598272051072,
      -1.6624640932987051,
      -1.7190527144476409,
      -1.961612593194718
    ]
  },
  "1234567890": {
    "fit_time": [
      1.0096981525421143,
      1.009976863861084,
      1.0044341087341309,
      1.0075910091400146,
      1.0076649188995361
    ],
    "score_time": [
      0.01080179214477539,
      0.011406898498535156,
      0.009994268417358398,
      0.010595083236694336,
      0.010602951049804688
    ],
    "test_r": [
      0.6936215107020656,
      0.6007129657303909,
      0.5015325559347499,
      0.6215520581028169,
      0.6798936723772275
    ],
    "test_r2": [
      0.4579049751057812,
      0.3503233323116497,
      0.1829111107676461,
      0.38521169217926887,
      0.4350817246101073
    ],
    "test_rmse": [
      -2.26346568653229,
      -2.638764228591108,
      -3.0282307081795086,
      -2.235193171144617,
      -2.144035755883749
    ],
    "test_mae": [
      -1.7345817622523203,
      -2.0139461284980356,
      -2.182379035556155,
      -1.6637771334926938,
      -1.4811988173441326
    ]
  },
  "473129": {
    "fit_time": [
      1.0053319931030273,
      1.0131011009216309,
      1.0106780529022217,
      1.0089340209960938,
      1.0104749202728271
    ],
    "score_time": [
      0.010102987289428711,
      0.011013984680175781,
      0.010604143142700195,
      0.010900020599365234,
      0.011122941970825195
    ],
    "test_r": [
      0.5590084721439827,
      0.6355413438929816,
      0.5936811977145766,
      0.598163223967351,
      0.6751479890685962
    ],
    "test_r2": [
      0.28866800957760674,
      0.3749853758444954,
      0.3035804600060251,
      0.32655872416911036,
      0.4503920621503499
    ],
    "test_rmse": [
      -2.589676925416286,
      -2.390646005527309,
      -2.6516936825694457,
      -2.6440361316663927,
      -2.099151517647341
    ],
    "test_mae": [
      -1.8822316711588614,
      -1.864114560824841,
      -1.8279537236027679,
      -1.927579281911056,
      -1.5981248341104153
    ]
  },
  "r_avg": 0.6095033589709014,
  "r_stdev": 0.06262664340826925,
  "r_stderr": 0.02367064627214328,
  "r2_avg": 0.3462313856794687,
  "r2_stdev": 0.09087010831514664,
  "r2_stderr": 0.03434567260162579,
  "rmse_avg": -2.486821049471934,
  "rmse_stdev": 0.24999087311539908,
  "rmse_stderr": 0.0944876686141784,
  "mae_avg": -1.8349614107592735,
  "mae_stdev": 0.16642398628809305,
  "mae_stderr": 0.06290235427347395
}