{
  "6": {
    "fit_time": [
      3.65297794342041,
      3.737732172012329,
      3.7894599437713623,
      3.6327779293060303,
      3.7070329189300537
    ],
    "score_time": [
      0.012887001037597656,
      0.011141777038574219,
      0.011234045028686523,
      0.013724088668823242,
      0.012616157531738281
    ],
    "test_r": [
      0.7191642149642605,
      0.5982543259613662,
      0.6828818083840302,
      0.7624125997466372,
      0.6724101056369772
    ],
    "test_r2": [
      0.5133974813969955,
      0.35395584521373935,
      0.4304103608960489,
      0.5677085420478649,
      0.44353309469005475
    ],
    "test_rmse": [
      -2.06735350054767,
      -2.604914867735797,
      -2.278730114409353,
      -2.0714601134010815,
      -2.302534151045871
    ],
    "test_mae": [
      -1.5276755143051755,
      -1.9357727123592312,
      -1.74404893546092,
      -1.5058582952529074,
      -1.6910177233639774
    ]
  },
  "r_avg": 0.6870246109386542,
  "r_stdev": 0.054455877693052775,
  "r2_avg": 0.4618010648489407,
  "r2_stdev": 0.07325062505370163,
  "rmse_avg": -2.2649985494279545,
  "rmse_stdev": 0.19680511796405792,
  "mae_avg": -1.6808746361484423,
  "mae_stdev": 0.1569506891235944
}