{
  "6": {
    "fit_time": [
      1.4226303100585938,
      1.4652891159057617
    ],
    "score_time": [
      0.011672019958496094,
      0.010838031768798828
    ],
    "test_r": [
      0.5868940295796774,
      0.6714571566015661
    ],
    "test_r2": [
      0.30281690074096623,
      0.43663729679026164
    ],
    "test_rmse": [
      -2.58016191857666,
      -2.3245712772412186
    ],
    "test_mae": [
      -1.8639790002146397,
      -1.7402396560157773
    ]
  },
  "r_avg": 0.6291755930906218,
  "r_stdev": 0.042281563510944364,
  "r2_avg": 0.36972709876561394,
  "r2_stdev": 0.0669101980246477,
  "rmse_avg": -2.4523665979089393,
  "rmse_stdev": 0.1277953206677207,
  "mae_avg": -1.8021093281152085,
  "mae_stdev": 0.06186967209943117
}