{
  "6": {
    "fit_time": [
      0.015717267990112305,
      0.015923261642456055,
      0.015484809875488281,
      0.0160214900970459,
      0.01207423210144043
    ],
    "score_time": [
      0.007576465606689453,
      0.007654666900634766,
      0.007572650909423828,
      0.007460832595825195,
      0.0066776275634765625
    ],
    "test_r": [
      0.5066204510775053,
      0.5659986872404821,
      0.5321182572910357,
      0.6037057538036608,
      0.6172610478268328
    ],
    "test_r2": [
      0.10893857128860907,
      0.24892124829561246,
      0.004797819811222848,
      0.31643729610314797,
      0.32619193878924846
    ],
    "test_rmse": [
      -2.7975727559196413,
      -2.808698819223824,
      -3.012086993133331,
      -2.604818260514764,
      -2.5336960316055355
    ],
    "test_mae": [
      -2.070882733065987,
      -2.1368274400990654,
      -2.3457436819026656,
      -1.9249238502260015,
      -1.9206628930418441
    ]
  },
  "13": {
    "fit_time": [
      0.043486595153808594,
      0.04090094566345215,
      0.0377805233001709,
      0.03741097450256348,
      0.014309883117675781
    ],
    "score_time": [
      0.011137008666992188,
      0.010722637176513672,
      0.010236978530883789,
      0.00998997688293457,
      0.007031917572021484
    ],
    "test_r": [
      0.3932298427444111,
      0.5450270866191892,
      0.5948603205667532,
      0.6080223483164336,
      0.5924949818129948
    ],
    "test_r2": [
      -0.016355799311470243,
      0.03369159625344664,
      0.21563461077007373,
      0.22929367028210645,
      0.3227913263384776
    ],
    "test_rmse": [
      -3.1190553284655866,
      -3.0507770178105234,
      -2.5906338194651792,
      -2.7673026895692794,
      -2.550604477904857
    ],
    "test_mae": [
      -2.335528244303464,
      -2.371858213006935,
      -2.0504868412662316,
      -2.142290578698694,
      -1.9107113915497944
    ]
  },
  "42": {
    "fit_time": [
      0.06052541732788086,
      0.060535430908203125,
      0.060207366943359375,
      0.06451678276062012,
      0.023277997970581055
    ],
    "score_time": [
      0.02949810028076172,
      0.027547836303710938,
      0.024626731872558594,
      0.019599199295043945,
      0.009745359420776367
    ],
    "test_r": [
      0.6059619168311822,
      0.49808596335617233,
      0.5279276886475484,
      0.46825676971201574,
      0.5293684245306872
    ],
    "test_r2": [
      0.3006717582378591,
      -0.0744417026336952,
      0.20428146819507265,
      -0.20579981197129782,
      0.17600721779816775
    ],
    "test_rmse": [
      -2.624652216026226,
      -2.672390408170947,
      -3.100329526822484,
      -3.276673606409976,
      -2.8896238865977764
    ],
    "test_mae": [
      -2.0580378142991966,
      -1.9798462500067846,
      -2.3423640458241892,
      -2.475909452636596,
      -2.203958660227905
    ]
  },
  "69": {
    "fit_time": [
      0.06032443046569824,
      0.06112051010131836,
      0.060622215270996094,
      0.06428289413452148,
      0.03597378730773926
    ],
    "score_time": [
      0.033590078353881836,
      0.033933401107788086,
      0.03356194496154785,
      0.03415560722351074,
      0.01172637939453125
    ],
    "test_r": [
      0.5476885968195768,
      0.3967823878690451,
      0.54014157672656,
      0.596948427994297,
      0.4696830084705683
    ],
    "test_r2": [
      0.14754946601295382,
      -0.0806098210296935,
      0.15178189407935516,
      0.25231189763945905,
      0.03865307780699612
    ],
    "test_rmse": [
      -2.7478853207709233,
      -3.29583041939631,
      -2.720858933651293,
      -2.8109334712118574,
      -3.0294415844603124
    ],
    "test_mae": [
      -1.995643469287246,
      -2.470330260186352,
      -2.0271176162727147,
      -2.0474971163340463,
      -2.37367343855867
    ]
  },
  "420": {
    "fit_time": [
      0.06034111976623535,
      0.06105160713195801,
      0.06034088134765625,
      0.06414365768432617,
      0.03844022750854492
    ],
    "score_time": [
      0.03433823585510254,
      0.03421354293823242,
      0.03383207321166992,
      0.03406572341918945,
      0.012027502059936523
    ],
    "test_r": [
      0.5114815431453644,
      0.5249865492587582,
      0.5085466143571988,
      0.5705563084990447,
      0.6177963629058667
    ],
    "test_r2": [
      0.11941033918493094,
      -0.024355393066607833,
      0.1303243074725664,
      0.2839076144944144,
      0.3095264439001122
    ],
    "test_rmse": [
      -2.8959771298444044,
      -2.895054980981617,
      -2.6987938245534773,
      -2.79232852019801,
      -2.733518037798121
    ],
    "test_mae": [
      -2.1715978603192676,
      -2.234677793418249,
      -2.1241673323046926,
      -2.2440310677214907,
      -2.0677047405194338
    ]
  },
  "1234567890": {
    "fit_time": [
      0.06020617485046387,
      0.0606379508972168,
      0.0602724552154541,
      0.06464719772338867,
      0.037637948989868164
    ],
    "score_time": [
      0.03434896469116211,
      0.03351092338562012,
      0.03440713882446289,
      0.0341944694519043,
      0.011882305145263672
    ],
    "test_r": [
      0.5934259961907292,
      0.5607037169077598,
      0.5048578180734494,
      0.546376554598327,
      0.6246933960580554
    ],
    "test_r2": [
      0.25236402942142355,
      0.24177792343768167,
      0.17569955083061328,
      0.006915832054154025,
      0.289752884179414
    ],
    "test_rmse": [
      -2.6581611015259305,
      -2.850691139018008,
      -3.041564810090802,
      -2.840830299502469,
      -2.4040525180414534
    ],
    "test_mae": [
      -2.065573666831398,
      -2.212513330764445,
      -2.30856000073306,
      -2.205354748075734,
      -1.7212076561451712
    ]
  },
  "473129": {
    "fit_time": [
      0.060665130615234375,
      0.060990333557128906,
      0.06105327606201172,
      0.06395339965820312,
      0.03517556190490723
    ],
    "score_time": [
      0.03417253494262695,
      0.034212350845336914,
      0.03344011306762695,
      0.033917903900146484,
      0.011499643325805664
    ],
    "test_r": [
      0.5246749528730883,
      0.5731124855749807,
      0.5922332463387101,
      0.5807400273932113,
      0.5489871342469504
    ],
    "test_r2": [
      0.030480216483278477,
      0.26929895039379426,
      0.2521883182278333,
      0.25167244038181846,
      0.08562842645664082
    ],
    "test_rmse": [
      -3.023345323229931,
      -2.5848779914521582,
      -2.7477929347706325,
      -2.7871695584115823,
      -2.707563476233174
    ],
    "test_mae": [
      -2.205230526773742,
      -1.9608712040083507,
      -2.1347482169244683,
      -2.1612869359532487,
      -1.9486976678847163
    ]
  },
  "r_avg": 0.5463816069908128,
  "r_stdev": 0.055864907337955017,
  "r2_avg": 0.15358113161736342,
  "r2_stdev": 0.1352207684652118,
  "rmse_avg": -2.8190167775080686,
  "rmse_stdev": 0.2051704166280243,
  "mae_avg": -2.14144333540491,
  "mae_stdev": 0.16975992753651392
}