{
  "6": {
    "fit_time": [
      0.02086496353149414,
      0.020023584365844727,
      0.02239394187927246,
      0.022015810012817383,
      0.017754316329956055
    ],
    "score_time": [
      0.009055852890014648,
      0.008800029754638672,
      0.008208036422729492,
      0.008299112319946289,
      0.007311820983886719
    ],
    "test_r": [
      NaN,
      NaN,
      NaN,
      NaN,
      NaN
    ],
    "test_r2": [
      -0.00271731990287738,
      -3.071568205936792e-05,
      -0.00010403360199839895,
      -3.907550676141014e-06,
      -0.0032027372060092762
    ],
    "test_rmse": [
      -2.9676783323390197,
      -3.2409259148985723,
      -3.019495875910228,
      -3.150569734904025,
      -3.0915819584614384
    ],
    "test_mae": [
      -2.3746801458456916,
      -2.6276549988893336,
      -2.44512017449992,
      -2.5100233697165084,
      -2.5113440834624825
    ]
  },
  "r_avg": NaN,
  "r_stdev": NaN,
  "r2_avg": -0.0012117427887241127,
  "r2_stdev": 0.001436073246573907,
  "rmse_avg": -3.094050363302656,
  "rmse_stdev": 0.09623016350968176,
  "mae_avg": -2.4937645544827873,
  "mae_stdev": 0.08372265177321972
}