{
  "6": {
    "fit_time": [
      9.328261852264404,
      9.513338088989258
    ],
    "score_time": [
      0.28044700622558594,
      0.3508570194244385
    ],
    "test_r": [
      0.5609319884249031,
      0.6438906987806835
    ],
    "test_r2": [
      0.28685291372696675,
      0.4051128368862823
    ],
    "test_rmse": [
      -2.6095347937086024,
      -2.3887248097213396
    ],
    "test_mae": [
      -1.9106096290115362,
      -1.8260208017149606
    ]
  },
  "r_avg": 0.6024113436027934,
  "r_stdev": 0.0414793551778902,
  "r2_avg": 0.3459828753066245,
  "r2_stdev": 0.059129961579657775,
  "rmse_avg": -2.499129801714971,
  "rmse_stdev": 0.11040499199363141,
  "mae_avg": -1.8683152153632485,
  "mae_stdev": 0.04229441364828779
}