{
  "6": {
    "fit_time": [
      0.7000269889831543,
      0.6945950984954834
    ],
    "score_time": [
      0.011864185333251953,
      0.012658834457397461
    ],
    "test_r": [
      0.524629600910792,
      0.6605517038907209
    ],
    "test_r2": [
      0.18709061412449002,
      0.4097016505178789
    ],
    "test_rmse": [
      -2.7860865566048942,
      -2.3794939555476105
    ],
    "test_mae": [
      -2.0285281879168204,
      -1.7343678332124342
    ]
  },
  "r_avg": 0.5925906524007565,
  "r_stdev": 0.06796105148996445,
  "r2_avg": 0.29839613232118445,
  "r2_stdev": 0.11130551819669443,
  "rmse_avg": -2.5827902560762523,
  "rmse_stdev": 0.2032963005286419,
  "mae_avg": -1.8814480105646272,
  "mae_stdev": 0.14708017735219314
}