fold,r,r2,rmse,mae
0.0,-0.16100156450320616,-4.981949940620381,7.900321704116532,6.697933610049742
1.0,-0.22764836119306356,-30.773196965185015,15.462284383985075,4.140951644030532
2.0,-0.07356464725933345,-64548.78781857415,867.3408814174297,84.20949899087766
3.0,-0.12077170169112589,-2.457746187134837,5.451947070411462,2.881412709799705
4.0,-4.506899992929799e-16,-0.0009012847779561461,3.0550856268370556,2.465755781725989
