Dataset,num_of_folds,Features,Targets,Model,r_mean,r_std,r2_mean,r2_std,rmse_mean,rmse_std,mae_mean,mae_std,num_of_data,feature_length
OPV_Min,5,DA_mordred,calc_PCE_percent,NN,0.7237104575165257,0.07031817829499185,0.5011139306071584,0.11248565449773255,2.1495521422293367,0.226877404573846,1.5924155620306064,0.12717866955730217,558,2393
