{
  "6": {
    "fit_time": [
      0.018709182739257812,
      0.016965150833129883
    ],
    "score_time": [
      0.011206865310668945,
      0.03420400619506836
    ],
    "test_r": [
      0.5146735205807399,
      0.5923149552717467
    ],
    "test_r2": [
      0.15656333017763358,
      0.2957418055912886
    ],
    "test_rmse": [
      -2.837917558985305,
      -2.5990508467605555
    ],
    "test_mae": [
      -2.050869994281892,
      -1.9413888640122274
    ]
  },
  "r_avg": 0.5534942379262433,
  "r_stdev": 0.03882071734550341,
  "r_stderr": 0.01467285197333336,
  "r2_avg": 0.2261525678844611,
  "r2_stdev": 0.06958923770682751,
  "r2_stderr": 0.0263022595569749,
  "rmse_avg": -2.71848420287293,
  "rmse_stdev": 0.11943335611237482,
  "rmse_stderr": 0.04514156550273712,
  "mae_avg": -1.9961294291470597,
  "mae_stdev": 0.054740565134832275,
  "mae_stderr": 0.020689988853414158
}