Dataset,num_of_folds,Features,Targets,Model,r_mean,r_std,r2_mean,r2_std,rmse_mean,rmse_std,mae_mean,mae_std,num_of_data
OPV_Min,5,DA_mordred,calc_PCE_percent,KRR,0.25626700924684936,0.04610485519706383,-5.775476039368591,1.377541146426952,7.908806217065863,0.2484440744492316,6.840065805648758,0.38610085057341426,558
