fold,r,r2,rmse,mae
1.0,0.34760330098376396,0.09006569759661232,3.2420677240608295,2.6495394066284073
2.0,0.42258465358250674,0.1453910641352556,2.4914700188427745,1.9503464519813118
3.0,0.48145021636245044,0.15981658393040377,2.96334642533814,2.414577862589717
4.0,0.37302733028120855,0.023898448398511074,2.9020023662996417,2.3220979386315492
5.0,0.4236895820780327,0.14775978537170542,2.8046826167316046,2.2104358177833734
