Dataset,num_of_folds,Features,Targets,Model,r_mean,r_std,r2_mean,r2_std,rmse_mean,rmse_std,mae_mean,mae_std,num_of_data
OPV_Min,5,DA_SELFIES,calc_PCE_percent,Lasso,0.40967101665759253,0.04628325136712752,0.11338631588649764,0.05082034783532249,2.880713830254598,0.24296068581492325,2.3093994955228716,0.23049155996317894,553
