fold,r,r2,rmse,mae
1.0,0.8175653847923045,0.6609769297487209,2.3587789318911687,1.8389411159662101
2.0,0.8463456047501936,0.7141613820643213,2.778683852158771,2.0179178137504135
3.0,0.7853989571719902,0.6034257601491504,3.160159015458837,2.1554561096888323
4.0,0.7352649454501539,0.5292810417843699,3.187874578564739,2.1920748890363253
5.0,0.8269312402399781,0.6752868019188893,2.6841085322943186,1.8754229774841895
