{
  "6": {
    "fit_time": [
      0.20982098579406738,
      0.20848512649536133,
      0.21930885314941406,
      0.2226555347442627,
      0.19613313674926758
    ],
    "score_time": [
      0.07607007026672363,
      0.0771646499633789,
      0.07549619674682617,
      0.07766127586364746,
      0.07348060607910156
    ],
    "test_r": [
      0.728423955304544,
      0.7466446778803253,
      0.7293879194322026,
      0.7508070239854798,
      0.704670490844742
    ],
    "test_r2": [
      0.4943259515008297,
      0.514475235669847,
      0.5251530755598679,
      0.5407251109490991,
      0.48802861034736966
    ],
    "test_rmse": [
      -0.06657876248645082,
      -0.08441053068723815,
      -0.07200784903228158,
      -0.07723796944686694,
      -0.07306919150287607
    ],
    "test_mae": [
      -0.042269769849152615,
      -0.05466215862493567,
      -0.04765516592377256,
      -0.050134992015221355,
      -0.04727797573648864
    ]
  },
  "13": {
    "fit_time": [
      0.22327923774719238,
      0.22205758094787598,
      0.2101733684539795,
      0.205902099609375,
      0.20635533332824707
    ],
    "score_time": [
      0.07679343223571777,
      0.07972860336303711,
      0.07611250877380371,
      0.0739142894744873,
      0.07163739204406738
    ],
    "test_r": [
      0.7166701513071906,
      0.7793769187906806,
      0.7416375873717065,
      0.7084976248694329,
      0.720462238941608
    ],
    "test_r2": [
      0.4916074220888622,
      0.5852100126512905,
      0.5272555700977518,
      0.4916741537638498,
      0.5070878469798958
    ],
    "test_rmse": [
      -0.0780544098361044,
      -0.07579029540948345,
      -0.07732843962640316,
      -0.07454124298108439,
      -0.06567246335402384
    ],
    "test_mae": [
      -0.046612335852909574,
      -0.05117285549580403,
      -0.04930760831535448,
      -0.04799291041990305,
      -0.04607645927907938
    ]
  },
  "42": {
    "fit_time": [
      0.20636320114135742,
      0.20470714569091797,
      0.21889567375183105,
      0.22060179710388184,
      0.1952064037322998
    ],
    "score_time": [
      0.07491755485534668,
      0.07502603530883789,
      0.07786202430725098,
      0.07690644264221191,
      0.07605409622192383
    ],
    "test_r": [
      0.7357044354739759,
      0.7982108959917502,
      0.7290380984841185,
      0.705169375766153,
      0.7349331399871147
    ],
    "test_r2": [
      0.5255756597533919,
      0.6164197042909649,
      0.5143185126893505,
      0.48120017521441705,
      0.5014796829378492
    ],
    "test_rmse": [
      -0.07268737095359323,
      -0.0622914108636532,
      -0.0724051048725055,
      -0.08038365677208124,
      -0.08167954196773367
    ],
    "test_mae": [
      -0.05064865575887856,
      -0.04146641936650487,
      -0.04639475137065715,
      -0.05160845410006821,
      -0.051162015651296716
    ]
  },
  "69": {
    "fit_time": [
      0.21985721588134766,
      0.22125864028930664,
      0.2091367244720459,
      0.20969557762145996,
      0.2070908546447754
    ],
    "score_time": [
      0.0783846378326416,
      0.07657980918884277,
      0.0762333869934082,
      0.07641220092773438,
      0.07093501091003418
    ],
    "test_r": [
      0.8001948284218272,
      0.7592916996702248,
      0.6863536826832379,
      0.6830134568666243,
      0.7553974708949077
    ],
    "test_r2": [
      0.6261520298739913,
      0.5089163996846288,
      0.4642714651694745,
      0.4591946120007717,
      0.5459788640322798
    ],
    "test_rmse": [
      -0.06039736020081885,
      -0.08773578179929506,
      -0.07652305517913054,
      -0.069704445536344,
      -0.0757521109474193
    ],
    "test_mae": [
      -0.03974190750380059,
      -0.059948961963460716,
      -0.04951528450282735,
      -0.041292290815963986,
      -0.05228298148202493
    ]
  },
  "420": {
    "fit_time": [
      0.20981764793395996,
      0.2084064483642578,
      0.2166891098022461,
      0.22365784645080566,
      0.19538593292236328
    ],
    "score_time": [
      0.07818150520324707,
      0.07895827293395996,
      0.0767817497253418,
      0.07908439636230469,
      0.07487010955810547
    ],
    "test_r": [
      0.702646457322015,
      0.7502590968127463,
      0.7616072988686335,
      0.7543366393867532,
      0.7242215346395504
    ],
    "test_r2": [
      0.4872091645867448,
      0.5075275527713208,
      0.5638641275638118,
      0.5332794672459862,
      0.5209746228441976
    ],
    "test_rmse": [
      -0.07325211733480727,
      -0.09075697960119397,
      -0.06249098042604474,
      -0.07773215769212823,
      -0.06603212567333948
    ],
    "test_mae": [
      -0.04742568582160635,
      -0.055650305664713406,
      -0.0463054438958979,
      -0.049575601723903025,
      -0.04505774047434526
    ]
  },
  "1234567890": {
    "fit_time": [
      0.21729683876037598,
      0.22299480438232422,
      0.21068572998046875,
      0.2050313949584961,
      0.20867538452148438
    ],
    "score_time": [
      0.07735061645507812,
      0.07714509963989258,
      0.07670187950134277,
      0.07641911506652832,
      0.07549715042114258
    ],
    "test_r": [
      0.7290619805764686,
      0.7624970174869268,
      0.7837657579799322,
      0.7651051250443142,
      0.7168903351021949
    ],
    "test_r2": [
      0.4777083845199701,
      0.5641764321868752,
      0.5993392395571807,
      0.555586967249253,
      0.49993334743407036
    ],
    "test_rmse": [
      -0.08154430040529861,
      -0.06702176111011947,
      -0.06660846164176376,
      -0.07687694527825557,
      -0.07327870522934893
    ],
    "test_mae": [
      -0.05369436558614591,
      -0.041913219438810864,
      -0.04284659050902668,
      -0.052615646474665594,
      -0.04751719176777367
    ]
  },
  "473129": {
    "fit_time": [
      0.20900917053222656,
      0.20754075050354004,
      0.21964335441589355,
      0.2232072353363037,
      0.19933080673217773
    ],
    "score_time": [
      0.07619738578796387,
      0.0774235725402832,
      0.07570552825927734,
      0.0782938003540039,
      0.07686209678649902
    ],
    "test_r": [
      0.762675604492655,
      0.720312190349417,
      0.7219888038723602,
      0.6719558376327887,
      0.8129464716816956
    ],
    "test_r2": [
      0.5557660901412551,
      0.49601544507603923,
      0.49852717347946607,
      0.43568118623986296,
      0.6290018069614883
    ],
    "test_rmse": [
      -0.07515512649742209,
      -0.07942504157192612,
      -0.07584717374129356,
      -0.08333833712152323,
      -0.05663615497682144
    ],
    "test_mae": [
      -0.04941289838030558,
      -0.050397131147878534,
      -0.04904856042339779,
      -0.05247430665595962,
      -0.04171213856043127
    ]
  },
  "r_avg": 0.7386901664061799,
  "r_stdev": 0.032731014289221656,
  "r_stderr": 0.012371160566883149,
  "r2_avg": 0.5238183172318086,
  "r2_stdev": 0.04603045530518557,
  "r2_stderr": 0.01739787678179925,
  "rmse_avg": 0.0740070674787621,
  "rmse_stdev": 0.007568672531872859,
  "rmse_stderr": 0.0028606893248887388,
  "mae_avg": 0.048367736587227594,
  "mae_stdev": 0.004490721525444765,
  "mae_stderr": 0.0016973331947959236
}