{
  "6": {
    "fit_time": [
      4.533138036727905,
      4.421316862106323,
      4.67928409576416,
      4.377640008926392,
      4.042672157287598
    ],
    "score_time": [
      0.20102214813232422,
      0.28728318214416504,
      0.22363805770874023,
      0.1842350959777832,
      0.19528889656066895
    ],
    "test_r": [
      0.7428417673825721,
      0.7449159515360193,
      0.7361472135762921,
      0.749996039486305,
      0.7264523734203208
    ],
    "test_r2": [
      0.5158586877396515,
      0.5125041882508979,
      0.5320908420232686,
      0.5402178955512038,
      0.5169188048433322
    ],
    "test_rmse": [
      -0.06514580531757352,
      -0.08458169460678143,
      -0.07147987693550088,
      -0.07728060782956658,
      -0.07097763460274399
    ],
    "test_mae": [
      -0.041553223049623576,
      -0.05421375644439289,
      -0.04649261117117796,
      -0.050222472051041696,
      -0.04463135985003383
    ]
  },
  "13": {
    "fit_time": [
      6.225555896759033,
      6.002657651901245,
      5.748964786529541,
      4.313790798187256,
      4.089224815368652
    ],
    "score_time": [
      0.23000407218933105,
      0.20641613006591797,
      0.23026823997497559,
      0.2279651165008545,
      0.1961381435394287
    ],
    "test_r": [
      0.7157288396409133,
      0.8021480089409867,
      0.7432559050901293,
      0.7161822487012405,
      0.73696397685159
    ],
    "test_r2": [
      0.4892256569880876,
      0.611000895460008,
      0.5288206258351598,
      0.50388746361154,
      0.5285613089936834
    ],
    "test_rmse": [
      -0.07823703449172438,
      -0.07339623262028504,
      -0.07720033272469466,
      -0.07364031455865432,
      -0.06422604140346859
    ],
    "test_mae": [
      -0.04719912243540789,
      -0.04932237225719627,
      -0.04754371383799757,
      -0.04664756233301162,
      -0.045131231960991745
    ]
  },
  "42": {
    "fit_time": [
      4.46042799949646,
      4.411503076553345,
      4.426116943359375,
      4.356221914291382,
      5.130535125732422
    ],
    "score_time": [
      0.22284531593322754,
      0.22222399711608887,
      0.22241997718811035,
      0.18592619895935059,
      0.20016694068908691
    ],
    "test_r": [
      0.7551477450936661,
      0.8008929605760788,
      0.7213905829716718,
      0.7234042288231948,
      0.734211065298941
    ],
    "test_r2": [
      0.5486123394923206,
      0.6185100953863634,
      0.5014368091913284,
      0.4995393745539547,
      0.5010995508441196
    ],
    "test_rmse": [
      -0.07090066706297118,
      -0.062121444754129854,
      -0.07335901942619771,
      -0.07895012206443357,
      -0.0817106772069771
    ],
    "test_mae": [
      -0.04760833508268737,
      -0.04088589328854659,
      -0.04705829379961309,
      -0.050769889759464726,
      -0.05064175809392728
    ]
  },
  "69": {
    "fit_time": [
      5.807833909988403,
      4.435143232345581,
      4.452640056610107,
      4.254944086074829,
      4.07918906211853
    ],
    "score_time": [
      0.26212096214294434,
      0.23281383514404297,
      0.2557380199432373,
      0.1935138702392578,
      0.19478178024291992
    ],
    "test_r": [
      0.8239438527119824,
      0.7665456015548994,
      0.6981577887270575,
      0.6881658688038641,
      0.7612003188429164
    ],
    "test_r2": [
      0.6614615061462692,
      0.5194998790737746,
      0.47654549918631706,
      0.46861707695982124,
      0.555837290257245
    ],
    "test_rmse": [
      -0.05747440350242199,
      -0.08678522333730279,
      -0.07564136902997104,
      -0.06909454619571087,
      -0.0749251724369048
    ],
    "test_mae": [
      -0.03813948438985871,
      -0.058585966070765445,
      -0.04901202603391118,
      -0.04081660898493035,
      -0.051128012571088705
    ]
  },
  "420": {
    "fit_time": [
      4.569805145263672,
      4.519580841064453,
      4.559882879257202,
      4.413007974624634,
      3.9254589080810547
    ],
    "score_time": [
      0.22257304191589355,
      0.2237539291381836,
      0.2133641242980957,
      0.1916520595550537,
      0.19420599937438965
    ],
    "test_r": [
      0.7163637451794576,
      0.7555828390740172,
      0.7664930381316061,
      0.756742119491974,
      0.7339992686565976
    ],
    "test_r2": [
      0.5040981669831445,
      0.516334157092331,
      0.5749414917013747,
      0.5402870995243523,
      0.5342545794291007
    ],
    "test_rmse": [
      -0.07203572172824088,
      -0.08994184130777783,
      -0.06169227569513609,
      -0.0771463911362271,
      -0.06511039260009986
    ],
    "test_mae": [
      -0.04544777903908348,
      -0.054897127890601326,
      -0.04522356134553381,
      -0.04861585094753627,
      -0.04412479210074041
    ]
  },
  "1234567890": {
    "fit_time": [
      4.5259809494018555,
      4.408562898635864,
      4.703203916549683,
      5.361543893814087,
      3.919874668121338
    ],
    "score_time": [
      0.22550392150878906,
      0.2383899688720703,
      0.2110581398010254,
      0.24132704734802246,
      0.22705531120300293
    ],
    "test_r": [
      0.737313823725782,
      0.7525172877824109,
      0.786328823350182,
      0.7768584791675397,
      0.7244582560829429
    ],
    "test_r2": [
      0.49307180913430937,
      0.5514418592664077,
      0.6063540082815997,
      0.564546946028187,
      0.5121631510357934
    ],
    "test_rmse": [
      -0.08033601883925154,
      -0.06799388417505012,
      -0.06602279638124274,
      -0.07609802672478722,
      -0.072377093853417
    ],
    "test_mae": [
      -0.05183730640370491,
      -0.04255053548075021,
      -0.04236222443034184,
      -0.05160708752052274,
      -0.04639508819864797
    ]
  },
  "473129": {
    "fit_time": [
      4.492601156234741,
      4.544200897216797,
      4.610503911972046,
      4.73689603805542,
      4.001328229904175
    ],
    "score_time": [
      0.22459697723388672,
      0.22429990768432617,
      0.2736639976501465,
      0.19432401657104492,
      0.19973206520080566
    ],
    "test_r": [
      0.7757977207205344,
      0.7168108601743701,
      0.7322391956055692,
      0.6778035423967679,
      0.8291157884425302
    ],
    "test_r2": [
      0.5674295904169618,
      0.4953779280672179,
      0.5110008022277989,
      0.4454155807203646,
      0.652249503749166
    ],
    "test_rmse": [
      -0.07416195344055604,
      -0.07947526018664595,
      -0.07489792283606521,
      -0.08261642496600978,
      -0.054832966670957876
    ],
    "test_mae": [
      -0.048716854856813506,
      -0.0503468810899696,
      -0.04864868116160261,
      -0.051190442718347696,
      -0.039893778459816835
    ]
  },
  "r_avg": 0.7464604893146548,
  "r_stdev": 0.03404143621825908,
  "r_stderr": 0.012866453500711514,
  "r2_avg": 0.5342632132584703,
  "r2_stdev": 0.048323287012449125,
  "r2_stderr": 0.018264485709733966,
  "rmse_avg": 0.07319620544712797,
  "rmse_stdev": 0.00781060303137061,
  "rmse_stderr": 0.002952130458636265,
  "mae_avg": 0.04741319100313376,
  "mae_stdev": 0.004435746968852358,
  "mae_stderr": 0.0016765547654845584
}