{
  "6": {
    "fit_time": [
      8.644431591033936,
      8.496319055557251,
      8.689279794692993,
      8.007200241088867,
      7.836483478546143
    ],
    "score_time": [
      0.028309106826782227,
      0.02802753448486328,
      0.02821636199951172,
      0.027343273162841797,
      0.02730417251586914
    ],
    "test_r": [
      0.7354960322179582,
      0.760169323274253,
      0.77286184081901,
      0.7701553689893971,
      0.7273358086283277
    ],
    "test_r2": [
      0.5365147091539022,
      0.5751404133115026,
      0.5927008452031881,
      0.5883301571629166,
      0.5212232109868626
    ],
    "test_rmse": [
      -0.06374092528803216,
      -0.07896118344129177,
      -0.06668985572603207,
      -0.07312552956226377,
      -0.07066071046990152
    ],
    "test_mae": [
      -0.04173475617596082,
      -0.05200326458471162,
      -0.044587885456425815,
      -0.047027202881134315,
      -0.04675628286653811
    ]
  },
  "13": {
    "fit_time": [
      8.592867374420166,
      8.296527862548828,
      8.305706977844238,
      8.406652688980103,
      7.869161605834961
    ],
    "score_time": [
      0.027994155883789062,
      0.028327226638793945,
      0.027410268783569336,
      0.027471542358398438,
      0.027287721633911133
    ],
    "test_r": [
      0.8250886760800167,
      0.6809011879520848,
      0.8330297595816133,
      0.7712213427189956,
      0.6515950513418223
    ],
    "test_r2": [
      0.6669715593472717,
      0.4477448076591416,
      0.6924637012667585,
      0.5774124281705733,
      0.3493646275674348
    ],
    "test_rmse": [
      -0.06317401883268148,
      -0.08745192457833466,
      -0.06236978230830674,
      -0.06796477671276736,
      -0.07545141329398045
    ],
    "test_mae": [
      -0.042941459498235156,
      -0.0550507439332349,
      -0.03909697723388672,
      -0.04441957355189968,
      -0.04686839032387949
    ]
  },
  "42": {
    "fit_time": [
      8.277876377105713,
      8.594324827194214,
      8.463176965713501,
      8.377642393112183,
      8.107451438903809
    ],
    "score_time": [
      0.02769017219543457,
      0.028019189834594727,
      0.028072595596313477,
      0.027643442153930664,
      0.027194738388061523
    ],
    "test_r": [
      0.8076190057710875,
      0.8101272490921545,
      0.7055836032611926,
      0.7698699922415785,
      0.7500191627610364
    ],
    "test_r2": [
      0.6493482873456781,
      0.6376532080502266,
      0.4547650811835181,
      0.5873014923072788,
      0.5507928970213379
    ],
    "test_rmse": [
      -0.06249042266353739,
      -0.06054276243693182,
      -0.07671587501405255,
      -0.07169424537216462,
      -0.07753453200193798
    ],
    "test_mae": [
      -0.042778194989476895,
      -0.03806724085978099,
      -0.051275287168366566,
      -0.04493872368013536,
      -0.05181413034920221
    ]
  },
  "69": {
    "fit_time": [
      8.329622983932495,
      8.387484550476074,
      8.180140972137451,
      8.338552236557007,
      7.858919620513916
    ],
    "score_time": [
      0.02806878089904785,
      0.028352975845336914,
      0.027592182159423828,
      0.027076005935668945,
      0.027325153350830078
    ],
    "test_r": [
      0.7871499901827714,
      0.8049676832773488,
      0.8168521085392326,
      0.7276358337341767,
      0.8133574330068393
    ],
    "test_r2": [
      0.6021954108309628,
      0.6456800396654215,
      0.6608902956419798,
      0.5118203776383872,
      0.6582189609527046
    ],
    "test_rmse": [
      -0.06230248054751272,
      -0.07452411787925811,
      -0.06088215556548709,
      -0.06622619378958224,
      -0.06572501395745774
    ],
    "test_mae": [
      -0.04200430509448051,
      -0.0506202497610024,
      -0.0419303967825004,
      -0.04459756908760416,
      -0.04411576741880125
    ]
  },
  "420": {
    "fit_time": [
      8.522842168807983,
      8.122887134552002,
      8.547016620635986,
      8.36498475074768,
      7.883869409561157
    ],
    "score_time": [
      0.028012514114379883,
      0.02940678596496582,
      0.027625560760498047,
      0.0276792049407959,
      0.027253150939941406
    ],
    "test_r": [
      0.7643380334868712,
      0.8283031019093006,
      0.7507725409234343,
      0.8130575187753826,
      0.6801277623932448
    ],
    "test_r2": [
      0.5694047852501335,
      0.6675944627784995,
      0.5589103721867688,
      0.6573258394827591,
      0.3758193188220288
    ],
    "test_rmse": [
      -0.06712505499515346,
      -0.07456296854801804,
      -0.062844873530084,
      -0.0666059378862606,
      -0.07537566882533296
    ],
    "test_mae": [
      -0.04509012140972274,
      -0.047439644017389836,
      -0.045996808984449945,
      -0.041224232433078524,
      -0.04545242239977864
    ]
  },
  "1234567890": {
    "fit_time": [
      8.577388525009155,
      8.28822922706604,
      8.448118925094604,
      8.227001667022705,
      7.880788087844849
    ],
    "score_time": [
      0.028136730194091797,
      0.028174877166748047,
      0.027592897415161133,
      0.027504444122314453,
      0.027188539505004883
    ],
    "test_r": [
      0.745513814562677,
      0.6939574057005848,
      0.7584680013402438,
      0.859515857683759,
      0.748621573211438
    ],
    "test_r2": [
      0.5531452557642089,
      0.47020802571694853,
      0.5510909393881115,
      0.7288012893161424,
      0.5535823503616821
    ],
    "test_rmse": [
      -0.07542586000663541,
      -0.07389467903887699,
      -0.07050504329074375,
      -0.06005463548069082,
      -0.06923640638190694
    ],
    "test_mae": [
      -0.04988937187620572,
      -0.04470345256584031,
      -0.045208384262663985,
      -0.04287722318666475,
      -0.04936624313045194
    ]
  },
  "473129": {
    "fit_time": [
      8.50070834159851,
      8.340734004974365,
      8.466862201690674,
      8.285983085632324,
      7.833521842956543
    ],
    "score_time": [
      0.028316736221313477,
      0.02842879295349121,
      0.028024911880493164,
      0.02750086784362793,
      0.02704787254333496
    ],
    "test_r": [
      0.7463344711223387,
      0.6330731080769922,
      0.8125552311098889,
      0.7790500249471084,
      0.791626077370614
    ],
    "test_r2": [
      0.5287591239228671,
      0.3773464924401586,
      0.6482763811189856,
      0.6065575845633101,
      0.625301894530994
    ],
    "test_rmse": [
      -0.07740593022947113,
      -0.08828197829638824,
      -0.0635208742329311,
      -0.06958620540581395,
      -0.05691786652772888
    ],
    "test_mae": [
      -0.05064553075603077,
      -0.05566001738820757,
      -0.04223466736929758,
      -0.04735139581749031,
      -0.040223343037270216
    ]
  },
  "r_avg": 0.7636100278881365,
  "r_stdev": 0.05237262682577765,
  "r_stderr": 0.019794992298313968,
  "r2_avg": 0.5708187607460184,
  "r2_stdev": 0.0900563816957793,
  "r2_stderr": 0.03403811284876304,
  "rmse_avg": 0.06970205434621572,
  "rmse_stdev": 0.00735653822125791,
  "rmse_stderr": 0.0027805100919699836,
  "mae_avg": 0.04588546458090857,
  "mae_stdev": 0.00422179296620071,
  "mae_stderr": 0.0015956877536241136
}