{
  "6": {
    "fit_time": [
      33.85661220550537,
      37.86582636833191,
      39.401524782180786,
      34.325254678726196,
      24.14371681213379
    ],
    "score_time": [
      0.09372854232788086,
      0.062483787536621094,
      0.062486886978149414,
      0.07810544967651367,
      0.04683852195739746
    ],
    "test_r": [
      0.48395495919296166,
      0.45663220768974994,
      0.3077549733770686,
      0.601324166368356,
      0.38858040591465987
    ],
    "test_r2": [
      0.21805252751197923,
      0.19877714372863053,
      0.09330617042444456,
      0.3580538998962264,
      0.13123543754818512
    ],
    "test_rmse": [
      -0.082792152844507,
      -0.10843453028017994,
      -0.09950235360075287,
      -0.09131534826240739,
      -0.09518368287533135
    ],
    "test_mae": [
      -0.0532684218287468,
      -0.07242952218226024,
      -0.07018415244988033,
      -0.06144131376507047,
      -0.0654725111067832
    ]
  },
  "13": {
    "fit_time": [
      34.4289608001709,
      43.3579638004303,
      51.22056221961975,
      31.773332357406616,
      29.365265607833862
    ],
    "score_time": [
      0.09372949600219727,
      0.06248807907104492,
      0.09372735023498535,
      0.09373044967651367,
      0.04687070846557617
    ],
    "test_r": [
      0.3424415705258229,
      0.5205472936706765,
      0.5169531545935229,
      0.5327864754465333,
      0.4670006374509735
    ],
    "test_r2": [
      0.10681010924164647,
      0.2686323484093115,
      0.2585674494819934,
      0.281980953894151,
      0.21288506036308952
    ],
    "test_rmse": [
      -0.10345934941810568,
      -0.10063923837498925,
      -0.09684157875698865,
      -0.08859179810496597,
      -0.08298844395177056
    ],
    "test_mae": [
      -0.06962039485999516,
      -0.07307578614354135,
      -0.0662522522509098,
      -0.0604184681059004,
      -0.054637787750175394
    ]
  },
  "42": {
    "fit_time": [
      34.304473638534546,
      35.19489669799805,
      53.43415379524231,
      32.039379596710205,
      23.342041015625
    ],
    "score_time": [
      0.07810759544372559,
      0.0624845027923584,
      0.06248736381530762,
      0.10934901237487793,
      0.046863555908203125
    ],
    "test_r": [
      0.5857111297549292,
      0.5661060884011364,
      0.45427670410161125,
      0.5131456320883172,
      0.2800445721834608
    ],
    "test_r2": [
      0.3140139938543862,
      0.3044393685403959,
      0.16890815212373378,
      0.2503386643826393,
      0.06344766594533624
    ],
    "test_rmse": [
      -0.08740436220027814,
      -0.08388175710425602,
      -0.09471481671528315,
      -0.0966274246704451,
      -0.11195355470760336
    ],
    "test_mae": [
      -0.06046404212287494,
      -0.054853609962122775,
      -0.06639420747331211,
      -0.06803271715490668,
      -0.07269930623028731
    ]
  },
  "69": {
    "fit_time": [
      39.460240602493286,
      38.05978345870972,
      31.41692328453064,
      31.219293117523193,
      29.995811700820923
    ],
    "score_time": [
      0.0625147819519043,
      0.07810497283935547,
      0.07810711860656738,
      0.08827662467956543,
      0.03124070167541504
    ],
    "test_r": [
      0.45857794023894755,
      0.5447270420875201,
      0.5502517877330182,
      0.35398688685949664,
      0.4160451714294107
    ],
    "test_r2": [
      0.20031478982074669,
      0.2945496103613603,
      0.2971420642694277,
      0.0806799113296599,
      0.16628903167488318
    ],
    "test_rmse": [
      -0.08833442284068276,
      -0.10515556801128366,
      -0.08765035667047649,
      -0.09088105233338924,
      -0.10265130187902352
    ],
    "test_mae": [
      -0.06228034136550768,
      -0.06993629156691687,
      -0.061253462344408045,
      -0.06084261883486499,
      -0.0720863963161503
    ]
  },
  "420": {
    "fit_time": [
      21.215813398361206,
      32.07245945930481,
      33.50962209701538,
      35.55602288246155,
      34.22518825531006
    ],
    "score_time": [
      0.062485694885253906,
      0.09372758865356445,
      0.06248950958251953,
      0.06252217292785645,
      0.04686379432678223
    ],
    "test_r": [
      0.38198325558956403,
      0.5714348306233907,
      0.49960168048008746,
      0.4675876526307158,
      0.4172184245811744
    ],
    "test_r2": [
      0.1350625459077066,
      0.3084600915960194,
      0.23420039398686077,
      0.21855547870995407,
      0.16475963826923368
    ],
    "test_rmse": [
      -0.09513545656753931,
      -0.10754684868432199,
      -0.08280641887348437,
      -0.10058224957466881,
      -0.0871930267621253
    ],
    "test_mae": [
      -0.06512625160813332,
      -0.0715706346801349,
      -0.05520859407952854,
      -0.06747128654170681,
      -0.0643991472312996
    ]
  },
  "1234567890": {
    "fit_time": [
      39.1131649017334,
      31.37045693397522,
      36.92618441581726,
      40.26914834976196,
      24.42508363723755
    ],
    "score_time": [
      0.0624852180480957,
      0.06248593330383301,
      0.09372282028198242,
      0.06248140335083008,
      0.03124213218688965
    ],
    "test_r": [
      0.562033517984874,
      0.5126740943667933,
      0.44444695722855465,
      0.4572930209015608,
      0.36815537191779935
    ],
    "test_r2": [
      0.3065225481595568,
      0.2615359390678451,
      0.1855140445552429,
      0.207519118415324,
      0.12663541584116733
    ],
    "test_rmse": [
      -0.09396221727010284,
      -0.08724190932874595,
      -0.09496920402192328,
      -0.1026590218362449,
      -0.09684152692792497
    ],
    "test_mae": [
      -0.06148377870661873,
      -0.05999429282546043,
      -0.0663354614334447,
      -0.07109989311458828,
      -0.06977093355075734
    ]
  },
  "473129": {
    "fit_time": [
      36.96010136604309,
      35.4916877746582,
      34.882458209991455,
      30.336649656295776,
      28.805750370025635
    ],
    "score_time": [
      0.04685211181640625,
      0.07810163497924805,
      0.10934209823608398,
      0.14058470726013184,
      0.046862125396728516
    ],
    "test_r": [
      0.5176439444847722,
      0.5256721639127089,
      0.444640862975675,
      0.4787446891554373,
      0.5259628576809454
    ],
    "test_r2": [
      0.26189796604266813,
      0.2403379282309609,
      0.13724800917637736,
      0.21227629744427257,
      0.22514390241938975
    ],
    "test_rmse": [
      -0.09687483099450608,
      -0.09751222339073128,
      -0.09948524760878619,
      -0.09846219714569326,
      -0.08184994497339121
    ],
    "test_mae": [
      -0.06615138110092708,
      -0.06899452779122763,
      -0.06654556181175368,
      -0.0678756796132337,
      -0.059054793336369975
    ]
  },
  "r_avg": 0.4718840606749208,
  "r_stdev": 0.07877178963882099,
  "r_stderr": 0.02977293795883068,
  "r2_avg": 0.21411696201785163,
  "r2_stdev": 0.07322359334873878,
  "r2_stderr": 0.027675916871898007,
  "rmse_avg": -0.09491786907322598,
  "rmse_stdev": 0.0078197911742453,
  "rmse_stderr": 0.002955603250215831,
  "mae_avg": -0.06504930917827999,
  "mae_stdev": 0.00551424435589086,
  "mae_stderr": 0.0020841884620183943
}