{
  "6": {
    "fit_time": [
      5.55109715461731,
      5.297648906707764,
      5.568447113037109,
      5.419436931610107,
      5.017513036727905
    ],
    "score_time": [
      0.012421846389770508,
      0.018517017364501953,
      0.012327194213867188,
      0.014233827590942383,
      0.023596763610839844
    ],
    "test_r": [
      0.5214501642404124,
      0.5088817535295309,
      0.609687101678295,
      0.6755829635165825,
      0.5422426819076471
    ],
    "test_r2": [
      0.24490296326803418,
      0.2392724289191297,
      0.3713313547323578,
      0.4526673038243588,
      0.26889435924258465
    ],
    "test_rmse": [
      -0.08135828187418097,
      -0.10565876156103086,
      -0.08285408465275337,
      -0.08431797999915878,
      -0.08731754632278999
    ],
    "test_mae": [
      -0.053284167698479754,
      -0.0773735232829688,
      -0.0604730044658085,
      -0.06051620654159621,
      -0.06070937441187328
    ]
  },
  "13": {
    "fit_time": [
      4.732290029525757,
      4.567002296447754,
      4.928247928619385,
      4.927295923233032,
      4.78339409828186
    ],
    "score_time": [
      0.0161588191986084,
      0.018392086029052734,
      0.0125579833984375,
      0.011502742767333984,
      0.014364957809448242
    ],
    "test_r": [
      0.5569437236880604,
      0.5959626451385942,
      0.6221740920864196,
      0.5577949273444941,
      0.6128542570059465
    ],
    "test_r2": [
      0.3036102553697345,
      0.3522489727239535,
      0.3833868094363895,
      0.29106024926710095,
      0.35732647307618404
    ],
    "test_rmse": [
      -0.09135325515980429,
      -0.09471167621256134,
      -0.088314586947004,
      -0.08802989793606279,
      -0.07498834161932957
    ],
    "test_mae": [
      -0.0650689406407418,
      -0.06971274323727528,
      -0.06160335282827477,
      -0.06177930879405247,
      -0.050074540678318874
    ]
  },
  "42": {
    "fit_time": [
      4.426039934158325,
      4.764297008514404,
      4.777891159057617,
      4.816102027893066,
      4.872873067855835
    ],
    "score_time": [
      0.0194551944732666,
      0.016189098358154297,
      0.012562036514282227,
      0.011570930480957031,
      0.010596990585327148
    ],
    "test_r": [
      0.6684527171556142,
      0.6661821650592807,
      0.5147285650778546,
      0.5608225304889007,
      0.456722132629156
    ],
    "test_r2": [
      0.44311409567231186,
      0.38790882654506265,
      0.20039110244901115,
      0.3004428711400028,
      0.20344668443929526
    ],
    "test_rmse": [
      -0.07875145609866338,
      -0.07868792282759789,
      -0.09290353108801376,
      -0.09334250290340033,
      -0.10324743882052902
    ],
    "test_mae": [
      -0.05696833809403034,
      -0.05161748616664117,
      -0.06447953617743307,
      -0.06868182895448426,
      -0.07064724652943719
    ]
  },
  "69": {
    "fit_time": [
      4.798542022705078,
      4.416056871414185,
      4.69486403465271,
      4.856506824493408,
      4.510119199752808
    ],
    "score_time": [
      0.012469768524169922,
      0.016509056091308594,
      0.015152931213378906,
      0.011621236801147461,
      0.01794576644897461
    ],
    "test_r": [
      0.6227857862705827,
      0.6360766592808709,
      0.6465843182943837,
      0.5366413732084054,
      0.5194491261729456
    ],
    "test_r2": [
      0.3700408963627597,
      0.4039759963699304,
      0.39826303943266717,
      0.28245640082994516,
      0.26333368822786984
    ],
    "test_rmse": [
      -0.07840190621426389,
      -0.09665646550512524,
      -0.08110044839225365,
      -0.08029049204176714,
      -0.0964921779320535
    ],
    "test_mae": [
      -0.05523592877644745,
      -0.06550462262222875,
      -0.058563133862796705,
      -0.05850708017921751,
      -0.0700959780670889
    ]
  },
  "420": {
    "fit_time": [
      4.953891038894653,
      5.056417226791382,
      5.089550971984863,
      4.915678024291992,
      4.603951930999756
    ],
    "score_time": [
      0.014344930648803711,
      0.012852907180786133,
      0.011752128601074219,
      0.014914989471435547,
      0.015815019607543945
    ],
    "test_r": [
      0.4316251747413421,
      0.6786467862416332,
      0.5640138782822469,
      0.6838583013718849,
      0.48783659233236054
    ],
    "test_r2": [
      0.14423290692674273,
      0.45012041710699924,
      0.30646878489964013,
      0.4633359481035937,
      0.14672323109143415
    ],
    "test_rmse": [
      -0.09462978343514274,
      -0.09590093966806977,
      -0.078802399237837,
      -0.08335343885803408,
      -0.08812943345584001
    ],
    "test_mae": [
      -0.06391263098856056,
      -0.06433434318258845,
      -0.05544170150429485,
      -0.058321473366052125,
      -0.06381653321813745
    ]
  },
  "1234567890": {
    "fit_time": [
      4.534980297088623,
      4.69452691078186,
      4.270916223526001,
      4.804516792297363,
      4.624057054519653
    ],
    "score_time": [
      0.01807093620300293,
      0.012178182601928711,
      0.02081775665283203,
      0.010319232940673828,
      0.016041994094848633
    ],
    "test_r": [
      0.5988897812700297,
      0.5456180387410654,
      0.6493062050040206,
      0.6097038981957237,
      0.4631451672774592
    ],
    "test_r2": [
      0.3558318477618688,
      0.27911040806087606,
      0.4096146153413658,
      0.355427917506442,
      0.20522654420850706
    ],
    "test_rmse": [
      -0.09056006151207407,
      -0.08619753715431924,
      -0.08085535660849537,
      -0.09258453949123903,
      -0.09238160792921406
    ],
    "test_mae": [
      -0.061442039818193704,
      -0.060889238342445876,
      -0.05889054185779609,
      -0.0649082964669579,
      -0.06724975266114558
    ]
  },
  "473129": {
    "fit_time": [
      4.536174058914185,
      4.3686840534210205,
      4.825071096420288,
      4.797242879867554,
      4.811300039291382
    ],
    "score_time": [
      0.013760089874267578,
      0.014899015426635742,
      0.012068986892700195,
      0.013064146041870117,
      0.012463092803955078
    ],
    "test_r": [
      0.6332888733756183,
      0.6006991413426845,
      0.5755608001120671,
      0.5533068080516703,
      0.5953869741280986
    ],
    "test_r2": [
      0.3907057081487637,
      0.35630123526424295,
      0.2831240009787669,
      0.3032940709933779,
      0.30579324593976953
    ],
    "test_rmse": [
      -0.08801694927231545,
      -0.08976151520760166,
      -0.09068547254633255,
      -0.09259921800128956,
      -0.07747334037910593
    ],
    "test_mae": [
      -0.05927498330523057,
      -0.06171058417684856,
      -0.062259797585425596,
      -0.06504961224524976,
      -0.05580026837793773
    ]
  },
  "r_avg": 0.5800830315497681,
  "r_stdev": 0.06557381480968458,
  "r_stderr": 0.02478457235774709,
  "r2_avg": 0.32209673296174496,
  "r2_stdev": 0.08330704220466252,
  "r2_stderr": 0.031487102304842716,
  "rmse_avg": -0.08802029562472155,
  "rmse_stdev": 0.0073321013054571125,
  "rmse_stderr": 0.0027712738059673643,
  "mae_avg": -0.06183423254588742,
  "mae_stdev": 0.00562303375917911,
  "mae_stderr": 0.002125306991501226
}