{
  "6": {
    "fit_time": [
      0.024387836456298828,
      0.02440500259399414,
      0.022634029388427734,
      0.02526402473449707,
      0.024957895278930664
    ],
    "score_time": [
      0.01271510124206543,
      0.013225078582763672,
      0.014383077621459961,
      0.012696027755737305,
      0.010602951049804688
    ],
    "test_r": [
      0.31240998937030245,
      0.39658024428848726,
      0.39336809410180495,
      0.3950451594040228,
      0.43932915565828184
    ],
    "test_r2": [
      0.017744768843507952,
      0.119200697726624,
      0.12024311141216493,
      0.12301423507827025,
      0.14141876461446723
    ],
    "test_rmse": [
      -0.09279243274467772,
      -0.11369187229896625,
      -0.09801315326949205,
      -0.10673104691310978,
      -0.09462418506195786
    ],
    "test_mae": [
      -0.0660016575613195,
      -0.08269007505881706,
      -0.07099934552571281,
      -0.0738679004541463,
      -0.06980735431455204
    ]
  },
  "13": {
    "fit_time": [
      0.03146171569824219,
      0.03136181831359863,
      0.03265500068664551,
      0.030698060989379883,
      0.03171086311340332
    ],
    "score_time": [
      0.01728534698486328,
      0.016408205032348633,
      0.017601966857910156,
      0.0157930850982666,
      0.012717723846435547
    ],
    "test_r": [
      0.35995356480324003,
      0.4510831003054988,
      0.4332031095940554,
      0.41903069926713005,
      0.31729603295802566
    ],
    "test_r2": [
      0.053906885984682074,
      0.1989616791268416,
      0.1706507372452578,
      0.14091395982738097,
      -0.02537037227461325
    ],
    "test_rmse": [
      -0.10647920118729362,
      -0.1053237016156358,
      -0.10242235752600827,
      -0.09690448218138996,
      -0.09471939732104451
    ],
    "test_mae": [
      -0.07490863905856536,
      -0.08127829871229195,
      -0.07673983865193212,
      -0.06953786816201184,
      -0.06476477322129776
    ]
  },
  "42": {
    "fit_time": [
      0.03713583946228027,
      0.037255287170410156,
      0.03756093978881836,
      0.03672504425048828,
      0.03590703010559082
    ],
    "score_time": [
      0.019138097763061523,
      0.01996898651123047,
      0.019071102142333984,
      0.018382787704467773,
      0.018037080764770508
    ],
    "test_r": [
      0.6338318537134822,
      0.38076300898484083,
      0.4460768635310633,
      0.4803051644723783,
      0.27877211454164275
    ],
    "test_r2": [
      0.3821200693693996,
      0.012241374493881185,
      0.13309274999218002,
      0.2264413022129389,
      0.04789060355524377
    ],
    "test_rmse": [
      -0.08295212663045307,
      -0.09995981371157554,
      -0.09673412987096552,
      -0.09815546514507136,
      -0.1128795548452265
    ],
    "test_mae": [
      -0.06013625766894194,
      -0.0700811095107713,
      -0.07043005914130011,
      -0.07221140491755795,
      -0.07795635755552337
    ]
  },
  "69": {
    "fit_time": [
      0.03381800651550293,
      0.03379106521606445,
      0.033915042877197266,
      0.03456568717956543,
      0.03015589714050293
    ],
    "score_time": [
      0.023380041122436523,
      0.019534826278686523,
      0.02432703971862793,
      0.021290063858032227,
      0.021154165267944336
    ],
    "test_r": [
      0.4202200059452169,
      0.6134712679116907,
      0.3023334637102893,
      0.3627330174294662,
      0.37776976429058884
    ],
    "test_r2": [
      0.15554576888367388,
      0.3600427310409723,
      0.039704387032693855,
      0.006599776931052959,
      0.11776206500432185
    ],
    "test_rmse": [
      -0.09077337892591136,
      -0.10015543532910028,
      -0.10245245834784811,
      -0.0944717800890141,
      -0.10559651078472457
    ],
    "test_mae": [
      -0.06692157069925175,
      -0.07220137446794432,
      -0.07445120793452799,
      -0.07049496808959908,
      -0.07609500060842467
    ]
  },
  "420": {
    "fit_time": [
      0.0268399715423584,
      0.024699926376342773,
      0.02484416961669922,
      0.02537393569946289,
      0.01950693130493164
    ],
    "score_time": [
      0.018471956253051758,
      0.017704010009765625,
      0.01795196533203125,
      0.01810598373413086,
      0.01736903190612793
    ],
    "test_r": [
      0.39117813190627265,
      0.5056581858079886,
      0.2730860170248664,
      0.5073402023000924,
      0.35797178483745945
    ],
    "test_r2": [
      0.03560406177561315,
      0.24579963914497072,
      -0.07282012750191091,
      0.24414254647721845,
      0.04919789837824873
    ],
    "test_rmse": [
      -0.10045643023250243,
      -0.11231362204400604,
      -0.09800988740340699,
      -0.0989218476093326,
      -0.0930295850542404
    ],
    "test_mae": [
      -0.06964636025510683,
      -0.08038450903554205,
      -0.07112129586934428,
      -0.07001652695423172,
      -0.06844853411169727
    ]
  },
  "1234567890": {
    "fit_time": [
      0.018980979919433594,
      0.02699589729309082,
      0.02718329429626465,
      0.028986215591430664,
      0.025506019592285156
    ],
    "score_time": [
      0.016221046447753906,
      0.014923095703125,
      0.014829874038696289,
      0.013901710510253906,
      0.015822887420654297
    ],
    "test_r": [
      0.373647395357984,
      0.5181975327890489,
      0.48995360037147606,
      0.4056602023560977,
      0.3413855065280825
    ],
    "test_r2": [
      0.10602202707046926,
      0.25665931685568977,
      0.2123433705193395,
      0.13531075498909007,
      0.07533601250840039
    ],
    "test_rmse": [
      -0.10668429538975034,
      -0.0875294966210184,
      -0.09339195449754824,
      -0.10723406109782867,
      -0.09964506891974444
    ],
    "test_mae": [
      -0.07696598319053412,
      -0.06379856969182497,
      -0.06922090990069411,
      -0.07279775752267606,
      -0.07393856084625819
    ]
  },
  "473129": {
    "fit_time": [
      0.030546188354492188,
      0.029326200485229492,
      0.029539823532104492,
      0.03029465675354004,
      0.02973484992980957
    ],
    "score_time": [
      0.017511844635009766,
      0.01769280433654785,
      0.01707005500793457,
      0.017322063446044922,
      0.01566314697265625
    ],
    "test_r": [
      0.4853363939274149,
      0.38827440095712473,
      0.365424849048994,
      0.2995751833907607,
      0.47437097431545333
    ],
    "test_r2": [
      0.1921139263221826,
      0.1233337188594793,
      0.06816463160669617,
      0.04842657488981472,
      0.1687252191016444
    ],
    "test_rmse": [
      -0.10135094857051669,
      -0.1047528839988334,
      -0.10339160932388691,
      -0.10821905028487809,
      -0.08477741436702677
    ],
    "test_mae": [
      -0.07344073798635078,
      -0.07233493789162028,
      -0.0726284491869572,
      -0.07809261807915345,
      -0.06481042331308663
    ]
  },
  "r_avg": 0.4111610295771607,
  "r_stdev": 0.08354055908605143,
  "r_stderr": 0.031575363389855636,
  "r2_avg": 0.12658528191708251,
  "r2_stdev": 0.09927401860143069,
  "r2_stderr": 0.03752205212419797,
  "rmse_avg": -0.0998725896918282,
  "rmse_stdev": 0.007351095650903158,
  "rmse_stderr": 0.002778452993734034,
  "mae_avg": -0.07197774957570194,
  "mae_stdev": 0.004947864804842137,
  "mae_stderr": 0.0018701171134830612
}