{
  "6": {
    "fit_time": [
      0.04625201225280762,
      0.047412872314453125,
      0.04580974578857422,
      0.040921926498413086,
      0.041259050369262695
    ],
    "score_time": [
      0.008037805557250977,
      0.007798194885253906,
      0.007730007171630859,
      0.00734710693359375,
      0.007447004318237305
    ],
    "test_r": [
      0.05423771283334596,
      -0.04751221741687068,
      0.045608384067428565,
      -0.04989214344296622,
      0.05175698494466624
    ],
    "test_r2": [
      -2.6268354398604555e+25,
      -1.4825482638723414e+25,
      -6.0297813992901805e+25,
      -1.2183600630621664e+25,
      -2.965338705097146e+24
    ],
    "test_rmse": [
      -479862507492.58655,
      -466439539491.6593,
      -811435132508.8123,
      -397816071855.02844,
      -175852525198.2693
    ],
    "test_mae": [
      -153637915895.5241,
      -172056372559.10294,
      -276950421926.2014,
      -159063912123.64706,
      -83492174569.63596
    ]
  },
  "13": {
    "fit_time": [
      0.05189776420593262,
      0.051428794860839844,
      0.05118203163146973,
      0.05466794967651367,
      0.04994606971740723
    ],
    "score_time": [
      0.007822036743164062,
      0.007925033569335938,
      0.008184671401977539,
      0.009000301361083984,
      0.008085966110229492
    ],
    "test_r": [
      0.01948052369747806,
      -0.06307046843323816,
      0.010590158661624133,
      -0.09216360995492334,
      0.1916427797817197
    ],
    "test_r2": [
      -2.6584116023794136e+25,
      -1.8251077942946328e+25,
      -7.048341361344351e+25,
      -1.5450194821394097e+25,
      -1.2335168511998047e+24
    ],
    "test_rmse": [
      -564428526967.7512,
      -502740331927.38556,
      -944211968977.3604,
      -410953339772.2963,
      -103889363916.53569
    ],
    "test_mae": [
      -223632046215.77203,
      -178373565282.29416,
      -344421499181.1935,
      -170238306327.54398,
      -47450744063.70069
    ]
  },
  "42": {
    "fit_time": [
      0.045713186264038086,
      0.0548090934753418,
      0.052919864654541016,
      0.051236867904663086,
      0.050668954849243164
    ],
    "score_time": [
      0.01372981071472168,
      0.008762121200561523,
      0.008669137954711914,
      0.008311033248901367,
      0.008006095886230469
    ],
    "test_r": [
      0.0004751095176888931,
      -0.07750203314321476,
      0.00023759446770273834,
      -0.05748338620680612,
      -0.08048902048832261
    ],
    "test_r2": [
      -1.0938764869458884e+26,
      -9.78792161505881e+24,
      -2.337625689547041e+23,
      -1.9874816665196643e+25,
      -1.8809064608628242e+25
    ],
    "test_rmse": [
      -1103721807483.6992,
      -314662699412.82043,
      -50232049460.32246,
      -497530161917.3889,
      -501713123916.21155
    ],
    "test_mae": [
      -393518349303.77234,
      -95373625017.49121,
      -26767000692.94702,
      -237755772950.90527,
      -222591590176.68497
    ]
  },
  "69": {
    "fit_time": [
      0.0524439811706543,
      0.051085710525512695,
      0.05069398880004883,
      0.05213117599487305,
      0.05360102653503418
    ],
    "score_time": [
      0.0075681209564208984,
      0.007547140121459961,
      0.007570743560791016,
      0.0087127685546875,
      0.008301973342895508
    ],
    "test_r": [
      0.04205730924272375,
      0.032888605571012704,
      -0.0522806977523932,
      0.019390201310795854,
      0.0034089900018760503
    ],
    "test_r2": [
      -3.8384950579209044e+24,
      -1.091812982250791e+25,
      -9.715927820622346e+24,
      -2.7244653488257104e+25,
      -2.0118767260646766e+25
    ],
    "test_rmse": [
      -193531176468.51483,
      -413688227132.9672,
      -325883259308.76605,
      -494744091581.9114,
      -504263330012.7039
    ],
    "test_mae": [
      -83030137684.10367,
      -175048040136.63406,
      -154681667403.8108,
      -201703068472.17224,
      -156733143323.77783
    ]
  },
  "420": {
    "fit_time": [
      0.04841899871826172,
      0.05348491668701172,
      0.052751779556274414,
      0.05101418495178223,
      0.049719810485839844
    ],
    "score_time": [
      0.0078051090240478516,
      0.007699012756347656,
      0.008415937423706055,
      0.007577180862426758,
      0.008144140243530273
    ],
    "test_r": [
      0.13923975553388906,
      0.08522169031304327,
      0.1861138651786689,
      -0.07913961001408593,
      0.06780693955635035
    ],
    "test_r2": [
      -6.341519946601531e+25,
      -1.1665642472278446e+25,
      -2.4628444318774476e+25,
      -1.1055655552450227e+25,
      -5.639355832152391e+24
    ],
    "test_rmse": [
      -814604371495.755,
      -441716270122.075,
      -469596578390.7183,
      -378324545498.3698,
      -226563928561.73517
    ],
    "test_mae": [
      -328280520103.6996,
      -147232729754.73135,
      -171718463735.09256,
      -162141748868.65173,
      -101910359576.42682
    ]
  },
  "1234567890": {
    "fit_time": [
      0.055409908294677734,
      0.0525820255279541,
      0.0506899356842041,
      0.05109810829162598,
      0.05709195137023926
    ],
    "score_time": [
      0.007853269577026367,
      0.008700132369995117,
      0.008204936981201172,
      0.007811784744262695,
      0.007748126983642578
    ],
    "test_r": [
      0.12198055621721257,
      -0.09910232343613878,
      -0.06273721717013421,
      -0.033661488593458994,
      -0.0844692855580061
    ],
    "test_r2": [
      -3.838214881175631e+24,
      -6.17260477926033e+24,
      -1.8123282001228285e+25,
      -5.225843286770982e+25,
      -2.1982827231284838e+26
    ],
    "test_rmse": [
      -221055704452.9013,
      -252228823996.92072,
      -447980821808.80066,
      -833644551243.7578,
      -1536404651693.3076
    ],
    "test_mae": [
      -100402975080.71837,
      -99135531345.55202,
      -136005324776.14644,
      -369046716486.87024,
      -590887225501.1617
    ]
  },
  "473129": {
    "fit_time": [
      0.05325794219970703,
      0.052944183349609375,
      0.05421113967895508,
      0.05174899101257324,
      0.05415606498718262
    ],
    "score_time": [
      0.008172035217285156,
      0.008055925369262695,
      0.007565021514892578,
      0.00789189338684082,
      0.007505893707275391
    ],
    "test_r": [
      0.016388785004192094,
      0.029798034178268075,
      0.09090000287389718,
      0.14170839248522438,
      -0.027252241213047732
    ],
    "test_r2": [
      -1.701444312198001e+25,
      -1.1693683997045534e+25,
      -5.590314697931503e+25,
      -7.254289853920438e+24,
      -1.183686645872525e+25
    ],
    "test_rmse": [
      -465116371586.4407,
      -382581983067.9386,
      -800818003990.256,
      -298799604331.712,
      -319908837965.3617
    ],
    "test_mae": [
      -183827696244.25516,
      -202517560220.20044,
      -270526496749.5708,
      -162102455288.9754,
      -153016402753.03592
    ]
  },
  "r_avg": 0.012690760931862907,
  "r_stdev": 0.07884153445519666,
  "r_stderr": 0.029799299021597236,
  "r2_avg": -2.853713234617109e+25,
  "r2_stdev": 4.026080622121318e+25,
  "r2_stderr": 1.5217154406327456e+25,
  "rmse_avg": -489912693800.2583,
  "rmse_stdev": 293174528997.95245,
  "rmse_stderr": 110809556352.4395,
  "mae_avg": -192436330279.77155,
  "mae_stdev": 108529574080.52782,
  "mae_stderr": 41020323273.26258
}