{
  "6": {
    "fit_time": [
      18.05624794960022,
      17.919835090637207,
      17.889284133911133,
      18.00637984275818,
      17.767909049987793
    ],
    "score_time": [
      0.2424788475036621,
      0.19093775749206543,
      0.20197796821594238,
      0.16867923736572266,
      0.2485949993133545
    ],
    "test_r": [
      0.36936208230799383,
      0.4692990244149789,
      0.5717828283744912,
      0.6368280017460378,
      0.4659322569910629
    ],
    "test_r2": [
      0.10605914149457407,
      0.21400530923517624,
      0.3021485354953246,
      0.39873969224127914,
      0.19529471896084227
    ],
    "test_rmse": [
      -0.08852272602626407,
      -0.10739912518620703,
      -0.0872940253889673,
      -0.08837425481492919,
      -0.0916072575135493
    ],
    "test_mae": [
      -0.06041035301051678,
      -0.07853046620559971,
      -0.06471678175362439,
      -0.061819748764476,
      -0.06545818926974285
    ]
  },
  "13": {
    "fit_time": [
      16.94854497909546,
      16.84864068031311,
      16.706835985183716,
      16.983754873275757,
      17.01182794570923
    ],
    "score_time": [
      0.18343615531921387,
      0.2530403137207031,
      0.22948288917541504,
      0.20932698249816895,
      0.23807001113891602
    ],
    "test_r": [
      0.6197676042255106,
      0.38762435699248,
      0.549610742897619,
      0.5461750120465534,
      0.40291976720043504
    ],
    "test_r2": [
      0.32180880811894075,
      0.05900180974997826,
      0.29074083594807143,
      0.2945553562559321,
      0.14300165695767864
    ],
    "test_rmse": [
      -0.09015169905215861,
      -0.11415471700136628,
      -0.09471712659717267,
      -0.08781263401439163,
      -0.08659414628275176
    ],
    "test_mae": [
      -0.06551553924711588,
      -0.08085110255240384,
      -0.06881404281750168,
      -0.06304728231211151,
      -0.05812551199470367
    ]
  },
  "42": {
    "fit_time": [
      16.952367782592773,
      16.957058906555176,
      16.989978790283203,
      17.05234980583191,
      17.016575813293457
    ],
    "score_time": [
      0.27463388442993164,
      0.21759796142578125,
      0.22250103950500488,
      0.2788221836090088,
      0.29436326026916504
    ],
    "test_r": [
      0.6645780115032867,
      0.5804093900361555,
      0.4698503879541809,
      0.47432442189668556,
      0.5121603125712558
    ],
    "test_r2": [
      0.38533723129131514,
      0.2463019404537179,
      0.17843909724796236,
      0.2080631376790567,
      0.2291334682998203
    ],
    "test_rmse": [
      -0.08273588824756026,
      -0.08731698296495521,
      -0.0941701568386303,
      -0.09931460689357502,
      -0.1015690657365557
    ],
    "test_mae": [
      -0.061245279598765974,
      -0.058416095785929066,
      -0.0678824518625506,
      -0.07291201551080634,
      -0.06921793307719627
    ]
  },
  "69": {
    "fit_time": [
      16.79257607460022,
      16.898571968078613,
      16.79292321205139,
      16.933276891708374,
      16.89720106124878
    ],
    "score_time": [
      0.31621503829956055,
      0.26894307136535645,
      0.25007176399230957,
      0.2023019790649414,
      0.21272611618041992
    ],
    "test_r": [
      0.5389027063917169,
      0.48716193238665945,
      0.5530941673228957,
      0.510581846699768,
      0.5113819577982438
    ],
    "test_r2": [
      0.26381293213106316,
      0.22318175014238273,
      0.27714258047597684,
      0.24762609260350266,
      0.24968498583099363
    ],
    "test_rmse": [
      -0.08475484537364195,
      -0.11034654627034897,
      -0.08888863413526797,
      -0.08221609301937732,
      -0.09738196253668982
    ],
    "test_mae": [
      -0.06206283538229968,
      -0.07541447117499667,
      -0.0655902195550169,
      -0.05938370264980468,
      -0.07159794619793389
    ]
  },
  "420": {
    "fit_time": [
      16.843899965286255,
      16.743499040603638,
      16.910597801208496,
      16.983433961868286,
      16.90656590461731
    ],
    "score_time": [
      0.2039501667022705,
      0.24493694305419922,
      0.27487897872924805,
      0.1803901195526123,
      0.19762301445007324
    ],
    "test_r": [
      0.3057354146930822,
      0.6107289149442832,
      0.5064669922413783,
      0.638156574087143,
      0.37084595934606107
    ],
    "test_r2": [
      0.05258691798853832,
      0.36174319992351345,
      0.24508711923779192,
      0.3532392659698699,
      0.044144686991625104
    ],
    "test_rmse": [
      -0.09956799081139558,
      -0.1033205693110405,
      -0.08221571757567057,
      -0.09150484546355975,
      -0.09327646882025213
    ],
    "test_mae": [
      -0.06907489954152811,
      -0.07328790855507626,
      -0.05961521734852286,
      -0.06481578930420966,
      -0.06963221306846229
    ]
  },
  "1234567890": {
    "fit_time": [
      16.822951793670654,
      16.92281198501587,
      16.856227159500122,
      16.893309116363525,
      16.959959268569946
    ],
    "score_time": [
      0.28789782524108887,
      0.2415759563446045,
      0.24422097206115723,
      0.23855996131896973,
      0.24417996406555176
    ],
    "test_r": [
      0.5451626247342463,
      0.49305474777228686,
      0.45948184960872346,
      0.5532830124425069,
      0.37009151517774225
    ],
    "test_r2": [
      0.26095691848876523,
      0.2418529014033114,
      0.18640521859272186,
      0.3055230420924997,
      0.13406665807428653
    ],
    "test_rmse": [
      -0.09700005086147669,
      -0.08839693731215563,
      -0.09491723427843088,
      -0.09610182727495198,
      -0.09642864653277604
    ],
    "test_mae": [
      -0.06915273079097514,
      -0.06067003818197723,
      -0.0700616231695818,
      -0.06747833868228657,
      -0.07254596281489267
    ]
  },
  "473129": {
    "fit_time": [
      16.94011926651001,
      16.661576986312866,
      16.911501169204712,
      16.974910974502563,
      17.000930786132812
    ],
    "score_time": [
      0.1873488426208496,
      0.1935281753540039,
      0.19385170936584473,
      0.17642807960510254,
      0.2220470905303955
    ],
    "test_r": [
      0.5662271152399292,
      0.40556227234122566,
      0.5765131190572821,
      0.4547459439653483,
      0.48762046234650097
    ],
    "test_r2": [
      0.31424171092757514,
      0.14773833685481064,
      0.30860395269015994,
      0.20463377018832596,
      0.19300909388893284
    ],
    "test_rmse": [
      -0.0933766501468945,
      -0.10328453860985799,
      -0.08905927314453932,
      -0.09893868631774695,
      -0.08352994292404217
    ],
    "test_mae": [
      -0.06835957382163668,
      -0.07092916659379363,
      -0.06267251625438232,
      -0.07037717382380954,
      -0.06333452150580898
    ]
  },
  "r_avg": 0.5047263808501644,
  "r_stdev": 0.08516765170079535,
  "r_stderr": 0.03219034659252453,
  "r2_avg": 0.23394033925503765,
  "r2_stdev": 0.08838996052183017,
  "r2_stderr": 0.033408264847939934,
  "rmse_avg": -0.09360691066511861,
  "rmse_stdev": 0.007832924738650538,
  "rmse_stderr": 0.0029605672709649895,
  "mae_avg": -0.06694341834800116,
  "mae_stdev": 0.00556051598732145,
  "mae_stderr": 0.0021016774948073346
}