{
  "6": {
    "fit_time": [
      0.7152421474456787,
      0.7130722999572754
    ],
    "score_time": [
      0.014338970184326172,
      0.015893936157226562
    ],
    "test_r": [
      0.48696081242367256,
      0.5160904303513372
    ],
    "test_r2": [
      0.12464786811869188,
      0.24272788020518288
    ],
    "test_rmse": [
      -0.10006041217965736,
      -0.09480426343325807
    ],
    "test_mae": [
      -0.06882260141919591,
      -0.06964007970167316
    ]
  },
  "r_avg": 0.5015256213875049,
  "r_stdev": 0.014564808963832304,
  "r_stderr": 0.005504980344494945,
  "r2_avg": 0.18368787416193738,
  "r2_stdev": 0.059040006043245497,
  "r2_stderr": 0.022315024770596874,
  "rmse_avg": 0.09743233780645771,
  "rmse_stdev": 0.002628074373199646,
  "rmse_stderr": 0.0009933187454954592,
  "mae_avg": 0.06923134056043453,
  "mae_stdev": 0.0004087391412386232,
  "mae_stderr": 0.0001544888741165003
}