fold,r,r2,rmse,mae
1.0,0.5113713309511639,0.25116483353198416,2.9411026313916264,2.348125198657171
2.0,0.5365601571443703,0.25608200914218937,2.32452639292871,1.8353267154641093
3.0,0.624101836540504,0.372403245745378,2.561154140934837,1.9469108426565582
4.0,0.5186723340963076,0.249995497350186,2.5437955075665952,2.0174000097904186
5.0,0.6128058417765189,0.37355997300679866,2.4045978855672154,1.8275659884656168
