{
  "6": {
    "fit_time": [
      4.116426944732666,
      4.414988040924072,
      4.097723960876465,
      3.999345064163208,
      4.049180030822754
    ],
    "score_time": [
      0.1829369068145752,
      0.18474483489990234,
      0.184722900390625,
      0.17401790618896484,
      0.19066286087036133
    ],
    "test_r": [
      0.6955754922697885,
      0.6958101404465872,
      0.7689854977407111,
      0.7749470974605472,
      0.6762263183739587
    ],
    "test_r2": [
      0.4749976151438855,
      0.4754326997881537,
      0.5841711194223513,
      0.5749657194113509,
      0.4539258475918059
    ],
    "test_rmse": [
      -2.147376547473311,
      -2.3472699617380077,
      -1.9470144553698303,
      -2.0539989994505716,
      -2.280931380545725
    ],
    "test_mae": [
      -1.5508880693863478,
      -1.769559609256658,
      -1.483968563949387,
      -1.487166745245541,
      -1.749138950060884
    ]
  },
  "13": {
    "fit_time": [
      4.110506772994995,
      4.111540079116821,
      4.084386110305786,
      3.9614131450653076,
      3.7752487659454346
    ],
    "score_time": [
      0.20389127731323242,
      0.18203401565551758,
      0.17845678329467773,
      0.17201685905456543,
      0.17397212982177734
    ],
    "test_r": [
      0.6860617096233228,
      0.7050107905226913,
      0.7633937517257363,
      0.7570147841081307,
      0.7208816573277993
    ],
    "test_r2": [
      0.4412497034939028,
      0.485022806136567,
      0.5707128662868906,
      0.5685403273239769,
      0.5035691545513195
    ],
    "test_rmse": [
      -2.312645560320147,
      -2.2271352206391475,
      -1.9165526572065323,
      -2.0705337173489538,
      -2.1837918508060348
    ],
    "test_mae": [
      -1.7283599293846028,
      -1.608942950975854,
      -1.5041265823771792,
      -1.5556660854218667,
      -1.639123678788638
    ]
  },
  "42": {
    "fit_time": [
      5.703217267990112,
      4.352926969528198,
      5.4459028244018555,
      5.047484874725342,
      3.8405990600585938
    ],
    "score_time": [
      0.23090887069702148,
      0.2035677433013916,
      0.17359304428100586,
      0.23283100128173828,
      0.19422698020935059
    ],
    "test_r": [
      0.7258459478992227,
      0.745060126808273,
      0.7080095810763462,
      0.7635578334947303,
      0.7485516838962442
    ],
    "test_r2": [
      0.5222128153428444,
      0.5260745049415678,
      0.466542885772796,
      0.5462188367958941,
      0.537842036975265
    ],
    "test_rmse": [
      -2.1694441763030685,
      -1.7748575907931394,
      -2.5385041384923457,
      -2.0101053016644297,
      -2.1640875926969523
    ],
    "test_mae": [
      -1.6852800893602924,
      -1.3921713253925572,
      -1.8029924167830285,
      -1.5062836615070438,
      -1.5693252696864173
    ]
  },
  "69": {
    "fit_time": [
      4.2279510498046875,
      6.214421033859253,
      4.985818862915039,
      5.5378077030181885,
      3.8631017208099365
    ],
    "score_time": [
      0.18707799911499023,
      0.26386380195617676,
      0.23955893516540527,
      0.20741820335388184,
      0.20404624938964844
    ],
    "test_r": [
      0.7887351835140828,
      0.7657004193519752,
      0.7504205433701869,
      0.7478536636466597,
      0.6221677590472234
    ],
    "test_r2": [
      0.614434795502862,
      0.5654173613902235,
      0.5335615056250664,
      0.5589428693283045,
      0.33963556107647164
    ],
    "test_rmse": [
      -1.8480466397678232,
      -2.090097707511209,
      -2.017666804811603,
      -2.158925996275495,
      -2.5108129015047127
    ],
    "test_mae": [
      -1.4171115920292137,
      -1.5877473950250807,
      -1.5443617428724745,
      -1.5882583092099245,
      -1.8579348635013382
    ]
  },
  "420": {
    "fit_time": [
      4.149271011352539,
      4.564050197601318,
      4.43927001953125,
      3.8957056999206543,
      3.7049179077148438
    ],
    "score_time": [
      0.19043493270874023,
      0.18262195587158203,
      0.1810910701751709,
      0.16396427154541016,
      0.17685198783874512
    ],
    "test_r": [
      0.7024201592606485,
      0.6714783615149484,
      0.8002129625207142,
      0.7864243714953844,
      0.7404176395576904
    ],
    "test_r2": [
      0.4580225834422291,
      0.4500489051194946,
      0.6325001317623125,
      0.6062151048523097,
      0.5341347478187621
    ],
    "test_rmse": [
      -2.2719508509010966,
      -2.1212581423373895,
      -1.754363712389591,
      -2.0706729537503845,
      -2.2453217230030935
    ],
    "test_mae": [
      -1.657151207728266,
      -1.589980179398536,
      -1.3248588073842502,
      -1.6163498779898104,
      -1.566460740853457
    ]
  },
  "1234567890": {
    "fit_time": [
      5.431477069854736,
      7.606040954589844,
      7.5344367027282715,
      5.407115936279297,
      4.599120140075684
    ],
    "score_time": [
      0.3757948875427246,
      0.40154027938842773,
      0.27204132080078125,
      0.18211102485656738,
      0.22364497184753418
    ],
    "test_r": [
      0.7620182565231629,
      0.7367092901260104,
      0.6883037150370055,
      0.7779506953984835,
      0.8101989239444924
    ],
    "test_r2": [
      0.5629767536096107,
      0.5339956892813885,
      0.42446343046139756,
      0.5898231081095806,
      0.6448408482697958
    ],
    "test_rmse": [
      -2.032303072545053,
      -2.2348424920165977,
      -2.541503830474072,
      -1.8257354875114349,
      -1.7000070267711482
    ],
    "test_mae": [
      -1.581636648234339,
      -1.6596772646334856,
      -1.8572672024596653,
      -1.3544110192674796,
      -1.2821444721946187
    ]
  },
  "473129": {
    "fit_time": [
      4.616131067276001,
      4.978766202926636,
      5.316619873046875,
      4.869274854660034,
      3.974266290664673
    ],
    "score_time": [
      0.24840378761291504,
      0.26851511001586914,
      0.18801212310791016,
      0.18505024909973145,
      0.19941186904907227
    ],
    "test_r": [
      0.7237644698281818,
      0.7484990255176034,
      0.7448094791187685,
      0.7525754045112274,
      0.7591916963568578
    ],
    "test_r2": [
      0.5191211967219571,
      0.5054662804339025,
      0.5534711940938928,
      0.5373512052691343,
      0.5677302242194373
    ],
    "test_rmse": [
      -2.129252834189978,
      -2.126513468928846,
      -2.123306163245496,
      -2.191508894366599,
      -1.8616358103360402
    ],
    "test_mae": [
      -1.5615729698228034,
      -1.6361424366220045,
      -1.5959600707258457,
      -1.612085858717269,
      -1.4287164766543838
    ]
  },
  "r_avg": 0.7375652694975828,
  "r_stdev": 0.04016435337248376,
  "r_stderr": 0.015180698656187201,
  "r2_avg": 0.5275323552961916,
  "r2_stdev": 0.0632087071740529,
  "r2_stderr": 0.023890645696635463,
  "rmse_avg": 2.114285018956739,
  "rmse_stdev": 0.20470871469630003,
  "rmse_stderr": 0.07737262147058328,
  "mae_avg": 1.5815092303685871,
  "mae_stdev": 0.13583709032851113,
  "mae_stderr": 0.0513415942611225
}