{
  "6": {
    "fit_time": [
      8.589616775512695,
      8.396968364715576,
      8.454689264297485,
      8.031707525253296,
      7.696909189224243
    ],
    "score_time": [
      0.04327654838562012,
      0.04240727424621582,
      0.04258894920349121,
      0.04180264472961426,
      0.041259050369262695
    ],
    "test_r": [
      0.6739563492119878,
      0.8081911356103098,
      0.737494131543647,
      0.8253741516571625,
      0.8255772418126825
    ],
    "test_r2": [
      0.41481064670954115,
      0.651439526034613,
      0.5254867915165313,
      0.6549139775963284,
      0.6790874210211499
    ],
    "test_rmse": [
      -3.469294471492887,
      -2.9343018632073146,
      -3.043350092041834,
      -2.990394660705031,
      -2.518020557474961
    ],
    "test_mae": [
      -2.3069533313961204,
      -2.006021727632593,
      -1.962359659406874,
      -2.099448287133818,
      -1.7022671674799033
    ]
  },
  "13": {
    "fit_time": [
      8.257055521011353,
      8.503418207168579,
      8.177021265029907,
      8.599687576293945,
      7.954608917236328
    ],
    "score_time": [
      0.042937517166137695,
      0.04399728775024414,
      0.04266643524169922,
      0.04189586639404297,
      0.04121232032775879
    ],
    "test_r": [
      0.7859547351534361,
      0.8099018074179407,
      0.7297010126882577,
      0.7990006475354346,
      0.8493114165859387
    ],
    "test_r2": [
      0.6103092100061351,
      0.6540962445580729,
      0.5041953133232155,
      0.6275088302055297,
      0.7108280363697979
    ],
    "test_rmse": [
      -2.6473566048449997,
      -2.804393741247576,
      -2.888919478176714,
      -2.9707771984312368,
      -2.910287579916482
    ],
    "test_mae": [
      -1.8815270108039226,
      -2.0352679939623233,
      -2.0463387181140757,
      -2.0980285648063375,
      -1.9797308144746009
    ]
  },
  "42": {
    "fit_time": [
      8.464972734451294,
      8.76712441444397,
      8.46462368965149,
      8.279048442840576,
      8.001268148422241
    ],
    "score_time": [
      0.042989253997802734,
      0.042679786682128906,
      0.04162001609802246,
      0.04190230369567871,
      0.04151320457458496
    ],
    "test_r": [
      0.7864783425987082,
      0.7995744157174659,
      0.7674575212961703,
      0.862407839266943,
      0.7813842984568928
    ],
    "test_r2": [
      0.6036518405357096,
      0.6329193317419115,
      0.5785336658759437,
      0.7402765998930878,
      0.6084550329762459
    ],
    "test_rmse": [
      -2.8162061683718393,
      -3.0680086872559347,
      -3.3213006099305544,
      -2.156634744654242,
      -2.8953223335977474
    ],
    "test_mae": [
      -1.900208602870276,
      -2.2912310995879,
      -2.1371026421476293,
      -1.5228808954026962,
      -2.1325450301170346
    ]
  },
  "69": {
    "fit_time": [
      8.587379932403564,
      8.421499729156494,
      8.138733148574829,
      8.448524475097656,
      7.832737445831299
    ],
    "score_time": [
      0.04377245903015137,
      0.04335904121398926,
      0.04235100746154785,
      0.041527748107910156,
      0.04118061065673828
    ],
    "test_r": [
      0.784423718972605,
      0.8325303717686084,
      0.7992509759168452,
      0.8165989250066279,
      0.828160067551885
    ],
    "test_r2": [
      0.5917137980397047,
      0.6898225427330025,
      0.6326928208854805,
      0.6596301258414586,
      0.6786799826584629
    ],
    "test_rmse": [
      -2.8930605760756043,
      -2.5969039659629836,
      -3.085561807403539,
      -2.880981263414728,
      -2.4566444970825225
    ],
    "test_mae": [
      -1.9181320276172884,
      -1.7903980738145335,
      -2.171359960591351,
      -1.8999828760712232,
      -1.7767706609655307
    ]
  },
  "420": {
    "fit_time": [
      8.48426103591919,
      8.537907361984253,
      8.252823114395142,
      8.272938251495361,
      7.6764233112335205
    ],
    "score_time": [
      0.0429844856262207,
      0.04298543930053711,
      0.04172205924987793,
      0.04197406768798828,
      0.04094576835632324
    ],
    "test_r": [
      0.8266223415280384,
      0.8089444249359372,
      0.7712499205727971,
      0.8194052979736489,
      0.8248837377838242
    ],
    "test_r2": [
      0.6825512192109987,
      0.6511037444565113,
      0.5893413437270878,
      0.6684752048380391,
      0.6735304101484472
    ],
    "test_rmse": [
      -2.668320224464142,
      -2.836070957627766,
      -2.909599044496423,
      -2.4762658039778476,
      -2.9182023627582927
    ],
    "test_mae": [
      -1.8844631367867144,
      -1.816244422594706,
      -2.097972692295357,
      -1.7119860332983512,
      -2.079995416888484
    ]
  },
  "1234567890": {
    "fit_time": [
      8.35306429862976,
      8.324825286865234,
      8.6536865234375,
      8.000595808029175,
      7.743773698806763
    ],
    "score_time": [
      0.04372429847717285,
      0.04319119453430176,
      0.042437076568603516,
      0.04210543632507324,
      0.04134202003479004
    ],
    "test_r": [
      0.7401710956070833,
      0.8017972080275159,
      0.8298883976870819,
      0.8934022710733764,
      0.7063724484711934
    ],
    "test_r2": [
      0.5384940526482997,
      0.6377253010009805,
      0.6811796577692781,
      0.7879231846096926,
      0.48112086348380256
    ],
    "test_rmse": [
      -3.181925250489438,
      -2.9842453061883445,
      -2.745914648580688,
      -2.2082269015400016,
      -3.057993182543363
    ],
    "test_mae": [
      -2.2191167795548745,
      -2.0136367791228817,
      -1.925092842049069,
      -1.6106150063320441,
      -2.0811285080733124
    ]
  },
  "473129": {
    "fit_time": [
      8.579222679138184,
      8.307457447052002,
      8.173139333724976,
      8.469501972198486,
      7.77398943901062
    ],
    "score_time": [
      0.04340243339538574,
      0.042665958404541016,
      0.04217958450317383,
      0.04132866859436035,
      0.04139900207519531
    ],
    "test_r": [
      0.8158267263817028,
      0.8597866776049092,
      0.8230933968272413,
      0.8335518581880074,
      0.7584097174424048
    ],
    "test_r2": [
      0.6473538449155862,
      0.7349286759969256,
      0.6738313715031555,
      0.6933391718820883,
      0.5666525545164811
    ],
    "test_rmse": [
      -2.8390212652725726,
      -2.525391682310135,
      -2.7563020074240665,
      -2.493866250056241,
      -2.9647193669391245
    ],
    "test_mae": [
      -1.9580348241438557,
      -1.8470911476788698,
      -1.7812932583137795,
      -1.8786770263424626,
      -1.946419342005694
    ]
  },
  "r_avg": 0.8004609893106944,
  "r_stdev": 0.044228543590336865,
  "r_stderr": 0.016716818170087307,
  "r2_avg": 0.633045781120837,
  "r2_stdev": 0.07476725992232627,
  "r2_stderr": 0.028259367994885962,
  "rmse_avg": 2.8261081473130623,
  "rmse_stdev": 0.27573492812176403,
  "rmse_stderr": 0.10421800679777969,
  "mae_avg": 1.9574377817107567,
  "mae_stdev": 0.17772445138306,
  "mae_stderr": 0.06717352860785229
}