{
  "6": {
    "fit_time": [
      1.8494999408721924,
      1.8476650714874268,
      1.854015588760376,
      1.846313714981079,
      1.2044024467468262
    ],
    "score_time": [
      0.01881575584411621,
      0.018492937088012695,
      0.01748347282409668,
      0.018699169158935547,
      0.014177560806274414
    ],
    "test_r": [
      0.7153393230838839,
      0.6916173103305758,
      0.7595872851551742,
      0.7933890073547646,
      0.7107552463414875
    ],
    "test_r2": [
      0.5095972956120817,
      0.47589295166083045,
      0.5752072603439884,
      0.6207398754673188,
      0.49417395274853226
    ],
    "test_rmse": [
      -3.0665411429987355,
      -3.8421865581541272,
      -3.043412895850483,
      -2.9057732412356128,
      -3.242636416161784
    ],
    "test_mae": [
      -2.307359736646925,
      -2.771381241423743,
      -2.3271436597619735,
      -1.9830085129780808,
      -2.357386525643839
    ]
  },
  "13": {
    "fit_time": [
      1.844567060470581,
      1.8432462215423584,
      1.832822561264038,
      1.847484827041626,
      1.2151925563812256
    ],
    "score_time": [
      0.018179893493652344,
      0.018334627151489258,
      0.019183635711669922,
      0.01693439483642578,
      0.014172792434692383
    ],
    "test_r": [
      0.6962311370484182,
      0.7867270594864124,
      0.7395547779452516,
      0.7339379924552263,
      0.7603273888146665
    ],
    "test_r2": [
      0.4662096481351369,
      0.6139834405712182,
      0.5399845840925336,
      0.5326832094499672,
      0.5629027209775783
    ],
    "test_rmse": [
      -3.5637175271112347,
      -3.1219645869186565,
      -3.072177188177232,
      -3.1518994684844475,
      -3.0214705447800134
    ],
    "test_mae": [
      -2.4940904869352067,
      -2.285334190045084,
      -2.3819111474922727,
      -2.371952910208487,
      -2.108533858050097
    ]
  },
  "42": {
    "fit_time": [
      1.8236703872680664,
      1.812011480331421,
      1.8248519897460938,
      1.8317415714263916,
      1.2112581729888916
    ],
    "score_time": [
      0.018141508102416992,
      0.019070148468017578,
      0.017720699310302734,
      0.016191720962524414,
      0.014292478561401367
    ],
    "test_r": [
      0.7956282699576634,
      0.7666477905306968,
      0.6706385702082367,
      0.7459047239670182,
      0.7577308951326234
    ],
    "test_r2": [
      0.6213217179374044,
      0.5442391633543123,
      0.4171046995987764,
      0.5036920153047135,
      0.5609352569762978
    ],
    "test_rmse": [
      -2.8790876623774726,
      -2.7688289692531205,
      -4.191898587212211,
      -3.1976593585784543,
      -3.0721365983583087
    ],
    "test_mae": [
      -2.3135653403827123,
      -2.113920414618083,
      -2.9443754531655992,
      -2.159751435099421,
      -2.3291031885576676
    ]
  },
  "69": {
    "fit_time": [
      1.8630638122558594,
      1.8980505466461182,
      1.8641142845153809,
      1.8028945922851562,
      1.226921796798706
    ],
    "score_time": [
      0.019896745681762695,
      0.015214681625366211,
      0.0191042423248291,
      0.020282268524169922,
      0.014228343963623047
    ],
    "test_r": [
      0.7504847854379577,
      0.8232205614056121,
      0.6924247582349246,
      0.7609970609146967,
      0.7190586592600207
    ],
    "test_r2": [
      0.5590136404650443,
      0.6569381354570665,
      0.46736600599108025,
      0.5701493325276026,
      0.5049334067090505
    ],
    "test_rmse": [
      -2.9816972187054493,
      -2.890593707679814,
      -3.363468452760473,
      -3.213372874602988,
      -3.321133996068261
    ],
    "test_mae": [
      -2.252841653994152,
      -2.104315746937479,
      -2.5166688913958413,
      -2.3051763144484507,
      -2.4235662948333463
    ]
  },
  "420": {
    "fit_time": [
      1.8303568363189697,
      1.8114070892333984,
      1.8356616497039795,
      1.8756442070007324,
      1.2254300117492676
    ],
    "score_time": [
      0.01884150505065918,
      0.020116806030273438,
      0.018197059631347656,
      0.01547861099243164,
      0.014442205429077148
    ],
    "test_r": [
      0.7632117482944084,
      0.6352555517530458,
      0.858391161582232,
      0.8522417843736667,
      0.7009591687293665
    ],
    "test_r2": [
      0.5544170431729925,
      0.37906840586682533,
      0.7246239998207573,
      0.688848716966193,
      0.4810919320244984
    ],
    "test_rmse": [
      -3.113958966309842,
      -3.534298440079777,
      -2.290880429694324,
      -2.8647269955221044,
      -3.5682449070509876
    ],
    "test_mae": [
      -2.3178808544363294,
      -2.6377418206419265,
      -1.8393960510832925,
      -2.128379448126028,
      -2.4153075456189677
    ]
  },
  "1234567890": {
    "fit_time": [
      1.8248050212860107,
      1.8322815895080566,
      1.8106005191802979,
      1.8118095397949219,
      1.2190101146697998
    ],
    "score_time": [
      0.01741933822631836,
      0.015657424926757812,
      0.019498825073242188,
      0.018907785415649414,
      0.014290809631347656
    ],
    "test_r": [
      0.7765191927442212,
      0.7715890208332938,
      0.6809034027224588,
      0.7899801337480472,
      0.7751857108526907
    ],
    "test_r2": [
      0.5840586051171004,
      0.5876461294581843,
      0.4488886724406346,
      0.6207281169665957,
      0.5964931978068044
    ],
    "test_rmse": [
      -2.9374484655523307,
      -3.1280343642402286,
      -3.927355114322924,
      -2.857939729371289,
      -2.6912074725634203
    ],
    "test_mae": [
      -2.238220338651112,
      -2.265417295694351,
      -2.782662044763565,
      -2.1118157995069353,
      -2.1005001666094802
    ]
  },
  "473129": {
    "fit_time": [
      1.8352842330932617,
      1.8593521118164062,
      1.8461713790893555,
      1.8430261611938477,
      1.2125725746154785
    ],
    "score_time": [
      0.0194246768951416,
      0.01605057716369629,
      0.01788020133972168,
      0.018119096755981445,
      0.01427149772644043
    ],
    "test_r": [
      0.7685724852731326,
      0.7846881759861526,
      0.7518402653720702,
      0.7258578946870552,
      0.7383706793192835
    ],
    "test_r2": [
      0.5880179821009155,
      0.5918875979297133,
      0.5565125189465969,
      0.5153673891523503,
      0.5272240110160735
    ],
    "test_rmse": [
      -3.1993651171373445,
      -2.9451740779544595,
      -3.1931070758827205,
      -3.49891041020481,
      -2.762113669885283
    ],
    "test_mae": [
      -2.5263311547040934,
      -2.2261607103688372,
      -2.246662518978119,
      -2.45985915665154,
      -2.151395682429408
    ]
  },
  "r_avg": 0.749821970838184,
  "r_stdev": 0.04772531652078631,
  "r_stderr": 0.018038474107977563,
  "r2_avg": 0.549769789490479,
  "r2_stdev": 0.0721250142986542,
  "r2_stderr": 0.027260693020173813,
  "rmse_avg": 3.1549834923211635,
  "rmse_stdev": 0.36465055231518456,
  "rmse_stderr": 0.13782495383833238,
  "mae_avg": 2.32283193116807,
  "mae_stdev": 0.22411110082181088,
  "mae_stderr": 0.08470603411763354
}