{
  "6": {
    "fit_time": [
      0.010371923446655273,
      0.010353803634643555,
      0.010262489318847656,
      0.010819435119628906,
      0.009336471557617188
    ],
    "score_time": [
      0.006112337112426758,
      0.006114959716796875,
      0.006130218505859375,
      0.0056476593017578125,
      0.005377531051635742
    ],
    "test_r": [
      0.6398231020296441,
      0.7217525955897827,
      0.7964946943532399,
      0.6998926410737537,
      0.6156082952221538
    ],
    "test_r2": [
      0.40512937510543223,
      0.5174884746479544,
      0.6273801583849512,
      0.4816018776922747,
      0.3437991805003563
    ],
    "test_rmse": [
      -3.377408791200485,
      -3.6865683808184233,
      -2.850396803225308,
      -3.3972291222198896,
      -3.693312409300145
    ],
    "test_mae": [
      -2.5104260874410906,
      -2.8348492081537153,
      -2.3320625551381573,
      -2.4686652208836226,
      -2.6847643571440285
    ]
  },
  "13": {
    "fit_time": [
      0.01040339469909668,
      0.010566234588623047,
      0.010519027709960938,
      0.010466575622558594,
      0.009209632873535156
    ],
    "score_time": [
      0.006324052810668945,
      0.00616455078125,
      0.006075143814086914,
      0.005895853042602539,
      0.0054624080657958984
    ],
    "test_r": [
      0.6828417778128566,
      0.7117671560885699,
      0.7111445601872455,
      0.6926906634509729,
      0.6686190012226706
    ],
    "test_r2": [
      0.46497383566693484,
      0.5032182447290305,
      0.48929705131291157,
      0.47209024443879577,
      0.4438486758400334
    ],
    "test_rmse": [
      -3.567840438323515,
      -3.5416678043443475,
      -3.237011555996911,
      -3.350013121674764,
      -3.4082057211317514
    ],
    "test_mae": [
      -2.651586928497683,
      -2.622071481688875,
      -2.5770153999504473,
      -2.5023571065704817,
      -2.521181517072201
    ]
  },
  "42": {
    "fit_time": [
      0.010493040084838867,
      0.010455131530761719,
      0.0105438232421875,
      0.010456323623657227,
      0.009177446365356445
    ],
    "score_time": [
      0.00638890266418457,
      0.006306886672973633,
      0.006262063980102539,
      0.006127595901489258,
      0.005362987518310547
    ],
    "test_r": [
      0.6921746292727009,
      0.7096838285137911,
      0.7178711604369542,
      0.6792119491250919,
      0.6850816220304656
    ],
    "test_r2": [
      0.47660491307378383,
      0.4517580095690732,
      0.5056332335684077,
      0.4491191208655675,
      0.46762267074718133
    ],
    "test_rmse": [
      -3.3848116740035534,
      -3.0367831156868226,
      -3.860469489167811,
      -3.3688790199436993,
      -3.382875513047495
    ],
    "test_mae": [
      -2.65900870995096,
      -2.368253808751781,
      -2.8405517027021827,
      -2.4281845482686832,
      -2.551130166546891
    ]
  },
  "69": {
    "fit_time": [
      0.010473251342773438,
      0.010504007339477539,
      0.010551691055297852,
      0.010492324829101562,
      0.009189844131469727
    ],
    "score_time": [
      0.006324291229248047,
      0.006174325942993164,
      0.005942821502685547,
      0.005980968475341797,
      0.005504131317138672
    ],
    "test_r": [
      0.652644844029318,
      0.775183308955274,
      0.7183365611364777,
      0.6743765609505041,
      0.6776990846781789
    ],
    "test_r2": [
      0.4087704959248267,
      0.5815369132531749,
      0.5154268182829786,
      0.4541328855344646,
      0.44855648725289377
    ],
    "test_rmse": [
      -3.4524628283833847,
      -3.1924889905151996,
      -3.2081347808574434,
      -3.6211439222934936,
      -3.5051378572982084
    ],
    "test_mae": [
      -2.8282806939956706,
      -2.4298866758366233,
      -2.273138578482714,
      -2.6958577391063256,
      -2.5646237758599337
    ]
  },
  "420": {
    "fit_time": [
      0.01065373420715332,
      0.010581731796264648,
      0.010741949081420898,
      0.010499954223632812,
      0.009154319763183594
    ],
    "score_time": [
      0.006284236907958984,
      0.0061604976654052734,
      0.0060155391693115234,
      0.005940675735473633,
      0.005467653274536133
    ],
    "test_r": [
      0.6390083880183862,
      0.5974412759044854,
      0.7415806989947508,
      0.7942501487331853,
      0.658152913278429
    ],
    "test_r2": [
      0.40370078088194195,
      0.3321251833780643,
      0.5385167974429612,
      0.6124961843070664,
      0.4209901282413536
    ],
    "test_rmse": [
      -3.6023069849038505,
      -3.6654632865322303,
      -2.9656324653221238,
      -3.1969469833434814,
      -3.7692281605085833
    ],
    "test_mae": [
      -2.6684539142797883,
      -2.7963366574298942,
      -2.3867573948555676,
      -2.4530218641911112,
      -2.632587382423698
    ]
  },
  "1234567890": {
    "fit_time": [
      0.010182857513427734,
      0.010510444641113281,
      0.01026296615600586,
      0.010198593139648438,
      0.009481430053710938
    ],
    "score_time": [
      0.006186485290527344,
      0.006002187728881836,
      0.005900144577026367,
      0.005628347396850586,
      0.005452871322631836
    ],
    "test_r": [
      0.7364173478474378,
      0.6377955370119737,
      0.6347623293765594,
      0.749467107088907,
      0.7676948054771573
    ],
    "test_r2": [
      0.5386963178598727,
      0.3911068849465126,
      0.3923006418726973,
      0.5478041285780348,
      0.5824782580182903
    ],
    "test_rmse": [
      -3.0934823660886583,
      -3.8010799944728673,
      -4.1240592134324485,
      -3.1206210831198535,
      -2.7375451946176823
    ],
    "test_mae": [
      -2.281167402270326,
      -2.872721866429081,
      -3.038459687670759,
      -2.413590941074936,
      -2.2253834096387
    ]
  },
  "473129": {
    "fit_time": [
      0.010487556457519531,
      0.010551691055297852,
      0.010631561279296875,
      0.010509014129638672,
      0.009128332138061523
    ],
    "score_time": [
      0.006254911422729492,
      0.006235599517822266,
      0.0060269832611083984,
      0.005939006805419922,
      0.005359649658203125
    ],
    "test_r": [
      0.7553565265824118,
      0.6599331093447047,
      0.7224530265992071,
      0.7103250544108881,
      0.6168645715333756
    ],
    "test_r2": [
      0.5474786665655349,
      0.41863053250404625,
      0.5217257188756974,
      0.5028571321168993,
      0.3737042466552438
    ],
    "test_rmse": [
      -3.3530822311623782,
      -3.515176877559929,
      -3.315975503151068,
      -3.543782930742479,
      -3.1790955035897857
    ],
    "test_mae": [
      -2.5840416601619607,
      -2.650835784023736,
      -2.492807138937345,
      -2.5023487063104537,
      -2.5418046530454164
    ]
  },
  "r_avg": 0.695554310753186,
  "r_stdev": 0.04991993505361438,
  "r_stderr": 0.01886796194519421,
  "r2_avg": 0.4752171505324355,
  "r2_stdev": 0.07126292824303777,
  "r2_stderr": 0.026934855118474144,
  "rmse_avg": 3.4030377176565736,
  "rmse_stdev": 0.28792019035356664,
  "rmse_stderr": 0.1088236030157022,
  "mae_avg": 2.5681204207081385,
  "mae_stdev": 0.18287643679158647,
  "mae_stderr": 0.06912079605773723
}