{
  "6": {
    "fit_time": [
      0.7557060718536377,
      0.7246296405792236,
      0.7361018657684326,
      0.7371780872344971,
      0.7283973693847656
    ],
    "score_time": [
      0.006216287612915039,
      0.0062198638916015625,
      0.006508588790893555,
      0.006293773651123047,
      0.006024599075317383
    ],
    "test_r": [
      0.7285863331570752,
      0.7583684486189599,
      0.8054340092275565,
      0.802127699854432,
      0.6967443266964212
    ],
    "test_r2": [
      0.5177486453440627,
      0.573239598815258,
      0.6398755421469147,
      0.633161362840841,
      0.4385075733416487
    ],
    "test_rmse": [
      -3.0409487139622207,
      -3.467053198519774,
      -2.8021968630789167,
      -2.857792315624504,
      -3.4164070743374895
    ],
    "test_mae": [
      -2.0493154456785745,
      -2.437278211797987,
      -2.039569470967565,
      -1.927616867460646,
      -2.240940720583941
    ]
  },
  "13": {
    "fit_time": [
      0.7426621913909912,
      0.7443702220916748,
      0.7356781959533691,
      0.7309291362762451,
      0.741194486618042
    ],
    "score_time": [
      0.006495237350463867,
      0.006483554840087891,
      0.006619453430175781,
      0.006356716156005859,
      0.006027698516845703
    ],
    "test_r": [
      0.6589400259892371,
      0.7389329650086407,
      0.780306853562763,
      0.7142654871939503,
      0.7398803475024953
    ],
    "test_r2": [
      0.3877519654135422,
      0.5344363724349025,
      0.5943903577212526,
      0.49168559290813374,
      0.5322459896649014
    ],
    "test_rmse": [
      -3.8166436504278587,
      -3.428581886720311,
      -2.8847899901993466,
      -3.2872510579257668,
      -3.1256336456251774
    ],
    "test_mae": [
      -2.492907025558608,
      -2.4908930620551106,
      -2.1611131748131345,
      -2.274811405147518,
      -2.262886364954012
    ]
  },
  "42": {
    "fit_time": [
      0.733720064163208,
      0.7442045211791992,
      0.7372071743011475,
      0.7254996299743652,
      0.735403299331665
    ],
    "score_time": [
      0.006763935089111328,
      0.006163358688354492,
      0.0066297054290771484,
      0.006346702575683594,
      0.006101369857788086
    ],
    "test_r": [
      0.8051435125624078,
      0.8360960717682773,
      0.7098650002932406,
      0.6666996013337135,
      0.7689857151281227
    ],
    "test_r2": [
      0.6443572663485311,
      0.6271146941201566,
      0.48628836307368384,
      0.40595531109742344,
      0.5833208611438163
    ],
    "test_rmse": [
      -2.7901442657735465,
      -2.5044667091111674,
      -3.935275958531484,
      -3.4983730985887678,
      -2.9927960278580166
    ],
    "test_mae": [
      -2.108140332187925,
      -1.7572868345464978,
      -2.6640099945025786,
      -2.315076792003872,
      -2.0370853436100593
    ]
  },
  "69": {
    "fit_time": [
      0.7523636817932129,
      0.730766773223877,
      0.7418901920318604,
      0.7456166744232178,
      0.7338087558746338
    ],
    "score_time": [
      0.006218910217285156,
      0.0061724185943603516,
      0.006440639495849609,
      0.006487607955932617,
      0.0061528682708740234
    ],
    "test_r": [
      0.7663142360817476,
      0.8229643987832937,
      0.7579306904177003,
      0.7110315614852182,
      0.7402154864052046
    ],
    "test_r2": [
      0.5795765032482694,
      0.6738320318819868,
      0.5661467602113149,
      0.4841977863520329,
      0.5286399131440687
    ],
    "test_rmse": [
      -2.9113502214466602,
      -2.818522364377864,
      -3.0355985779393553,
      -3.5200101956606376,
      -3.2406415055605335
    ],
    "test_mae": [
      -1.901010166491781,
      -2.0662498727015084,
      -2.071404158983912,
      -2.265650352529577,
      -2.254347951390722
    ]
  },
  "420": {
    "fit_time": [
      0.7455990314483643,
      0.7375545501708984,
      0.7470929622650146,
      0.7374379634857178,
      0.7285139560699463
    ],
    "score_time": [
      0.0066127777099609375,
      0.006396770477294922,
      0.00646519660949707,
      0.006845235824584961,
      0.0060422420501708984
    ],
    "test_r": [
      0.6979572682940335,
      0.6874811991007693,
      0.8663984851601638,
      0.8164830978534416,
      0.6931404419713483
    ],
    "test_r2": [
      0.43810711729004204,
      0.4024693309257291,
      0.7465816190652639,
      0.6655515911072561,
      0.45863389269991417
    ],
    "test_rmse": [
      -3.496836811999875,
      -3.467060662161253,
      -2.1976495292962386,
      -2.970038025482211,
      -3.6446428299578164
    ],
    "test_mae": [
      -2.324475018296923,
      -2.577142316784177,
      -1.602550562449864,
      -2.1418997443259298,
      -2.1335043902010526
    ]
  },
  "1234567890": {
    "fit_time": [
      0.7391748428344727,
      0.7291207313537598,
      0.7466590404510498,
      0.7326345443725586,
      0.7348687648773193
    ],
    "score_time": [
      0.006399631500244141,
      0.006323575973510742,
      0.006033420562744141,
      0.006484270095825195,
      0.006187915802001953
    ],
    "test_r": [
      0.8053597299886303,
      0.7998718650838554,
      0.6646054839584188,
      0.843800352179507,
      0.7586322874537683
    ],
    "test_r2": [
      0.6459629845457842,
      0.6333846151832668,
      0.4043645026112682,
      0.7107225667897008,
      0.5635382246424302
    ],
    "test_rmse": [
      -2.71005758812771,
      -2.9494553143961366,
      -4.0829192379065145,
      -2.4959450480797156,
      -2.798948175565916
    ],
    "test_mae": [
      -2.018581077711923,
      -2.0207074504239215,
      -2.7205197867325372,
      -1.7113685400851137,
      -2.0564774241748154
    ]
  },
  "473129": {
    "fit_time": [
      0.7444431781768799,
      0.7239851951599121,
      0.737429141998291,
      0.7416956424713135,
      0.7296826839447021
    ],
    "score_time": [
      0.006304740905761719,
      0.006184816360473633,
      0.006262779235839844,
      0.006350278854370117,
      0.006002902984619141
    ],
    "test_r": [
      0.7541969307576986,
      0.7295234484296163,
      0.7906547233288987,
      0.729530892361743,
      0.7435047942048516
    ],
    "test_r2": [
      0.5589077723104536,
      0.5236367692214614,
      0.6065870604529268,
      0.5141114497954273,
      0.5445351803684197
    ],
    "test_rmse": [
      -3.3104678747857683,
      -3.181926833250105,
      -3.0074410250112993,
      -3.5034412401669055,
      -2.7110733011483683
    ],
    "test_mae": [
      -2.4194303120034086,
      -2.223842412829399,
      -2.04964039674827,
      -2.2915344486580236,
      -1.9421975905616005
    ]
  },
  "r_avg": 0.7539992506056344,
  "r_stdev": 0.0529217328493256,
  "r_stderr": 0.02000253486713046,
  "r2_avg": 0.5525590619503453,
  "r2_stdev": 0.09045326972303774,
  "r2_stderr": 0.034188122422829446,
  "rmse_avg": 3.1400680233887215,
  "rmse_stdev": 0.41599165878466715,
  "rmse_stderr": 0.15723006808878098,
  "mae_avg": 2.1728990005700712,
  "mae_stdev": 0.2501993588919998,
  "mae_stderr": 0.0945664688308612
}