{
  "6": {
    "fit_time": [
      2.501447916030884,
      1.922414779663086,
      1.860840082168579,
      1.9097120761871338,
      1.858182668685913
    ],
    "score_time": [
      0.0030007362365722656,
      0.002698659896850586,
      0.0028710365295410156,
      0.003004789352416992,
      0.0023550987243652344
    ],
    "test_r": [
      0.9650360634752224,
      0.9750832420212253,
      0.9696253259932981,
      0.9634879839533228,
      0.9670371504137805
    ],
    "test_r2": [
      0.9225528818079893,
      0.9438543452788765,
      0.9387286707859788,
      0.9246023416262303,
      0.9311244428207817
    ],
    "test_rmse": [
      1.7854427768052614,
      1.5124450310000597,
      1.6281447229016557,
      1.710720586503857,
      1.6541665287419733
    ],
    "test_mae": [
      0.8816237834865666,
      0.7944588967893145,
      0.7927805240982816,
      0.9180016042375074,
      0.8354804034574727
    ]
  },
  "13": {
    "fit_time": [
      1.866807222366333,
      1.9046692848205566,
      1.860182762145996,
      2.050987482070923,
      1.984774112701416
    ],
    "score_time": [
      0.0025556087493896484,
      0.0028543472290039062,
      0.002711772918701172,
      0.0026750564575195312,
      0.002472400665283203
    ],
    "test_r": [
      0.9717897674659873,
      0.9691530121554986,
      0.9645506678470706,
      0.9589125356138547,
      0.9713458760598354
    ],
    "test_r2": [
      0.9429889702943864,
      0.9359398128811257,
      0.9269887422937927,
      0.9172615670318104,
      0.9370740742046088
    ],
    "test_rmse": [
      1.5729635697341053,
      1.5601843329310832,
      1.7695617655266982,
      1.8745100233465863,
      1.5990051046116665
    ],
    "test_mae": [
      0.8170982520333255,
      0.7854900998402583,
      0.910674023491327,
      0.9285872085029349,
      0.7897042307772031
    ]
  },
  "42": {
    "fit_time": [
      1.965984582901001,
      1.8902559280395508,
      2.070472478866577,
      2.154921770095825,
      2.386683225631714
    ],
    "score_time": [
      0.0026090145111083984,
      0.0025599002838134766,
      0.002549409866333008,
      0.0026886463165283203,
      0.003446340560913086
    ],
    "test_r": [
      0.9732791087039899,
      0.9636903999235731,
      0.9591540516763919,
      0.9704972266356187,
      0.9670738162430328
    ],
    "test_r2": [
      0.9397430494818744,
      0.9249283559646894,
      0.9179734562265991,
      0.9395279078782235,
      0.9283102447687239
    ],
    "test_rmse": [
      1.5756768189794939,
      1.759051843453729,
      1.8687396694864291,
      1.5837427568388815,
      1.659152580951342
    ],
    "test_mae": [
      0.802988487431004,
      0.9467204770468807,
      0.847301703766878,
      0.8212773294613053,
      0.8371492168168736
    ]
  },
  "69": {
    "fit_time": [
      1.940068006515503,
      1.9282283782958984,
      1.8522522449493408,
      1.8610985279083252,
      1.8610200881958008
    ],
    "score_time": [
      0.002820730209350586,
      0.0023298263549804688,
      0.0023915767669677734,
      0.0023746490478515625,
      0.0024721622467041016
    ],
    "test_r": [
      0.9617956936448038,
      0.9763326573898713,
      0.9575410208282702,
      0.9685997177808473,
      0.9741008650538804
    ],
    "test_r2": [
      0.9177882856304983,
      0.9522966062270666,
      0.9051601567532065,
      0.9361515289843444,
      0.9466167549268943
    ],
    "test_rmse": [
      1.8428112930266913,
      1.396342628460994,
      1.9107651552370262,
      1.642426832510308,
      1.501700618961246
    ],
    "test_mae": [
      0.9488561100572285,
      0.7298673744655461,
      1.010088445184225,
      0.8044092912176852,
      0.7788771419219614
    ]
  },
  "420": {
    "fit_time": [
      1.8779077529907227,
      1.9236013889312744,
      1.8931629657745361,
      1.8590397834777832,
      1.983973503112793
    ],
    "score_time": [
      0.0025429725646972656,
      0.0024640560150146484,
      0.002420663833618164,
      0.002554178237915039,
      0.0024645328521728516
    ],
    "test_r": [
      0.9778122310905972,
      0.9674739090877117,
      0.9645875221806132,
      0.9682866966130984,
      0.9584618925253228
    ],
    "test_r2": [
      0.9522220067011735,
      0.9319407502233875,
      0.9280844104518535,
      0.933715025625014,
      0.9126805882486788
    ],
    "test_rmse": [
      1.4102712521600549,
      1.691710302960954,
      1.7068201809178412,
      1.676809622249147,
      1.8231175428623008
    ],
    "test_mae": [
      0.779427238376793,
      0.8506789383356372,
      0.8358299574916075,
      0.8172471399981326,
      0.9717219801500965
    ]
  },
  "1234567890": {
    "fit_time": [
      1.8762860298156738,
      1.8799214363098145,
      1.892810583114624,
      1.8631932735443115,
      1.8536534309387207
    ],
    "score_time": [
      0.0026619434356689453,
      0.0023963451385498047,
      0.0026013851165771484,
      0.002317667007446289,
      0.0027213096618652344
    ],
    "test_r": [
      0.9649111995774929,
      0.9645208056990512,
      0.9717463505768745,
      0.9781888691644778,
      0.9703471609740197
    ],
    "test_r2": [
      0.9289723053316128,
      0.9288037891156379,
      0.9415156621684067,
      0.9530650280237418,
      0.938352265410964
    ],
    "test_rmse": [
      1.7246255898363023,
      1.7129904466350931,
      1.5687233387710593,
      1.3896979271321765,
      1.619256263420092
    ],
    "test_mae": [
      0.8713902365526213,
      0.8481875213636321,
      0.7906155913666004,
      0.7782505831300791,
      0.7972147935013285
    ]
  },
  "473129": {
    "fit_time": [
      1.9660100936889648,
      2.04829740524292,
      1.9743034839630127,
      2.027038097381592,
      1.9456281661987305
    ],
    "score_time": [
      0.0028717517852783203,
      0.0028803348541259766,
      0.0026187896728515625,
      0.002481222152709961,
      0.0025179386138916016
    ],
    "test_r": [
      0.956676377401521,
      0.9726798544349643,
      0.9675496567307239,
      0.98138007797834,
      0.9601252063963115
    ],
    "test_r2": [
      0.9106990783706149,
      0.9365678923378402,
      0.9306164849986903,
      0.9622980191864583,
      0.9200193741396341
    ],
    "test_rmse": [
      1.8460052635421396,
      1.6161122575861506,
      1.6852371775652462,
      1.2781629037304756,
      1.9155548456613007
    ],
    "test_mae": [
      0.8836385496380404,
      0.8900222906909961,
      0.8337874817094085,
      0.7029684567694793,
      0.9131245083455416
    ]
  },
  "r_avg": 0.9677952569517286,
  "r_stdev": 0.006153039770447888,
  "r_stderr": 0.002325630434242152,
  "r2_avg": 0.9325475678914688,
  "r2_stdev": 0.012648050534315853,
  "r2_stderr": 0.004780513754796766,
  "rmse_avg": 1.659218558715412,
  "rmse_stdev": 0.15200011630479449,
  "rmse_stderr": 0.057450643856482894,
  "mae_avg": 0.8441582820429648,
  "mae_stdev": 0.0677938095660555,
  "mae_stderr": 0.025623651505922076
}