fold,r,r2,rmse,mae
1.0,0.607102291650591,0.35315627089161183,2.7334853467539855,1.9733611219813554
2.0,0.594014001094389,0.3279141978760287,2.2094506780560894,1.672530425496369
3.0,0.6823586793802435,0.4649558590363986,2.3647769239826713,1.790267317301488
4.0,0.5880816812151601,0.3236165322699107,2.415720877500082,1.858701786533925
5.0,0.6978580005894677,0.4705256591182041,2.2106763761158192,1.6654140898628043
