fold,r,r2,rmse,mae
1.0,0.5570512694647164,0.2999936278231774,2.693587828160707,1.961933116642247
2.0,0.6370584828707514,0.38624034254128314,2.158583247734999,1.6446261996529588
3.0,0.6190823308783089,0.38049014532695336,2.698639581988989,2.048401807134616
4.0,0.6598150906307426,0.43069553290855356,2.212215212498845,1.7387121787627202
5.0,0.6795981018085051,0.45957804935154345,2.2448858175991124,1.7142083679329507
