{
  "6": {
    "fit_time": [
      94.35565137863159,
      91.71411752700806,
      92.92697525024414,
      94.23881435394287,
      89.78900575637817
    ],
    "score_time": [
      0.43257761001586914,
      0.4150383472442627,
      0.3627758026123047,
      0.3709843158721924,
      0.33493542671203613
    ],
    "test_r": [
      0.6437823654550674,
      0.6919861664172318,
      0.5902759249880123,
      0.7360795913465887,
      0.7004176853910212
    ],
    "test_r2": [
      0.407359824849737,
      0.4531460396017948,
      0.3422498027059284,
      0.5147553639469221,
      0.48497595179418873
    ],
    "test_rmse": [
      -0.07391117533354162,
      -0.0750971058582994,
      -0.07363529432164581,
      -0.07445792513289831,
      -0.06973712840719443
    ],
    "test_mae": [
      -0.05457015219410725,
      -0.055462742788380946,
      -0.05637960306418081,
      -0.05289833046746441,
      -0.054338874234001695
    ]
  },
  "13": {
    "fit_time": [
      93.18202042579651,
      93.2182023525238,
      92.61556220054626,
      92.33481216430664,
      90.48304653167725
    ],
    "score_time": [
      0.4136989116668701,
      0.41082024574279785,
      0.3793172836303711,
      0.34454894065856934,
      0.3449428081512451
    ],
    "test_r": [
      0.6851259027178576,
      0.6895750916713643,
      0.5806847413162584,
      0.6106654461650469,
      0.648453771690709
    ],
    "test_r2": [
      0.4514472836881055,
      0.4610485658629684,
      0.30008276449817506,
      0.3658986745296663,
      0.4130069686786365
    ],
    "test_rmse": [
      -0.0770847927104808,
      -0.07087195185511815,
      -0.07496474059115929,
      -0.0758621316525533,
      -0.07821070310029377
    ],
    "test_mae": [
      -0.058153686200906884,
      -0.052312803793839686,
      -0.05896615278439456,
      -0.05473388088599526,
      -0.05595903127133651
    ]
  },
  "42": {
    "fit_time": [
      94.57512736320496,
      94.05286574363708,
      92.33022975921631,
      92.17460227012634,
      92.22552561759949
    ],
    "score_time": [
      0.40799808502197266,
      0.4507331848144531,
      0.44921207427978516,
      0.36453938484191895,
      0.34954142570495605
    ],
    "test_r": [
      0.6279894528003629,
      0.6720224307500668,
      0.6298345109821768,
      0.5555292166068468,
      0.6777890091125898
    ],
    "test_r2": [
      0.3863893847934917,
      0.4461412591720585,
      0.39402832955398637,
      0.28469100768950883,
      0.4534091878043588
    ],
    "test_rmse": [
      -0.07525053365958184,
      -0.0612827381542234,
      -0.08761545679784796,
      -0.07681431322652593,
      -0.07962428222760976
    ],
    "test_mae": [
      -0.05602111925804983,
      -0.04791427383640418,
      -0.06179109515788566,
      -0.057865012036177804,
      -0.059806676248793315
    ]
  },
  "69": {
    "fit_time": [
      92.00962448120117,
      92.76094484329224,
      94.84119868278503,
      93.2058596611023,
      89.96374487876892
    ],
    "score_time": [
      0.4018723964691162,
      0.3881058692932129,
      0.39045023918151855,
      0.34748339653015137,
      0.33930325508117676
    ],
    "test_r": [
      0.7225738823095059,
      0.7122560014016963,
      0.6463505959384275,
      0.6700296644586005,
      0.5836525096218138
    ],
    "test_r2": [
      0.49056858521371827,
      0.4902683778811543,
      0.40346373034740624,
      0.4485416552406505,
      0.29927677512457873
    ],
    "test_rmse": [
      -0.0632101668281493,
      -0.07319920102500027,
      -0.06947569102046529,
      -0.0787090075719443,
      -0.08694822778099986
    ],
    "test_mae": [
      -0.049120127907511364,
      -0.05305889481159383,
      -0.04954872767337585,
      -0.05627172599885276,
      -0.06585055689549872
    ]
  },
  "420": {
    "fit_time": [
      94.97034859657288,
      92.65568494796753,
      93.9335069656372,
      92.7174916267395,
      89.80213379859924
    ],
    "score_time": [
      0.5138823986053467,
      0.4307537078857422,
      0.385150671005249,
      0.339874267578125,
      0.3215901851654053
    ],
    "test_r": [
      0.6533606856168296,
      0.6188769148173188,
      0.7249894730956139,
      0.6770771039686725,
      0.7024607391945623
    ],
    "test_r2": [
      0.4213163363650493,
      0.36311740336863263,
      0.49652668378706555,
      0.4335871806839836,
      0.45698055253957703
    ],
    "test_rmse": [
      -0.07336572905182111,
      -0.07466039138065139,
      -0.06739552654926352,
      -0.07131236302130367,
      -0.0819985827516195
    ],
    "test_mae": [
      -0.05617447324072202,
      -0.05459963330250739,
      -0.0524692906426874,
      -0.0553346647179825,
      -0.05570946367665699
    ]
  },
  "1234567890": {
    "fit_time": [
      93.66956543922424,
      92.20105719566345,
      93.08584856987,
      94.34212970733643,
      90.43594789505005
    ],
    "score_time": [
      0.4066760540008545,
      0.4281933307647705,
      0.3748342990875244,
      0.36888742446899414,
      0.33885669708251953
    ],
    "test_r": [
      0.7134067843834218,
      0.7174808836396239,
      0.6511945582212992,
      0.6889039398127416,
      0.6734782584212857
    ],
    "test_r2": [
      0.5084060985315288,
      0.5038671831118209,
      0.377620468425818,
      0.45374504948440675,
      0.4491863431323492
    ],
    "test_rmse": [
      -0.060251924935468465,
      -0.07685778295988434,
      -0.09186205531559388,
      -0.06898370370700477,
      -0.061102980215601344
    ],
    "test_mae": [
      -0.04726782344256386,
      -0.054859354730500964,
      -0.06720030320202064,
      -0.054830816436518486,
      -0.04454028679643852
    ]
  },
  "473129": {
    "fit_time": [
      93.58395576477051,
      91.9394211769104,
      94.06484746932983,
      93.78591918945312,
      90.02976632118225
    ],
    "score_time": [
      0.3972804546356201,
      0.49153971672058105,
      0.38343262672424316,
      0.3412811756134033,
      0.32646918296813965
    ],
    "test_r": [
      0.6660349558544864,
      0.653174889843749,
      0.6095603064258466,
      0.6360276661300172,
      0.7039296942531729
    ],
    "test_r2": [
      0.4414607536977746,
      0.4063105759822323,
      0.3654185770759415,
      0.3994634622596792,
      0.48251121881052217
    ],
    "test_rmse": [
      -0.07557604854042102,
      -0.06947573131443922,
      -0.08715003289585087,
      -0.07561522935441627,
      -0.06516488021110975
    ],
    "test_mae": [
      -0.05384438687658228,
      -0.05317537814415146,
      -0.06376857747623696,
      -0.05424583835584169,
      -0.0501945029497814
    ]
  },
  "r_avg": 0.6618580232805682,
  "r_stdev": 0.04482357002773771,
  "r_stderr": 0.016941717023926075,
  "r2_avg": 0.4242933548638119,
  "r2_stdev": 0.05967029767635869,
  "r2_stderr": 0.022553252615548625,
  "rmse_avg": 0.07419244369885661,
  "rmse_stdev": 0.0073199850629544205,
  "rmse_stderr": 0.0027666942967549822,
  "mae_avg": 0.055121093185712684,
  "mae_stdev": 0.004746376264648191,
  "mae_stderr": 0.0017939616035712576
}