{
  "6": {
    "fit_time": [
      8.357360601425171,
      8.295440196990967,
      8.735083103179932,
      8.272838115692139,
      7.855717182159424
    ],
    "score_time": [
      0.02783489227294922,
      0.02797985076904297,
      0.02767348289489746,
      0.027345657348632812,
      0.02737116813659668
    ],
    "test_r": [
      0.6104004856424643,
      0.7061695216712225,
      0.5441626119846679,
      0.740494320828541,
      0.6860382787261122
    ],
    "test_r2": [
      0.3554761908017776,
      0.4959489588924535,
      0.20372766291686017,
      0.5429904174339986,
      0.44416815076133176
    ],
    "test_rmse": [
      -0.07707864058904709,
      -0.0720982589557153,
      -0.08101890098459111,
      -0.07225921037265927,
      -0.0724472692604406
    ],
    "test_mae": [
      -0.05311717183887959,
      -0.05171456400326319,
      -0.05890338717528752,
      -0.051438349594511414,
      -0.055640245297578016
    ]
  },
  "13": {
    "fit_time": [
      8.454510688781738,
      8.470577955245972,
      8.4134042263031,
      8.217161893844604,
      7.963797092437744
    ],
    "score_time": [
      0.028387784957885742,
      0.027744770050048828,
      0.027940988540649414,
      0.027319669723510742,
      0.02724003791809082
    ],
    "test_r": [
      0.7049343790778625,
      0.5885991469391911,
      0.5651641802480729,
      0.6091893018532025,
      0.6411296336620077
    ],
    "test_r2": [
      0.47559353896116363,
      0.3072016848145358,
      0.22593541464590938,
      0.35182844052186335,
      0.40370481355184573
    ],
    "test_rmse": [
      -0.07536913671246344,
      -0.08035316526397221,
      -0.07883558552417821,
      -0.07669917575563792,
      -0.0788279748228182
    ],
    "test_mae": [
      -0.052896817239267487,
      -0.056590036196368085,
      -0.05833131833629949,
      -0.054364273415385064,
      -0.05970823676693547
    ]
  },
  "42": {
    "fit_time": [
      8.452892780303955,
      8.31861138343811,
      8.287430047988892,
      8.29740047454834,
      7.8776867389678955
    ],
    "score_time": [
      0.02760601043701172,
      0.028161048889160156,
      0.02811574935913086,
      0.027215242385864258,
      0.02718806266784668
    ],
    "test_r": [
      0.6383322209473814,
      0.6811007609509253,
      0.6553286699374725,
      0.5657178091223812,
      0.7273044103487255
    ],
    "test_r2": [
      0.3979338217459728,
      0.415485496207302,
      0.4265407371641331,
      0.19391623535575697,
      0.5246971599148955
    ],
    "test_rmse": [
      -0.07453929272633941,
      -0.06295588024765932,
      -0.08523262323136124,
      -0.08154275806030392,
      -0.07425053230494885
    ],
    "test_mae": [
      -0.05534391555700984,
      -0.05019055599953447,
      -0.06184059447518416,
      -0.060848916179639785,
      -0.052345759383622584
    ]
  },
  "69": {
    "fit_time": [
      8.1665678024292,
      8.363674640655518,
      8.564869403839111,
      8.160090446472168,
      7.834501504898071
    ],
    "score_time": [
      0.028001070022583008,
      0.027876615524291992,
      0.027625560760498047,
      0.027208805084228516,
      0.027347087860107422
    ],
    "test_r": [
      0.6876213684949829,
      0.705787412450827,
      0.700471070891495,
      0.6698617026886193,
      0.5221440206123826
    ],
    "test_r2": [
      0.4552678124933389,
      0.49517728100534286,
      0.46599989075869175,
      0.4063958521751704,
      0.21866111505845032
    ],
    "test_rmse": [
      -0.06536354438570352,
      -0.07284588069268433,
      -0.06573325236716467,
      -0.08166134778522703,
      -0.0918136383191541
    ],
    "test_mae": [
      -0.048117333039641386,
      -0.05362688193959849,
      -0.04770876679718494,
      -0.057255803670539514,
      -0.06802742907764675
    ]
  },
  "420": {
    "fit_time": [
      8.535879135131836,
      8.418481826782227,
      8.30034589767456,
      8.296932935714722,
      7.8710877895355225
    ],
    "score_time": [
      0.027974367141723633,
      0.028119325637817383,
      0.02788543701171875,
      0.0273439884185791,
      0.027196407318115234
    ],
    "test_r": [
      0.6865367883261656,
      0.6281790836134802,
      0.6888290173762592,
      0.6327282691926834,
      0.7548474444951152
    ],
    "test_r2": [
      0.42900392468641046,
      0.33166579117404993,
      0.47166572701737475,
      0.3589224813727535,
      0.5425380157467397
    ],
    "test_rmse": [
      -0.07287678210858248,
      -0.0764816796323109,
      -0.06903943582595842,
      -0.07586711408537959,
      -0.0752620700345729
    ],
    "test_mae": [
      -0.05289086105270045,
      -0.05444316419022425,
      -0.053133069673180586,
      -0.059463925379675785,
      -0.05049226021380039
    ]
  },
  "1234567890": {
    "fit_time": [
      8.495100021362305,
      8.553784370422363,
      8.341819524765015,
      8.248649835586548,
      7.842615842819214
    ],
    "score_time": [
      0.02797842025756836,
      0.02924489974975586,
      0.027576446533203125,
      0.027260780334472656,
      0.027393817901611328
    ],
    "test_r": [
      0.7111700855863811,
      0.6949117570576646,
      0.6522699541706984,
      0.705184913403738,
      0.6399929156017381
    ],
    "test_r2": [
      0.45820848756034904,
      0.4707888723011546,
      0.40738290136283595,
      0.4618876937205194,
      0.3184514545796667
    ],
    "test_rmse": [
      -0.06325338645393025,
      -0.07937858613319053,
      -0.08963870966733584,
      -0.06846762713904041,
      -0.06796861818277027
    ],
    "test_mae": [
      -0.04694224462168557,
      -0.056398207927601675,
      -0.06232486618501799,
      -0.05282305321607505,
      -0.050028901704152424
    ]
  },
  "473129": {
    "fit_time": [
      8.361582279205322,
      8.160589218139648,
      8.565856456756592,
      8.397421836853027,
      7.869231939315796
    ],
    "score_time": [
      0.029164552688598633,
      0.02821063995361328,
      0.027846813201904297,
      0.027190208435058594,
      0.026898622512817383
    ],
    "test_r": [
      0.6337091986505106,
      0.6333704762888578,
      0.651401787309528,
      0.6024262047037668,
      0.7409670015312051
    ],
    "test_r2": [
      0.35227369501626304,
      0.33020928378994263,
      0.40380486021180495,
      0.3339620478107679,
      0.5472570878547005
    ],
    "test_rmse": [
      -0.08138663663303118,
      -0.07379433654010473,
      -0.08447303419846582,
      -0.07963226053741516,
      -0.06095214051343125
    ],
    "test_mae": [
      -0.05768445733487605,
      -0.05570013470734869,
      -0.06002989650283542,
      -0.06015401190336759,
      -0.046643718795948204
    ]
  },
  "r_avg": 0.6573278915538951,
  "r_stdev": 0.05654125551553905,
  "r_stderr": 0.02137058584421078,
  "r2_avg": 0.4007049428396036,
  "r2_stdev": 0.09444665462370981,
  "r2_stderr": 0.03569748004233497,
  "rmse_avg": 0.07541138531564542,
  "rmse_stdev": 0.007130028605579343,
  "rmse_stderr": 0.0026948975044485115,
  "mae_avg": 0.055061803696910494,
  "mae_stdev": 0.004779544992257891,
  "mae_stderr": 0.0018064982042226446
}