fold,r,r2,rmse,mae
0.0,0.550992610117558,0.28647340143737376,2.7285283635546165,2.0239949655985194
1.0,0.5980591361116707,0.29328261954912016,2.306036012203283,1.7514041238264848
2.0,0.6204485333017764,0.35329719248836655,2.7453314206219117,2.0882197353809686
3.0,0.6417876602342335,0.40946530659017033,2.2530860772896206,1.7956850572010952
4.0,0.6268157753323562,0.37214803639366,2.419671404540066,1.7887762645544771
