fold,r,r2,rmse,mae
1.0,0.7368211999610421,0.54290548071203,2.1006315526938444,1.6687170053382776
2.0,0.7400647840372272,0.5476958845720677,2.1449172047656893,1.5974716776529776
3.0,0.7462981658766525,0.5569609523908556,2.174388022523178,1.635884391164219
4.0,0.7405533099690944,0.5484192049061817,1.8767693544436763,1.420686715311898
5.0,0.6753067446962575,0.45603919943225635,2.3437851584642435,1.6255934191638413
