fold,r,r2,rmse,mae
1.0,0.46087934401012876,0.1774187972546729,2.919910465333323,2.0736373873873872
2.0,0.5958324641679354,0.3373857629275949,2.242848890171637,1.8210180180180178
3.0,0.589336414993217,0.32786488735075414,2.8109237717253115,2.130702702702702
4.0,0.5647675540237618,0.3142793654039392,2.4278882196689384,1.949837837837838
5.0,0.5659015100644781,0.29648121052545473,2.561330472389064,1.8927477477477475
