fold,r,r2,rmse,mae
1.0,0.45427784339800426,0.18789974563718082,2.9012487572339176,2.16118018018018
2.0,0.6534634339952257,0.4159950291019897,2.1056098558054064,1.5815315315315315
3.0,0.6499374684383156,0.40183961310415794,2.6517318240475727,2.0837567567567565
4.0,0.6131559930365014,0.3722034733871654,2.3230819636443765,1.8168668668668668
5.0,0.6691608299811419,0.4451324221801942,2.2746911620883576,1.8058288288288291
