{
  "6": {
    "fit_time": [
      18.91479468345642,
      17.552838802337646,
      18.05536961555481,
      17.83870267868042,
      13.872175455093384
    ],
    "score_time": [
      0.09538912773132324,
      0.1155538558959961,
      0.11049485206604004,
      0.13181662559509277,
      0.09242820739746094
    ],
    "test_r": [
      0.40984397350545737,
      0.19930102180754958,
      0.36173126508795983,
      0.28736567023462567,
      0.32620418238442217
    ],
    "test_r2": [
      0.14508975419144232,
      0.03889277834585381,
      0.12055193043581447,
      0.054487719236072873,
      0.08982716321311246
    ],
    "test_rmse": [
      -2.7511741997196117,
      -3.048292447906014,
      -2.854301082367431,
      -3.3868686049213017,
      -2.6695647972824745
    ],
    "test_mae": [
      -2.1785462029543705,
      -2.4436882640114614,
      -2.1902996433786757,
      -2.6003619072030344,
      -2.1128275488164765
    ]
  },
  "13": {
    "fit_time": [
      18.199646949768066,
      18.524739980697632,
      17.55993151664734,
      17.5615336894989,
      14.330938339233398
    ],
    "score_time": [
      0.10606575012207031,
      0.09624385833740234,
      0.11652970314025879,
      0.11675715446472168,
      0.08847403526306152
    ],
    "test_r": [
      0.3131217546685465,
      0.17427396342008475,
      0.33134639796298937,
      0.4190491732524651,
      0.33189445714245536
    ],
    "test_r2": [
      0.08780723832373971,
      0.005542340132650425,
      0.07279052113355466,
      0.1454476483084326,
      0.09280910241024498
    ],
    "test_rmse": [
      -2.608340841207151,
      -3.2036075694857815,
      -2.616928005530805,
      -3.050416929093102,
      -3.2341556212936893
    ],
    "test_mae": [
      -2.089749887644137,
      -2.510493946822867,
      -2.1314608003771407,
      -2.3223447989345702,
      -2.494687141889696
    ]
  },
  "42": {
    "fit_time": [
      18.689611673355103,
      18.714128732681274,
      18.253467321395874,
      17.464675903320312,
      14.165914058685303
    ],
    "score_time": [
      0.10453391075134277,
      0.10736870765686035,
      0.13245511054992676,
      0.11433219909667969,
      0.08887529373168945
    ],
    "test_r": [
      0.33271737057581663,
      0.2894428893619518,
      0.3665474687088501,
      0.38188075284356604,
      0.3187063068831305
    ],
    "test_r2": [
      0.09401007108680093,
      0.0650412240543703,
      0.08529506436841916,
      0.1260633273186088,
      0.09252786064844187
    ],
    "test_rmse": [
      -2.8589305091583577,
      -3.116057080939741,
      -3.1189532414556846,
      -2.752114865825798,
      -2.830301533651967
    ],
    "test_mae": [
      -2.3242935573975863,
      -2.340225743019615,
      -2.4553985642740432,
      -2.180027921210325,
      -2.119956422158832
    ]
  },
  "69": {
    "fit_time": [
      17.79171586036682,
      18.271872758865356,
      17.63929271697998,
      17.005314350128174,
      14.356085777282715
    ],
    "score_time": [
      0.09749984741210938,
      0.10390400886535645,
      0.11357879638671875,
      0.13043761253356934,
      0.0883474349975586
    ],
    "test_r": [
      0.3834664817165052,
      0.4332092872609487,
      0.27810376648737234,
      0.31118879258042825,
      0.3164408499484527
    ],
    "test_r2": [
      0.12193882818540946,
      0.15631508171475883,
      0.06939411302080034,
      0.07391360141282632,
      0.0983311880402098
    ],
    "test_rmse": [
      -2.8906928280266793,
      -2.81175381720545,
      -3.2575388400866117,
      -3.005031081503438,
      -2.6401313422697634
    ],
    "test_mae": [
      -2.284312501775863,
      -2.12602470421835,
      -2.633886888926125,
      -2.2316979975011733,
      -2.1484230749130155
    ]
  },
  "420": {
    "fit_time": [
      18.741339921951294,
      18.898645877838135,
      19.095813035964966,
      17.581203937530518,
      14.537493228912354
    ],
    "score_time": [
      0.11527228355407715,
      0.1100163459777832,
      0.10469222068786621,
      0.11800479888916016,
      0.08825159072875977
    ],
    "test_r": [
      0.3437702979544157,
      0.3295388514216846,
      0.3130581556434742,
      0.38012888248409293,
      0.30051859881082293
    ],
    "test_r2": [
      0.10451152693967047,
      0.10203382854439969,
      0.08269309039784878,
      0.1125921083359287,
      0.031216558846241305
    ],
    "test_rmse": [
      -2.918403882805125,
      -2.9480988600161457,
      -2.8348730614102697,
      -2.696082444898427,
      -3.3062831656334652
    ],
    "test_mae": [
      -2.3018780127136993,
      -2.2453061869349207,
      -2.2539623926739867,
      -2.149383212173932,
      -2.5545488274315358
    ]
  },
  "1234567890": {
    "fit_time": [
      17.925514221191406,
      18.1564724445343,
      18.883588790893555,
      17.375492334365845,
      13.950538396835327
    ],
    "score_time": [
      0.11575198173522949,
      0.11358833312988281,
      0.1080472469329834,
      0.12149238586425781,
      0.08818864822387695
    ],
    "test_r": [
      0.40139591240513833,
      0.28039573048231176,
      0.3410912003711146,
      0.2678140574776104,
      0.43946603892855607
    ],
    "test_r2": [
      0.1352696715090128,
      0.054285179605623735,
      0.1038555113041365,
      0.0674259296274643,
      0.1650654341297344
    ],
    "test_rmse": [
      -2.8696793615513125,
      -3.0653461428858226,
      -3.1380206015695835,
      -2.924371744751515,
      -2.597689495803992
    ],
    "test_mae": [
      -2.1566364506688718,
      -2.4286885517844983,
      -2.483470722180007,
      -2.2809111919464717,
      -2.0392885395650793
    ]
  },
  "473129": {
    "fit_time": [
      17.743290424346924,
      18.26038122177124,
      17.996383666992188,
      17.359514713287354,
      14.61832046508789
    ],
    "score_time": [
      0.11473894119262695,
      0.09898257255554199,
      0.10532975196838379,
      0.11841821670532227,
      0.0887761116027832
    ],
    "test_r": [
      0.34607341999834423,
      0.3737083640858914,
      0.3558350415784083,
      0.3793450955941474,
      0.2996247375545816
    ],
    "test_r2": [
      0.07238589098563497,
      0.1206817645355226,
      0.11419234336021655,
      0.12192719533366858,
      0.07938894296769772
    ],
    "test_rmse": [
      -3.149539759811996,
      -2.7616409930539767,
      -2.9428881929868496,
      -2.9153640367265132,
      -2.8578865546537244
    ],
    "test_mae": [
      -2.359958082687363,
      -2.1185127530844974,
      -2.2882215870721345,
      -2.3311423756596,
      -2.298126251087371
    ]
  },
  "r_avg": 0.3347885774464049,
  "r_stdev": 0.05709561552004518,
  "r_stderr": 0.021580114231171333,
  "r2_avg": 0.09438861520012473,
  "r2_stdev": 0.03498047508577592,
  "r2_stderr": 0.013221376831407696,
  "rmse_avg": 2.9323235296425594,
  "rmse_stdev": 0.20732778705255223,
  "rmse_stderr": 0.07836253777348719,
  "mae_avg": 2.2916783615740375,
  "mae_stdev": 0.1547098394569224,
  "mae_stderr": 0.058474822939677824
}