{
  "6": {
    "fit_time": [
      14.863934993743896,
      12.550114870071411
    ],
    "score_time": [
      1.9941208362579346,
      2.453655242919922
    ],
    "test_r": [
      0.27626744628981903,
      0.2525108160818686
    ],
    "test_r2": [
      0.059191776665658224,
      0.04605816027952636
    ],
    "test_rmse": [
      -2.9990715534920036,
      -3.0225211120296462
    ],
    "test_mae": [
      -2.4269521177443045,
      -2.3481408692357286
    ]
  },
  "r_avg": 0.26438913118584384,
  "r_stdev": 0.011878315103975218,
  "r_stderr": 0.004489581108511537,
  "r2_avg": 0.05262496847259229,
  "r2_stdev": 0.006566808193065932,
  "r2_stderr": 0.0024820201980448402,
  "rmse_avg": 3.010796332760825,
  "rmse_stdev": 0.011724779268821317,
  "rmse_stderr": 0.004431550017489561,
  "mae_avg": 2.3875464934900164,
  "mae_stdev": 0.03940562425428795,
  "mae_stderr": 0.014893926004871568
}