{
  "6": {
    "fit_time": [
      10.533631324768066,
      10.644277095794678
    ],
    "score_time": [
      1.2435767650604248,
      0.054155826568603516
    ],
    "test_r": [
      0.7170491075577143,
      0.7320495993515185
    ],
    "test_r2": [
      0.5058352341146533,
      0.5292538477924843
    ],
    "test_rmse": [
      -2.1722480906108905,
      -2.1249181737093625
    ],
    "test_mae": [
      -1.6452810526857504,
      -1.6099069370517587
    ]
  },
  "r_avg": 0.7245493534546164,
  "r_stdev": 0.007500245896902069,
  "r_stderr": 0.0028348264878622093,
  "r2_avg": 0.5175445409535688,
  "r2_stdev": 0.011709306838915523,
  "r2_stderr": 0.004425701988674046,
  "rmse_avg": 2.1485831321601268,
  "rmse_stdev": 0.023664958450763995,
  "rmse_stderr": 0.008944513549628271,
  "mae_avg": 1.6275939948687546,
  "mae_stdev": 0.017687057816995866,
  "mae_stderr": 0.006685079486884575
}