{
  "6": {
    "fit_time": [
      19.521260023117065,
      19.461345672607422,
      19.199034690856934,
      19.19691801071167,
      6.663621425628662
    ],
    "score_time": [
      0.027207136154174805,
      0.02955484390258789,
      0.033205270767211914,
      0.033125877380371094,
      0.02468729019165039
    ],
    "test_r": [
      0.7087664399994873,
      0.7495474461408917,
      0.7870872945979615,
      0.7592978505323679,
      0.7292777584084783
    ],
    "test_r2": [
      0.48635032008801105,
      0.5525375228799365,
      0.6152456095671613,
      0.5729775554695902,
      0.5162326922768206
    ],
    "test_rmse": [
      -2.1240321127574995,
      -2.1679074860465617,
      -1.8728527950842595,
      -2.058797344607692,
      -2.1468646648348657
    ],
    "test_mae": [
      -1.5246404693226558,
      -1.6201461269975315,
      -1.4579089125281146,
      -1.438755363646524,
      -1.6135585310753366
    ]
  },
  "13": {
    "fit_time": [
      19.309440851211548,
      19.33319902420044,
      19.55295205116272,
      19.254424571990967,
      6.6614227294921875
    ],
    "score_time": [
      0.03211379051208496,
      0.028998851776123047,
      0.026838064193725586,
      0.03475069999694824,
      0.02484416961669922
    ],
    "test_r": [
      0.7535767763137374,
      0.7795472545959702,
      0.7241257923355117,
      0.7693563191247506,
      0.7089064602015808
    ],
    "test_r2": [
      0.5528368252966956,
      0.6049576789238433,
      0.5178583538078436,
      0.5836506360324101,
      0.4963789209316013
    ],
    "test_rmse": [
      -2.0688700344880115,
      -1.950627757665467,
      -2.031113267363059,
      -2.033954132915303,
      -2.1995498617151887
    ],
    "test_mae": [
      -1.4672792964834567,
      -1.4304465718646244,
      -1.5729537129638462,
      -1.492330663377744,
      -1.5323381394441626
    ]
  },
  "42": {
    "fit_time": [
      19.077285289764404,
      19.107578992843628,
      19.382183074951172,
      19.257935762405396,
      6.639975547790527
    ],
    "score_time": [
      0.037416696548461914,
      0.03350496292114258,
      0.027304887771606445,
      0.027165889739990234,
      0.024667978286743164
    ],
    "test_r": [
      0.7534588992928658,
      0.785012480860553,
      0.7274892550952735,
      0.7253257120656899,
      0.7104361719763358
    ],
    "test_r2": [
      0.5676353563579768,
      0.5618981003874488,
      0.5240013718416758,
      0.5035605844729363,
      0.49287554615876783
    ],
    "test_rmse": [
      -2.0637463459471173,
      -1.7064597309370115,
      -2.3978994642524896,
      -2.1024646613895404,
      -2.2669236400159343
    ],
    "test_mae": [
      -1.6133761135492293,
      -1.3272460930802343,
      -1.7265955494885894,
      -1.4727876782465554,
      -1.6444491850309448
    ]
  },
  "69": {
    "fit_time": [
      19.092023372650146,
      19.411508560180664,
      19.824057579040527,
      19.42380714416504,
      6.870215654373169
    ],
    "score_time": [
      0.03569817543029785,
      0.03407573699951172,
      0.02648758888244629,
      0.032775163650512695,
      0.024916648864746094
    ],
    "test_r": [
      0.7619346305279331,
      0.8282420964053401,
      0.7364714396422829,
      0.7995515285092413,
      0.636707615645456
    ],
    "test_r2": [
      0.559458301646917,
      0.6818637664274463,
      0.5338251425649969,
      0.6366057140106729,
      0.3479572750111646
    ],
    "test_rmse": [
      -1.97541124371572,
      -1.7882859738878762,
      -2.017096518810888,
      -1.9596539129089316,
      -2.4949424901499824
    ],
    "test_mae": [
      -1.3996894416878507,
      -1.3791432207945478,
      -1.4841332702781016,
      -1.4689698643637497,
      -1.8342942573828351
    ]
  },
  "420": {
    "fit_time": [
      19.367886304855347,
      19.30174970626831,
      19.48557710647583,
      19.457087993621826,
      6.9244866371154785
    ],
    "score_time": [
      0.03374457359313965,
      0.03580760955810547,
      0.024899005889892578,
      0.027174949645996094,
      0.02503180503845215
    ],
    "test_r": [
      0.7519048159434074,
      0.6547247984406716,
      0.8090390287740075,
      0.8108533584618786,
      0.7564365873291982
    ],
    "test_r2": [
      0.5630083133552446,
      0.3728407114970027,
      0.6518897364191721,
      0.6532917754916531,
      0.5690414881179513
    ],
    "test_rmse": [
      -2.040069318337865,
      -2.265272309362032,
      -1.7074557440409448,
      -1.94296087888515,
      -2.159564353379497
    ],
    "test_mae": [
      -1.571824317323591,
      -1.7079571982234714,
      -1.3414911327249661,
      -1.4505601816132798,
      -1.473592696717122
    ]
  },
  "1234567890": {
    "fit_time": [
      19.50730299949646,
      19.818384408950806,
      19.390641927719116,
      18.84480905532837,
      6.903787612915039
    ],
    "score_time": [
      0.031122207641601562,
      0.026700496673583984,
      0.0355830192565918,
      0.03379487991333008,
      0.02496027946472168
    ],
    "test_r": [
      0.7751643346564578,
      0.7750488527172854,
      0.6663773193303778,
      0.7750179479378928,
      0.8433270674876903
    ],
    "test_r2": [
      0.5973844824742183,
      0.5938578109815857,
      0.41860116375201717,
      0.5565072840946084,
      0.700170154361201
    ],
    "test_rmse": [
      -1.95065946347506,
      -2.086368445438556,
      -2.554414587852136,
      -1.8984340199579233,
      -1.561984219865828
    ],
    "test_mae": [
      -1.5299811291173355,
      -1.573395968293358,
      -1.7245497545082016,
      -1.456924527737057,
      -1.1880007691783974
    ]
  },
  "473129": {
    "fit_time": [
      19.577686548233032,
      19.39796733856201,
      19.827692985534668,
      19.232083797454834,
      6.719797611236572
    ],
    "score_time": [
      0.03099679946899414,
      0.03134322166442871,
      0.026935338973999023,
      0.03508758544921875,
      0.024781227111816406
    ],
    "test_r": [
      0.7280848721928179,
      0.7586904748771288,
      0.7842038406447855,
      0.7401078116132035,
      0.7453355895066254
    ],
    "test_r2": [
      0.5240227234992095,
      0.5571344422155153,
      0.5994681372015332,
      0.542058313841757,
      0.552109056960684
    ],
    "test_rmse": [
      -2.1183734600381436,
      -2.012362131561123,
      -2.0109738128459997,
      -2.1803319029530406,
      -1.8949747577927494
    ],
    "test_mae": [
      -1.5685575266208553,
      -1.5804565344751096,
      -1.4238013977673012,
      -1.5828901359721133,
      -1.46437076927557
    ]
  },
  "r_avg": 0.7516695977767182,
  "r_stdev": 0.04424447422725465,
  "r_stderr": 0.01672283938487464,
  "r2_avg": 0.5531455105262078,
  "r2_stdev": 0.07378561050969165,
  "r2_stderr": 0.027888339391959702,
  "rmse_avg": 2.0517615098651274,
  "rmse_stdev": 0.20186867043456655,
  "rmse_stderr": 0.07629918563787431,
  "mae_avg": 1.518268471461553,
  "mae_stdev": 0.12479687739479454,
  "mae_stderr": 0.04716878599772066
}