{
  "6": {
    "fit_time": [
      20.768980026245117,
      20.972049236297607,
      20.749120235443115,
      20.790738105773926,
      7.89556884765625
    ],
    "score_time": [
      0.057332515716552734,
      0.04809451103210449,
      0.06047844886779785,
      0.05445265769958496,
      0.04773592948913574
    ],
    "test_r": [
      0.7054927956726825,
      0.7695844453729477,
      0.7863226933354353,
      0.7692305429383508,
      0.7298399117445418
    ],
    "test_r2": [
      0.482464260669379,
      0.5807511657713877,
      0.6143357401977768,
      0.5868997723968794,
      0.5214008862252593
    ],
    "test_rmse": [
      -2.1320517439373705,
      -2.0984487433731682,
      -1.8750659539016714,
      -2.0249577459168933,
      -2.1353661552826946
    ],
    "test_mae": [
      -1.5053512424281958,
      -1.5816243917944222,
      -1.4653583072102794,
      -1.3997400471519783,
      -1.611516285119431
    ]
  },
  "13": {
    "fit_time": [
      21.15752911567688,
      21.33814525604248,
      21.37248659133911,
      21.343379735946655,
      7.928490161895752
    ],
    "score_time": [
      0.06834793090820312,
      0.05406665802001953,
      0.04892706871032715,
      0.05180764198303223,
      0.047936201095581055
    ],
    "test_r": [
      0.7524516832669781,
      0.787318557736983,
      0.722032243012744,
      0.7783988589762488,
      0.7151329131565262
    ],
    "test_r2": [
      0.5511706387139865,
      0.6182944284534397,
      0.5146279574382071,
      0.6028003965675235,
      0.5070823950355944
    ],
    "test_rmse": [
      -2.0727208864271396,
      -1.9174181649704387,
      -2.0379062371278103,
      -1.986628243185087,
      -2.176050784484603
    ],
    "test_mae": [
      -1.4724924717173966,
      -1.4236858569447401,
      -1.5882316227964342,
      -1.4413123912468822,
      -1.5092672177010027
    ]
  },
  "42": {
    "fit_time": [
      20.826305627822876,
      20.94059443473816,
      20.779854774475098,
      21.000609159469604,
      7.767964601516724
    ],
    "score_time": [
      0.05988121032714844,
      0.05322599411010742,
      0.0630793571472168,
      0.04761552810668945,
      0.04734158515930176
    ],
    "test_r": [
      0.7487557428655897,
      0.7883745669934625,
      0.7224264543016218,
      0.7191516018388847,
      0.7115520100262939
    ],
    "test_r2": [
      0.5605743459376822,
      0.5711458595082249,
      0.5177586678447726,
      0.4893514309039898,
      0.49363130053465043
    ],
    "test_rmse": [
      -2.0805297724577057,
      -1.6883531009761008,
      -2.413572424442737,
      -2.1323408978122664,
      -2.2652338415629947
    ],
    "test_mae": [
      -1.6432792323568008,
      -1.3317432626004442,
      -1.7135756512561389,
      -1.4581787247645221,
      -1.6604100949078338
    ]
  },
  "69": {
    "fit_time": [
      20.97049117088318,
      20.917654752731323,
      20.988871335983276,
      20.954052209854126,
      7.809624671936035
    ],
    "score_time": [
      0.05126190185546875,
      0.06168770790100098,
      0.04922604560852051,
      0.054627418518066406,
      0.04792475700378418
    ],
    "test_r": [
      0.7477351732137525,
      0.8222840923097656,
      0.7403776453795747,
      0.793756092843852,
      0.6405561611573195
    ],
    "test_r2": [
      0.5345921462601365,
      0.6734672157363562,
      0.5348467657862508,
      0.6251665471559182,
      0.35796196534245295
    ],
    "test_rmse": [
      -2.0303965385700007,
      -1.8117313459665692,
      -2.014885070828305,
      -1.9902585747279677,
      -2.475727785198887
    ],
    "test_mae": [
      -1.3967400013855173,
      -1.380040148103277,
      -1.456167115962631,
      -1.498734745996808,
      -1.81525431195467
    ]
  },
  "420": {
    "fit_time": [
      20.58244562149048,
      20.957123041152954,
      20.719186305999756,
      21.020352602005005,
      8.062689781188965
    ],
    "score_time": [
      0.0638434886932373,
      0.056920766830444336,
      0.05954766273498535,
      0.052365779876708984,
      0.047580718994140625
    ],
    "test_r": [
      0.7608714790168469,
      0.6652585929671445,
      0.7994883807992734,
      0.817990495684874,
      0.7696912501231147
    ],
    "test_r2": [
      0.5757176706531828,
      0.3953831501019436,
      0.6372577648821529,
      0.6672837417208323,
      0.5901280904494938
    ],
    "test_rmse": [
      -2.0101839868268097,
      -2.2241885974642654,
      -1.742970771016828,
      -1.9033514878465163,
      -2.106068518355054
    ],
    "test_mae": [
      -1.5573199661776187,
      -1.6672666372247045,
      -1.356724616101604,
      -1.4017955415645447,
      -1.4387591443579064
    ]
  },
  "1234567890": {
    "fit_time": [
      21.133522748947144,
      21.081746101379395,
      20.88371777534485,
      20.73399567604065,
      7.885079622268677
    ],
    "score_time": [
      0.050859689712524414,
      0.05490589141845703,
      0.060446739196777344,
      0.06361007690429688,
      0.047679901123046875
    ],
    "test_r": [
      0.7928971111604601,
      0.7697036272578892,
      0.6779630869461064,
      0.7854899706962004,
      0.8404476090883733
    ],
    "test_r2": [
      0.6250268330834821,
      0.5842679476448571,
      0.431926034456399,
      0.5751414641787574,
      0.6941269790616724
    ],
    "test_rmse": [
      -1.8825056992708646,
      -2.110856488500875,
      -2.5249730658164444,
      -1.8581229023678767,
      -1.5776468609344647
    ],
    "test_mae": [
      -1.4657144189294897,
      -1.5627367662189482,
      -1.7105572798097388,
      -1.4392289021550013,
      -1.197469754569375
    ]
  },
  "473129": {
    "fit_time": [
      21.159303903579712,
      21.11797285079956,
      21.127010583877563,
      21.296987533569336,
      7.944798946380615
    ],
    "score_time": [
      0.05505847930908203,
      0.0595860481262207,
      0.05740761756896973,
      0.0479121208190918,
      0.047031402587890625
    ],
    "test_r": [
      0.7301907353172679,
      0.7491932157196648,
      0.7953988050806488,
      0.7442677459421289,
      0.7533644231021583
    ],
    "test_r2": [
      0.5295956703403581,
      0.5454427984944532,
      0.6182646107499667,
      0.549486982873638,
      0.5655283959369792
    ],
    "test_rmse": [
      -2.1059355315170407,
      -2.038752255693032,
      -1.9632205518066612,
      -2.1625750694224255,
      -1.8663710429906901
    ],
    "test_mae": [
      -1.5520701366768297,
      -1.635458190675664,
      -1.3804552548539577,
      -1.5441538185475823,
      -1.414318734696411
    ]
  },
  "r_avg": 0.7543711632870203,
  "r_stdev": 0.04342122806435231,
  "r_stderr": 0.016411681582756386,
  "r2_avg": 0.5577972006030868,
  "r2_stdev": 0.07210573425736119,
  "r2_stderr": 0.027253405849526905,
  "rmse_avg": 2.041067624028008,
  "rmse_stdev": 0.19773547272258007,
  "rmse_stderr": 0.0747369837428204,
  "mae_avg": 1.5050494938845365,
  "mae_stdev": 0.125375914533441,
  "mae_stderr": 0.04738764146468193
}