{
  "6": {
    "fit_time": [
      30.80016303062439,
      30.08000898361206
    ],
    "score_time": [
      4.205672025680542,
      3.242064952850342
    ],
    "test_r": [
      0.7097159782120201,
      0.7405274326637206
    ],
    "test_r2": [
      0.5006706066257365,
      0.5424890198525851
    ],
    "test_rmse": [
      -2.1871326801439657,
      -2.1373352323706283
    ],
    "test_mae": [
      -1.6235614001538126,
      -1.637887155459
    ]
  },
  "r_avg": 0.7251217054378704,
  "r_stdev": 0.015405727225850208,
  "r_stderr": 0.005822817572242378,
  "r2_avg": 0.5215798132391608,
  "r2_stdev": 0.020909206613424325,
  "r2_stderr": 0.007902937258683974,
  "rmse_avg": 2.162233956257297,
  "rmse_stdev": 0.024898723886668694,
  "rmse_stderr": 0.00941083305242699,
  "mae_avg": 1.6307242778064062,
  "mae_stdev": 0.007162877652593713,
  "mae_stderr": 0.002707313277192153
}