{
  "6": {
    "fit_time": [
      35.35469889640808,
      35.25319814682007,
      34.861294984817505,
      35.32660889625549,
      24.117473602294922
    ],
    "score_time": [
      2.1205248832702637,
      2.128404378890991,
      1.9157826900482178,
      2.088212013244629,
      0.6312398910522461
    ],
    "test_r": [
      0.7142106837395658,
      0.794412373827777,
      0.7265938003952637,
      0.8214203193581735,
      0.7273303399565658
    ],
    "test_r2": [
      0.508653650997351,
      0.6246718532418785,
      0.5206827774058504,
      0.6544899802028765,
      0.5228835630893052
    ],
    "test_rmse": [
      -2.085699301666879,
      -1.9049179627909074,
      -2.107202143036781,
      -2.0473641035215855,
      -1.9328169292939683
    ],
    "test_mae": [
      -1.6299200060985295,
      -1.4538634094669316,
      -1.5211253351253673,
      -1.585794709995936,
      -1.54562279741689
    ]
  },
  "13": {
    "fit_time": [
      35.087165117263794,
      34.890254735946655,
      35.71291375160217,
      35.10678005218506,
      24.1331844329834
    ],
    "score_time": [
      2.132673978805542,
      2.0230135917663574,
      1.7612721920013428,
      2.081728458404541,
      0.6401097774505615
    ],
    "test_r": [
      0.7303396206144739,
      0.7986416858488096,
      0.6610072778510524,
      0.7439430831839295,
      0.8252129318277573
    ],
    "test_r2": [
      0.5294038893350008,
      0.6192322314832858,
      0.42376020501539113,
      0.5501385476203529,
      0.6564281047262562
    ],
    "test_rmse": [
      -1.8734633324434793,
      -1.9823313620693688,
      -2.063024887426979,
      -2.213243799439057,
      -1.9903084497623718
    ],
    "test_mae": [
      -1.4425556723020212,
      -1.5080839728849955,
      -1.5697087719801757,
      -1.6822209865895117,
      -1.5722252979423943
    ]
  },
  "42": {
    "fit_time": [
      35.61903762817383,
      35.21303415298462,
      35.4673171043396,
      35.184285163879395,
      24.00795030593872
    ],
    "score_time": [
      1.9808664321899414,
      2.1043107509613037,
      2.0789573192596436,
      2.1146788597106934,
      0.6348240375518799
    ],
    "test_r": [
      0.7753060262036077,
      0.7362099595534212,
      0.7369817908492269,
      0.7481043001976638,
      0.8066149830023787
    ],
    "test_r2": [
      0.5737379573584875,
      0.5414335173837845,
      0.5317086799566847,
      0.5562489923826954,
      0.6460038733258695
    ],
    "test_rmse": [
      -1.9610119723420554,
      -2.1822792715352053,
      -2.231651662635307,
      -1.9610842437932778,
      -1.7677274729875532
    ],
    "test_mae": [
      -1.5203585678447642,
      -1.7134845235219969,
      -1.563253804513882,
      -1.5140938469442273,
      -1.4179067846808093
    ]
  },
  "69": {
    "fit_time": [
      35.399943351745605,
      35.55385398864746,
      35.585559129714966,
      35.21849012374878,
      24.029849529266357
    ],
    "score_time": [
      2.1940622329711914,
      2.1179347038269043,
      2.102182149887085,
      2.051328182220459,
      0.6512448787689209
    ],
    "test_r": [
      0.7497362687357387,
      0.7934649883747114,
      0.7432308510969213,
      0.7537118365790736,
      0.7085862099461498
    ],
    "test_r2": [
      0.5489119022839941,
      0.6285290874314851,
      0.5397103219152481,
      0.5487056297626399,
      0.49889007957032183
    ],
    "test_rmse": [
      -2.0719069276620643,
      -1.8657332738418344,
      -2.2909854067955098,
      -2.0977473125337904,
      -1.96819674441071
    ],
    "test_mae": [
      -1.5629100555912767,
      -1.4683418629278397,
      -1.7328332939688822,
      -1.5634148672196035,
      -1.473740264969865
    ]
  },
  "420": {
    "fit_time": [
      35.02384614944458,
      35.5099732875824,
      35.35019659996033,
      35.156982421875,
      24.086843013763428
    ],
    "score_time": [
      2.070831060409546,
      1.989741563796997,
      2.098087787628174,
      2.1283228397369385,
      0.6408147811889648
    ],
    "test_r": [
      0.7834889859018626,
      0.7841148418647018,
      0.7599398789854376,
      0.7534376656672713,
      0.7395574565133205
    ],
    "test_r2": [
      0.6019702888995537,
      0.6031460042418743,
      0.5740174920939494,
      0.5611100310944532,
      0.542415767377729
    ],
    "test_rmse": [
      -1.9456877303325981,
      -1.9598707597246061,
      -1.9318445081582394,
      -1.896048109556435,
      -2.272281946150013
    ],
    "test_mae": [
      -1.5002242294204047,
      -1.494509725454704,
      -1.4742170345382275,
      -1.5172940227518266,
      -1.643988143798349
    ]
  },
  "1234567890": {
    "fit_time": [
      35.291905879974365,
      35.781129121780396,
      35.299126863479614,
      35.42262363433838,
      24.055808067321777
    ],
    "score_time": [
      2.1290855407714844,
      1.9124982357025146,
      2.153318405151367,
      2.1226866245269775,
      0.6459572315216064
    ],
    "test_r": [
      0.7620558428886743,
      0.7470470180264277,
      0.7634026639983078,
      0.8413052160304998,
      0.770793016777115
    ],
    "test_r2": [
      0.5549115379992233,
      0.556577409086298,
      0.5705468092182766,
      0.6744922537555272,
      0.5763769397455061
    ],
    "test_rmse": [
      -2.0588096579645714,
      -2.0989801565515003,
      -2.1723244398491843,
      -1.7277128969354643,
      -1.8503369195796542
    ],
    "test_mae": [
      -1.521590977278195,
      -1.5372938679667134,
      -1.6814587218364765,
      -1.3691109786419857,
      -1.4295267965680039
    ]
  },
  "473129": {
    "fit_time": [
      35.561469078063965,
      35.14497661590576,
      35.767778158187866,
      35.429779291152954,
      24.0430006980896
    ],
    "score_time": [
      2.110927104949951,
      1.9659333229064941,
      1.969858169555664,
      2.0985212326049805,
      0.6277744770050049
    ],
    "test_r": [
      0.7474163597691904,
      0.7274016096112152,
      0.8294839959952659,
      0.8367306477648133,
      0.6643361431012499
    ],
    "test_r2": [
      0.5383902239106206,
      0.5249194488475699,
      0.6717638771039465,
      0.6808815304702539,
      0.43836753196382616
    ],
    "test_rmse": [
      -2.2217793264402337,
      -2.0299147840461846,
      -1.7914192418358492,
      -1.7575330439126053,
      -2.2321994414350894
    ],
    "test_mae": [
      -1.7827281788955431,
      -1.5630743618814742,
      -1.3549443327433264,
      -1.3967002365491978,
      -1.5806880714161826
    ]
  },
  "r_avg": 0.7601591621153604,
  "r_stdev": 0.04254264958958596,
  "r_stderr": 0.016079610132544074,
  "r2_avg": 0.568403199722782,
  "r2_stdev": 0.06040086985704402,
  "r2_stderr": 0.02282938294481656,
  "rmse_avg": 2.015583986356026,
  "rmse_stdev": 0.15064052098320105,
  "rmse_stderr": 0.056936765127251016,
  "mae_avg": 1.539680243192186,
  "mae_stdev": 0.09884913444563638,
  "mae_stderr": 0.037361461008163205
}