{
  "6": {
    "fit_time": [
      15.274604082107544,
      15.326438188552856
    ],
    "score_time": [
      1.5178632736206055,
      2.6812350749969482
    ],
    "test_r": [
      0.7017865503699862,
      0.6190943567156308
    ],
    "test_r2": [
      0.4914247804846964,
      0.34866698445756694
    ],
    "test_rmse": [
      -2.0743199157241046,
      -2.4163737066394266
    ],
    "test_mae": [
      -1.5889410451989305,
      -1.7449306628242358
    ]
  },
  "r_avg": 0.6604404535428086,
  "r_stdev": 0.04134609682717766,
  "r_stderr": 0.015627355698272685,
  "r2_avg": 0.42004588247113167,
  "r2_stdev": 0.07137889801356473,
  "r2_stderr": 0.026978687571676367,
  "rmse_avg": 2.245346811181766,
  "rmse_stdev": 0.17102689545766103,
  "rmse_stderr": 0.06464209041205905,
  "mae_avg": 1.6669358540115833,
  "mae_stdev": 0.07799480881265264,
  "mae_stderr": 0.029479266810329686
}