{
  "6": {
    "fit_time": [
      17.430070638656616,
      17.593236207962036,
      17.634219884872437,
      17.733431339263916,
      12.923855304718018
    ],
    "score_time": [
      0.6967782974243164,
      0.846104621887207,
      0.8468506336212158,
      0.7814910411834717,
      0.27418041229248047
    ],
    "test_r": [
      0.5508887886417915,
      0.7370613722221837,
      0.7474651627991943,
      0.45861869858236454,
      0.8189810196216643
    ],
    "test_r2": [
      0.26054053860961557,
      0.5363859439956559,
      0.5146203292570806,
      0.1610911336739076,
      0.6492326186946786
    ],
    "test_rmse": [
      -2.1803385142924614,
      -2.120832794903039,
      -1.9298812006233887,
      -2.6966260965257534,
      -1.9586949929769917
    ],
    "test_mae": [
      -1.5686530487341763,
      -1.6926120189131617,
      -1.5492968930289273,
      -1.9262970570542988,
      -1.4987649021297063
    ]
  },
  "13": {
    "fit_time": [
      17.532272815704346,
      17.78667402267456,
      17.695314645767212,
      17.66793918609619,
      12.777642726898193
    ],
    "score_time": [
      0.7742726802825928,
      0.8165688514709473,
      0.8681597709655762,
      0.8806667327880859,
      0.29088449478149414
    ],
    "test_r": [
      0.8226728725669727,
      0.5992691696254837,
      0.4879679195869965,
      0.7251257808158661,
      0.7730493858543761
    ],
    "test_r2": [
      0.6426621307192446,
      0.22290955896149034,
      0.18364315777890694,
      0.521771928585544,
      0.5866364394357785
    ],
    "test_rmse": [
      -1.9745618543768406,
      -1.9069144979361077,
      -2.882486932485971,
      -2.0827345865004587,
      -1.8648497006860674
    ],
    "test_mae": [
      -1.5964033356663752,
      -1.460445201564521,
      -1.8992399815774135,
      -1.6927384582934268,
      -1.4580709057681225
    ]
  },
  "42": {
    "fit_time": [
      17.506577491760254,
      17.639692306518555,
      17.67043113708496,
      17.578245878219604,
      12.686769485473633
    ],
    "score_time": [
      0.8138387203216553,
      0.8741459846496582,
      0.8505983352661133,
      0.8829607963562012,
      0.27493834495544434
    ],
    "test_r": [
      0.5785473436528992,
      0.7154494984443389,
      0.6925330266951342,
      0.7402583750041587,
      0.7441941223868626
    ],
    "test_r2": [
      0.29743799514527713,
      0.5110224235103149,
      0.4597877352572798,
      0.5454818597595728,
      0.543228251223154
    ],
    "test_rmse": [
      -2.7668318079807586,
      -1.9915309455248982,
      -1.9048515726837627,
      -2.0740208916135647,
      -1.879283228840754
    ],
    "test_mae": [
      -1.95212928309594,
      -1.49311089237254,
      -1.5526971543754278,
      -1.6799388852522787,
      -1.4254707625229384
    ]
  },
  "69": {
    "fit_time": [
      17.485065460205078,
      17.82721257209778,
      17.764467477798462,
      17.5023295879364,
      12.710103511810303
    ],
    "score_time": [
      0.813765287399292,
      0.7174386978149414,
      0.7696630954742432,
      0.8383753299713135,
      0.27994632720947266
    ],
    "test_r": [
      0.7432150513593183,
      0.7005411009549252,
      0.5437848870866229,
      0.804389604451046,
      0.6582862459969778
    ],
    "test_r2": [
      0.534447777278185,
      0.49007997136031267,
      0.20876903584071083,
      0.5974287126178784,
      0.31987787276949964
    ],
    "test_rmse": [
      -1.9861329112192925,
      -2.3542237107593076,
      -2.1701743970385996,
      -2.0106481006107098,
      -2.156642704024359
    ],
    "test_mae": [
      -1.3676091757946043,
      -1.7140663177090358,
      -1.7213935951251158,
      -1.5619804843451184,
      -1.6721442540856128
    ]
  },
  "420": {
    "fit_time": [
      17.470249891281128,
      17.524155139923096,
      17.522117137908936,
      17.463783502578735,
      12.687369108200073
    ],
    "score_time": [
      0.9286425113677979,
      0.9177780151367188,
      0.8976225852966309,
      0.9343774318695068,
      0.2784609794616699
    ],
    "test_r": [
      0.712432633549689,
      0.7035295919106483,
      0.6875041768548948,
      0.6748276110221492,
      0.8252495982003513
    ],
    "test_r2": [
      0.49082260212820994,
      0.43208350475269675,
      0.46483245263756723,
      0.44728880186017184,
      0.667298967761778
    ],
    "test_rmse": [
      -1.8473204059477875,
      -2.094188453434208,
      -2.5911377409157628,
      -2.1495336652990917,
      -1.6173908138773727
    ],
    "test_mae": [
      -1.459762323076683,
      -1.6347068956601374,
      -1.8960492901203971,
      -1.7165903654101078,
      -1.2685924215850932
    ]
  },
  "1234567890": {
    "fit_time": [
      17.56032395362854,
      17.57364845275879,
      17.571399211883545,
      17.4868803024292,
      12.714291334152222
    ],
    "score_time": [
      0.9241888523101807,
      0.9169220924377441,
      0.9067792892456055,
      0.8557748794555664,
      0.27892327308654785
    ],
    "test_r": [
      0.5456392526328915,
      0.6889538130722512,
      0.6274248498128113,
      0.7779432528860487,
      0.7383520540687262
    ],
    "test_r2": [
      0.2818827698804163,
      0.4524472768229504,
      0.3862503541688155,
      0.597871763336708,
      0.5441897371839463
    ],
    "test_rmse": [
      -2.4575612759703676,
      -2.210274637124605,
      -2.5816120496362047,
      -1.618361532790887,
      -1.9330587841347802
    ],
    "test_mae": [
      -1.7885544055195648,
      -1.4788647369107675,
      -1.9883213910059907,
      -1.3408654228677797,
      -1.5117280807467866
    ]
  },
  "473129": {
    "fit_time": [
      17.601066827774048,
      17.93593120574951,
      17.64788007736206,
      17.690739393234253,
      12.761911630630493
    ],
    "score_time": [
      0.8038420677185059,
      0.7104089260101318,
      0.8594865798950195,
      0.8654367923736572,
      0.27717018127441406
    ],
    "test_r": [
      0.40194557226969896,
      0.780673701265421,
      0.5697278572120057,
      0.737832346841287,
      0.7370816205802102
    ],
    "test_r2": [
      0.024434617075279053,
      0.5857818888677853,
      0.31208691821397017,
      0.5272771121371354,
      0.5420148191483891
    ],
    "test_rmse": [
      -2.3198674548083082,
      -1.8448127362220355,
      -2.579914770555759,
      -2.0776978626323186,
      -2.1034230621768586
    ],
    "test_mae": [
      -1.741073072545378,
      -1.409423147484667,
      -1.6802548292137935,
      -1.6586656208524695,
      -1.6224855889957825
    ]
  },
  "r_avg": 0.6814690673865217,
  "r_stdev": 0.1053483361795697,
  "r_stderr": 0.039817928366509964,
  "r2_avg": 0.44410340001285453,
  "r2_stdev": 0.15574153050654663,
  "r2_stderr": 0.058864765503557376,
  "rmse_avg": 2.140526191060841,
  "rmse_stdev": 0.3037548432502778,
  "rmse_stderr": 0.11480853925309166,
  "mae_avg": 1.619400005697261,
  "mae_stdev": 0.1765444414239592,
  "mae_stderr": 0.06672752676551512
}