{
  "6": {
    "fit_time": [
      1.1086888313293457,
      0.6392180919647217,
      0.5711908340454102,
      0.9170441627502441,
      0.5873384475708008
    ],
    "score_time": [
      0.06713557243347168,
      0.07239365577697754,
      0.07506871223449707,
      0.0707855224609375,
      0.06203150749206543
    ],
    "test_r": [
      0.31406598190543156,
      0.702825740359356,
      0.7331379486659323,
      0.5453764104032318,
      0.7651340623033887
    ],
    "test_r2": [
      -3.198775395111724,
      0.4405383434715465,
      0.47125631902070475,
      0.2745735900077835,
      0.5669366992065012
    ],
    "test_rmse": [
      -5.195508541154252,
      -2.3297713298556464,
      -2.014245394414102,
      -2.507610167746079,
      -2.1763708668841772
    ],
    "test_mae": [
      -2.2766199893545673,
      -1.9000327597502522,
      -1.681246569001754,
      -1.8719985743660637,
      -1.7522252190168224
    ],
    "best_params": {
      "check_inverse": true,
      "func": null,
      "inverse_func": null,
      "regressor__activation": "relu",
      "regressor__alpha": 2.349514376842389e-05,
      "regressor__batch_size": "auto",
      "regressor__beta_1": 0.9,
      "regressor__beta_2": 0.999,
      "regressor__early_stopping": true,
      "regressor__epsilon": 1e-08,
      "regressor__learning_rate": "constant",
      "regressor__learning_rate_init": 0.001889379069961101,
      "regressor__max_fun": 15000,
      "regressor__max_iter": 200,
      "regressor__momentum": 0.9,
      "regressor__n_iter_no_change": 10,
      "regressor__n_layers": 5,
      "regressor__n_neurons": 61,
      "regressor__nesterovs_momentum": true,
      "regressor__power_t": 0.5,
      "regressor__random_state": null,
      "regressor__shuffle": true,
      "regressor__solver": "adam",
      "regressor__tol": 0.0001,
      "regressor__validation_fraction": 0.1,
      "regressor__verbose": false,
      "regressor__warm_start": false,
      "transformer__memory": null,
      "transformer__verbose": false,
      "transformer__MinMax__clip": false,
      "transformer__MinMax__copy": true,
      "transformer__Standard__copy": true,
      "transformer__Standard__with_mean": true,
      "transformer__Standard__with_std": true,
      "transformer__MinMax NN__clip": false,
      "transformer__MinMax NN__copy": true
    }
  },
  "13": {
    "fit_time": [
      0.4260227680206299,
      0.6784086227416992,
      1.5126962661743164,
      0.4310736656188965,
      0.44240808486938477
    ],
    "score_time": [
      0.0928349494934082,
      0.08790087699890137,
      0.07816553115844727,
      0.09171843528747559,
      0.08302807807922363
    ],
    "test_r": [
      0.6317904043654787,
      0.5591553094550478,
      0.6289679676358833,
      0.6833067249708719,
      0.7177732062531081
    ],
    "test_r2": [
      0.3874654422224064,
      0.06530551594675471,
      0.3665019044031619,
      0.33009191898491874,
      0.5148814465359414
    ],
    "test_rmse": [
      -2.5852141175878356,
      -2.091367126170519,
      -2.5392179845926917,
      -2.465040192778887,
      -2.0202340320973393
    ],
    "test_mae": [
      -2.064207165868948,
      -1.5878942237474976,
      -1.791414674101166,
      -2.0034923994410763,
      -1.522193687774836
    ],
    "best_params": {
      "check_inverse": true,
      "func": null,
      "inverse_func": null,
      "regressor__activation": "relu",
      "regressor__alpha": 0.0009578197482462256,
      "regressor__batch_size": "auto",
      "regressor__beta_1": 0.9,
      "regressor__beta_2": 0.999,
      "regressor__early_stopping": true,
      "regressor__epsilon": 1e-08,
      "regressor__learning_rate": "adaptive",
      "regressor__learning_rate_init": 0.0023185053228464603,
      "regressor__max_fun": 15000,
      "regressor__max_iter": 200,
      "regressor__momentum": 0.9,
      "regressor__n_iter_no_change": 10,
      "regressor__n_layers": 5,
      "regressor__n_neurons": 49,
      "regressor__nesterovs_momentum": true,
      "regressor__power_t": 0.5,
      "regressor__random_state": null,
      "regressor__shuffle": true,
      "regressor__solver": "adam",
      "regressor__tol": 0.0001,
      "regressor__validation_fraction": 0.1,
      "regressor__verbose": false,
      "regressor__warm_start": false,
      "transformer__memory": null,
      "transformer__verbose": false,
      "transformer__MinMax__clip": false,
      "transformer__MinMax__copy": true,
      "transformer__Standard__copy": true,
      "transformer__Standard__with_mean": true,
      "transformer__Standard__with_std": true,
      "transformer__MinMax NN__clip": false,
      "transformer__MinMax NN__copy": true
    }
  },
  "42": {
    "fit_time": [
      0.6668379306793213,
      0.7207441329956055,
      0.6371796131134033,
      0.3885166645050049,
      0.44294238090515137
    ],
    "score_time": [
      0.10187005996704102,
      0.1003565788269043,
      0.10400199890136719,
      0.11824584007263184,
      0.09624648094177246
    ],
    "test_r": [
      0.5017935786650065,
      0.6581883946530014,
      0.6472088160391333,
      0.31126532966113646,
      0.7883246801990903
    ],
    "test_r2": [
      0.2169616982380237,
      0.4087625937592666,
      0.19723328231421977,
      0.08661987765429024,
      0.610001837957913
    ],
    "test_rmse": [
      -2.9210025298546802,
      -2.189896244379063,
      -2.3220608701997465,
      -2.940108070392021,
      -1.7364964534442862
    ],
    "test_mae": [
      -2.202447570147119,
      -1.6650291927228593,
      -1.8968633317251642,
      -2.348185165832594,
      -1.2922450612824905
    ],
    "best_params": {
      "check_inverse": true,
      "func": null,
      "inverse_func": null,
      "regressor__activation": "relu",
      "regressor__alpha": 1.0971711767708017e-05,
      "regressor__batch_size": "auto",
      "regressor__beta_1": 0.9,
      "regressor__beta_2": 0.999,
      "regressor__early_stopping": true,
      "regressor__epsilon": 1e-08,
      "regressor__learning_rate": "adaptive",
      "regressor__learning_rate_init": 0.0011333518663743424,
      "regressor__max_fun": 15000,
      "regressor__max_iter": 200,
      "regressor__momentum": 0.9,
      "regressor__n_iter_no_change": 10,
      "regressor__n_layers": 4,
      "regressor__n_neurons": 44,
      "regressor__nesterovs_momentum": true,
      "regressor__power_t": 0.5,
      "regressor__random_state": null,
      "regressor__shuffle": true,
      "regressor__solver": "adam",
      "regressor__tol": 0.0001,
      "regressor__validation_fraction": 0.1,
      "regressor__verbose": false,
      "regressor__warm_start": false,
      "transformer__memory": null,
      "transformer__verbose": false,
      "transformer__MinMax__clip": false,
      "transformer__MinMax__copy": true,
      "transformer__Standard__copy": true,
      "transformer__Standard__with_mean": true,
      "transformer__Standard__with_std": true,
      "transformer__MinMax NN__clip": false,
      "transformer__MinMax NN__copy": true
    }
  },
  "69": {
    "fit_time": [
      1.3085436820983887,
      0.851299524307251,
      0.5076589584350586,
      0.4710540771484375,
      0.4480454921722412
    ],
    "score_time": [
      0.1124725341796875,
      0.12428832054138184,
      0.12688136100769043,
      0.12613463401794434,
      0.11762237548828125
    ],
    "test_r": [
      0.3919990216425209,
      0.6229430839550868,
      0.4724729489316348,
      0.5320089814823463,
      0.5544117585620971
    ],
    "test_r2": [
      -0.09541810416534191,
      0.3857725302115649,
      0.1675680973216318,
      0.257747139470072,
      0.173325883408172
    ],
    "test_rmse": [
      -3.0465903551191853,
      -2.5838143851463355,
      -2.225960001618226,
      -2.730175780597487,
      -2.3776718617901555
    ],