{
  "6": {
    "fit_time": [
      0.49265599250793457,
      0.32434511184692383
    ],
    "score_time": [
      0.09497880935668945,
      0.10112380981445312
    ],
    "test_r": [
      0.35938960379073026,
      0.5112753701941775
    ],
    "test_r2": [
      -1.0121697896986332,
      0.17934190433416042
    ],
    "test_rmse": [
      -4.126011666317394,
      -2.7123372227898925
    ],
    "test_mae": [
      -2.2162852012255647,
      -2.0212503943384954
    ],
    "best_params": {
      "check_inverse": true,
      "func": null,
      "inverse_func": null,
      "regressor__activation": "relu",
      "regressor__alpha": 0.0004510910337688182,
      "regressor__batch_size": "auto",
      "regressor__beta_1": 0.9,
      "regressor__beta_2": 0.999,
      "regressor__early_stopping": true,
      "regressor__epsilon": 1e-08,
      "regressor__learning_rate": "invscaling",
      "regressor__learning_rate_init": 0.0036652815093629817,
      "regressor__max_fun": 15000,
      "regressor__max_iter": 200,
      "regressor__momentum": 0.9,
      "regressor__n_iter_no_change": 10,
      "regressor__n_layers": 3,
      "regressor__n_neurons": 57,
      "regressor__nesterovs_momentum": true,
      "regressor__power_t": 0.5,
      "regressor__random_state": null,
      "regressor__shuffle": true,
      "regressor__solver": "adam",
      "regressor__tol": 0.0001,
      "regressor__validation_fraction": 0.1,
      "regressor__verbose": false,
      "regressor__warm_start": false,
      "transformer__memory": null,
      "transformer__verbose": false,
      "transformer__MinMax__clip": false,
      "transformer__MinMax__copy": true,
      "transformer__Standard__copy": true,
      "transformer__Standard__with_mean": true,
      "transformer__Standard__with_std": true,
      "transformer__MinMax NN__clip": false,
      "transformer__MinMax NN__copy": true
    }
  },
  "r_avg": 0.43533248699245386,
  "r_stdev": 0.0759428832017236,
  "r_stderr": 0.028703711828140754,
  "r2_avg": -0.4164139426822364,
  "r2_stdev": 0.5957558470163968,
  "r2_stderr": 0.2251745447597182,
  "rmse_avg": 3.4191744445536436,
  "rmse_stdev": 0.7068372217637509,
  "rmse_stderr": 0.26715935802724233,
  "mae_avg": 2.11876779778203,
  "mae_stdev": 0.09751740344353466,
  "mae_stderr": 0.036858114001763774
}