{
  "6": {
    "fit_time": [
      1.3634998798370361,
      1.4555327892303467
    ],
    "score_time": [
      0.0713200569152832,
      0.07513904571533203
    ],
    "test_r": [
      0.6676038497750155,
      0.620315731330723
    ],
    "test_r2": [
      0.4439857210099126,
      0.3641827360268889
    ],
    "test_rmse": [
      -2.1689079062220875,
      -2.3874193689322
    ],
    "test_mae": [
      -1.6502068690248728,
      -1.7173795652720218
    ]
  },
  "r_avg": 0.6439597905528693,
  "r_stdev": 0.02364405922214624,
  "r_stderr": 0.008936614383697463,
  "r2_avg": 0.40408422851840076,
  "r2_stdev": 0.03990149249151187,
  "r2_stderr": 0.01508134658183592,
  "rmse_avg": 2.2781636375771437,
  "rmse_stdev": 0.10925573135505617,
  "rmse_stderr": 0.04129478492485151,
  "mae_avg": 1.6837932171484473,
  "mae_stdev": 0.03358634812357453,
  "mae_stderr": 0.012694446368831293
}