{
  "6": {
    "fit_time": [
      1.2459583282470703,
      1.3717238903045654
    ],
    "score_time": [
      0.07549095153808594,
      0.07073307037353516
    ],
    "test_r": [
      0.6699337994655008,
      0.6273800369588904
    ],
    "test_r2": [
      0.4485064292752482,
      0.37192165297163304
    ],
    "test_rmse": [
      -2.1600726912433528,
      -2.372845522954222
    ],
    "test_mae": [
      -1.6578544973173517,
      -1.7087498897736155
    ]
  },
  "r_avg": 0.6486569182121956,
  "r_stdev": 0.02127688125330518,
  "r_stderr": 0.008041905210185399,
  "r2_avg": 0.4102140411234406,
  "r2_stdev": 0.03829238815180758,
  "r2_stderr": 0.014473162308062728,
  "rmse_avg": 2.2664591070987874,
  "rmse_stdev": 0.10638641585543462,
  "rmse_stderr": 0.04021028560413984,
  "mae_avg": 1.6833021935454835,
  "mae_stdev": 0.025447696228131922,
  "mae_stderr": 0.00961832509416478
}