{
  "6": {
    "fit_time": [
      1.385016918182373,
      1.452805995941162
    ],
    "score_time": [
      0.07811784744262695,
      0.07947492599487305
    ],
    "test_r": [
      0.6521446824528332,
      0.6268654886112699
    ],
    "test_r2": [
      0.4244926818436613,
      0.3762004073015387
    ],
    "test_rmse": [
      -2.2065997503254544,
      -2.364749261029252
    ],
    "test_mae": [
      -1.7030240247364468,
      -1.7057279882604517
    ]
  },
  "r_avg": 0.6395050855320515,
  "r_stdev": 0.012639596920781648,
  "r_stderr": 0.004777318589212287,
  "r2_avg": 0.4003465445726,
  "r2_stdev": 0.024146137271061296,
  "r2_stderr": 0.009126382048865142,
  "rmse_avg": 2.2856745056773535,
  "rmse_stdev": 0.0790747553518989,
  "rmse_stderr": 0.029887448234914037,
  "mae_avg": 1.7043760064984492,
  "mae_stdev": 0.0013519817620024632,
  "mae_stderr": 0.0005110010741933475
}