{
  "6": {
    "fit_time": [
      0.2838099002838135,
      0.2838428020477295
    ],
    "score_time": [
      0.27213191986083984,
      0.27306413650512695
    ],
    "test_r": [
      0.6522744117997312,
      0.7108248452685771
    ],
    "test_r2": [
      0.41910162872492085,
      0.48316002439949257
    ],
    "test_rmse": [
      -2.35902011104598,
      -2.2716945323589934
    ],
    "test_mae": [
      -1.7426208518935349,
      -1.7056918162675931
    ]
  },
  "r_avg": 0.6815496285341542,
  "r_stdev": 0.02927521673442296,
  "r_stderr": 0.011064991865257083,
  "r2_avg": 0.4511308265622067,
  "r2_stdev": 0.03202919783728586,
  "r2_stderr": 0.01210589888147803,
  "rmse_avg": 2.3153573217024865,
  "rmse_stdev": 0.043662789343493325,
  "rmse_stderr": 0.016502983164326357,
  "mae_avg": 1.724156334080564,
  "mae_stdev": 0.01846451781297087,
  "mae_stderr": 0.006978931744549024
}