{
  "6": {
    "fit_time": [
      1.587113857269287,
      1.6895980834960938,
      1.694040060043335,
      1.6630089282989502,
      1.696376085281372
    ],
    "score_time": [
      0.31821608543395996,
      0.29349684715270996,
      0.2915079593658447,
      0.2942659854888916,
      0.285675048828125
    ],
    "test_r": [
      0.725406684139449,
      0.747888940687749,
      0.7170843457779313,
      0.7605379107825065,
      0.7060733140817607
    ],
    "test_r2": [
      0.523434841435942,
      0.5557187928105516,
      0.5036952690680663,
      0.5350962996863944,
      0.4875725913317348
    ],
    "test_rmse": [
      -2.0540876579612943,
      -2.072524539653509,
      -2.144217764525593,
      -2.3749051143418947,
      -2.003063453728716
    ],
    "test_mae": [
      -1.5496282241332722,
      -1.543254135385737,
      -1.5190227486979824,
      -1.7870564111566394,
      -1.5479823751400856
    ]
  },
  "13": {
    "fit_time": [
      1.745657205581665,
      1.7404639720916748,
      1.710042953491211,
      1.7378642559051514,
      1.7146508693695068
    ],
    "score_time": [
      0.2954409122467041,
      0.291409969329834,
      0.29883408546447754,
      0.2940859794616699,
      0.29776716232299805
    ],
    "test_r": [
      0.7109837085477805,
      0.7531257138908493,
      0.6684937824103503,
      0.724814549002014,
      0.7985182485063398
    ],
    "test_r2": [
      0.4956721360793519,
      0.5447244861903993,
      0.4439521974395344,
      0.5164894809245067,
      0.6055542804126144
    ],
    "test_rmse": [
      -1.9394451978212153,
      -2.16762079667887,
      -2.0265573941875545,
      -2.2945251859223466,
      -2.1325793288335912
    ],
    "test_mae": [
      -1.4428959070883005,
      -1.5954696604996645,
      -1.5270044412129058,
      -1.659017776048442,
      -1.5704648398705001
    ]
  },
  "42": {
    "fit_time": [
      1.0505099296569824,
      1.0334053039550781,
      1.029984951019287,
      1.5655608177185059,
      1.037834882736206
    ],
    "score_time": [
      0.25222110748291016,
      0.2524759769439697,
      0.24510407447814941,
      0.16087126731872559,
      0.24732184410095215
    ],
    "test_r": [
      0.7736919400695327,
      0.7419156587574268,
      0.7242780169388348,
      0.7427689127766646,
      0.7668655939403366
    ],
    "test_r2": [
      0.5762263710001212,
      0.5293205101245133,
      0.48693170278657816,
      0.543347353273379,
      0.5802105628413667
    ],
    "test_rmse": [
      -1.9552796397610093,
      -2.2109137998984982,
      -2.335909122944169,
      -1.9893883202060463,
      -1.9250047689079726
    ],
    "test_mae": [
      -1.5144155679329596,
      -1.5913041984636198,
      -1.570401520790071,
      -1.5161339471056903,
      -1.4571139616161801
    ]
  },
  "69": {
    "fit_time": [
      1.5396461486816406,
      1.0461928844451904,
      1.0845310688018799,
      1.0727031230926514,
      1.0725510120391846
    ],
    "score_time": [
      0.15827608108520508,
      0.2576572895050049,
      0.2562379837036133,
      0.25791287422180176,
      0.25165510177612305
    ],
    "test_r": [
      0.6996456477675298,
      0.7752608867429217,
      0.7385083050745773,
      0.7981831691166584,
      0.6989423572716755
    ],
    "test_r2": [
      0.48850234321633845,
      0.5971008114699683,
      0.498817675937572,
      0.6001163249954264,
      0.47968570942619837
    ],
    "test_rmse": [
      -2.2062838336368653,
      -1.9430561319314124,
      -2.3905871329900688,
      -1.974649650976945,
      -2.0055564287334207
    ],
    "test_mae": [
      -1.6151293861726448,
      -1.5145937384748662,
      -1.7380754584471945,
      -1.4366539288299938,
      -1.4744864270286318
    ]
  },
  "420": {
    "fit_time": [
      1.7548270225524902,
      1.7431750297546387,
      1.7395470142364502,
      1.7354140281677246,
      1.7336130142211914
    ],
    "score_time": [
      0.31813979148864746,
      0.3137810230255127,
      0.3212871551513672,
      0.3252530097961426,
      0.3170928955078125
    ],
    "test_r": [
      0.781622845255532,
      0.7159635302082258,
      0.7417931106491227,
      0.703237138280295,
      0.7355189056471129
    ],
    "test_r2": [
      0.5885832690621862,
      0.5039739642272902,
      0.5398972749767744,
      0.48922367171835135,
      0.5167220012260265
    ],
    "test_rmse": [
      -1.978137012546626,
      -2.1911105559715627,
      -2.007722505996986,
      -2.0454407611482788,
      -2.3352060357346565
    ],
    "test_mae": [
      -1.510271711111959,
      -1.5829857008225048,
      -1.4997855100206385,
      -1.5436409320282583,
      -1.7055450244583152
    ]
  },
  "1234567890": {
    "fit_time": [
      1.4925529956817627,
      1.5206637382507324,
      1.512035846710205,
      1.5322961807250977,
      1.533560037612915
    ],
    "score_time": [
      0.3226621150970459,
      0.31501007080078125,
      0.3214399814605713,
      0.3063349723815918,
      0.3136310577392578
    ],
    "test_r": [
      0.7260045748103384,
      0.741573481156742,
      0.7699821225467354,
      0.775545234270834,
      0.7740656514879076
    ],
    "test_r2": [
      0.4731573544124964,
      0.5466867174375367,
      0.5735478641239804,
      0.5994695527182823,
      0.5798003768764661
    ],
    "test_rmse": [
      -2.2399250657236847,
      -2.1222602876965206,
      -2.1647209404236785,
      -1.9164993615255002,
      -1.842845162751988
    ],
    "test_mae": [
      -1.6053501862652249,
      -1.5643066673298762,
      -1.5523426843166575,
      -1.481760171667958,
      -1.379335024642491
    ]
  },
  "473129": {
    "fit_time": [
      1.5903518199920654,
      1.6060678958892822,
      1.5813400745391846,
      1.5930068492889404,
      1.5952229499816895
    ],
    "score_time": [
      0.29348087310791016,
      0.2805819511413574,
      0.30495572090148926,
      0.29076313972473145,
      0.28901004791259766
    ],
    "test_r": [
      0.7449879700882717,
      0.737487319917743,
      0.7631021679466651,
      0.8294096602498606,
      0.6542651299860535
    ],
    "test_r2": [
      0.522883309794485,
      0.5414118532153593,
      0.5670223685570759,
      0.6600417991312,
      0.41064910815389644
    ],
    "test_rmse": [
      -2.2587893268833263,
      -1.9943693600907464,
      -2.0574854743432573,
      -1.814012560845738,
      -2.2866192980857107
    ],
    "test_mae": [
      -1.6937101365980718,
      -1.5267857319114473,
      -1.4746619333333653,
      -1.4340268352479442,
      -1.56859429727054
    ]
  },
  "r_avg": 0.7419299008224095,
  "r_stdev": 0.035936966606294286,
  "r_stderr": 0.013582896644898217,
  "r2_avg": 0.5344354350309134,
  "r2_stdev": 0.05071658869086886,
  "r2_stderr": 0.01916906871736998,
  "rmse_avg": 2.0971799706688357,
  "rmse_stdev": 0.15210314256095678,
  "rmse_stderr": 0.057489584121099384,
  "mae_avg": 1.5512344914605896,
  "mae_stdev": 0.0867255286788793,
  "mae_stderr": 0.03277916874355923
}