{
  "6": {
    "fit_time": [
      0.32271695137023926,
      0.3182709217071533
    ],
    "score_time": [
      0.34125518798828125,
      0.3353769779205322
    ],
    "test_r": [
      0.6710565972394701,
      0.7105913295265422
    ],
    "test_r2": [
      0.4470589632171871,
      0.4840562191186518
    ],
    "test_rmse": [
      -2.301552973186019,
      -2.269724131408854
    ],
    "test_mae": [
      -1.7283188669871818,
      -1.7001947339863799
    ]
  },
  "r_avg": 0.6908239633830062,
  "r_stdev": 0.01976736614353608,
  "r_stderr": 0.0074713621272220546,
  "r2_avg": 0.46555759116791945,
  "r2_stdev": 0.01849862795073237,
  "r2_stderr": 0.006991824164792321,
  "rmse_avg": 2.2856385522974367,
  "rmse_stdev": 0.015914420888582415,
  "rmse_stderr": 0.006015085704400089,
  "mae_avg": 1.7142568004867809,
  "mae_stdev": 0.014062066500400983,
  "mae_stderr": 0.0053149615542447655
}