{
  "6": {
    "fit_time": [
      3.525466203689575,
      3.5249814987182617,
      3.522244691848755,
      3.5151336193084717,
      3.337975263595581
    ],
    "score_time": [
      0.09308218955993652,
      0.09225249290466309,
      0.0927283763885498,
      0.09122657775878906,
      0.08822178840637207
    ],
    "test_r": [
      0.5020615921939766,
      0.6560225017380821,
      0.7040778783882342,
      0.4886929758422955,
      0.8307921327333845
    ],
    "test_r2": [
      0.048500748237954805,
      0.38586236695686715,
      0.3009889909298351,
      0.18556483165537996,
      0.6824108247735228
    ],
    "test_rmse": [
      -2.4732667950022718,
      -2.4409618311917636,
      -2.315963934776546,
      -2.657000280487565,
      -1.863760308683573
    ],
    "test_mae": [
      -1.6547368907974347,
      -1.9141458834570753,
      -1.7736027541748378,
      -1.964795908144895,
      -1.4245861910575703
    ]
  },
  "13": {
    "fit_time": [
      3.526548147201538,
      3.545799970626831,
      3.5241034030914307,
      3.511045455932617,
      3.3314149379730225
    ],
    "score_time": [
      0.09108257293701172,
      0.09108829498291016,
      0.0904691219329834,
      0.09125542640686035,
      0.08892512321472168
    ],
    "test_r": [
      0.7989977315550094,
      0.5313979779979715,
      0.4613877442008655,
      0.70232028864609,
      0.7710798769742265
    ],
    "test_r2": [
      0.6130408337616986,
      0.12348580808623355,
      0.035192715779813866,
      0.4828436309350138,
      0.5690383013030974
    ],
    "test_rmse": [
      -2.054772716128571,
      -2.0252326178023625,
      -3.1336292721559142,
      -2.165844813100762,
      -1.90413211403966
    ],
    "test_mae": [
      -1.6293496045693434,
      -1.556181341503496,
      -2.11675956508335,
      -1.6556143778139805,
      -1.4830512543245733
    ]
  },
  "42": {
    "fit_time": [
      3.5750136375427246,
      3.588731050491333,
      3.529618740081787,
      3.7313287258148193,
      3.344494104385376
    ],
    "score_time": [
      0.09120321273803711,
      0.09156680107116699,
      0.09102654457092285,
      0.08932256698608398,
      0.08797478675842285
    ],
    "test_r": [
      0.5928950627245679,
      0.6946947045722497,
      0.6931194325711939,
      0.7165256717210414,
      0.6645873274837453
    ],
    "test_r2": [
      0.3008831848073741,
      0.47311391470853525,
      0.4472603550334372,
      0.4544435079121182,
      0.3647362685778519
    ],
    "test_rmse": [
      -2.760039542688945,
      -2.0672878486570383,
      -1.926811494411296,
      -2.2722566354925333,
      -2.216254605608771
    ],
    "test_mae": [
      -2.0748284193013,
      -1.4950204088287868,
      -1.5374071086924452,
      -1.6814165344492573,
      -1.6289733152109322
    ]
  },
  "69": {
    "fit_time": [
      3.5066356658935547,
      3.5289173126220703,
      3.549964666366577,
      3.507768154144287,
      3.3551647663116455
    ],
    "score_time": [
      0.09096002578735352,
      0.09182214736938477,
      0.08885383605957031,
      0.09083271026611328,
      0.08852052688598633
    ],
    "test_r": [
      0.6955177850006181,
      0.7154938137091528,
      0.45540583460812434,
      0.7951210314230969,
      0.6682706057951424
    ],
    "test_r2": [
      0.4787445596767832,
      0.49901034589811744,
      -0.044490810347666,
      0.5459879608630867,
      0.333638125500491
    ],
    "test_rmse": [
      -2.1015968366234956,
      -2.3335175573044187,
      -2.4934192603110903,
      -2.135248150518957,
      -2.1347145924742796
    ],
    "test_mae": [
      -1.3932832503441415,
      -1.6034852350520488,
      -1.8819099157709103,
      -1.5356105088356664,
      -1.6409062084561006
    ]
  },
  "420": {
    "fit_time": [
      3.5186314582824707,
      3.5124351978302,
      3.556379556655884,
      3.5139386653900146,
      3.3250315189361572
    ],
    "score_time": [
      0.09118175506591797,
      0.09103226661682129,
      0.08925938606262207,
      0.0911245346069336,
      0.09007668495178223
    ],
    "test_r": [
      0.6300321188258562,
      0.8098192792397637,
      0.6572658106209073,
      0.6364577161356693,
      0.8156474453413725
    ],
    "test_r2": [
      0.19134891941353238,
      0.5929760535582216,
      0.3934036278126223,
      0.36924802007233815,
      0.6483253069311569
    ],
    "test_rmse": [
      -2.328028295509569,
      -1.772896977524297,
      -2.758643114174113,
      -2.296277818670238,
      -1.6628706061953675
    ],
    "test_mae": [
      -1.8455227413226254,
      -1.4232403624836805,
      -1.9084202002947395,
      -1.8321723033254407,
      -1.3131388710210272
    ]
  },
  "1234567890": {
    "fit_time": [
      3.4983134269714355,
      3.5280909538269043,
      3.523170232772827,
      3.5199947357177734,
      3.328374147415161
    ],
    "score_time": [
      0.09204912185668945,
      0.0908973217010498,
      0.09039998054504395,
      0.09137082099914551,
      0.08955931663513184
    ],
    "test_r": [
      0.5533880059650312,
      0.6774260036644991,
      0.6595033086211339,
      0.7223265741278255,
      0.6934813385320909
    ],
    "test_r2": [
      0.23618935419202047,
      0.4196794145482363,
      0.39629693326188653,
      0.48178147803912574,
      0.4373853727620032
    ],
    "test_rmse": [
      -2.5345422503614157,
      -2.2754497897522987,
      -2.560395429145081,
      -1.8371716199359194,
      -2.147625346683848
    ],
    "test_mae": [
      -1.8787672663716772,
      -1.5725624204090392,
      -1.9535426836681935,
      -1.4110885288356076,
      -1.6818524687020937
    ]
  },
  "473129": {
    "fit_time": [
      3.532547950744629,
      3.529982805252075,
      3.5145697593688965,
      3.530032157897949,
      3.335789442062378
    ],
    "score_time": [
      0.09042239189147949,
      0.09139180183410645,
      0.09096407890319824,
      0.09070110321044922,
      0.08931159973144531
    ],
    "test_r": [
      0.48837503763039974,
      0.7454201907670037,
      0.5507518386237132,
      0.755734483962445,
      0.6571197669092528
    ],
    "test_r2": [
      0.00590344692494249,
      0.5469557267506087,
      0.25488353255745666,
      0.48864016698399726,
      0.31878132684802296
    ],
    "test_rmse": [
      -2.3417971091730774,
      -1.9293368920753513,
      -2.6850393549737124,
      -2.1609383836219616,
      -2.565335614372364
    ],
    "test_mae": [
      -1.8074109310769912,
      -1.4349892619879419,
      -1.7447979886845857,
      -1.6261089339099828,
      -1.855978420854265
    ]
  },
  "r_avg": 0.6626060253956011,
  "r_stdev": 0.10307146977820701,
  "r_stderr": 0.0389573537570065,
  "r2_avg": 0.3732015755915919,
  "r2_stdev": 0.18334975055143793,
  "r2_stderr": 0.0692996918435475,
  "rmse_avg": 2.266630280275098,
  "rmse_stdev": 0.31678372668020083,
  "rmse_stderr": 0.11973299431258118,
  "mae_avg": 1.6838645159661725,
  "mae_stdev": 0.2027036726290483,
  "mae_stderr": 0.07661478680227315
}