{
  "6": {
    "fit_time": [
      0.10213160514831543,
      0.10123586654663086,
      0.10025739669799805,
      0.09111881256103516,
      0.06554365158081055
    ],
    "score_time": [
      0.036237239837646484,
      0.036182403564453125,
      0.036234140396118164,
      0.03557157516479492,
      0.029183149337768555
    ],
    "test_r": [
      0.7263383416245821,
      0.736054094084063,
      0.6908713909863909,
      0.7797288941719608,
      0.6423774547484092
    ],
    "test_r2": [
      0.50480770672655,
      0.5169797263414055,
      0.4249721958835221,
      0.5996863584768342,
      0.32437904381305216
    ],
    "test_rmse": [
      -2.0855207061113616,
      -2.2523978991801714,
      -2.2895823766646966,
      -1.99337241098893,
      -2.537102223673344
    ],
    "test_mae": [
      -1.61438171731596,
      -1.74500828233032,
      -1.7221301679249374,
      -1.4148842600449123,
      -1.930770393385429
    ]
  },
  "13": {
    "fit_time": [
      0.11492633819580078,
      0.11292362213134766,
      0.11048197746276855,
      0.10819554328918457,
      0.06614851951599121
    ],
    "score_time": [
      0.034200429916381836,
      0.034497976303100586,
      0.034130096435546875,
      0.03447246551513672,
      0.029436588287353516
    ],
    "test_r": [
      0.6957773563470362,
      0.7210853062798321,
      0.7048894054244569,
      0.6873783123583136,
      0.7012233681331165
    ],
    "test_r2": [
      0.4353723543110799,
      0.48333524786457027,
      0.44484849416780736,
      0.42756147951974144,
      0.46594761473643376
    ],
    "test_rmse": [
      -2.324776801294062,
      -2.2307813495337827,
      -2.1794784585145037,
      -2.38493544190259,
      -2.2650291283100175
    ],
    "test_mae": [
      -1.689391039292802,
      -1.694583040141182,
      -1.6964306627853678,
      -1.7407145621588005,
      -1.6416722955862522
    ]
  },
  "42": {
    "fit_time": [
      0.11788678169250488,
      0.11581873893737793,
      0.11188936233520508,
      0.10905122756958008,
      0.06620573997497559
    ],
    "score_time": [
      0.035101890563964844,
      0.03547859191894531,
      0.0353999137878418,
      0.03589463233947754,
      0.02932453155517578
    ],
    "test_r": [
      0.7411964619567603,
      0.7273331029524921,
      0.7045226024127067,
      0.665831247891889,
      0.7417936197462986
    ],
    "test_r2": [
      0.5283073911958418,
      0.38857564880524953,
      0.46951223940814624,
      0.31647415969337755,
      0.5057946846226067
    ],
    "test_rmse": [
      -2.155563229390916,
      -2.015950396171008,
      -2.531429310186751,
      -2.4670221327052047,
      -2.2378620987415867
    ],
    "test_mae": [
      -1.7448794129378402,
      -1.567259402283624,
      -1.793632340215895,
      -1.8412019322828521,
      -1.641161889400412
    ]
  },
  "69": {
    "fit_time": [
      0.12049984931945801,
      0.11825704574584961,
      0.11583304405212402,
      0.11203765869140625,
      0.06563043594360352
    ],
    "score_time": [
      0.03486943244934082,
      0.03448677062988281,
      0.03457331657409668,
      0.035195112228393555,
      0.029117345809936523
    ],
    "test_r": [
      0.7136537199204886,
      0.7546489053839749,
      0.6930799092519815,
      0.805417842412312,
      0.6771000511435067
    ],
    "test_r2": [
      0.40628886081423254,
      0.560254518857334,
      0.43002563799065907,
      0.6301666050335879,
      0.3925359440044187
    ],
    "test_rmse": [
      -2.2932510927060314,
      -2.102476234100825,
      -2.2303854181345995,
      -1.9769395690743368,
      -2.408145953757527
    ],
    "test_mae": [
      -1.6623243378713042,
      -1.6398700937773447,
      -1.702631801837942,
      -1.4387476121499339,
      -1.7243180662855626
    ]
  },
  "420": {
    "fit_time": [
      0.11505985260009766,
      0.11448860168457031,
      0.11039924621582031,
      0.10821127891540527,
      0.06595325469970703
    ],
    "score_time": [
      0.033715009689331055,
      0.034693241119384766,
      0.035156965255737305,
      0.03505754470825195,
      0.02925872802734375
    ],
    "test_r": [
      0.7392310207665265,
      0.6382901916421806,
      0.7629088464572406,
      0.7686887900248951,
      0.7174699653594931
    ],
    "test_r2": [
      0.5280701732892928,
      0.2513028366060426,
      0.5466223242907933,
      0.5827437560966696,
      0.4840563624125025
    ],
    "test_rmse": [
      -2.1200546197855847,
      -2.475053441578186,
      -1.948592863732387,
      -2.131490524800028,
      -2.3629228900658092
    ],
    "test_mae": [
      -1.559779768994872,
      -1.877661449001632,
      -1.5385633841877016,
      -1.6349301482674725,
      -1.7632871887863673
    ]
  },
  "1234567890": {
    "fit_time": [
      0.1131126880645752,
      0.11160445213317871,
      0.12923908233642578,
      0.10497879981994629,
      0.06633114814758301
    ],
    "score_time": [
      0.033091068267822266,
      0.034101009368896484,
      0.030130386352539062,
      0.03505682945251465,
      0.02919173240661621
    ],
    "test_r": [
      0.792585711326613,
      0.7276931177558221,
      0.6194364629957997,
      0.7745724480544339,
      0.7745362218384307
    ],
    "test_r2": [
      0.5996438149103474,
      0.48985943192458603,
      0.3399584194467259,
      0.5260493014553846,
      0.5777198280915818
    ],
    "test_rmse": [
      -1.9451785663155952,
      -2.3382819858705597,
      -2.721698127177492,
      -1.9625414862638069,
      -1.8537004540294737
    ],
    "test_mae": [
      -1.4981041958218202,
      -1.7279976118689162,
      -1.9159955540173332,
      -1.540725757556689,
      -1.426832922852481
    ]
  },
  "473129": {
    "fit_time": [
      0.1660301685333252,
      0.1639692783355713,
      0.16040849685668945,
      0.15869545936584473,
      0.06554603576660156
    ],
    "score_time": [
      0.035727500915527344,
      0.03547859191894531,
      0.035614013671875,
      0.035753726959228516,
      0.029296875
    ],
    "test_r": [
      0.7616021830698012,
      0.7570165307561207,
      0.7122619142429055,
      0.7385213309630883,
      0.7325801621516281
    ],
    "test_r2": [
      0.560839118515252,
      0.5247719430074406,
      0.4377001770024598,
      0.5252344086609693,
      0.5052005536358863
    ],
    "test_rmse": [
      -2.034797713642401,
      -2.084592734431778,
      -2.382713653153244,
      -2.2200212831071506,
      -1.9917365428133436
    ],
    "test_mae": [
      -1.5537702264489657,
      -1.6849948176105944,
      -1.7507175152461103,
      -1.6134304774113495,
      -1.433611215415719
    ]
  },
  "r_avg": 0.7236484652753016,
  "r_stdev": 0.042788552984962674,
  "r2_avg": 0.4781599531889254,
  "r2_stdev": 0.0863097445022377,
  "rmse_avg": -2.2152965462259737,
  "rmse_stdev": 0.19891270732775818,
  "mae_avg": -1.661897015528477,
  "mae_stdev": 0.13102148676308936
}