{
  "6": {
    "fit_time": [
      1.4990320205688477,
      1.5032298564910889,
      1.5070858001708984,
      1.4940898418426514,
      1.5042088031768799
    ],
    "score_time": [
      0.03289508819580078,
      0.03189706802368164,
      0.035562992095947266,
      0.035833120346069336,
      0.031466007232666016
    ],
    "test_r": [
      -0.015261783554829253,
      0.041914438705060446,
      0.09210762398623812,
      0.1224325061538881,
      -0.03922579507545673
    ],
    "test_r2": [
      -4.149929928422653e+22,
      -1.604739671045489e+24,
      -1.1743523732926227e+24,
      -6.891121862684465e+20,
      -6.818886343065246e+20
    ],
    "test_rmse": [
      -603737218277.2286,
      -4105487444413.967,
      -3271983208465.771,
      -82705275615.41875,
      -80601502174.35239
    ],
    "test_mae": [
      -276557900452.1037,
      -1590953245992.7578,
      -1652838371499.135,
      -28536247899.562984,
      -31305723560.992264
    ]
  },
  "13": {
    "fit_time": [
      0.3187401294708252,
      0.3217151165008545,
      0.32109618186950684,
      0.32179808616638184,
      0.33904600143432617
    ],
    "score_time": [
      0.03113079071044922,
      0.03217601776123047,
      0.03135108947753906,
      0.03164792060852051,
      0.029228925704956055
    ],
    "test_r": [
      0.21663387175510668,
      -0.047152444090383154,
      -0.031752630138555483,
      0.03628782197162211,
      0.02903958240734917
    ],
    "test_r2": [
      -2.344696852746548e+20,
      -1.537357039395012e+20,
      -1.292235834744535e+21,
      -1.3970219576582822e+22,
      -2.0585141977716335e+23
    ],
    "test_rmse": [
      -47374380530.703415,
      -38480433704.15432,
      -105152041767.71832,
      -372575092861.8066,
      -1406237889123.8997
    ],
    "test_mae": [
      -19965961702.422237,
      -15799630367.75273,
      -33999847387.60977,
      -97892244223.92342,
      -637155668338.4498
    ]
  },
  "42": {
    "fit_time": [
      0.3224618434906006,
      0.32076382637023926,
      0.3155391216278076,
      0.32297277450561523,
      0.3446359634399414
    ],
    "score_time": [
      0.032171010971069336,
      0.031185150146484375,
      0.03168487548828125,
      0.031658172607421875,
      0.029603958129882812
    ],
    "test_r": [
      0.09253251399375045,
      0.15866995878810602,
      -0.0991615937426224,
      0.0880525856408759,
      0.06803311854146661
    ],
    "test_r2": [
      -4.1951725384209516e+23,
      -1.9756896154661746e+21,
      -1.1960852611878155e+24,
      -4.5909282560877114e+23,
      -1.544416233240164e+21
    ],
    "test_rmse": [
      -2032853793850.4006,
      -114595571461.24675,
      -3801099074652.0356,
      -2021835556996.1907,
      -125101291677.6759
    ],
    "test_mae": [
      -962270364418.6133,
      -43686172303.12483,
      -1688292354513.6946,
      -1045279780140.2041,
      -41283264126.72896
    ]
  },
  "69": {
    "fit_time": [
      0.3041558265686035,
      0.29874205589294434,
      0.3036041259765625,
      0.33315587043762207,
      0.33157920837402344
    ],
    "score_time": [
      0.03241705894470215,
      0.0346529483795166,
      0.032965898513793945,
      0.03151202201843262,
      0.030939817428588867
    ],
    "test_r": [
      -0.053412344344567514,
      0.03015396658451134,
      0.1511034491152205,
      0.0688714715554577,
      -0.10579249025017944
    ],
    "test_r2": [
      -1.3678139616923746e+22,
      -1.7763020977637941e+22,
      -1.3412173932239803e+21,
      -6.370654615163609e+20,
      -5.28884198151758e+19
    ],
    "test_rmse": [
      -348078762847.11835,
      -422560421458.902,
      -108193668091.2644,
      -82050713536.76392,
      -22469986330.3181
    ],
    "test_mae": [
      -128496009678.64977,
      -137719790890.61887,
      -43145669629.587265,
      -33360311436.848164,
      -10338278925.53943
    ]
  },
  "420": {
    "fit_time": [
      0.3360257148742676,
      0.333698034286499,
      0.3279151916503906,
      0.3329780101776123,
      0.33634114265441895
    ],
    "score_time": [
      0.03376317024230957,
      0.03269600868225098,
      0.03182101249694824,
      0.03376007080078125,
      0.03292369842529297
    ],
    "test_r": [
      -0.029252626879483636,
      -0.2115534285689521,
      0.10440635315086982,
      -0.028794552125527853,
      0.24848472518687645
    ],
    "test_r2": [
      -2.4527558364148677e+24,
      -4.635558954223711e+21,
      -5.815319460058825e+20,
      -1.1823362494099312e+23,
      -9.82802622846814e+20
    ],
    "test_rmse": [
      -4833208111885.078,
      -194752275725.499,
      -69787530481.60695,
      -1134625361203.2742,
      -103129181800.3017
    ],
    "test_mae": [
      -2340418363972.462,
      -80783543116.08199,
      -32463482165.58977,
      -627994812963.274,
      -50295431323.86333
    ]
  },
  "1234567890": {
    "fit_time": [
      0.31575512886047363,
      0.31670308113098145,
      0.3195948600769043,
      0.3176910877227783,
      0.33632993698120117
    ],
    "score_time": [
      0.033596038818359375,
      0.03454184532165527,
      0.03308916091918945,
      0.03291893005371094,
      0.03135514259338379
    ],
    "test_r": [
      0.1580416093672543,
      0.03888411602305723,
      0.106357167228844,
      0.04803200393101127,
      -0.04120462445686157
    ],
    "test_r2": [
      -1.7036714797296667e+21,
      -1.411308417410868e+20,
      -2.5622766168662265e+21,
      -6.483436371607602e+22,
      -1.3459642940047344e+21
    ],
    "test_rmse": [
      -126890506497.4668,
      -38892236593.63749,
      -169577142688.81677,
      -725863383464.4092,
      -104654035837.94025
    ],
    "test_mae": [
      -49899229637.98269,
      -14712216156.461859,
      -90985294001.47498,
      -326738087092.96497,
      -36224969796.69287
    ]
  },
  "473129": {
    "fit_time": [
      0.3182520866394043,
      0.3100769519805908,
      0.31613898277282715,
      0.3115561008453369,
      0.3154721260070801
    ],
    "score_time": [
      0.03097391128540039,
      0.032648324966430664,
      0.03106093406677246,
      0.031764984130859375,
      0.031013965606689453
    ],
    "test_r": [
      0.1367770703172541,
      -0.019944405723356984,
      0.06111847262240079,
      -0.17281929647042413,
      0.007390416412043865
    ],
    "test_r2": [
      -3.2893111221339574e+19,
      -7.740099561398716e+18,
      -1.6132752022271178e+21,
      -4.2172691875735373e+21,
      -5.9895925485492555e+22
    ],
    "test_rmse": [
      -17610102900.36355,
      -8412856028.393333,
      -127626867252.5576,
      -209234445058.0592,
      -692972386032.231
    ],
    "test_mae": [
      -5999332722.694043,
      -3616496270.565597,
      -66219452135.672905,
      -102374923366.27222,
      -205293824049.38757
    ]
  },
  "r_avg": 0.034571337943344715,
  "r_stdev": 0.09994696129850814,
  "r2_avg": -2.2481988766544444e+23,
  "r2_stdev": 5.367967503250511e+23,
  "rmse_avg": -792868850036.7593,
  "rmse_stdev": 1275136734784.2456,
  "mae_avg": -358654179893.1359,
  "mae_stdev": 591021601046.0131
}