{
  "6": {
    "fit_time": [
      0.2849001884460449,
      0.2693600654602051
    ],
    "score_time": [
      0.287153959274292,
      0.27869486808776855
    ],
    "test_r": [
      0.657159599419895,
      0.6682143217477512
    ],
    "test_r2": [
      0.41243760169175836,
      0.3597850085447979
    ],
    "test_rmse": [
      -2.368648039705695,
      -2.4780595646678676
    ],
    "test_mae": [
      -1.783931527619003,
      -1.8457030192110648
    ]
  },
  "r_avg": 0.662686960583823,
  "r_stdev": 0.005527361163928102,
  "r2_avg": 0.3861113051182781,
  "r2_stdev": 0.026326296573480235,
  "rmse_avg": -2.4233538021867815,
  "rmse_stdev": 0.05470576248108627,
  "mae_avg": -1.8148172734150338,
  "mae_stdev": 0.030885745796030872
}