{
  "6": {
    "fit_time": [
      1.8630781173706055,
      1.8851590156555176,
      1.8533530235290527,
      1.8403010368347168,
      1.864171028137207
    ],
    "score_time": [
      0.3508639335632324,
      0.3481740951538086,
      0.3549518585205078,
      0.3636198043823242,
      0.34534502029418945
    ],
    "test_r": [
      0.6969794661525346,
      0.6225153065088999,
      0.737963491360142,
      0.7328592875679381,
      0.6500859402699203
    ],
    "test_r2": [
      0.4516219138361992,
      0.376506960488057,
      0.5127355185128718,
      0.44990029582291025,
      0.4045359459148419
    ],
    "test_rmse": [
      -2.194661844907676,
      -2.559046859940171,
      -2.1076293072409618,
      -2.336732258112615,
      -2.38184877795567
    ],
    "test_mae": [
      -1.6296781673934493,
      -1.9012385149096158,
      -1.6535810692682564,
      -1.6906704823659107,
      -1.8161934062483067
    ]
  },
  "r_avg": 0.688080698371887,
  "r_stdev": 0.04542031573665187,
  "r2_avg": 0.43906012691497603,
  "r2_stdev": 0.046493416272573265,
  "rmse_avg": -2.3159838096314185,
  "rmse_stdev": 0.1561915211417896,
  "mae_avg": -1.7382723280371077,
  "mae_stdev": 0.10378912201422527
}