fold,r,r2,rmse,mae
1.0,0.6844122294541879,0.45992602954009687,2.2844816999994393,1.638514409661293
2.0,0.5117215839843083,0.2087524839565157,2.6544017741532704,1.842511983684131
3.0,0.6544880016485004,0.4259131144230368,2.6203502082823364,1.9667932627222562
4.0,0.6734969577887996,0.43606987882184156,2.145002889549412,1.6323660499125985
5.0,0.6654127346322954,0.42737566479172784,2.249378580173404,1.654420115571838
