fold,r,r2,rmse,mae
1.0,0.4949027752376837,0.20527231493331333,3.0298856288384837,2.2673152365450617
2.0,0.47457542985847506,0.17316274648898344,2.4506538285349655,1.8797723021709047
3.0,0.5520205613792857,0.30107289709469753,2.7027838385793386,1.9562575927534813
4.0,0.595362484231695,0.3330799047306948,2.398762011554075,1.8414956902240878
5.0,0.6508604114341302,0.41355956786217574,2.326562177846044,1.7570896972036154
