fold,r,r2,rmse,mae
1.0,0.5259300799486093,0.26497566045935705,2.7601393231072917,2.044229881097604
2.0,0.5987292598390765,0.3091908235152975,2.2900696011342494,1.719433167302931
3.0,0.6181714466724357,0.3642641930352919,2.733751995334854,2.0056188785721054
4.0,0.6329207516990419,0.3954413283850434,2.2796821891687995,1.8072007531518337
5.0,0.6755872003933249,0.44671325335260625,2.2714485257378705,1.698929881577019
