Dataset,num_of_folds,Features,Targets,Model,r_mean,r_std,r2_mean,r2_std,rmse_mean,rmse_std,mae_mean,mae_std,num_of_data
OPV_Min,5,DA_BigSMILES,calc_PCE_percent,XGBoost,0.6102677477104976,0.049169577691177385,0.35611705174951924,0.06376405020313795,2.4670183268966133,0.22878810959970394,1.8550825123402988,0.14388535466296126,558
