{
  "6": {
    "fit_time": [
      1.5915489196777344,
      1.5073018074035645,
      1.4028828144073486,
      1.6004481315612793,
      1.5687391757965088
    ],
    "score_time": [
      0.010740995407104492,
      0.01230621337890625,
      0.009577274322509766,
      0.011662721633911133,
      0.012679815292358398
    ],
    "test_r": [
      0.5158510541645974,
      0.4353445235855154,
      0.5330026812223232,
      0.3595103075641976,
      0.434358593251591
    ],
    "test_r2": [
      0.2646440507007739,
      0.17980682471119092,
      0.2783295682630973,
      0.12402775606690908,
      0.1818477176525397
    ],
    "test_rmse": [
      -2.5414195869030625,
      -2.9350838273566944,
      -2.564964195948435,
      -2.948719222338581,
      -2.7919232999338015
    ],
    "test_mae": [
      -1.9586845449173076,
      -2.316771456468826,
      -2.06165416840874,
      -2.219866694343411,
      -2.220460309025063
    ]
  },
  "r_avg": 0.4556134319576449,
  "r_stdev": 0.06279502267552517,
  "r2_avg": 0.20573118347890218,
  "r2_stdev": 0.057722082023847335,
  "rmse_avg": -2.756422026496115,
  "rmse_stdev": 0.1749518453405432,
  "mae_avg": -2.1554874346326693,
  "mae_stdev": 0.1279959049641248
}