{
  "6": {
    "fit_time": [
      0.015651941299438477,
      0.013444185256958008
    ],
    "score_time": [
      0.016907930374145508,
      0.03439688682556152
    ],
    "test_r": [
      0.5618301726680635,
      0.5008134918146536
    ],
    "test_r2": [
      0.30482472276901496,
      0.20888731783926195
    ],
    "test_rmse": [
      -2.576443927445622,
      -2.7546599496718387
    ],
    "test_mae": [
      -1.928146749469534,
      -2.0532599670358427
    ]
  },
  "r_avg": 0.5313218322413585,
  "r_stdev": 0.030508340426704916,
  "r2_avg": 0.25685602030413845,
  "r2_stdev": 0.0479687024648765,
  "rmse_avg": -2.66555193855873,
  "rmse_stdev": 0.0891080111131084,
  "mae_avg": -1.9907033582526883,
  "mae_stdev": 0.06255660878315439
}