{
  "6": {
    "fit_time": [
      0.012799501419067383,
      0.01269841194152832,
      0.013070344924926758,
      0.013098716735839844,
      0.010262012481689453
    ],
    "score_time": [
      0.006945610046386719,
      0.006683826446533203,
      0.006743907928466797,
      0.006744384765625,
      0.0062024593353271484
    ],
    "test_r": [
      0.4974963794858003,
      0.3571700462483377,
      0.38102439431093954,
      0.43520876671451225,
      0.42062317658691695
    ],
    "test_r2": [
      -0.04855019603657951,
      -0.42657770994843536,
      -0.4951228791215043,
      -0.2569468383834883,
      -0.2286849028362694
    ],
    "test_rmse": [
      -3.034744831489867,
      -3.870883945487787,
      -3.69190311078146,
      -3.5322115248239245,
      -3.4214222159273975
    ],
    "test_mae": [
      -2.4772645388891297,
      -3.176299000048672,
      -3.099423894638949,
      -2.7335919757773244,
      -2.7212163130723694
    ]
  },
  "13": {
    "fit_time": [
      0.03473687171936035,
      0.0342252254486084,
      0.032404422760009766,
      0.030089139938354492,
      0.011620283126831055
    ],
    "score_time": [
      0.009666204452514648,
      0.009195566177368164,
      0.009108304977416992,
      0.00913095474243164,
      0.006314992904663086
    ],
    "test_r": [
      0.46148727115073074,
      0.35638839347118956,
      0.4217276101388374,
      0.42007648355794536,
      0.4066286524146031
    ],
    "test_r2": [
      -0.1606851945984309,
      -0.3875402327267179,
      -0.5715448482439638,
      -0.42769429246509216,
      -0.1867450168423519
    ],
    "test_rmse": [
      -3.333169631232793,
      -3.6557406690133134,
      -3.666994085321135,
      -3.7664292504102113,
      -3.376451923262388
    ],
    "test_mae": [
      -2.708845231865989,
      -2.9863155425881027,
      -3.0536512563846876,
      -3.0225327697447466,
      -2.653572415973533
    ]
  },
  "42": {
    "fit_time": [
      0.053063154220581055,
      0.05235123634338379,
      0.0609586238861084,
      0.05230450630187988,
      0.037561893463134766
    ],
    "score_time": [
      0.03315019607543945,
      0.031062602996826172,
      0.031085491180419922,
      0.031223297119140625,
      0.012082338333129883
    ],
    "test_r": [
      0.4519754298357536,
      0.4488952146015072,
      0.41028503385616377,
      0.45694961066067935,
      0.3259897750740837
    ],
    "test_r2": [
      -0.34677561135555424,
      -0.5333857789401122,
      -0.10217398250027832,
      -0.27638476614140717,
      -0.4145412816697944
    ],
    "test_rmse": [
      -3.6423263242291957,
      -3.19252415367084,
      -3.6488263678914636,
      -3.3712144757828373,
      -3.786059441026693
    ],
    "test_mae": [
      -2.971878325264901,
      -2.654772094781593,
      -2.8982230449076307,
      -2.815583518164278,
      -3.0203297435288943
    ]
  },
  "69": {
    "fit_time": [
      0.052254676818847656,
      0.05925583839416504,
      0.05260729789733887,
      0.05255556106567383,
      0.032860755920410156
    ],
    "score_time": [
      0.03126168251037598,
      0.03219199180603027,
      0.031028032302856445,
      0.03163409233093262,
      0.011999368667602539
    ],
    "test_r": [
      0.4289278288681848,
      0.34034360180277196,
      0.4306570352880076,
      0.5289400611148272,
      0.4768379403356015
    ],
    "test_r2": [
      -0.5351783428514136,
      -0.3403759395672936,
      -0.31770325158136825,
      -0.1095876090460084,
      -0.01774863798077253
    ],
    "test_rmse": [
      -3.6875967881613194,
      -3.670656240187611,
      -3.391259827625412,
      -3.424294679473604,
      -3.117042884664491
    ],
    "test_mae": [
      -2.9152726186646207,
      -3.112914173834713,
      -2.707851055784928,
      -2.762910503312857,
      -2.525667797524681
    ]
  },
  "420": {
    "fit_time": [
      0.05250835418701172,
      0.05207085609436035,
      0.06049227714538574,
      0.05270648002624512,
      0.041999101638793945
    ],
    "score_time": [
      0.03258037567138672,
      0.031275272369384766,
      0.030994653701782227,
      0.03122687339782715,
      0.01354670524597168
    ],
    "test_r": [
      0.36217295268337935,
      0.40712805761996407,
      0.42578244789853803,
      0.49238776502670606,
      0.4310882837569518
    ],
    "test_r2": [
      -0.35057817817515735,
      -0.49070041571449763,
      -0.31686085606140724,
      -0.147065506623985,
      -0.15811012752580567
    ],
    "test_rmse": [
      -3.5864782465120424,
      -3.492421660642855,
      -3.3209396701553864,
      -3.5340777062864857,
      -3.5401637317636925
    ],
    "test_mae": [
      -2.9217979142929846,
      -2.845917720081157,
      -2.7048799856447414,
      -2.902671156264547,
      -2.8305424169740636
    ]
  },
  "1234567890": {
    "fit_time": [
      0.052381038665771484,
      0.05233621597290039,
      0.06152915954589844,
      0.05276155471801758,
      0.02921748161315918
    ],
    "score_time": [
      0.032343149185180664,
      0.03120875358581543,
      0.030753135681152344,
      0.029762983322143555,
      0.011182785034179688
    ],
    "test_r": [
      0.38415229880425056,
      0.3647177184828203,
      0.46480029043210447,
      0.42271975707374154,
      0.5666217184029017
    ],
    "test_r2": [
      -0.21169611229376506,
      -0.43189799606953194,
      -0.011942013901246495,
      -0.6162925815991769,
      -0.11994436682469378
    ],
    "test_rmse": [
      -3.384021094445883,
      -3.9174908772567614,
      -3.3700172224697518,
      -3.6242008012954257,
      -3.01882151336135
    ],
    "test_mae": [
      -2.7035577308689986,
      -3.097424994229328,
      -2.739112367855516,
      -2.977042312762885,
      -2.457348541238519
    ]
  },
  "473129": {
    "fit_time": [
      0.05203366279602051,
      0.05231285095214844,
      0.05239510536193848,
      0.05449724197387695,
      0.043250322341918945
    ],
    "score_time": [
      0.03241467475891113,
      0.03100752830505371,
      0.031046628952026367,
      0.031427621841430664,
      0.013870477676391602
    ],
    "test_r": [
      0.39333104050003703,
      0.4037021834332799,
      0.5203798882625962,
      0.4381879686317142,
      0.3543647370681581
    ],
    "test_r2": [
      -0.3571049043798753,
      -0.3774107939906193,
      -0.06683076597895266,
      -0.06406059313238943,
      -0.8038285156333325
    ],
    "test_rmse": [
      -3.57697682916364,
      -3.5489666987826314,
      -3.281977850943747,
      -3.323538391716841,
      -3.8029000667129385
    ],
    "test_mae": [
      -2.9687156974590407,
      -2.786398501206116,
      -2.6481086829937817,
      -2.782925508386216,
      -3.0174788717012095
    ]
  },
  "r_avg": 0.4254048518169868,
  "r_stdev": 0.05421499102371943,
  "r2_avg": -0.30595060116403633,
  "r2_stdev": 0.18762449575934856,
  "rmse_avg": -3.502992706627805,
  "rmse_stdev": 0.22042671556840518,
  "mae_avg": -2.8400582347631915,
  "mae_stdev": 0.18209786892544805
}