{
  "6": {
    "fit_time": [
      0.8926270008087158,
      0.8817102909088135,
      0.8913998603820801,
      0.8955280780792236,
      0.8902039527893066
    ],
    "score_time": [
      0.008762121200561523,
      0.009020805358886719,
      0.00839996337890625,
      0.008414030075073242,
      0.009190797805786133
    ],
    "test_r": [
      0.6464954735627454,
      0.5107248603461628,
      0.7253802751589853,
      0.6214140445444403,
      0.5810751125738726
    ],
    "test_r2": [
      0.3942733392411588,
      0.259157804790337,
      0.5228558029514669,
      0.37184595462150527,
      0.30618592697748837
    ],
    "test_rmse": [
      -2.306566139215761,
      -2.7894930823963495,
      -2.085627163596435,
      -2.4970160206400904,
      -2.5710348431066152
    ],
    "test_mae": [
      -1.632448096475431,
      -2.087195890494461,
      -1.6188742326787262,
      -1.8004140627283862,
      -1.932827072047681
    ]
  },
  "r_avg": 0.6170179532372413,
  "r_stdev": 0.07102218248814544,
  "r2_avg": 0.3708637657163913,
  "r2_stdev": 0.08979086450288153,
  "rmse_avg": -2.44994744979105,
  "rmse_stdev": 0.2389377805866105,
  "mae_avg": -1.814351870884937,
  "mae_stdev": 0.17887145384691575
}