fold,r,r2,rmse,mae
1.0,0.7392599937002978,0.5359052942383573,2.3153698359737693,1.6609981674812078
2.0,0.7011979829629092,0.4625112955954358,1.9758620575860764,1.5165211190968022
3.0,0.7473007648062079,0.557205613111049,2.151277454958256,1.7245232089863758
4.0,0.692721243520972,0.44620005469139,2.185882005559086,1.6538677438495661
5.0,0.7816965290708003,0.601428133691324,1.9180328065911467,1.5062300222982838
