{
  "6": {
    "fit_time": [
      0.7880496978759766,
      0.940448522567749,
      0.7712554931640625,
      0.9875102043151855,
      0.5396828651428223
    ],
    "score_time": [
      0.032660484313964844,
      0.03031301498413086,
      0.03318071365356445,
      0.02712845802307129,
      0.0244140625
    ],
    "test_r": [
      0.5340882140377029,
      0.7629851878427698,
      0.6433824307791672,
      0.778185873839649,
      0.7020076994029012
    ],
    "test_r2": [
      0.28235919281717015,
      0.5095668003134846,
      0.3867059566947776,
      0.5822901393293389,
      0.4597891584615812
    ],
    "test_rmse": [
      -0.0793147479780702,
      -0.08483613383615816,
      -0.08183468154800032,
      -0.07366002487139921,
      -0.07505732871608041
    ],
    "test_mae": [
      -0.06048620443603663,
      -0.058637004298193664,
      -0.05845127549662122,
      -0.04999302651378561,
      -0.05377396519902448
    ],
    "best_params": {
      "check_inverse": true,
      "func": null,
      "inverse_func": null,
      "regressor__activation": "relu",
      "regressor__alpha": 2.273186734812404e-05,
      "regressor__batch_size": "auto",
      "regressor__beta_1": 0.9,
      "regressor__beta_2": 0.999,
      "regressor__early_stopping": true,
      "regressor__epsilon": 1e-08,
      "regressor__learning_rate": "constant",
      "regressor__learning_rate_init": 0.0023190753331539856,
      "regressor__max_fun": 15000,
      "regressor__max_iter": 200,
      "regressor__momentum": 0.9,
      "regressor__n_iter_no_change": 10,
      "regressor__n_layers": 5,
      "regressor__n_neurons": 18,
      "regressor__nesterovs_momentum": true,
      "regressor__power_t": 0.5,
      "regressor__random_state": null,
      "regressor__shuffle": true,
      "regressor__solver": "adam",
      "regressor__tol": 0.0001,
      "regressor__validation_fraction": 0.1,
      "regressor__verbose": false,
      "regressor__warm_start": false,
      "transformer__memory": null,
      "transformer__verbose": false,
      "transformer__MinMax__clip": false,
      "transformer__MinMax__copy": true,
      "transformer__Standard__copy": true,
      "transformer__Standard__with_mean": true,
      "transformer__Standard__with_std": true,
      "transformer__MinMax NN__clip": false,
      "transformer__MinMax NN__copy": true
    }
  },
  "13": {
    "fit_time": [
      1.1514523029327393,
      1.2078051567077637,
      1.7811191082000732,
      1.9156978130340576,
      1.473229169845581
    ],
    "score_time": [
      0.03690314292907715,
      0.0369415283203125,
      0.032613515853881836,
      0.03025054931640625,
      0.026201963424682617
    ],
    "test_r": [
      0.5678117454756659,
      0.5488193143839529,
      0.6974665999789946,
      0.640844438719199,
      0.6881031483675043
    ],
    "test_r2": [
      0.320552873599503,
      0.28980866351597223,
      0.4789831016329421,
      0.3948130862743806,
      0.4373616443394641
    ],
    "test_rmse": [
      -0.09023513589180804,
      -0.0991715617853772,
      -0.08118054099996472,
      -0.08133365672999246,
      -0.07016381768350297
    ],
    "test_mae": [
      -0.06913919888528511,
      -0.07604378488089346,
      -0.05875089712613245,
      -0.05648128455942057,
      -0.052284000676354365
    ],
    "best_params": {
      "check_inverse": true,
      "func": null,
      "inverse_func": null,
      "regressor__activation": "relu",
      "regressor__alpha": 0.0004629917484225259,
      "regressor__batch_size": "auto",
      "regressor__beta_1": 0.9,
      "regressor__beta_2": 0.999,
      "regressor__early_stopping": true,
      "regressor__epsilon": 1e-08,
      "regressor__learning_rate": "adaptive",
      "regressor__learning_rate_init": 0.005394816310493628,
      "regressor__max_fun": 15000,
      "regressor__max_iter": 200,
      "regressor__momentum": 0.9,
      "regressor__n_iter_no_change": 10,
      "regressor__n_layers": 5,
      "regressor__n_neurons": 59,
      "regressor__nesterovs_momentum": true,
      "regressor__power_t": 0.5,
      "regressor__random_state": null,
      "regressor__shuffle": true,
      "regressor__solver": "adam",
      "regressor__tol": 0.0001,
      "regressor__validation_fraction": 0.1,
      "regressor__verbose": false,
      "regressor__warm_start": false,
      "transformer__memory": null,
      "transformer__verbose": false,
      "transformer__MinMax__clip": false,
      "transformer__MinMax__copy": true,
      "transformer__Standard__copy": true,
      "transformer__Standard__with_mean": true,
      "transformer__Standard__with_std": true,
      "transformer__MinMax NN__clip": false,
      "transformer__MinMax NN__copy": true
    }
  },
  "42": {
    "fit_time": [
      3.0328073501586914,
      2.3002188205718994,
      3.1995575428009033,
      2.9852397441864014,
      1.806929349899292
    ],
    "score_time": [
      0.03793191909790039,
      0.044904470443725586,
      0.030484914779663086,
      0.03752541542053223,
      0.027284860610961914
    ],
    "test_r": [
      0.6778930106370643,
      0.8280241479777344,
      0.7094996039568808,
      0.6145817562023034,
      0.694585800383446
    ],
    "test_r2": [
      0.4571869871415628,
      0.6213334380057781,
      0.5027659786290412,
      0.3712068381613637,
      0.4660378435392467
    ],
    "test_rmse": [
      -0.0777500371321914,
      -0.061891142674013376,
      -0.07326116659299654,
      -0.08849561539661639,
      -0.08453315953462068
    ],
    "test_mae": [
      -0.05902411774741141,
      -0.046795281959150184,
      -0.051464495756354624,
      -0.0600319301002222,
      -0.057635451200669235
    ],
    "best_params": {
      "check_inverse": true,
      "func": null,
      "inverse_func": null,
      "regressor__activation": "logistic",
      "regressor__alpha": 1e-05,
      "regressor__batch_size": "auto",
      "regressor__beta_1": 0.9,
      "regressor__beta_2": 0.999,
      "regressor__early_stopping": true,
      "regressor__epsilon": 1e-08,
      "regressor__learning_rate": "invscaling",
      "regressor__learning_rate_init": 0.0001,
      "regressor__max_fun": 15000,
      "regressor__max_iter": 200,
      "regressor__momentum": 0.9,
      "regressor__n_iter_no_change": 10,
      "regressor__n_layers": 1,
      "regressor__n_neurons": 67,
      "regressor__nesterovs_momentum": true,
      "regressor__power_t": 0.5,
      "regressor__random_state": null,
      "regressor__shuffle": true,
      "regressor__solver": "adam",
      "regressor__tol": 0.0001,
      "regressor__validation_fraction": 0.1,
      "regressor__verbose": false,
      "regressor__warm_start": false,
      "transformer__memory": null,
      "transformer__verbose": false,
      "transformer__MinMax__clip": false,
      "transformer__MinMax__copy": true,
      "transformer__Standard__copy": true,
      "transformer__Standard__with_mean": true,
      "transformer__Standard__with_std": true,
      "transformer__MinMax NN__clip": false,
      "transformer__MinMax NN__copy": true
    }
  },
  "69": {
    "fit_time": [
      1.731529951095581,
      1.475127935409546,
      2.0505173206329346,
      2.5350608825683594,
      1.7509706020355225
    ],
    "score_time": [
      0.050520896911621094,
      0.04569649696350098,
      0.03815412521362305,
      0.03095412254333496,
      0.026988506317138672
    ],
    "test_r": [
      0.7043869637450504,
      0.7509665114161578,
      0.7488770186251885,
      0.680939160341763,
      0.7522308091800793
    ],
    "test_r2": [
      0.49479045122523935,
      0.4976576860038351,
      0.550915663696603,
      0.46274411985859676,
      0.5586292615567117
    ],
    "test_rmse": [
      -0.07021117142283732,
      -0.088735809528329,
      -0.07006221528696434,
      -0.06947532079746588,
      -0.07468931438312913
    ],