fold,r,r2,rmse,mae
1.0,0.7443423525464192,0.5499544354176117,0.06465947708495079,0.04539684140574826
2.0,0.6853307034364228,0.4348352546192853,0.07800025109413186,0.05155324279510223
3.0,0.7448087193134618,0.552192503177553,0.08239529869260558,0.055025905127997876
4.0,0.753624436729478,0.5387075704834883,0.0678131907147282,0.04834078763411925
5.0,0.6610929391423124,0.4269292000492486,0.08563007677379003,0.058011097182024685
