rmse,r,r2,spearman,mse,mae
2.3358247477535055,0.6095554768935946,0.25849350516907843,0.5320654906074521,5.456077252217728,1.8513172892322387
2.838495023364822,0.5580818362625116,0.2757528781010895,0.5336668234572424,8.057053997666863,2.2745171649296587
2.689287445042353,0.4546462204689521,0.1917947831418464,0.5103417111501569,7.232266962062425,2.0247222233999635
2.7535900200085512,0.498609692613307,0.21856328997907104,0.4687628217479755,7.582257998290693,2.1109635471696095
2.9776708611010942,0.3293131135114383,0.031893573868925995,0.2952680030803438,8.866523757050533,2.2027029839678804
