Dataset,num_of_folds,Features,Targets,Model,r_mean,r_std,r2_mean,r2_std,rmse_mean,rmse_std,mae_mean,mae_std,num_of_data
OPV_Min,5,DA_FP_radius_3_nbits_1024,"calc_PCE_percent,FF_percent,Jsc_mA_cm_pow_neg2,Voc_V",SVM,0.7103181949965129,0.04883839653386595,0.4558634229663502,0.0959784593538713,2.238417641992517,0.15441297542290522,1.7789547072018768,0.12313824237812357,553
