{
  "6": {
    "fit_time": [
      3.3038439750671387,
      3.17850399017334
    ],
    "score_time": [
      0.04639601707458496,
      1.2790398597717285
    ],
    "test_r": [
      0.7592963887675924,
      0.7707486038907666
    ],
    "test_r2": [
      0.5746468833562046,
      0.5843819802775359
    ],
    "test_rmse": [
      -2.015340095789807,
      -1.9966227067740763
    ],
    "test_mae": [
      -1.502427483002303,
      -1.48021615636065
    ]
  },
  "r_avg": 0.7650224963291795,
  "r_stdev": 0.0057261075615870904,
  "r_stderr": 0.0021642652269094156,
  "r2_avg": 0.5795144318168702,
  "r2_stdev": 0.004867548460665616,
  "r2_stderr": 0.0018397603887823548,
  "rmse_avg": 2.0059814012819417,
  "rmse_stdev": 0.009358694507865306,
  "rmse_stderr": 0.0035372540377196595,
  "mae_avg": 1.4913218196814766,
  "mae_stdev": 0.01110566332082652,
  "mae_stderr": 0.0041975461844741
}