{
  "6": {
    "fit_time": [
      6.654171943664551,
      6.731698989868164
    ],
    "score_time": [
      0.19247913360595703,
      1.377594232559204
    ],
    "test_r": [
      0.7375036751539772,
      0.6907451666310036
    ],
    "test_r2": [
      0.5151139571158504,
      0.4473673908350443
    ],
    "test_rmse": [
      -2.1780285856414934,
      -2.322976908843829
    ],
    "test_mae": [
      -1.560659337564122,
      -1.7489603189648726
    ]
  },
  "r_avg": 0.7141244208924904,
  "r_stdev": 0.023379254261486793,
  "r_stderr": 0.008836527516291584,
  "r2_avg": 0.48124067397544734,
  "r2_stdev": 0.033873283140403054,
  "r2_stderr": 0.012802897611254782,
  "rmse_avg": 2.250502747242661,
  "rmse_stdev": 0.07247416160116771,
  "rmse_stderr": 0.027392658296370925,
  "mae_avg": 1.6548098282644972,
  "mae_stdev": 0.09415049070037529,
  "mae_stderr": 0.035585540601127494
}