Dataset,num_of_folds,Features,Targets,Model,r_mean,r_std,r2_mean,r2_std,rmse_mean,rmse_std,mae_mean,mae_std,num_of_data
OPV_Min,5,DA_FP_radius_3_nbits_1024,calc_PCE_percent,RF,0.742467374201348,0.09624317208393598,0.5498256627944945,0.1413778641078322,2.048482585214604,0.39183516785843614,1.5374723638926158,0.21927966250129333,558
