fold,r,r2,rmse,mae
1.0,0.6874652139537748,0.4691809055174908,2.544510526418842,1.7937204361228716
2.0,0.7673330085161074,0.5858639649945554,1.9012330979146688,1.4806277660236897
3.0,0.7943635416559189,0.6168985034556531,1.8516246141396033,1.4127368710602624
4.0,0.6643013808136892,0.43818714049169305,2.32439216706995,1.7320537779163625
5.0,0.7949832885254009,0.6260910542654419,1.8680481698785927,1.5084314115839057
