fold,r,r2,rmse,mae
1.0,0.7097963041432711,0.5025462122306228,2.318423466669717,1.8049282737779808
2.0,0.713319321214349,0.5044711027639621,2.324186861925572,1.7047939291581038
3.0,0.8405465107322075,0.7051152929415883,1.6392812688429381,1.2208345500864513
4.0,0.63758444209376,0.40018163680702745,2.0952992865860898,1.563087810570161
5.0,0.810657460279427,0.6473511085405192,1.88491802546815,1.419737111365977
