{
  "6": {
    "fit_time": [
      0.19635319709777832,
      0.1781017780303955,
      0.18259310722351074,
      0.19710302352905273,
      0.1868119239807129
    ],
    "score_time": [
      0.008086919784545898,
      0.008037090301513672,
      0.008707046508789062,
      0.007286787033081055,
      0.0070688724517822266
    ],
    "test_r": [
      0.5782916800145199,
      0.5762856200299408,
      0.6297571562862331,
      0.7658656018019602,
      0.6723649157930603
    ],
    "test_r2": [
      0.32892618898458914,
      0.31602439553065387,
      0.37220155290128754,
      0.5739654980974914,
      0.4325348338444418
    ],
    "test_rmse": [
      -0.07669826342091887,
      -0.10018697030686913,
      -0.08279672181108884,
      -0.0743903981368175,
      -0.07692740094502458
    ],
    "test_mae": [
      -0.05407311257744891,
      -0.07032078538902209,
      -0.060116458158926744,
      -0.05509465125578574,
      -0.056650134572705464
    ]
  },
  "13": {
    "fit_time": [
      0.2014470100402832,
      0.20764899253845215,
      0.21757793426513672,
      0.20991778373718262,
      0.2037200927734375
    ],
    "score_time": [
      0.008209943771362305,
      0.009392023086547852,
      0.008270740509033203,
      0.01069021224975586,
      0.010738134384155273
    ],
    "test_r": [
      0.7346355720736286,
      0.6445468058075656,
      0.6390673765966003,
      0.6625609026160557,
      0.6527455553181061
    ],
    "test_r2": [
      0.5305662185812259,
      0.41450179153871847,
      0.40660438022498757,
      0.43634829169100264,
      0.41734513383547633
    ],
    "test_rmse": [
      -0.07500410155125088,
      -0.09004554954592046,
      -0.08663596251156443,
      -0.07849300359482818,
      -0.07140098988609088
    ],
    "test_mae": [
      -0.05464814159582454,
      -0.06571541741840924,
      -0.059994592477409694,
      -0.058484944981506616,
      -0.05069515498708986
    ]
  },
  "42": {
    "fit_time": [
      0.21299481391906738,
      0.2023029327392578,
      0.22221016883850098,
      0.23813891410827637,
      0.20418930053710938
    ],
    "score_time": [
      0.009461164474487305,
      0.007338047027587891,
      0.010212898254394531,
      1.4991569519042969,
      0.009818792343139648
    ],
    "test_r": [
      0.654810239403214,
      0.7391739249492294,
      0.5812317955683011,
      0.6725252678711919,
      0.5039445926453048
    ],
    "test_r2": [
      0.42733521647406825,
      0.5411358102607344,
      0.29058078758934713,
      0.448901268647492,
      0.24712968078271258
    ],
    "test_rmse": [
      -0.07985934028982715,
      -0.06813058308372176,
      -0.08750742106330377,
      -0.08284810025004434,
      -0.10037647738184519
    ],
    "test_mae": [
      -0.056953369035327786,
      -0.049082071704177346,
      -0.06409971987382146,
      -0.058758422850841235,
      -0.06801770067859417
    ]
  },
  "69": {
    "fit_time": [
      0.18600702285766602,
      0.2012031078338623,
      0.202775239944458,
      0.22150826454162598,
      0.20742201805114746
    ],
    "score_time": [
      0.008288860321044922,
      0.009386062622070312,
      0.008922815322875977,
      0.0075550079345703125,
      0.007276058197021484
    ],
    "test_r": [
      0.6720850591436,
      0.633984061970742,
      0.7457781976471245,
      0.6329458130202337,
      0.6554437275818391
    ],
    "test_r2": [
      0.4396873344073894,
      0.4007923018668442,
      0.5372893951075641,
      0.3598411435344877,
      0.42448865508755607
    ],
    "test_rmse": [
      -0.07394105853032751,
      -0.09691426956831693,
      -0.0711171981247952,
      -0.07583747262390302,
      -0.08528715916881356
    ],
    "test_mae": [
      -0.05350481158352906,
      -0.07043967397216332,
      -0.05193959627590385,
      -0.05463845516051175,
      -0.06126708224291933
    ]
  },
  "420": {
    "fit_time": [
      0.20233702659606934,
      0.21295809745788574,
      0.24742484092712402,
      0.2498912811279297,
      0.23968195915222168
    ],
    "score_time": [
      0.015839099884033203,
      0.0158388614654541,
      0.010438203811645508,
      0.00894784927368164,
      0.009109020233154297
    ],
    "test_r": [
      0.6378438291094009,
      0.7438029461694825,
      0.6527263126004924,
      0.5948639510420489,
      0.7353795065068777
    ],
    "test_r2": [
      0.3871111651876651,
      0.5315036641922284,
      0.4154696020618235,
      0.3477398987518663,
      0.5365852732231811
    ],
    "test_rmse": [
      -0.08008310619091566,
      -0.08852015476056774,
      -0.07234524378063623,
      -0.09189305205621001,
      -0.06494727482324593
    ],
    "test_mae": [
      -0.05829578124575818,
      -0.06324274915169521,
      -0.05460584120421392,
      -0.06129933728754797,
      -0.049662723423457907
    ]
  },
  "1234567890": {
    "fit_time": [
      0.19225716590881348,
      0.20390796661376953,
      0.18715500831604004,
      0.187669038772583,
      0.2071669101715088
    ],
    "score_time": [
      0.012553930282592773,
      0.007071971893310547,
      0.011498212814331055,
      0.012292146682739258,
      0.006996870040893555
    ],
    "test_r": [
      0.6682370048848891,
      0.6408717965463302,
      0.7271259696688558,
      0.756481418241421,
      0.6039344938507345
    ],
    "test_r2": [
      0.4318319151141714,
      0.40806265254609964,
      0.5022648905273002,
      0.5671738609905328,
      0.36311260521521915
    ],
    "test_rmse": [
      -0.08505023179408938,
      -0.07810850952912086,
      -0.07424037145508598,
      -0.07586814495008314,
      -0.08269803051183523
    ],
    "test_mae": [
      -0.05967161034177195,
      -0.05173148734042591,
      -0.05420673376172602,
      -0.05619325619625678,
      -0.06281551664984736
    ]
  },
  "473129": {
    "fit_time": [
      0.20208406448364258,
      0.2305889129638672,
      0.19802594184875488,
      0.21872520446777344,
      0.22555994987487793
    ],
    "score_time": [
      0.007349967956542969,
      0.007935285568237305,
      0.011896848678588867,
      0.008516788482666016,
      0.010156869888305664
    ],
    "test_r": [
      0.6768853758724269,
      0.7140543290495799,
      0.6950481560266186,
      0.4864484847569755,
      0.6230995942481508
    ],
    "test_r2": [
      0.4531764623212923,
      0.5047862282356137,
      0.46070100325915986,
      0.22488588693040168,
      0.3773494840581787
    ],
    "test_rmse": [
      -0.0833827773927014,
      -0.07873089601642777,
      -0.07865575540048442,
      -0.09767094464680205,
      -0.07337194645223699
    ],
    "test_mae": [
      -0.05869529629591746,
      -0.05533235864580742,
      -0.055621533771904354,
      -0.06841529958176527,
      -0.056184029077652825
    ]
  },
  "r_avg": 0.6572813438489353,
  "r_stdev": 0.0651922702179596,
  "r_stderr": 0.02464036205720624,
  "r2_avg": 0.4245129849029373,
  "r2_stdev": 0.0848069037889606,
  "r2_stderr": 0.03205399669813873,
  "rmse_avg": -0.0811418537587347,
  "rmse_stdev": 0.008770216494619244,
  "rmse_stderr": 0.0033148302555655947,
  "mae_avg": -0.058299081450504775,
  "mae_stdev": 0.005572997437607969,
  "mae_stderr": 0.0021063950395872693
}