{
  "6": {
    "fit_time": [
      0.003565073013305664,
      0.005713224411010742,
      0.004415988922119141,
      0.003983020782470703,
      0.004022121429443359
    ],
    "score_time": [
      0.005388975143432617,
      0.005449056625366211,
      0.004712820053100586,
      0.004675865173339844,
      0.0047948360443115234
    ],
    "test_r": [
      0.43962202137162154,
      0.4403389132853025,
      0.4259568234116301,
      0.48732733320119226,
      0.5211095545099769
    ],
    "test_r2": [
      0.1613451343194715,
      0.13617626520334702,
      0.1609506777527474,
      0.22430477450713948,
      0.24770874191290293
    ],
    "test_rmse": [
      -0.08574168639415886,
      -0.11259095529519995,
      -0.09571869499438747,
      -0.10037835091957495,
      -0.08857363404901399
    ],
    "test_mae": [
      -0.06146964285714285,
      -0.07979821428571429,
      -0.07147142857142859,
      -0.07228468468468467,
      -0.06596036036036035
    ]
  },
  "13": {
    "fit_time": [
      0.0040149688720703125,
      0.00398707389831543,
      0.0041599273681640625,
      0.004273176193237305,
      0.0040130615234375
    ],
    "score_time": [
      0.004931926727294922,
      0.004895925521850586,
      0.0050089359283447266,
      0.004853010177612305,
      0.004626750946044922
    ],
    "test_r": [
      0.3309842759751115,
      0.559508332229614,
      0.4204514680598409,
      0.48076868087429625,
      0.39454448466507186
    ],
    "test_r2": [
      0.05292198153363281,
      0.306678231418269,
      0.1360034602160085,
      0.18689861368269545,
      0.1211406004124368
    ],
    "test_rmse": [
      -0.10653461040565979,
      -0.09798664449811516,
      -0.10453988985754945,
      -0.0942752917292258,
      -0.08769165060360985
    ],
    "test_mae": [
      -0.07729107142857143,
      -0.07304821428571429,
      -0.0752142857142857,
      -0.06868108108108108,
      -0.06431711711711711
    ]
  },
  "42": {
    "fit_time": [
      0.004172086715698242,
      0.0040361881256103516,
      0.00422215461730957,
      0.004102945327758789,
      0.004273891448974609
    ],
    "score_time": [
      0.004992008209228516,
      0.004797935485839844,
      0.00496673583984375,
      0.004808902740478516,
      0.004904985427856445
    ],
    "test_r": [
      0.44488528910491326,
      0.6040151146682536,
      0.4945435211280803,
      0.27572613018921466,
      0.4556779389567443
    ],
    "test_r2": [
      0.16150325372826968,
      0.3638059189295132,
      0.2302470040338086,
      0.03567690237391463,
      0.19454626770229355
    ],
    "test_rmse": [
      -0.09663315757470178,
      -0.08022224931846704,
      -0.0911526094760085,
      -0.10959207079885835,
      -0.10382266238748275
    ],
    "test_mae": [
      -0.07217500000000002,
      -0.05704642857142857,
      -0.07005892857142858,
      -0.07751171171171171,
      -0.07371891891891892
    ]
  },
  "69": {
    "fit_time": [
      0.004149913787841797,
      0.003912925720214844,
      0.004257917404174805,
      0.004261016845703125,
      0.0038137435913085938
    ],
    "score_time": [
      0.005087137222290039,
      0.004725933074951172,
      0.004958152770996094,
      0.004914999008178711,
      0.004558086395263672
    ],
    "test_r": [
      0.4898196626520405,
      0.5542652001881219,
      0.45018879091630704,
      0.42628624863312503,
      0.4211572683472973
    ],
    "test_r2": [
      0.2113821776721615,
      0.30298398801018667,
      0.14715362733742754,
      0.14982554972216144,
      0.13040451135745612
    ],
    "test_rmse": [
      -0.08772103306993793,
      -0.10452505680457676,
      -0.09655067507347039,
      -0.08739649115763554,
      -0.10483718307430315
    ],
    "test_mae": [
      -0.06756607142857143,
      -0.07604821428571427,
      -0.06862142857142857,
      -0.06360900900900898,
      -0.0789207207207207
    ]
  },
  "420": {
    "fit_time": [
      0.00438690185546875,
      0.004085063934326172,
      0.004258155822753906,
      0.004197120666503906,
      0.004377126693725586
    ],
    "score_time": [
      0.0051310062408447266,
      0.004784822463989258,
      0.00506901741027832,
      0.00489497184753418,
      0.004796266555786133
    ],
    "test_r": [
      0.4754757978776192,
      0.5545184549765554,
      0.2684837748508335,
      0.5594513902864191,
      0.40538339420141534
    ],
    "test_r2": [
      0.1673280375032563,
      0.2803615740788866,
      -0.06844863565983839,
      0.3110940450306895,
      0.11447724624561528
    ],
    "test_rmse": [
      -0.09334413287859684,
      -0.10971000572939031,
      -0.09780999985394424,
      -0.0944391867817592,
      -0.08977923072888445
    ],
    "test_mae": [
      -0.07139999999999999,
      -0.07984107142857141,
      -0.0722125,
      -0.06873693693693693,
      -0.06697837837837836
    ]
  },
  "1234567890": {
    "fit_time": [
      0.0041239261627197266,
      0.004100799560546875,
      0.004096031188964844,
      0.004461050033569336,
      0.004384040832519531
    ],
    "score_time": [
      0.005220174789428711,
      0.004961967468261719,
      0.004756927490234375,
      0.004884004592895508,
      0.00479888916015625
    ],
    "test_r": [
      0.531176428725151,
      0.6147336130674356,
      0.6752632109298358,
      0.39303601927769616,
      0.3871361965263137
    ],
    "test_r2": [
      0.28200810675145926,
      0.3431331006052327,
      0.43063780171220833,
      0.08323800047887164,
      0.10521807009576267
    ],
    "test_rmse": [
      -0.09560857702110204,
      -0.08228092557990409,
      -0.0794027077623931,
      -0.11041574995369927,
      -0.09802174790863029
    ],
    "test_mae": [
      -0.06985714285714287,
      -0.05977142857142857,
      -0.05778214285714285,
      -0.07927027027027027,
      -0.07489369369369368
    ]
  },
  "473129": {
    "fit_time": [
      0.004567146301269531,
      0.004815816879272461,
      0.0048677921295166016,
      0.00677490234375,
      0.007208108901977539
    ],
    "score_time": [
      0.006558895111083984,
      0.0063631534576416016,
      0.00702214241027832,
      0.005671024322509766,
      0.005362749099731445
    ],
    "test_r": [
      0.4545934914305839,
      0.4751985090021003,
      0.361199121326826,
      0.49456194170484546,
      0.45977085700643266
    ],
    "test_r2": [
      0.18541965124169268,
      0.21912349347168425,
      0.02236179009461159,
      0.23848697771554372,
      0.16039028912424935
    ],
    "test_rmse": [
      -0.10176998750684238,
      -0.09886441834292918,
      -0.10590215160366534,
      -0.09681022580192561,
      -0.08520137248820508
    ],
    "test_mae": [
      -0.07509464285714285,
      -0.07195535714285714,
      -0.07285000000000001,
      -0.07179099099099101,
      -0.06648828828828827
    ]
  },
  "r_avg": 0.4636331215302234,
  "r_stdev": 0.08660962225023118,
  "r_stderr": 0.032735360231336864,
  "r2_avg": 0.18675677800902202,
  "r2_stdev": 0.10168893391579517,
  "r2_stderr": 0.03843480431835365,
  "rmse_avg": -0.09645271478353738,
  "rmse_stdev": 0.008770032324938,
  "rmse_stderr": 0.003314760645969079,
  "mae_avg": -0.07067815361279647,
  "mae_stdev": 0.005950614683845405,
  "mae_stderr": 0.0022491209430605973
}