{
  "6": {
    "fit_time": [
      0.1942141056060791,
      0.1767439842224121,
      0.12971067428588867,
      0.12684321403503418,
      0.09852409362792969
    ],
    "score_time": [
      0.004402875900268555,
      0.003582000732421875,
      0.004614114761352539,
      0.0043849945068359375,
      0.0041408538818359375
    ],
    "test_r": [
      0.17186695217227865,
      0.23639603797557848,
      0.520213615795157,
      0.40055069602460724,
      0.4578450269242137
    ],
    "test_r2": [
      -1.4068817620494944,
      -0.3521914071736747,
      0.0991329006712498,
      0.017634436728284464,
      0.10835241006416352
    ],
    "test_rmse": [
      -0.14525388723232555,
      -0.14086724581138074,
      -0.09918211990343959,
      -0.11296165909318291,
      -0.09642909168807569
    ],
    "test_mae": [
      -0.1093902958154298,
      -0.11310852670457913,
      -0.07612266959144463,
      -0.08750507676771548,
      -0.07305296015482113
    ]
  },
  "13": {
    "fit_time": [
      0.13552117347717285,
      0.20534825325012207,
      0.16762900352478027,
      0.12993836402893066,
      0.12949800491333008
    ],
    "score_time": [
      0.007072925567626953,
      0.00757288932800293,
      0.008203983306884766,
      0.006334781646728516,
      0.00678706169128418
    ],
    "test_r": [
      0.3508900260745141,
      0.32355123757974524,
      0.3391377118936097,
      0.38299547393528816,
      0.2783128002067064
    ],
    "test_r2": [
      -0.010875762024131763,
      -0.4444660941771321,
      -0.20565398910574095,
      0.09005061368189138,
      -0.260896702605256
    ],
    "test_rmse": [
      -0.11006436576513523,
      -0.14143377840616425,
      -0.1234915894165742,
      -0.0997319136722145,
      -0.10503602994174915
    ],
    "test_mae": [
      -0.08382634290660962,
      -0.11311812246182198,
      -0.09231394305013436,
      -0.07613206352588589,
      -0.07955770165683297
    ]
  },
  "42": {
    "fit_time": [
      0.17320513725280762,
      0.13978290557861328,
      0.16080927848815918,
      0.17939090728759766,
      0.15952491760253906
    ],
    "score_time": [
      0.0068340301513671875,
      0.008862972259521484,
      0.007017850875854492,
      0.005160331726074219,
      0.007508039474487305
    ],
    "test_r": [
      0.29479260540147845,
      0.5314173129712252,
      0.3851035575622189,
      0.23477000429453557,
      0.3100778006268184
    ],
    "test_r2": [
      -0.6761817405484287,
      0.2804565331504898,
      -0.2909046676445186,
      -0.17248841414381122,
      -0.012392445318960998
    ],
    "test_rmse": [
      -0.13662684276169418,
      -0.08531561777071012,
      -0.11804307046151988,
      -0.12084317537138561,
      -0.11639821230347218
    ],
    "test_mae": [
      -0.10693634397403641,
      -0.06466248565999974,
      -0.08974567320937613,
      -0.09116136731293442,
      -0.08855359184493967
    ]
  },
  "69": {
    "fit_time": [
      0.08699893951416016,
      0.12059807777404785,
      0.13216900825500488,
      0.0975959300994873,
      0.17658495903015137
    ],
    "score_time": [
      0.00498509407043457,
      0.0052187442779541016,
      0.0062639713287353516,
      0.006675243377685547,
      0.0047223567962646484
    ],
    "test_r": [
      0.22393813059716616,
      0.3324023059857537,
      0.2546982525399236,
      0.3532931848081689,
      0.4340379128489434
    ],
    "test_r2": [
      -0.3784952891657236,
      -0.17989561018378208,
      -0.24653103929296316,
      -0.0662356452063293,
      -0.23731050801627873
    ],
    "test_rmse": [
      -0.11597732482563848,
      -0.13599433805025082,
      -0.11672703656722723,
      -0.09787382712213488,
      -0.1250535585903855
    ],
    "test_mae": [
      -0.09250414866292558,
      -0.10587483347632125,
      -0.08841517784895618,
      -0.07811740170672996,
      -0.09504953179195866
    ]
  },
  "420": {
    "fit_time": [
      0.10386896133422852,
      0.11351299285888672,
      0.11550116539001465,
      0.15352201461791992,
      0.12248492240905762
    ],
    "score_time": [
      0.005110979080200195,
      0.007087230682373047,
      0.005141019821166992,
      0.004760265350341797,
      0.00475311279296875
    ],
    "test_r": [
      0.31530118998728485,
      0.46592534377146466,
      0.3740292022592682,
      0.30221685327327874,
      0.40037889540808247
    ],
    "test_r2": [
      -0.3832207277425923,
      0.20062285744152009,
      -0.13057564718349002,
      -0.28438224698014536,
      -0.22521410328442237
    ],
    "test_rmse": [
      -0.12030835789285735,
      -0.11562850970038394,
      -0.10061349772387955,
      -0.1289494268931097,
      -0.10560439940623804
    ],
    "test_mae": [
      -0.09413438166921113,
      -0.088825561892129,
      -0.07818907658377149,
      -0.09453478865481957,
      -0.08201490832211579
    ]
  },
  "1234567890": {
    "fit_time": [
      0.13075566291809082,
      0.08106803894042969,
      0.11646795272827148,
      0.14811086654663086,
      0.14273595809936523
    ],
    "score_time": [
      0.004803180694580078,
      0.009595870971679688,
      0.006110191345214844,
      0.005351066589355469,
      0.0058727264404296875
    ],
    "test_r": [
      0.3807565649619622,
      0.022876650339182368,
      0.3022415602919564,
      0.44486961852918516,
      0.3610428515578658
    ],
    "test_r2": [
      0.05014957958724087,
      -106.52234079486927,
      -0.27754429835944694,
      0.007988855367522807,
      -0.15869687421607326
    ],
    "test_rmse": [
      -0.10996758655692607,
      -1.052712633533569,
      -0.11894028698593842,
      -0.11485793411095235,
      -0.11154465324107149
    ],
    "test_mae": [
      -0.08198605374397892,
      -0.24946951056181357,
      -0.09665242323316739,
      -0.09096717229018418,
      -0.08517937870347672
    ]
  },
  "473129": {
    "fit_time": [
      0.14245820045471191,
      0.14411306381225586,
      0.14200091361999512,
      0.12443709373474121,
      0.1729731559753418
    ],
    "score_time": [
      0.007051706314086914,
      0.007782936096191406,
      0.00722193717956543,
      0.008187055587768555,
      0.0059261322021484375
    ],
    "test_r": [
      0.3828025345136936,
      0.4028495608349165,
      0.3610201768989993,
      0.2369588775790108,
      0.25775357395451026
    ],
    "test_r2": [
      0.015583057147943724,
      -0.36605850272231777,
      -0.28041555344839786,
      -0.1119919694275977,
      -0.3583863310463269
    ],
    "test_rmse": [
      -0.11187738241957895,
      -0.1307625817369763,
      -0.12119680487359238,
      -0.11698586519086174,
      -0.10837260571144229
    ],
    "test_mae": [
      -0.08647326272959914,
      -0.09898364273064855,
      -0.09488385692065128,
      -0.0863632576024319,
      -0.08595962197031534
    ]
  },
  "r_avg": 0.33792326001081685,
  "r_stdev": 0.09839229702782444,
  "r_stderr": 0.03718879269428902,
  "r2_avg": -3.2334359109170285,
  "r2_stdev": 17.716226301476222,
  "r2_stderr": 6.696104137749671,
  "rmse_avg": -0.14318934887805823,
  "rmse_stdev": 0.1565660863826932,
  "rmse_stderr": 0.05917641833075178,
  "mae_avg": -0.09427900444947904,
  "mae_stdev": 0.028758237111363053,
  "mae_stderr": 0.010869591934470737
}