{
  "6": {
    "fit_time": [
      6.785588979721069,
      7.579052925109863
    ],
    "score_time": [
      0.0879061222076416,
      1.377295970916748
    ],
    "test_r": [
      0.729770471487292,
      0.7650845989610842
    ],
    "test_r2": [
      0.5297949050092654,
      0.5814038419051114
    ],
    "test_rmse": [
      -2.118932884918403,
      -2.003763403765889
    ],
    "test_mae": [
      -1.5801603748523227,
      -1.4583722562606414
    ]
  },
  "r_avg": 0.7474275352241881,
  "r_stdev": 0.017657063736896073,
  "r_stderr": 0.0066737427902062605,
  "r2_avg": 0.5555993734571885,
  "r2_stdev": 0.025804468447923,
  "r2_stderr": 0.009753172318202448,
  "rmse_avg": 2.061348144342146,
  "rmse_stdev": 0.057584740576257065,
  "rmse_stderr": 0.021764986125278066,
  "mae_avg": 1.519266315556482,
  "mae_stdev": 0.060894059295840686,
  "mae_stderr": 0.02301579103114506
}