{
  "6": {
    "fit_time": [
      1.501056432723999,
      1.6889853477478027,
      2.0076544284820557,
      1.1843185424804688,
      2.0852792263031006
    ],
    "score_time": [
      0.1107790470123291,
      0.11662173271179199,
      0.12087488174438477,
      0.10972809791564941,
      0.10933756828308105
    ],
    "test_r": [
      0.6390143444573266,
      0.7416878592908422,
      0.7492051225786398,
      0.5998915200148318,
      0.6814555291486478
    ],
    "test_r2": [
      0.4045369431032374,
      0.5006398040639629,
      0.5393303560336642,
      0.24052364657385494,
      0.44980316893849015
    ],
    "test_rmse": [
      -2.2960706141103304,
      -2.197240881012531,
      -2.0658057400208296,
      -3.0354416546127174,
      -2.075570903961588
    ],
    "test_mae": [
      -1.8337491743659493,
      -1.8120556524676668,
      -1.5902812828666593,
      -2.258105926299498,
      -1.637789339845014
    ],
    "best_params": {
      "check_inverse": true,
      "func": null,
      "inverse_func": null,
      "regressor__activation": "relu",
      "regressor__alpha": 2.349514376842389e-05,
      "regressor__batch_size": "auto",
      "regressor__beta_1": 0.9,
      "regressor__beta_2": 0.999,
      "regressor__early_stopping": true,
      "regressor__epsilon": 1e-08,
      "regressor__learning_rate": "constant",
      "regressor__learning_rate_init": 0.001889379069961101,
      "regressor__max_fun": 15000,
      "regressor__max_iter": 200,
      "regressor__momentum": 0.9,
      "regressor__n_iter_no_change": 10,
      "regressor__n_layers": 5,
      "regressor__n_neurons": 61,
      "regressor__nesterovs_momentum": true,
      "regressor__power_t": 0.5,
      "regressor__random_state": null,
      "regressor__shuffle": true,
      "regressor__solver": "adam",
      "regressor__tol": 0.0001,
      "regressor__validation_fraction": 0.1,
      "regressor__verbose": false,
      "regressor__warm_start": false,
      "transformer__memory": null,
      "transformer__verbose": false,
      "transformer__MinMax__clip": false,
      "transformer__MinMax__copy": true,
      "transformer__Standard__copy": true,
      "transformer__Standard__with_mean": true,
      "transformer__Standard__with_std": true,
      "transformer__MinMax NN__clip": false,
      "transformer__MinMax NN__copy": true
    }
  },
  "13": {
    "fit_time": [
      1.796372652053833,
      2.4333040714263916,
      2.1841046810150146,
      1.4362127780914307,
      2.6970603466033936
    ],
    "score_time": [
      0.11678934097290039,
      0.11325502395629883,
      0.11177825927734375,
      0.11036062240600586,
      0.10904693603515625
    ],
    "test_r": [
      0.7144622473866069,
      0.688480844205556,
      0.5691518718658903,
      0.6291699490805627,
      0.7642089465522862
    ],
    "test_r2": [
      0.4992393271212743,
      0.4347482901424997,
      0.262742230083998,
      0.38784379802884406,
      0.5799460446282021
    ],
    "test_rmse": [
      -1.9325740241518299,
      -2.4152778850984227,
      -2.333525347224447,
      -2.5817904652614576,
      -2.200716556361333
    ],
    "test_mae": [
      -1.5074645738039238,
      -1.8773474325718629,
      -1.7770182534107397,
      -2.065686610666524,
      -1.7019057940347238
    ],
    "best_params": {
      "check_inverse": true,
      "func": null,
      "inverse_func": null,
      "regressor__activation": "relu",
      "regressor__alpha": 8.430013080450184e-05,
      "regressor__batch_size": "auto",
      "regressor__beta_1": 0.9,
      "regressor__beta_2": 0.999,
      "regressor__early_stopping": true,
      "regressor__epsilon": 1e-08,
      "regressor__learning_rate": "adaptive",
      "regressor__learning_rate_init": 0.0002060892406117721,
      "regressor__max_fun": 15000,
      "regressor__max_iter": 200,
      "regressor__momentum": 0.9,
      "regressor__n_iter_no_change": 10,
      "regressor__n_layers": 5,
      "regressor__n_neurons": 57,
      "regressor__nesterovs_momentum": true,
      "regressor__power_t": 0.5,
      "regressor__random_state": null,
      "regressor__shuffle": true,
      "regressor__solver": "adam",
      "regressor__tol": 0.0001,
      "regressor__validation_fraction": 0.1,
      "regressor__verbose": false,
      "regressor__warm_start": false,
      "transformer__memory": null,
      "transformer__verbose": false,
      "transformer__MinMax__clip": false,
      "transformer__MinMax__copy": true,
      "transformer__Standard__copy": true,
      "transformer__Standard__with_mean": true,
      "transformer__Standard__with_std": true,
      "transformer__MinMax NN__clip": false,
      "transformer__MinMax NN__copy": true
    }
  },
  "42": {
    "fit_time": [
      1.4144368171691895,
      1.3999969959259033,
      1.3826532363891602,
      1.3148157596588135,
      1.3468756675720215
    ],
    "score_time": [
      0.1182398796081543,
      0.1178426742553711,
      0.11310553550720215,
      0.11544990539550781,
      0.11095261573791504
    ],
    "test_r": [
      0.6866040716158035,
      0.6491103532198773,
      0.6618495349402681,
      0.6599176622207924,
      0.645816038732352
    ],
    "test_r2": [
      0.36304008585423053,
      0.40562077452274925,
      0.36149574409607277,
      0.4204358424740763,
      0.4080257166708122
    ],
    "test_rmse": [
      -2.3971652041365297,
      -2.484511345300449,
      -2.6058550282890303,
      -2.2411830738783207,
      -2.2859539462391334
    ],
    "test_mae": [
      -1.9678566606498187,
      -1.8205450592139418,
      -1.9425629651006564,
      -1.7968530355175696,
      -1.7914939599853525
    ],
    "best_params": {
      "check_inverse": true,
      "func": null,
      "inverse_func": null,
      "regressor__activation": "relu",
      "regressor__alpha": 0.001,
      "regressor__batch_size": "auto",
      "regressor__beta_1": 0.9,
      "regressor__beta_2": 0.999,
      "regressor__early_stopping": true,
      "regressor__epsilon": 1e-08,
      "regressor__learning_rate": "invscaling",
      "regressor__learning_rate_init": 0.00043866530303638464,
      "regressor__max_fun": 15000,
      "regressor__max_iter": 200,
      "regressor__momentum": 0.9,
      "regressor__n_iter_no_change": 10,
      "regressor__n_layers": 4,
      "regressor__n_neurons": 100,
      "regressor__nesterovs_momentum": true,
      "regressor__power_t": 0.5,
      "regressor__random_state": null,
      "regressor__shuffle": true,
      "regressor__solver": "adam",
      "regressor__tol": 0.0001,
      "regressor__validation_fraction": 0.1,
      "regressor__verbose": false,
      "regressor__warm_start": false,
      "transformer__memory": null,
      "transformer__verbose": false,
      "transformer__MinMax__clip": false,
      "transformer__MinMax__copy": true,
      "transformer__Standard__copy": true,
      "transformer__Standard__with_mean": true,
      "transformer__Standard__with_std": true,
      "transformer__MinMax NN__clip": false,
      "transformer__MinMax NN__copy": true
    }
  },
  "69": {
    "fit_time": [
      2.369966745376587,
      1.9783117771148682,
      2.4395601749420166,
      2.201507806777954,
      2.230349063873291
    ],
    "score_time": [
      0.1148371696472168,
      0.12276530265808105,
      0.1196129322052002,
      0.11142277717590332,
      0.11194419860839844
    ],
    "test_r": [
      0.6127840544970755,
      0.6432178261513144,
      0.6797188074451427,
      0.7535236025865448,
      0.6026565985331268
    ],
    "test_r2": [
      0.3537147900983496,
      0.40039197022090667,
      0.4550448217462817,
      0.5543589255158123,
      0.3424411492731636
    ],
    "test_rmse": [
      -2.4799999218318423,
      -2.370395809057347,
      -2.4927980521451842,
      -2.084566824620111,
      -2.2545990658032684
    ],