Dataset,num_of_folds,Features,Targets Model,r_mean,r_std,r2_mean,r2_std,rmse_mean,rmse_std,mae_mean,mae_std,num_of_data
OPV_Min,5,DA_tokenized_BRICS,calc_PCE_percent,0.5094804935051707,0.12531455207956696,0.24011132772899318,0.15370335158142903,2.6297301405880447,0.28070446365662627,1.9962049598205547,0.21113016907894877,5
