{
  "6": {
    "fit_time": [
      0.31726503372192383,
      2.5184550285339355
    ],
    "score_time": [
      0.28873395919799805,
      0.24678516387939453
    ],
    "test_r": [
      0.7110785331283174,
      0.7321389006971712
    ],
    "test_r2": [
      0.5002804146119499,
      0.503705507729904
    ],
    "test_rmse": [
      -2.1844229024784134,
      -2.181818145149179
    ],
    "test_mae": [
      -1.6065889506000561,
      -1.6037526792578711
    ]
  },
  "r_avg": 0.7216087169127443,
  "r_stdev": 0.010530183784426939,
  "r_stderr": 0.003980035364771237,
  "r2_avg": 0.501992961170927,
  "r2_stdev": 0.0017125465589770128,
  "r2_stderr": 0.000647281757667512,
  "rmse_avg": 2.1831205238137965,
  "rmse_stdev": 0.001302378664617132,
  "rmse_stderr": 0.0004922528656304754,
  "mae_avg": 1.6051708149289636,
  "mae_stdev": 0.001418135671092502,
  "mae_stderr": 0.0005360049015800643
}