{
  "6": {
    "fit_time": [
      2.312631845474243,
      2.47780704498291,
      2.4568629264831543,
      2.4842779636383057,
      2.413198947906494
    ],
    "score_time": [
      0.02167224884033203,
      0.010106801986694336,
      0.014583110809326172,
      0.011128902435302734,
      0.014966011047363281
    ],
    "test_r": [
      -0.0028160683421135507,
      0.1981275809354521,
      0.374368684628993,
      0.2833611965357388,
      0.37316336109437254
    ],
    "test_r2": [
      -0.17123516067702527,
      0.0205251163006952,
      0.12567268235118667,
      0.06433192460245973,
      0.11871546704160085
    ],
    "test_rmse": [
      -0.10132635878856211,
      -0.11989127799375411,
      -0.09771023264856848,
      -0.11024411190744039,
      -0.09586708673332332
    ],
    "test_mae": [
      -0.07283383523770899,
      -0.08539440209621516,
      -0.0724932029627953,
      -0.08159687690463935,
      -0.07270618821641371
    ]
  },
  "13": {
    "fit_time": [
      2.3191323280334473,
      2.2589190006256104,
      1.7628068923950195,
      2.309241771697998,
      2.08659291267395
    ],
    "score_time": [
      0.01043081283569336,
      0.011793136596679688,
      0.014792919158935547,
      0.011265039443969727,
      0.012696027755737305
    ],
    "test_r": [
      0.3346111574251154,
      0.28123544193178796,
      0.2068626345660068,
      0.27174674956564954,
      0.21965171467808275
    ],
    "test_r2": [
      0.11037342524757943,
      0.07260257481636923,
      0.040353303271553065,
      0.065857628954755,
      0.03727552177810656
    ],
    "test_rmse": [
      -0.1032527714111583,
      -0.11332674382815382,
      -0.1101746610193796,
      -0.10104901160584948,
      -0.09178031649465306
    ],
    "test_mae": [
      -0.07718111359410249,
      -0.08552605194605685,
      -0.07669596952502832,
      -0.07558284687542162,
      -0.0656406473499478
    ]
  },
  "42": {
    "fit_time": [
      2.339864730834961,
      2.162355899810791,
      2.1048099994659424,
      2.269522190093994,
      2.21663498878479
    ],
    "score_time": [
      0.009647130966186523,
      0.013349294662475586,
      0.015243053436279297,
      0.01151275634765625,
      0.013125181198120117
    ],
    "test_r": [
      0.29791330506143043,
      0.4043886675908577,
      0.2412475320309541,
      0.1429776896892293,
      0.23736732548079278
    ],
    "test_r2": [
      0.08820508436855323,
      0.1525203690950644,
      0.04193739747498881,
      -0.03021077793872462,
      0.053288733790103904
    ],
    "test_rmse": [
      -0.10076833040741004,
      -0.09259012215655288,
      -0.10169283528784422,
      -0.11327417118859172,
      -0.11255910601767354
    ],
    "test_mae": [
      -0.07184340154179047,
      -0.07050304543619233,
      -0.07718859630399526,
      -0.08407805209214039,
      -0.0788258017028814
    ]
  },
  "69": {
    "fit_time": [
      2.419166088104248,
      2.2028958797454834,
      2.387760877609253,
      2.247521162033081,
      2.3872132301330566
    ],
    "score_time": [
      0.010522127151489258,
      0.015211105346679688,
      0.01306295394897461,
      0.013891935348510742,
      0.011272907257080078
    ],
    "test_r": [
      0.13832379003420134,
      0.2933689987726553,
      0.2501741450645765,
      0.3760369160243884,
      0.3459781504992961
    ],
    "test_r2": [
      -0.04735198559435938,
      0.08253682584123867,
      0.056461785608130644,
      0.13514823078288463,
      0.10580790606300883
    ],
    "test_rmse": [
      -0.1010919965757473,
      -0.11992047923421803,
      -0.10155461369736758,
      -0.08814766472942928,
      -0.10630951014069283
    ],
    "test_mae": [
      -0.0760336691661314,
      -0.08557419167640447,
      -0.07355489152298635,
      -0.06554842322222594,
      -0.07926720636056815
    ]
  },
  "420": {
    "fit_time": [
      2.3021671772003174,
      2.3186988830566406,
      2.150136947631836,
      1.824997901916504,
      2.0775279998779297
    ],
    "score_time": [
      0.011054039001464844,
      0.010505914688110352,
      0.011801958084106445,
      0.01621699333190918,
      0.013486146926879883
    ],
    "test_r": [
      0.3068160448277623,
      0.20312218819644962,
      0.1609251593713817,
      0.3398595928877532,
      0.2373330527206456
    ],
    "test_r2": [
      0.09243774662425153,
      0.035844758869709725,
      -0.01978232590586204,
      0.10845185866646156,
      0.028107231064738225
    ],
    "test_rmse": [
      -0.09745144144236503,
      -0.1269879605705292,
      -0.09555648680475619,
      -0.10743472308047729,
      -0.094055715773389
    ],
    "test_mae": [
      -0.07241437360808166,
      -0.08981832801598545,
      -0.06927506361095166,
      -0.07666016022650876,
      -0.0757056005470573
    ]
  },
  "1234567890": {
    "fit_time": [
      0.9100980758666992,
      2.2230749130249023,
      2.0216777324676514,
      2.1659679412841797,
      1.861250638961792
    ],
    "score_time": [
      1.3197088241577148,
      0.01111292839050293,
      0.013224363327026367,
      0.013194084167480469,
      0.013090133666992188
    ],
    "test_r": [
      0.2559590948470653,
      0.2765997414846153,
      0.3122147038801879,
      0.3584427491089489,
      0.14587569873209724
    ],
    "test_r2": [
      0.05291219134641767,
      0.06644872584820449,
      0.09673447151960757,
      0.11449689169743871,
      -0.008342516645629683
    ],
    "test_rmse": [
      -0.10980755137679601,
      -0.09809109161644766,
      -0.1000112179626936,
      -0.10851699774779183,
      -0.10405618031737005
    ],
    "test_mae": [
      -0.07776422656119168,
      -0.07231729362002806,
      -0.07504579585265332,
      -0.07759011998511411,
      -0.07904150665660185
    ]
  },
  "473129": {
    "fit_time": [
      2.496458053588867,
      2.648954153060913,
      2.424837112426758,
      2.5211641788482666,
      2.56361985206604
    ],
    "score_time": [
      0.01590585708618164,
      0.00917506217956543,
      0.018871784210205078,
      0.01401066780090332,
      0.011311054229736328
    ],
    "test_r": [
      0.26043531413976717,
      0.3749194615416245,
      0.33995424807364516,
      0.17615242163416986,
      0.26263961461138624
    ],
    "test_r2": [
      0.0580936774501466,
      0.10873235559776062,
      0.05599452202230237,
      0.011271674648996366,
      0.03802466819920014
    ],
    "test_rmse": [
      -0.1094350933876464,
      -0.10562164023135144,
      -0.10406458517746955,
      -0.11031156701428048,
      -0.0911989487002508
    ],
    "test_mae": [
      -0.08136694970548135,
      -0.0773982299616175,
      -0.07623589963296498,
      -0.07929125904965907,
      -0.06910071001538436
    ]
  },
  "r_avg": 0.2651239445521419,
  "r_stdev": 0.08573058420209878,
  "r_stderr": 0.032403115078719444,
  "r2_avg": 0.056064056690911815,
  "r2_stdev": 0.06076950472414389,
  "r2_stderr": 0.02296871382809279,
  "rmse_avg": -0.10414664580199957,
  "rmse_stdev": 0.008637491801708438,
  "rmse_stderr": 0.0032646650369542504,
  "mae_avg": -0.07648839802236934,
  "mae_stdev": 0.005483433824992706,
  "mae_stderr": 0.0020725431759443394
}