{
  "6": {
    "fit_time": [
      0.01725172996520996,
      0.021178245544433594
    ],
    "score_time": [
      0.015575170516967773,
      0.015514850616455078
    ],
    "test_r": [
      0.22533848526066708,
      0.3342019331303396
    ],
    "test_r2": [
      -0.0075895005182959885,
      0.08123990151401006
    ],
    "test_rmse": [
      -0.10735263463763929,
      -0.10442463051512955
    ],
    "test_mae": [
      -0.07769646057347672,
      -0.07716733870967743
    ],
    "best_params": {
      "check_inverse": true,
      "func": null,
      "inverse_func": null,
      "regressor__algorithm": "brute",
      "regressor__leaf_size": 83,
      "regressor__metric": "minkowski",
      "regressor__metric_params": null,
      "regressor__n_jobs": null,
      "regressor__n_neighbors": 16,
      "regressor__p": 2,
      "regressor__weights": "uniform",
      "transformer__memory": null,
      "transformer__verbose": false,
      "transformer__MinMax__clip": false,
      "transformer__MinMax__copy": true,
      "transformer__Standard__copy": true,
      "transformer__Standard__with_mean": true,
      "transformer__Standard__with_std": true
    }
  },
  "r_avg": 0.2797702091955033,
  "r_stdev": 0.05443172393483625,
  "r_stderr": 0.020573257852014123,
  "r2_avg": 0.036825200497857036,
  "r2_stdev": 0.044414701016153024,
  "r2_stderr": 0.016787179063432665,
  "rmse_avg": 0.10588863257638442,
  "rmse_stdev": 0.0014640020612548682,
  "rmse_stderr": 0.0005533407675666186,
  "mae_avg": 0.07743189964157707,
  "mae_stdev": 0.00026456093189964475,
  "mae_stderr": 9.999463320427927e-05
}