{
  "6": {
    "fit_time": [
      0.01925206184387207,
      0.021456003189086914,
      0.021336078643798828,
      0.022536039352416992,
      0.020161151885986328
    ],
    "score_time": [
      0.013375043869018555,
      0.011281967163085938,
      0.010600805282592773,
      0.01191401481628418,
      0.012085914611816406
    ],
    "test_r": [
      0.33054149639207886,
      0.3853431485526855,
      0.45024249800025024,
      0.4215374982315857,
      0.39442111347655945
    ],
    "test_r2": [
      0.10033744815287449,
      0.0432422058466313,
      0.15038974724370202,
      0.03509910694218421,
      0.13113033621168946
    ],
    "test_rmse": [
      -0.08880557024576492,
      -0.11849279454694718,
      -0.09631920642772934,
      -0.11195302982941796,
      -0.09518944026356385
    ],
    "test_mae": [
      -0.06670861666923031,
      -0.08512003332556775,
      -0.07290976854265627,
      -0.0860841277002967,
      -0.07218268940856576
    ]
  },
  "13": {
    "fit_time": [
      0.020560026168823242,
      0.021118879318237305,
      0.022958755493164062,
      0.02023911476135254,
      0.018033981323242188
    ],
    "score_time": [
      0.013175010681152344,
      0.013375997543334961,
      0.014294147491455078,
      0.01402902603149414,
      0.013798236846923828
    ],
    "test_r": [
      0.47751382592159997,
      0.34831773195817384,
      0.2772867938976977,
      0.33685820737191347,
      0.2823638158949666
    ],
    "test_r2": [
      0.14097810778974318,
      0.05015114587806413,
      0.06369267108333132,
      0.06878810075037778,
      -0.02799442045022804
    ],
    "test_rmse": [
      -0.1014611918473658,
      -0.11469030804661125,
      -0.10882664686319793,
      -0.10089038809668273,
      -0.09484051913968146
    ],
    "test_mae": [
      -0.08012381356238515,
      -0.08921378653971336,
      -0.07831611310254957,
      -0.07578014031626001,
      -0.06850469207703169
    ]
  },
  "42": {
    "fit_time": [
      0.024907827377319336,
      0.025274038314819336,
      0.023534059524536133,
      0.025466203689575195,
      0.022589921951293945
    ],
    "score_time": [
      0.01786494255065918,
      0.01628589630126953,
      0.014917135238647461,
      0.016631126403808594,
      0.017169952392578125
    ],
    "test_r": [
      0.3430585428647764,
      0.44746564315023285,
      0.3455999369162601,
      0.40509218729348473,
      0.37421494627562013
    ],
    "test_r2": [
      0.08293302778050116,
      0.18478979658651384,
      0.08049433923613236,
      -0.017001637254241864,
      0.10356239272009626
    ],
    "test_rmse": [
      -0.1010592349758056,
      -0.09081024054780014,
      -0.09962552330163249,
      -0.11254563987503993,
      -0.10952969953155914
    ],
    "test_mae": [
      -0.07227629163472725,
      -0.06908263790894033,
      -0.07736099053408767,
      -0.08417555198522446,
      -0.07892937175467418
    ]
  },
  "69": {
    "fit_time": [
      0.02365708351135254,
      0.02530837059020996,
      0.026432037353515625,
      0.02550196647644043,
      0.02147817611694336
    ],
    "score_time": [
      0.01737689971923828,
      0.017313003540039062,
      0.019067049026489258,
      0.01778888702392578,
      0.017532825469970703
    ],
    "test_r": [
      0.45768382004907787,
      0.47177947729904784,
      0.41575261667353497,
      0.40625091584864015,
      0.23747753662185403
    ],
    "test_r2": [
      0.1882574566514189,
      0.15344955559277162,
      0.12282052206937821,
      0.08125316226848711,
      -0.04163482466252666
    ],
    "test_rmse": [
      -0.08899786692694135,
      -0.11519283208645277,
      -0.09791836262002625,
      -0.0908527130350071,
      -0.1147398954144679
    ],
    "test_mae": [
      -0.06416876814259895,
      -0.08189074885624792,
      -0.07345038968306786,
      -0.07380062817526811,
      -0.08813422328261378
    ]
  },
  "420": {
    "fit_time": [
      0.022871017456054688,
      0.022500991821289062,
      0.02130293846130371,
      0.02237415313720703,
      0.02234196662902832
    ],
    "score_time": [
      0.015352249145507812,
      0.016125917434692383,
      0.015792131423950195,
      0.014731884002685547,
      0.015321016311645508
    ],
    "test_r": [
      0.27449097332651046,
      0.4269314997296051,
      0.23504335130488357,
      0.31552987455878967,
      0.4587451543693439
    ],
    "test_r2": [
      0.002556986086113433,
      0.05330076746049628,
      0.006847391608118425,
      0.01925614423330424,
      0.1377609119787533
    ],
    "test_rmse": [
      -0.10216310914059322,
      -0.12583315269194964,
      -0.09430059383725733,
      -0.11268083777596248,
      -0.08859105443322655
    ],
    "test_mae": [
      -0.07733477364145837,
      -0.09187859942357211,
      -0.07014666675367041,
      -0.08283624957371535,
      -0.0685128009630745
    ]
  },
  "1234567890": {
    "fit_time": [
      0.026411056518554688,
      0.02564406394958496,
      0.025671958923339844,
      0.024570226669311523,
      0.02491903305053711
    ],
    "score_time": [
      0.014924049377441406,
      0.013674020767211914,
      0.012861251831054688,
      0.012695789337158203,
      0.013575077056884766
    ],
    "test_r": [
      0.43376360033219297,
      0.5168898980237496,
      0.3655936793364363,
      0.44743149964668943,
      0.23209528897775344
    ],
    "test_r2": [
      0.1620747464474619,
      0.12183896096319546,
      0.13348080379183347,
      0.12014048481846773,
      -0.06833303042568195
    ],
    "test_rmse": [
      -0.1032855874234852,
      -0.09513658590462093,
      -0.09795578562882928,
      -0.10817063831984203,
      -0.10710683054007886
    ],
    "test_mae": [
      -0.07489029321844476,
      -0.07076075276037588,
      -0.07294837345132175,
      -0.0808613479201145,
      -0.08388409704921816
    ]
  },
  "473129": {
    "fit_time": [
      0.024824142456054688,
      0.024450063705444336,
      0.02484893798828125,
      0.025381803512573242,
      0.021726131439208984
    ],
    "score_time": [
      0.01341390609741211,
      0.01402902603149414,
      0.014369010925292969,
      0.01366114616394043,
      0.014806747436523438
    ],
    "test_r": [
      0.480935895534946,
      0.451955861251874,
      0.5155818981660408,
      0.34904548037536226,
      0.18884894278117498
    ],
    "test_r2": [
      0.14672282806181325,
      0.1987341835133304,
      0.06669341151054764,
      0.018606703031601612,
      -0.03900979053864306
    ],
    "test_rmse": [
      -0.1041592442877737,
      -0.10014681568647056,
      -0.10347319660089822,
      -0.10990162389582034,
      -0.09478021384792128
    ],
    "test_mae": [
      -0.07952222702162658,
      -0.0743136912199996,
      -0.07939145887136305,
      -0.07956746423467476,
      -0.07038680284815313
    ]
  },
  "r_avg": 0.38004813286872546,
  "r_stdev": 0.08460138975847291,
  "r_stderr": 0.031976319695909444,
  "r2_avg": 0.0792974212279318,
  "r2_stdev": 0.07038732842844932,
  "r2_stderr": 0.026603909495986244,
  "rmse_avg": -0.1028693249610407,
  "rmse_stdev": 0.009225863202547709,
  "rmse_stderr": 0.003487048523406166,
  "mae_avg": -0.07701282806149971,
  "mae_stdev": 0.006698820584112088,
  "mae_stderr": 0.002531916191857289
}