{
  "6": {
    "fit_time": [
      0.016224384307861328,
      0.016985177993774414,
      0.016394853591918945,
      0.016236543655395508,
      0.013295888900756836
    ],
    "score_time": [
      0.00823664665222168,
      0.007972955703735352,
      0.007946491241455078,
      0.00801539421081543,
      0.007107734680175781
    ],
    "test_r": [
      0.5511381319741979,
      0.38724541711875143,
      0.710728898759039,
      0.5706485619379067,
      0.5697607345404251
    ],
    "test_r2": [
      0.29772791411612176,
      0.12371010546941708,
      0.46755219465280407,
      0.29958446275301176,
      0.3084645412405337
    ],
    "test_rmse": [
      -0.07846086445834478,
      -0.11340046602407484,
      -0.07625029778507013,
      -0.09538330864004321,
      -0.08492170064009356
    ],
    "test_mae": [
      -0.05315836554739333,
      -0.07867423134687825,
      -0.05566424621194631,
      -0.0670248303369364,
      -0.06022858732071869
    ]
  },
  "13": {
    "fit_time": [
      0.0481109619140625,
      0.051052093505859375,
      0.04871201515197754,
      0.048767805099487305,
      0.04348301887512207
    ],
    "score_time": [
      0.025130510330200195,
      0.024683475494384766,
      0.024953126907348633,
      0.025222301483154297,
      0.013909578323364258
    ],
    "test_r": [
      0.645756697820653,
      0.5363636719892093,
      0.5574900423371909,
      0.5603606020667539,
      0.40198951543155487
    ],
    "test_r2": [
      0.375491358147252,
      0.2548023272009634,
      0.29306793182267,
      0.30878187064984075,
      0.13037666428427108
    ],
    "test_rmse": [
      -0.08651015095327472,
      -0.10158631636972602,
      -0.09456161438081838,
      -0.08692267727123149,
      -0.08722965130717744
    ],
    "test_mae": [
      -0.06376407106048357,
      -0.07295786012160765,
      -0.06412071346955715,
      -0.059871117329479154,
      -0.05777221362565048
    ]
  },
  "42": {
    "fit_time": [
      0.06711864471435547,
      0.06726622581481934,
      0.07999968528747559,
      0.06897568702697754,
      0.03213930130004883
    ],
    "score_time": [
      0.03493046760559082,
      0.033446550369262695,
      0.02852034568786621,
      0.02855396270751953,
      0.011151313781738281
    ],
    "test_r": [
      0.5411114008074411,
      0.6370050091414852,
      0.5476178667317643,
      0.44776267243449813,
      0.4817785103825422
    ],
    "test_r2": [
      0.27737892227635597,
      0.4043255000888277,
      0.29811391710537394,
      0.16058386323842955,
      0.21443881364990458
    ],
    "test_rmse": [
      -0.08970792110535439,
      -0.07762552083515911,
      -0.08704157233998416,
      -0.10224839639538366,
      -0.10253257658612427
    ],
    "test_mae": [
      -0.060214370930980664,
      -0.05375316698711731,
      -0.061281925563730445,
      -0.07473680584929218,
      -0.07001204834240009
    ]
  },
  "69": {
    "fit_time": [
      0.06732463836669922,
      0.06711792945861816,
      0.08009934425354004,
      0.07661819458007812,
      0.03336668014526367
    ],
    "score_time": [
      0.03444671630859375,
      0.0342564582824707,
      0.029408931732177734,
      0.026826858520507812,
      0.011115074157714844
    ],
    "test_r": [
      0.568524332354418,
      0.6276569154802973,
      0.5330492890164188,
      0.5848636138529202,
      0.4511335122407917
    ],
    "test_r2": [
      0.3232086639035323,
      0.3596451933742578,
      0.25381938353550015,
      0.3229963949683785,
      0.1803494450016101
    ],
    "test_rmse": [
      -0.08126393329999324,
      -0.10018653848131291,
      -0.09031125822252835,
      -0.07798937908552375,
      -0.10178202164070735
    ],
    "test_mae": [
      -0.05814145590750732,
      -0.06633421771917762,
      -0.06362379409831902,
      -0.057716265892006915,
      -0.07170836925570376
    ]
  },
  "420": {
    "fit_time": [
      0.0685567855834961,
      0.06711435317993164,
      0.06761956214904785,
      0.06982994079589844,
      0.030251026153564453
    ],
    "score_time": [
      0.03746771812438965,
      0.034789323806762695,
      0.034197092056274414,
      0.03327512741088867,
      0.01074528694152832
    ],
    "test_r": [
      0.48880593611733547,
      0.5855615268209506,
      0.5990400198693044,
      0.5669809977443825,
      0.4584603495762062
    ],
    "test_r2": [
      0.2386528439765322,
      0.28166341716732113,
      0.34464720934903403,
      0.3049966448106357,
      0.1916461482154903
    ],
    "test_rmse": [
      -0.08925682203455614,
      -0.10961072680014577,
      -0.0766026881818633,
      -0.09485619941490722,
      -0.08577816933936375
    ],
    "test_mae": [
      -0.06303196320773954,
      -0.07444919854201108,
      -0.054186621405117465,
      -0.06595961495728017,
      -0.0648324678050618
    ]
  },
  "1234567890": {
    "fit_time": [
      0.06736612319946289,
      0.06784319877624512,
      0.06744718551635742,
      0.06860637664794922,
      0.02845168113708496
    ],
    "score_time": [
      0.030996322631835938,
      0.029690265655517578,
      0.02691483497619629,
      0.02677154541015625,
      0.010673046112060547
    ],
    "test_r": [
      0.5151730721654488,
      0.5836112961738844,
      0.6024784777385304,
      0.5662016166799073,
      0.37026733222755254
    ],
    "test_r2": [
      0.2573303907818666,
      0.33890218116120496,
      0.34859714889461646,
      0.2846039202817219,
      0.13246937847796258
    ],
    "test_rmse": [
      -0.09723775208163526,
      -0.08254548845744228,
      -0.08493091941973001,
      -0.09753848438264141,
      -0.09651754052760242
    ],
    "test_mae": [
      -0.06819788577689792,
      -0.05796836816537197,
      -0.062452385800324306,
      -0.0658996551275343,
      -0.06997925533497382
    ]
  },
  "473129": {
    "fit_time": [
      0.07217526435852051,
      0.06897187232971191,
      0.07792782783508301,
      0.07315373420715332,
      0.02966785430908203
    ],
    "score_time": [
      0.03485846519470215,
      0.03519296646118164,
      0.03183102607727051,
      0.028679847717285156,
      0.010654211044311523
    ],
    "test_r": [
      0.6513598018316582,
      0.571189835081694,
      0.5107919936640303,
      0.4699124614028839,
      0.4796027003170061
    ],
    "test_r2": [
      0.39949207931204134,
      0.31266765981386235,
      0.21244491829747092,
      0.21516227933447152,
      0.22407340889139016
    ],
    "test_rmse": [
      -0.08738001740177288,
      -0.09275391007590487,
      -0.09505088595395049,
      -0.09828166375308141,
      -0.08190646488397639
    ],
    "test_mae": [
      -0.0640151425741177,
      -0.06268302233798896,
      -0.06737742188754905,
      -0.06577158866507984,
      -0.05984764765738699
    ]
  },
  "r_avg": 0.5408977946808295,
  "r_stdev": 0.07548970382306938,
  "r_stderr": 0.028532426123109064,
  "r2_avg": 0.2783362598927051,
  "r2_stdev": 0.07950158527918995,
  "r2_stderr": 0.030048774783447165,
  "rmse_avg": 0.09103325424372855,
  "rmse_stdev": 0.009284253256348355,
  "rmse_stderr": 0.0035091178893199076,
  "mae_avg": 0.06392602560460918,
  "mae_stdev": 0.006138596399908621,
  "mae_stderr": 0.002320171353307801
}