{
  "6": {
    "fit_time": [
      0.024791717529296875,
      0.022002220153808594,
      0.0263521671295166,
      0.027042865753173828,
      0.023684024810791016
    ],
    "score_time": [
      0.008779048919677734,
      0.012015819549560547,
      0.012353897094726562,
      0.011254072189331055,
      0.015337944030761719
    ],
    "test_r": [
      NaN,
      NaN,
      NaN,
      NaN,
      NaN
    ],
    "test_r2": [
      -0.03366458916967008,
      -0.0004695444810118854,
      -0.010495334240937515,
      -0.0006199920993419372,
      -0.04342010977612998
    ],
    "test_rmse": [
      -0.09518975410050332,
      -0.12116937673002556,
      -0.10504374088921244,
      -0.1140063614472914,
      -0.10431362966234727
    ],
    "test_mae": [
      -0.06933928571428571,
      -0.08496428571428571,
      -0.07936607142857144,
      -0.08065765765765767,
      -0.07731531531531531
    ]
  },
  "13": {
    "fit_time": [
      0.025246858596801758,
      0.02496194839477539,
      0.024020910263061523,
      0.025075912475585938,
      0.02416515350341797
    ],
    "score_time": [
      0.012480974197387695,
      0.00958108901977539,
      0.008451223373413086,
      0.008813858032226562,
      0.009080648422241211
    ],
    "test_r": [
      NaN,
      NaN,
      NaN,
      NaN,
      NaN
    ],
    "test_r2": [
      -0.010729406743434478,
      -0.00023956609523567707,
      -0.006492978517075754,
      -0.016396101299725352,
      -0.007530200444821222
    ],
    "test_rmse": [
      -0.1100563978798403,
      -0.11769323017307082,
      -0.11283177269090224,
      -0.10540398474441089,
      -0.09389178167798642
    ],
    "test_mae": [
      -0.078125,
      -0.09121428571428572,
      -0.07883035714285713,
      -0.07718918918918921,
      -0.06615315315315316
    ]
  },
  "42": {
    "fit_time": [
      0.025484800338745117,
      0.020437955856323242,
      0.021816730499267578,
      0.02177596092224121,
      0.021485090255737305
    ],
    "score_time": [
      0.011055231094360352,
      0.012009859085083008,
      0.012604236602783203,
      0.013178110122680664,
      0.011916875839233398
    ],
    "test_r": [
      NaN,
      NaN,
      NaN,
      NaN,
      NaN
    ],
    "test_r2": [
      -0.0034278766349244982,
      -0.04018017134813445,
      -0.02933538065964547,
      -0.0013313591113122136,
      -0.0008989422168612649
    ],
    "test_rmse": [
      -0.10571060563092591,
      -0.10257801908791181,
      -0.10540758477724187,
      -0.1116752047293908,
      -0.11573560268875663
    ],
    "test_mae": [
      -0.07578571428571428,
      -0.07671428571428573,
      -0.07825892857142858,
      -0.08243243243243244,
      -0.07847747747747749
    ]
  },
  "69": {
    "fit_time": [
      0.03704500198364258,
      0.03449702262878418,
      0.02995896339416504,
      0.03041696548461914,
      0.03256702423095703
    ],
    "score_time": [
      0.011366844177246094,
      0.011831045150756836,
      0.011968851089477539,
      0.012282848358154297,
      0.011217832565307617
    ],
    "test_r": [
      NaN,
      NaN,
      NaN,
      NaN,
      NaN
    ],
    "test_r2": [
      -0.005709993606470176,
      -0.008888506521325779,
      -0.00016629455394556736,
      -0.05031507266704871,
      -0.00052159131837759
    ],
    "test_rmse": [
      -0.099061939498189,
      -0.12575365657847545,
      -0.10455769938172894,
      -0.09714037395569493,
      -0.11245271278458607
    ],
    "test_mae": [
      -0.07462500000000001,
      -0.090375,
      -0.07691964285714285,
      -0.06875675675675676,
      -0.08121621621621619
    ]
  },
  "420": {
    "fit_time": [
      0.02907395362854004,
      0.0311582088470459,
      0.03131389617919922,
      0.03171491622924805,
      0.03505682945251465
    ],
    "score_time": [
      0.013000965118408203,
      0.013533830642700195,
      0.012497186660766602,
      0.012855052947998047,
      0.014342784881591797
    ],
    "test_r": [
      NaN,
      NaN,
      NaN,
      NaN,
      NaN
    ],
    "test_r2": [
      -0.013671847544917792,
      -8.179531239993487e-05,
      -0.01851320489620334,
      -0.004298037273278599,
      -0.006083620327792527
    ],
    "test_rmse": [
      -0.10299087490936298,
      -0.1293322479397264,
      -0.09549700818051095,
      -0.1140259177113252,
      -0.095695839479539
    ],
    "test_mae": [
      -0.07685846283814245,
      -0.09163392857142857,
      -0.06846428571428573,
      -0.07899099099099098,
      -0.07603603603603605
    ]
  },
  "1234567890": {
    "fit_time": [
      0.03526782989501953,
      0.034705162048339844,
      0.037780046463012695,
      0.03931593894958496,
      0.03122687339782715
    ],
    "score_time": [
      0.014634132385253906,
      0.012513160705566406,
      0.015207767486572266,
      0.013444900512695312,
      0.013063907623291016
    ],
    "test_r": [
      NaN,
      NaN,
      NaN,
      NaN,
      NaN
    ],
    "test_r2": [
      -0.014051199926503166,
      -0.0054966507664357955,
      -0.020854561862876375,
      -7.655695261132855e-05,
      -0.001972987640060486
    ],
    "test_rmse": [
      -0.11362320248460324,
      -0.10180070691587279,
      -0.10632195042820249,
      -0.11532390733756641,
      -0.10372700702158781
    ],
    "test_mae": [
      -0.07901785714285715,
      -0.07311607142857143,
      -0.07998214285714286,
      -0.08241441441441441,
      -0.0774159920497522
    ]
  },
  "473129": {
    "fit_time": [
      0.02734518051147461,
      0.031239748001098633,
      0.034239768981933594,
      0.03031015396118164,
      0.0318598747253418
    ],
    "score_time": [
      0.014275789260864258,
      0.013155221939086914,
      0.011600971221923828,
      0.013342857360839844,
      0.013164997100830078
    ],
    "test_r": [
      NaN,
      NaN,
      NaN,
      NaN,
      NaN
    ],
    "test_r2": [
      -0.013603915783751752,
      -0.03212815483850351,
      -0.021869546904229376,
      -0.006502605509390635,
      -0.0208406303544868
    ],
    "test_rmse": [
      -0.1135237939187829,
      -0.1136620931910522,
      -0.10827131924673576,
      -0.11129868101822411,
      -0.0939478482893472
    ],
    "test_mae": [
      -0.08420535714285714,
      -0.08258928571428573,
      -0.07839285714285714,
      -0.07736036036036037,
      -0.07007207207207207
    ]
  },
  "r_avg": NaN,
  "r_stdev": NaN,
  "r_stderr": NaN,
  "r2_avg": -0.012882237925682029,
  "r2_stdev": 0.013480739909108627,
  "r2_stderr": 0.0050952407555207,
  "rmse_avg": -0.10796330934802661,
  "rmse_stdev": 0.008656199965536446,
  "rmse_stderr": 0.0032717360582364733,
  "mae_avg": -0.07837903342334598,
  "mae_stdev": 0.005823032579989171,
  "mae_stderr": 0.0022008994404111677
}