{
  "6": {
    "fit_time": [
      0.31464600563049316,
      0.8035788536071777,
      0.7099330425262451,
      0.9364330768585205,
      0.8085432052612305
    ],
    "score_time": [
      1.4005179405212402,
      0.013247013092041016,
      0.014461040496826172,
      0.007963895797729492,
      0.010334014892578125
    ],
    "test_r": [
      0.2235221839658305,
      0.09123975625143857,
      0.18703374699568387,
      0.2437407211496617,
      0.15849443201440727
    ],
    "test_r2": [
      -2.169355131016943,
      -2.7055989743938507,
      -0.9515285681952279,
      -1.60686483504265,
      -1.5240414951916978
    ],
    "test_rmse": [
      -0.16668090055702728,
      -0.23319548970880172,
      -0.1459790322014853,
      -0.1840152238223959,
      -0.1622406587910352
    ],
    "test_mae": [
      -0.13114899033516042,
      -0.1851548807145124,
      -0.11454500691217818,
      -0.14119888644060963,
      -0.12919919213390346
    ]
  },
  "13": {
    "fit_time": [
      0.8348250389099121,
      0.5001640319824219,
      0.658966064453125,
      0.7378239631652832,
      0.6098520755767822
    ],
    "score_time": [
      0.008323907852172852,
      1.4737319946289062,
      0.009697914123535156,
      0.008314132690429688,
      0.009202003479003906
    ],
    "test_r": [
      0.21745357622552752,
      0.023020059990250308,
      0.17811533444070105,
      0.29704046401324474,
      0.18986419385541622
    ],
    "test_r2": [
      -2.755809101292428,
      -1.4486628423646075,
      -1.1283413456746443,
      -1.66531286214259,
      -1.5266628714623507
    ],
    "test_rmse": [
      -0.21215320576562416,
      -0.18414670960816623,
      -0.16407661115462102,
      -0.17068668026725545,
      -0.1486867241073375
    ],
    "test_mae": [
      -0.1696940709573411,
      -0.14290836041921204,
      -0.12852010698112462,
      -0.13530595151714023,
      -0.11196431816527389
    ]
  },
  "42": {
    "fit_time": [
      0.5171878337860107,
      0.6923608779907227,
      0.6735649108886719,
      0.8364019393920898,
      0.7890088558197021
    ],
    "score_time": [
      0.010818004608154297,
      0.011406183242797852,
      0.01098012924194336,
      0.007813215255737305,
      0.009350061416625977
    ],
    "test_r": [
      0.0839536889223021,
      0.29826522654074245,
      0.1082619139710835,
      0.12718853274936254,
      0.08038275017716097
    ],
    "test_r2": [
      -2.9508045820120588,
      -0.828685667260709,
      -2.0764995595881834,
      -4.058981389018857,
      -2.8784108306725993
    ],
    "test_rmse": [
      -0.20975786515813286,
      -0.13600959681480548,
      -0.18223082470895027,
      -0.25101483524229656,
      -0.22782363028143657
    ],
    "test_mae": [
      -0.16475330477963343,
      -0.10146261978892553,
      -0.14556476124438883,
      -0.20700330017197247,
      -0.17760069328584682
    ]
  },
  "69": {
    "fit_time": [
      0.7774572372436523,
      0.8500990867614746,
      0.7319028377532959,
      0.5839600563049316,
      0.7580339908599854
    ],
    "score_time": [
      0.00855398178100586,
      0.008516788482666016,
      0.012705087661743164,
      0.010952949523925781,
      0.010584831237792969
    ],
    "test_r": [
      0.25597390609430765,
      0.12969984439802318,
      0.13324502061679253,
      0.128616374153332,
      0.12378188978935625
    ],
    "test_r2": [
      -2.1520115099247996,
      -2.363424205915221,
      -1.6297195281942547,
      -3.6624623895908197,
      -1.0260871705016683
    ],
    "test_rmse": [
      -0.17537365008868308,
      -0.22960950244546213,
      -0.1695409557491974,
      -0.20466691474061463,
      -0.16002423783281639
    ],
    "test_mae": [
      -0.1380506861285671,
      -0.18633169991845552,
      -0.12863979772545198,
      -0.1605114408946333,
      -0.1239004982193673
    ]
  },
  "420": {
    "fit_time": [
      0.8392167091369629,
      0.7288339138031006,
      0.6602959632873535,
      0.821803092956543,
      0.7149410247802734
    ],
    "score_time": [
      0.008861064910888672,
      0.010613203048706055,
      0.01183629035949707,
      0.01027989387512207,
      0.012849092483520508
    ],
    "test_r": [
      -0.044994939540226236,
      0.28916381240472055,
      0.17815387034800403,
      0.16092748898741355,
      0.26437886106201525
    ],
    "test_r2": [
      -3.500668945485736,
      -1.1972517401094067,
      -0.9922819830786622,
      -1.9947776078389374,
      -1.6222592130675682
    ],
    "test_rmse": [
      -0.21701441845182684,
      -0.19170302847590687,
      -0.13356166905674857,
      -0.19690400870327307,
      -0.15449478606670736
    ],
    "test_mae": [
      -0.1772623683005139,
      -0.1551681792731569,
      -0.09804253218224775,
      -0.15468537546994274,
      -0.12037457796928999
    ]
  },
  "1234567890": {
    "fit_time": [
      0.49991822242736816,
      0.6738879680633545,
      0.7395949363708496,
      0.5934739112854004,
      0.6474671363830566
    ],
    "score_time": [
      0.014944076538085938,
      1.4032340049743652,
      0.008057117462158203,
      0.011307001113891602,
      0.009447813034057617
    ],
    "test_r": [
      0.20607047220438335,
      0.11842608289762059,
      0.10966077287899914,
      0.19354059879226695,
      0.2226278765045541
    ],
    "test_r2": [
      -1.1159820706473487,
      -2.4468494610020164,
      -1.3339204967444398,
      -1.840011266155468,
      -2.7383951647406204
    ],
    "test_rmse": [
      -0.16413192982193905,
      -0.18848276223111954,
      -0.1607622319264664,
      -0.1943402497078104,
      -0.20035788712738595
    ],
    "test_mae": [
      -0.12795120033445803,
      -0.14668643187933952,
      -0.12622417929872756,
      -0.15327121697571178,
      -0.16041840842385613
    ]
  },
  "473129": {
    "fit_time": [
      0.5518908500671387,
      0.5876138210296631,
      0.7052888870239258,
      0.707740068435669,
      0.5557212829589844
    ],
    "score_time": [
      0.00665283203125,
      0.007191896438598633,
      0.00886392593383789,
      0.006352901458740234,
      0.006671905517578125
    ],
    "test_r": [
      0.4322947701643777,
      0.04166195814369359,
      0.13932058696983726,
      0.12399601540943839,
      0.09553671910347429
    ],
    "test_r2": [
      -0.49715815055182544,
      -3.0195869336024144,
      -2.7987536860549973,
      -2.4499082911291605,
      -1.6591957170212077
    ],
    "test_rmse": [
      -0.13797061377130235,
      -0.22430530755812422,
      -0.20875470250806655,
      -0.206056510572449,
      -0.15162926003965302
    ],
    "test_mae": [
      -0.10783350087898984,
      -0.17861554217244627,
      -0.1651985952091242,
      -0.16273572401999603,
      -0.11956591287627129
    ]
  },
  "r_avg": 0.16599024464700562,
  "r_stdev": 0.08957726383724761,
  "r_stderr": 0.033857023319853796,
  "r2_avg": -2.0090361596195994,
  "r2_stdev": 0.8548606013017233,
  "r2_stderr": 0.3231069366673569,
  "rmse_avg": -0.18423950328756922,
  "rmse_stdev": 0.030212564203406768,
  "rmse_stderr": 0.011419275907398082,
  "mae_avg": -0.145071208914222,
  "mae_stdev": 0.02610556416129717,
  "mae_stderr": 0.009866975800833254
}