{
  "6": {
    "fit_time": [
      0.542780876159668,
      0.6894700527191162
    ],
    "score_time": [
      1.491011142730713,
      1.8822557926177979
    ],
    "test_r": [
      0.4076591788250187,
      0.51297572663426
    ],
    "test_r2": [
      0.1338041057908187,
      0.2589237744356859
    ],
    "test_rmse": [
      -0.09953571742447775,
      -0.09378498751098152
    ],
    "test_mae": [
      -0.06851183704557093,
      -0.06920888715366673
    ]
  },
  "r_avg": 0.46031745272963936,
  "r_stdev": 0.05265827390462069,
  "r_stderr": 0.0199029567459355,
  "r2_avg": 0.1963639401132523,
  "r2_stdev": 0.06255983432243362,
  "r2_stderr": 0.023645394811223186,
  "rmse_avg": 0.09666035246772964,
  "rmse_stdev": 0.0028753649567481165,
  "rmse_stderr": 0.0010867858005865012,
  "mae_avg": 0.06886036209961882,
  "mae_stdev": 0.0003485250540479004,
  "mae_stderr": 0.0001317300883837271
}