{
  "6": {
    "fit_time": [
      0.026385068893432617,
      0.0268857479095459
    ],
    "score_time": [
      0.03219294548034668,
      0.03211021423339844
    ],
    "test_r": [
      0.45771032914598603,
      0.5342166513687144
    ],
    "test_r2": [
      0.20308426980493566,
      0.23800098899686506
    ],
    "test_rmse": [
      -0.0954722351859347,
      -0.09509968716265785
    ],
    "test_mae": [
      -0.06521098720068358,
      -0.06854690157531058
    ]
  },
  "r_avg": 0.4959634902573502,
  "r_stdev": 0.0382531611113642,
  "r_stderr": 0.014458335880393835,
  "r2_avg": 0.22054262940090036,
  "r2_stdev": 0.0174583595959647,
  "r2_stderr": 0.006598639684294383,
  "rmse_avg": 0.09528596117429627,
  "rmse_stdev": 0.0001862740116384265,
  "rmse_stderr": 7.040495864423253e-05,
  "mae_avg": 0.06687894438799707,
  "mae_stdev": 0.0016679571873135027,
  "mae_stderr": 0.0006304285593049009
}