{
  "6": {
    "fit_time": [
      0.07167506217956543,
      0.07338690757751465,
      1.306467056274414,
      0.0718231201171875,
      0.07569622993469238
    ],
    "score_time": [
      0.04257988929748535,
      0.041361093521118164,
      0.019670963287353516,
      0.04090404510498047,
      0.040895938873291016
    ],
    "test_r": [
      0.4066574531211415,
      0.3615787608448552,
      0.6066398905284975,
      0.5589756689781683,
      0.561072566833697
    ],
    "test_r2": [
      0.14998455595096805,
      0.12238374838402477,
      0.2985395059832505,
      0.2573172381444453,
      0.2613429301981548
    ],
    "test_rmse": [
      -0.08632046950924628,
      -0.11348625535042002,
      -0.0875194604947783,
      -0.09821914952295431,
      -0.08776732972461619
    ],
    "test_mae": [
      -0.05799363921726526,
      -0.07675230661656264,
      -0.06308059246911336,
      -0.0691042655892625,
      -0.06016624435986734
    ]
  },
  "13": {
    "fit_time": [
      0.07122611999511719,
      0.07010483741760254,
      0.06824707984924316,
      1.2758526802062988,
      1.2746849060058594
    ],
    "score_time": [
      0.030972003936767578,
      0.031085968017578125,
      0.030265092849731445,
      0.01697707176208496,
      0.017198801040649414
    ],
    "test_r": [
      0.5691079230918127,
      0.4824485952970094,
      0.5144257566932546,
      0.4810907582393892,
      0.4167527232683273
    ],
    "test_r2": [
      0.26304566913954364,
      0.209228074202793,
      0.23004875898229626,
      0.22127774214388207,
      0.16820704857782465
    ],
    "test_rmse": [
      -0.09397625437836951,
      -0.10464659188824488,
      -0.09868647764851284,
      -0.0922607176128467,
      -0.08531122178370705
    ],
    "test_mae": [
      -0.0656350490731381,
      -0.07610680829338944,
      -0.06685775765262549,
      -0.06352062203577659,
      -0.056088416606662896
    ]
  },
  "42": {
    "fit_time": [
      0.058157920837402344,
      0.05592513084411621,
      0.05652308464050293,
      0.056314945220947266,
      0.056672096252441406
    ],
    "score_time": [
      0.02322983741760254,
      0.023515939712524414,
      0.022845029830932617,
      0.023637056350708008,
      0.023228168487548828
    ],
    "test_r": [
      0.5017746386658094,
      0.581280413744049,
      0.5091113016337323,
      0.4105956690872552,
      0.44336351138602215
    ],
    "test_r2": [
      0.22629162756455223,
      0.3200484182672221,
      0.22813523975473105,
      0.1352183246215285,
      0.17353359684657077
    ],
    "test_rmse": [
      -0.09282482264410176,
      -0.08293522302591681,
      -0.09127755928700845,
      -0.1037817734680976,
      -0.1051682056710092
    ],
    "test_mae": [
      -0.062100706548842664,
      -0.057124517967339146,
      -0.06491160834300089,
      -0.07396208220964734,
      -0.06897837677740705
    ]
  },
  "69": {
    "fit_time": [
      0.08576703071594238,
      0.08465695381164551,
      0.08599281311035156,
      0.08451724052429199,
      0.08687996864318848
    ],
    "score_time": [
      0.033348798751831055,
      0.033544063568115234,
      0.033464908599853516,
      0.03347206115722656,
      0.033895015716552734
    ],
    "test_r": [
      0.4544414705116523,
      0.5289148619212308,
      0.52029101609704,
      0.5405626644829001,
      0.43559732751552527
    ],
    "test_r2": [
      0.19680850786957194,
      0.24651374683823213,
      0.2401357739879013,
      0.22785701011072468,
      0.16635770952050355
    ],
    "test_rmse": [
      -0.08852786560230264,
      -0.10867676480628434,
      -0.09113556926354846,
      -0.08328922835633694,
      -0.10264707378576207
    ],
    "test_mae": [
      -0.062379026063294755,
      -0.07144613666180107,
      -0.06395355637192293,
      -0.05703403060877943,
      -0.07253624626769437
    ]
  },
  "420": {
    "fit_time": [
      0.09175705909729004,
      0.09431028366088867,
      0.09348607063293457,
      0.09230208396911621,
      0.10301899909973145
    ],
    "score_time": [
      0.031156063079833984,
      0.032646894454956055,
      0.03316998481750488,
      0.030520915985107422,
      0.030614852905273438
    ],
    "test_r": [
      0.46138472935732194,
      0.5157139220190599,
      0.4591723920521881,
      0.5596142367034272,
      0.489117526318332
    ],
    "test_r2": [
      0.20382317668373184,
      0.21476878160139712,
      0.19394779250226568,
      0.23835902079659488,
      0.23517947112121484
    ],
    "test_rmse": [
      -0.0912756260709041,
      -0.11460085136856508,
      -0.08495481914648101,
      -0.09929958206603406,
      -0.08343644382724776
    ],
    "test_mae": [
      -0.06365292862513999,
      -0.07488376205568296,
      -0.058045043654077,
      -0.06751214814817394,
      -0.06321719893645872
    ]
  },
  "1234567890": {
    "fit_time": [
      0.08901691436767578,
      0.0903770923614502,
      0.09135890007019043,
      0.09144806861877441,
      0.09141397476196289
    ],
    "score_time": [
      0.034330129623413086,
      0.03245997428894043,
      0.033661842346191406,
      0.03259682655334473,
      0.030990123748779297
    ],
    "test_r": [
      0.5016460764299124,
      0.5785710928535579,
      0.5189635665184192,
      0.530223736231275,
      0.3343411682185274
    ],
    "test_r2": [
      0.21565608280283177,
      0.30867896074934065,
      0.2436924249074398,
      0.23488162525438006,
      0.10650114581013737
    ],
    "test_rmse": [
      -0.09992872598653009,
      -0.08441125683386645,
      -0.09151456572749635,
      -0.10087116598691645,
      -0.09795144338011087
    ],
    "test_mae": [
      -0.06762188778926159,
      -0.05859923824072731,
      -0.06462865084294685,
      -0.06865299001031759,
      -0.06919172513821355
    ]
  },
  "473129": {
    "fit_time": [
      0.09013485908508301,
      0.0997159481048584,
      0.09874701499938965,
      0.0890047550201416,
      0.09937405586242676
    ],
    "score_time": [
      0.03447914123535156,
      0.03544306755065918,
      0.035429954528808594,
      0.03597903251647949,
      0.03522515296936035
    ],
    "test_r": [
      0.5693445795761927,
      0.5378218012108202,
      0.49424408696832967,
      0.40545819448137754,
      0.44313375881312916
    ],
    "test_r2": [
      0.28438070631219026,
      0.22233174872659012,
      0.2006472769523875,
      0.15766631310114854,
      0.1613101448490225
    ],
    "test_rmse": [
      -0.09538800752738075,
      -0.09866111555029423,
      -0.09576017465887261,
      -0.10181802078100906,
      -0.08515468743509814
    ],
    "test_mae": [
      -0.06719678887684774,
      -0.06881335388387154,
      -0.0656113452607104,
      -0.06798870486511274,
      -0.06047767134947084
    ]
  },
  "r_avg": 0.4938123954198068,
  "r_stdev": 0.06439087236908618,
  "r_stderr": 0.024337462141586066,
  "r2_avg": 0.21611713997883983,
  "r2_stdev": 0.049832135736047084,
  "r2_stderr": 0.018834776922399314,
  "rmse_avg": -0.09495670000488206,
  "rmse_stdev": 0.008500979391595748,
  "rmse_stderr": 0.003213068195806788,
  "mae_avg": -0.06559501221172588,
  "mae_stdev": 0.00547531492813475,
  "mae_stderr": 0.0020694745213720054
}