{
  "6": {
    "fit_time": [
      1.1758019924163818,
      1.1706650257110596,
      1.1723747253417969,
      1.1728193759918213,
      1.1749467849731445
    ],
    "score_time": [
      0.014813899993896484,
      0.01271510124206543,
      0.013398170471191406,
      0.014927864074707031,
      0.010651111602783203
    ],
    "test_r": [
      0.4925545314018432,
      0.39459187731887796,
      0.675033805434953,
      0.5300807775212132,
      0.5728605999901608
    ],
    "test_r2": [
      0.2254330133284862,
      0.14502291166208947,
      0.44422280955625926,
      0.26942241276776446,
      0.29196436110931856
    ],
    "test_rmse": [
      -0.08240050568724347,
      -0.11201293475275917,
      -0.07790285659210615,
      -0.09741541157609619,
      -0.08592885307403449
    ],
    "test_mae": [
      -0.05557752296328544,
      -0.07664240491390227,
      -0.058640115665537965,
      -0.06700751492783831,
      -0.06054046898919182
    ]
  },
  "13": {
    "fit_time": [
      0.930325984954834,
      0.9411768913269043,
      0.9790949821472168,
      0.9333779811859131,
      0.9328138828277588
    ],
    "score_time": [
      0.009540081024169922,
      0.010598182678222656,
      1.2257258892059326,
      0.010403156280517578,
      0.00981593132019043
    ],
    "test_r": [
      0.6520016927781174,
      0.561322761703428,
      0.5300139612078776,
      0.46101157019221245,
      0.33466883403035874
    ],
    "test_r2": [
      0.38285055448892336,
      0.3014910546271875,
      0.27638878022140323,
      0.2066212090302002,
      0.00794862293116505
    ],
    "test_rmse": [
      -0.08599892354207019,
      -0.0983525113519888,
      -0.09567064075140885,
      -0.09312490172926516,
      -0.09316775398046569
    ],
    "test_mae": [
      -0.0619975548003401,
      -0.07229276778868265,
      -0.0646593439919608,
      -0.06283076817280538,
      -0.06007304115982742
    ]
  },
  "42": {
    "fit_time": [
      1.0924599170684814,
      1.0929028987884521,
      1.083036184310913,
      0.8366539478302002,
      1.0937390327453613
    ],
    "score_time": [
      0.011789083480834961,
      0.011183023452758789,
      0.011388778686523438,
      1.1934118270874023,
      0.011266231536865234
    ],
    "test_r": [
      0.5523580055489372,
      0.6301118285307281,
      0.521882844219008,
      0.4071974817186505,
      0.4494886910137062
    ],
    "test_r2": [
      0.2843813179252229,
      0.393923671787605,
      0.2481067335918612,
      0.15295778982370523,
      0.20040070298429058
    ],
    "test_rmse": [
      -0.08927221587917296,
      -0.0783003464480578,
      -0.09008894680124126,
      -0.10271180824331273,
      -0.10344465707498096
    ],
    "test_mae": [
      -0.061239737736327314,
      -0.05523756384849548,
      -0.06431186693481036,
      -0.07200542736053467,
      -0.06890628687540691
    ]
  },
  "69": {
    "fit_time": [
      0.9454591274261475,
      0.9491748809814453,
      0.9552488327026367,
      0.9451768398284912,
      0.9428658485412598
    ],
    "score_time": [
      0.010532855987548828,
      0.009148120880126953,
      0.009555339813232422,
      0.010071992874145508,
      0.010239124298095703
    ],
    "test_r": [
      0.5868289151565853,
      0.626582958051625,
      0.4718165841860536,
      0.5998175426525306,
      0.47521761548429353
    ],
    "test_r2": [
      0.32365950240302876,
      0.37302836468322775,
      0.21429267559814136,
      0.32211777617116943,
      0.21274561339001985
    ],
    "test_rmse": [
      -0.0812368621695219,
      -0.09913408022333521,
      -0.09267237904590328,
      -0.07803997018725342,
      -0.09975030878298687
    ],
    "test_mae": [
      -0.056812043700899394,
      -0.06693841685141837,
      -0.06490726681266512,
      -0.05619955573210846,
      -0.06938179776475235
    ]
  },
  "420": {
    "fit_time": [
      0.9798731803894043,
      0.935837984085083,
      0.9378838539123535,
      0.9510660171508789,
      0.9412946701049805
    ],
    "score_time": [
      0.01001596450805664,
      0.009434938430786133,
      0.009170293807983398,
      0.010429859161376953,
      0.009871244430541992
    ],
    "test_r": [
      0.48014004448971986,
      0.5772013249340486,
      0.5470513427172167,
      0.6033724017465333,
      0.4285472946144328
    ],
    "test_r2": [
      0.2234573284991569,
      0.2811870045865493,
      0.28678563921097033,
      0.3290480114356231,
      0.14291538637869716
    ],
    "test_rmse": [
      -0.09014314740813013,
      -0.10964706858968769,
      -0.07991282311774296,
      -0.09320044618156727,
      -0.08832585837208491
    ],
    "test_mae": [
      -0.06438240862744196,
      -0.07408574190310069,
      -0.05682310169935227,
      -0.06377450172750801,
      -0.06499281685201971
    ]
  },
  "1234567890": {
    "fit_time": [
      0.9468181133270264,
      0.9320969581604004,
      0.9319369792938232,
      0.9346339702606201,
      0.9318559169769287
    ],
    "score_time": [
      0.009377002716064453,
      0.010323047637939453,
      0.010304927825927734,
      0.01065206527709961,
      0.010391950607299805
    ],
    "test_r": [
      0.5208675759890501,
      0.5611705455153144,
      0.6256488500187921,
      0.5574819043998342,
      0.36800829294855036
    ],
    "test_r2": [
      0.2565057851387894,
      0.31268235818987067,
      0.3762683048382228,
      0.30093927907262197,
      0.12341793637212684
    ],
    "test_rmse": [
      -0.09729171992492028,
      -0.08416649177709831,
      -0.08310744000427206,
      -0.09641845658397857,
      -0.09701974527277595
    ],
    "test_mae": [
      -0.06828791521702494,
      -0.05698505765625409,
      -0.06090773886867932,
      -0.06512689784196046,
      -0.06967747552974805
    ]
  },
  "473129": {
    "fit_time": [
      1.0365562438964844,
      1.001838207244873,
      1.004316806793213,
      1.0020458698272705,
      1.0096008777618408
    ],
    "score_time": [
      0.009804964065551758,
      0.010206937789916992,
      0.009491920471191406,
      0.010040044784545898,
      0.009425163269042969
    ],
    "test_r": [
      0.5996068659269657,
      0.4616033870273917,
      0.5246074366477376,
      0.43883471953894343,
      0.5409849514638342
    ],
    "test_r2": [
      0.35948270694688245,
      0.20161594488574885,
      0.2566222830962521,
      0.19163387218969286,
      0.25875310628866866
    ],
    "test_rmse": [
      -0.09024396877636362,
      -0.09996656390589707,
      -0.09234650627682234,
      -0.09974396301897774,
      -0.08005515587831917
    ],
    "test_mae": [
      -0.06551960877861294,
      -0.06893586932335581,
      -0.06363566302827427,
      -0.06616293114155264,
      -0.057539376293216746
    ]
  },
  "r_avg": 0.5245877090319865,
  "r_stdev": 0.08145076032157036,
  "r_stderr": 0.030785493701143217,
  "r2_avg": 0.26223699500602693,
  "r2_stdev": 0.08734938365810638,
  "r2_stderr": 0.03301496376201698,
  "rmse_avg": -0.09194903494233836,
  "rmse_stdev": 0.008742327294749547,
  "rmse_stderr": 0.0033042891288341957,
  "mae_avg": -0.06408681632796835,
  "mae_stdev": 0.0054304327745581926,
  "mae_stderr": 0.002052510661847923
}