{
  "6": {
    "fit_time": [
      1.085702896118164,
      1.0736300945281982,
      1.0783250331878662,
      1.0813560485839844,
      1.0769538879394531
    ],
    "score_time": [
      0.01205301284790039,
      0.010454893112182617,
      0.01250910758972168,
      0.012104988098144531,
      0.012122154235839844
    ],
    "test_r": [
      0.4837155283612143,
      0.4192995969887747,
      0.6420640718597275,
      0.525574096768524,
      0.5855181229483727
    ],
    "test_r2": [
      0.22116169825561205,
      0.17157571514786385,
      0.4001205455794402,
      0.26800482658891167,
      0.2953840242324771
    ],
    "test_rmse": [
      -0.08262739028623071,
      -0.11025983757652674,
      -0.08093474772696228,
      -0.09750987643505081,
      -0.08572109277285785
    ],
    "test_mae": [
      -0.05545514785391944,
      -0.07506584489771297,
      -0.05921105002931187,
      -0.06837194846127484,
      -0.06137075029407536
    ]
  },
  "13": {
    "fit_time": [
      1.0436501502990723,
      1.046205997467041,
      1.0399701595306396,
      1.042578935623169,
      1.0553920269012451
    ],
    "score_time": [
      1.2080357074737549,
      0.012260913848876953,
      0.010764122009277344,
      0.010725259780883789,
      0.009824991226196289
    ],
    "test_r": [
      0.6504953194776266,
      0.5175654515372159,
      0.5358456846626687,
      0.474423689298945,
      0.36277265876702813
    ],
    "test_r2": [
      0.3689232768287646,
      0.25497813709565087,
      0.27363685341270827,
      0.2223928888051695,
      0.09697488700987256
    ],
    "test_rmse": [
      -0.08696388328803108,
      -0.10157433234605572,
      -0.09585238804442238,
      -0.09219463430158377,
      -0.08888908953904853
    ],
    "test_mae": [
      -0.06310412905897414,
      -0.07555434906482697,
      -0.06572092762163707,
      -0.061941688902743236,
      -0.058120077206207814
    ]
  },
  "42": {
    "fit_time": [
      1.0296730995178223,
      1.030724287033081,
      1.0280661582946777,
      1.0305407047271729,
      1.031360149383545
    ],
    "score_time": [
      0.01409292221069336,
      0.010444879531860352,
      0.012167930603027344,
      0.010358095169067383,
      0.011496782302856445
    ],
    "test_r": [
      0.5393246786912891,
      0.621049196377834,
      0.5666023063815057,
      0.42868547389273415,
      0.4472018802148992
    ],
    "test_r2": [
      0.27019623432989937,
      0.37027291666690565,
      0.29904032254760926,
      0.17000074521285935,
      0.19474371860264605
    ],
    "test_rmse": [
      -0.09015265678631901,
      -0.07981347291316461,
      -0.08698411115557861,
      -0.10167324854783703,
      -0.1038099359366359
    ],
    "test_mae": [
      -0.061085081138781146,
      -0.056426588007381984,
      -0.06182842552236149,
      -0.07255515163438815,
      -0.06984271564139978
    ]
  },
  "69": {
    "fit_time": [
      1.0095338821411133,
      1.0031342506408691,
      1.0000457763671875,
      1.0028917789459229,
      1.0007121562957764
    ],
    "score_time": [
      0.010528087615966797,
      0.010238885879516602,
      0.009762048721313477,
      0.010367155075073242,
      0.010390996932983398
    ],
    "test_r": [
      0.5730977420943786,
      0.6057392904574893,
      0.4746192289918608,
      0.594084838245459,
      0.4708700045023183
    ],
    "test_r2": [
      0.315457920806982,
      0.33739815605105994,
      0.21837835096204894,
      0.32148723914752053,
      0.20821046684536793
    ],
    "test_rmse": [
      -0.08172793363644137,
      -0.10191200709906582,
      -0.0924311169716853,
      -0.0780762564708692,
      -0.10003721263175852
    ],
    "test_mae": [
      -0.05885806913035257,
      -0.06997037155287608,
      -0.06555791143008641,
      -0.0564142344792684,
      -0.07001505667024903
    ]
  },
  "420": {
    "fit_time": [
      1.0298888683319092,
      1.0194408893585205,
      1.0275180339813232,
      1.0299279689788818,
      1.0273561477661133
    ],
    "score_time": [
      0.011304140090942383,
      0.012214183807373047,
      0.011330842971801758,
      0.011538982391357422,
      0.010892152786254883
    ],
    "test_r": [
      0.4751141035524008,
      0.564975999778522,
      0.5465276064183144,
      0.5826875139097862,
      0.44112157561700854
    ],
    "test_r2": [
      0.2202927817241872,
      0.2802720696035851,
      0.274687681228617,
      0.32092318566679545,
      0.18138593939680436
    ],
    "test_rmse": [
      -0.09032663518300355,
      -0.10971682806602433,
      -0.08058773704014287,
      -0.09376304883637648,
      -0.0863208319307896
    ],
    "test_mae": [
      -0.06466896242754801,
      -0.07379233635323389,
      -0.05737501852852959,
      -0.06340313171266436,
      -0.06597261491552128
    ]
  },
  "1234567890": {
    "fit_time": [
      1.022432804107666,
      1.024200201034546,
      1.0247581005096436,
      1.0248630046844482,
      1.031050205230713
    ],
    "score_time": [
      0.010900259017944336,
      0.010998010635375977,
      0.010577917098999023,
      0.01214599609375,
      0.011171817779541016
    ],
    "test_r": [
      0.5693557936519728,
      0.5533719540826421,
      0.6038041283952058,
      0.5049558140372867,
      0.37162086196419025
    ],
    "test_r2": [
      0.2940626640694758,
      0.30520368305703693,
      0.3320854990551837,
      0.24919717647431594,
      0.13355150434686358
    ],
    "test_rmse": [
      -0.09480258073458628,
      -0.08462315897008432,
      -0.08600059070254878,
      -0.09992304812013483,
      -0.09645732552476102
    ],
    "test_mae": [
      -0.06700634989568166,
      -0.05761676181214197,
      -0.06236763498612812,
      -0.0683645271868319,
      -0.06913211330637202
    ]
  },
  "473129": {
    "fit_time": [
      1.0441820621490479,
      1.0400047302246094,
      1.039297103881836,
      1.0411651134490967,
      1.0439960956573486
    ],
    "score_time": [
      0.010761022567749023,
      0.01122903823852539,
      0.011067867279052734,
      0.011324882507324219,
      0.010708808898925781
    ],
    "test_r": [
      0.5974401159156848,
      0.4488102828715549,
      0.5365563917267755,
      0.46343115381705124,
      0.5393010881622531
    ],
    "test_r2": [
      0.350904189343499,
      0.18728828209661752,
      0.2590845220156307,
      0.21106410517901686,
      0.25180726276179155
    ],
    "test_rmse": [
      -0.09084628240383719,
      -0.10085956667446051,
      -0.09219344293351327,
      -0.09853792752626132,
      -0.08042935915828044
    ],
    "test_mae": [
      -0.06651188904898507,
      -0.07073869733299529,
      -0.06421936657173292,
      -0.06575855890480249,
      -0.058068320798444324
    ]
  },
  "r_avg": 0.5233606641263006,
  "r_stdev": 0.07241057853911549,
  "r_stderr": 0.027368626157830044,
  "r2_avg": 0.26086141343282254,
  "r2_stdev": 0.06893892188725148,
  "r2_stderr": 0.026056463280939284,
  "rmse_avg": -0.09212953109345515,
  "rmse_stdev": 0.008530141224011478,
  "rmse_stderr": 0.0032240903324277826,
  "mae_avg": -0.06461330863941263,
  "mae_stdev": 0.005544187637239144,
  "mae_stderr": 0.0020955059585733658
}