{
  "6": {
    "fit_time": [
      6.869359970092773,
      6.864639043807983,
      6.824804782867432,
      7.015655040740967,
      7.027719974517822
    ],
    "score_time": [
      0.05766487121582031,
      0.05478024482727051,
      0.06551027297973633,
      0.043005943298339844,
      0.040859222412109375
    ],
    "test_r": [
      0.5985681183631995,
      0.6383445054975374,
      0.745389802426965,
      0.7081576428594141,
      0.6465294118152026
    ],
    "test_r2": [
      0.022698684171654437,
      0.2698537728319387,
      0.3984993586620811,
      0.28332828759544304,
      -0.004757643174102544
    ],
    "test_rmse": [
      -4.328990267094716,
      -4.534959061417976,
      -3.6215157741764714,
      -3.9944156985334716,
      -4.5701275406819315
    ],
    "test_mae": [
      -2.9059564619154363,
      -3.289416795983017,
      -2.6541499715500856,
      -2.8701339406823325,
      -3.165916807474607
    ]
  },
  "13": {
    "fit_time": [
      6.3636510372161865,
      6.726059913635254,
      6.77080512046814,
      6.367189884185791,
      6.312114953994751
    ],
    "score_time": [
      0.07477307319641113,
      0.04703998565673828,
      0.04481101036071777,
      0.05273890495300293,
      0.0629580020904541
    ],
    "test_r": [
      0.5967653643074979,
      0.6946704102146202,
      0.7929017288902855,
      0.6768106829204174,
      0.7695599086722033
    ],
    "test_r2": [
      0.27785400451281406,
      0.35871052354628385,
      0.5437536190209828,
      0.1236345326602214,
      0.49052822737910073
    ],
    "test_rmse": [
      -4.145056138459215,
      -4.0239452337413155,
      -3.059565699322308,
      -4.316276844011591,
      -3.262040710488719
    ],
    "test_mae": [
      -2.7760687511549698,
      -2.793936872474513,
      -2.142317828363341,
      -3.076853958590813,
      -2.3594639196574243
    ]
  },
  "42": {
    "fit_time": [
      7.05521821975708,
      6.5395348072052,
      6.756749868392944,
      6.935289144515991,
      7.16706109046936
    ],
    "score_time": [
      0.050398826599121094,
      0.08214020729064941,
      0.07242608070373535,
      0.06326699256896973,
      0.04678487777709961
    ],
    "test_r": [
      0.7259795288522427,
      0.7862604574939228,
      0.7383268498668643,
      0.7353230370680254,
      0.7230072795202526
    ],
    "test_r2": [
      0.48055325966183393,
      0.4436022300428172,
      0.484493519964051,
      0.2802194443276391,
      0.4332741232112757
    ],
    "test_rmse": [
      -3.372020467301891,
      -3.0592876863146357,
      -3.942144640981406,
      -3.8508501694260526,
      -3.4903000327372
    ],
    "test_mae": [
      -2.4725520819428075,
      -2.1214507644530305,
      -2.9244967336814303,
      -2.825844620116165,
      -2.3409966353916047
    ]
  },
  "69": {
    "fit_time": [
      4.382037878036499,
      5.490843057632446,
      5.816558122634888,
      4.8840858936309814,
      5.37872314453125
    ],
    "score_time": [
      1.5130650997161865,
      0.07172799110412598,
      0.06821084022521973,
      1.3673198223114014,
      0.07915091514587402
    ],
    "test_r": [
      0.7500849501325582,
      0.781755646227662,
      0.686790672298818,
      0.7428363651402735,
      0.6388349160005499
    ],
    "test_r2": [
      0.5359175397721241,
      0.4353325954618661,
      0.2770006176554247,
      0.4602714053849908,
      0.25890729460292716
    ],
    "test_rmse": [
      -3.0587820962888137,
      -3.7084906681431873,
      -3.9186987773626814,
      -3.600725665378672,
      -4.063411980471573
    ],
    "test_mae": [
      -2.2907621980369415,
      -2.6926638468431006,
      -2.7581826203144755,
      -2.5989790747873753,
      -2.887567069449378
    ]
  },
  "420": {
    "fit_time": [
      6.7283241748809814,
      7.136565923690796,
      7.3171281814575195,
      7.177404880523682,
      7.369746923446655
    ],
    "score_time": [
      0.0974888801574707,
      0.049890995025634766,
      0.06701302528381348,
      0.0783243179321289,
      0.0574951171875
    ],
    "test_r": [
      0.770383907030443,
      0.7444596721860488,
      0.7970530071297715,
      0.697927567497338,
      0.6356061912262511
    ],
    "test_r2": [
      0.5377357305091608,
      0.28575049980687517,
      0.497550138295619,
      0.39684874867997966,
      0.2693190139862607
    ],
    "test_rmse": [
      -3.1717121287187178,
      -3.7905856358867647,
      -3.0944662040133712,
      -3.9885088417060284,
      -4.2342192875225235
    ],
    "test_mae": [
      -2.4023387989490774,
      -2.7683399336118564,
      -2.336936403901278,
      -2.7962355125351794,
      -2.902649356973833
    ]
  },
  "1234567890": {
    "fit_time": [
      7.032067060470581,
      6.864943265914917,
      7.047619819641113,
      7.228713035583496,
      7.452679872512817
    ],
    "score_time": [
      0.0807809829711914,
      0.0984039306640625,
      0.07417607307434082,
      0.06276488304138184,
      0.051896095275878906
    ],
    "test_r": [
      0.8034555105822268,
      0.7234597299071064,
      0.6705934086313396,
      0.6967454652298963,
      0.658550728087907
    ],
    "test_r2": [
      0.5164097704632223,
      0.37279568367281957,
      0.3433635622690602,
      0.2951983959098282,
      0.07457363357119717
    ],
    "test_rmse": [
      -3.1673272923414673,
      -3.8578114437591813,
      -4.28689644567976,
      -3.895930346797058,
      -4.0756106111056125
    ],
    "test_mae": [
      -2.4180982532330613,
      -2.584862602099886,
      -2.9555791686226365,
      -2.71020515649808,
      -2.997937807811621
    ]
  },
  "473129": {
    "fit_time": [
      6.977702856063843,
      6.826319932937622,
      7.203557014465332,
      7.113072872161865,
      7.305966138839722
    ],
    "score_time": [
      0.10134506225585938,
      0.12277817726135254,
      0.06732892990112305,
      0.08093500137329102,
      0.05308794975280762
    ],
    "test_r": [
      0.6946194286824412,
      0.8006089814388606,
      0.7054035851266627,
      0.7248508086607721,
      0.7436297869997175
    ],
    "test_r2": [
      0.28004069404997145,
      0.544137793458636,
      0.296550730203627,
      0.5089611746135141,
      0.3345785466689507
    ],
    "test_rmse": [
      -4.2293989189243435,
      -3.112704311103929,
      -4.021510354994137,
      -3.5219600175373524,
      -3.276892848640713
    ],
    "test_mae": [
      -2.896366426166693,
      -2.2130092378457804,
      -2.8755865163860586,
      -2.3369753748867956,
      -2.4758118464927157
    ]
  },
  "r_avg": 0.7155498587710085,
  "r_stdev": 0.05571853963651199,
  "r_stderr": 0.021059628470557992,
  "r2_avg": 0.3544997003842883,
  "r2_stdev": 0.1444741649650457,
  "r2_stderr": 0.05460610162446165,
  "rmse_avg": -3.761346852601851,
  "rmse_stdev": 0.4514946452555208,
  "rmse_stderr": 0.1706489356604909,
  "mae_avg": -2.674818381396497,
  "mae_stdev": 0.2931683410806892,
  "mae_stderr": 0.11080721753955206
}