{
  "6": {
    "fit_time": [
      5.37453556060791,
      5.375651836395264,
      5.357497692108154,
      5.27212119102478,
      5.205517530441284
    ],
    "score_time": [
      0.028301715850830078,
      0.02861809730529785,
      0.028078794479370117,
      0.025846242904663086,
      0.02501392364501953
    ],
    "test_r": [
      0.8374545707715135,
      0.8406574736614721,
      0.8433148306585805,
      0.8448217550610417,
      0.738359323600047
    ],
    "test_r2": [
      0.6966077621386444,
      0.7000289244268009,
      0.6985964386052073,
      0.7063587240800044,
      0.4650652261558481
    ],
    "test_rmse": [
      -2.41198498725778,
      -2.9067530599346405,
      -2.563577927560381,
      -2.5568289775406092,
      -3.334633249979188
    ],
    "test_mae": [
      -1.5738301143688815,
      -2.049388551712036,
      -1.7537649854485475,
      -1.6449246381209777,
      -2.197194446572312
    ]
  },
  "13": {
    "fit_time": [
      5.388216733932495,
      5.352867126464844,
      5.410815238952637,
      5.332144737243652,
      5.230462312698364
    ],
    "score_time": [
      0.025917530059814453,
      0.026947498321533203,
      0.025774717330932617,
      0.02817058563232422,
      0.025127172470092773
    ],
    "test_r": [
      0.8080241522181809,
      0.8048562412038109,
      0.8462638440764663,
      0.7809592363022733,
      0.8192066200089368
    ],
    "test_r2": [
      0.6400985046274561,
      0.6404156420534546,
      0.7144743349461284,
      0.5972533011766921,
      0.6652446243665735
    ],
    "test_rmse": [
      -2.9262386263255267,
      -3.0131822500749355,
      -2.420374913894257,
      -2.926056171153192,
      -2.6441926472624657
    ],
    "test_mae": [
      -1.9076481823090994,
      -2.0650741024528227,
      -1.7967757704854013,
      -1.9024861886694626,
      -1.8978876612207913
    ]
  },
  "42": {
    "fit_time": [
      5.3096277713775635,
      5.318246126174927,
      5.398656129837036,
      5.351134300231934,
      5.29096794128418
    ],
    "score_time": [
      0.025943279266357422,
      0.027950286865234375,
      0.02662181854248047,
      0.026021957397460938,
      0.024851083755493164
    ],
    "test_r": [
      0.8508507575154912,
      0.889795664613739,
      0.8212822519111961,
      0.7867193217837332,
      0.8392550997947413
    ],
    "test_r2": [
      0.7224463826355051,
      0.7470292516567159,
      0.6695586178171413,
      0.5766231513191582,
      0.695277797524895
    ],
    "test_rmse": [
      -2.464864984292449,
      -2.0628268760180655,
      -3.1561868462347147,
      -2.953385369009645,
      -2.5593417962819114
    ],
    "test_mae": [
      -1.8111350893974303,
      -1.5312092673778532,
      -2.2742311651046787,
      -1.7819267444138054,
      -1.7244830669368711
    ]
  },
  "69": {
    "fit_time": [
      5.349395036697388,
      5.368143796920776,
      5.327134370803833,
      5.386953115463257,
      5.249007701873779
    ],
    "score_time": [
      0.027577638626098633,
      0.02693653106689453,
      0.026265382766723633,
      0.027072668075561523,
      0.025072574615478516
    ],
    "test_r": [
      0.8085270644268875,
      0.8907286087209048,
      0.7943200556188194,
      0.8223381896161804,
      0.7781270010097413
    ],
    "test_r2": [
      0.6493789202286832,
      0.7916591342075334,
      0.6230693978083113,
      0.6515465250382663,
      0.5832493203765902
    ],
    "test_rmse": [
      -2.6587039056452895,
      -2.2526206624869154,
      -2.8294603825586644,
      -2.893175112162859,
      -3.047142368839731
    ],
    "test_mae": [
      -1.801935148920332,
      -1.575990200127874,
      -1.91728704984699,
      -1.8906190140934676,
      -2.12548878360439
    ]
  },
  "420": {
    "fit_time": [
      5.309066295623779,
      5.351983070373535,
      5.412668704986572,
      5.306994915008545,
      5.197803735733032
    ],
    "score_time": [
      0.026413679122924805,
      0.026638507843017578,
      0.026476383209228516,
      0.027106046676635742,
      0.02516794204711914
    ],
    "test_r": [
      0.7870332360395795,
      0.7771109287706154,
      0.896325443169526,
      0.8727170450032764,
      0.7354746995782095
    ],
    "test_r2": [
      0.5949878916167637,
      0.5855392678571327,
      0.800749703181303,
      0.7592833976765754,
      0.5024959051572603
    ],
    "test_rmse": [
      -2.968811362373909,
      -2.887506927933328,
      -1.9486725474735085,
      -2.5197094509428997,
      -3.493878295550116
    ],
    "test_mae": [
      -1.9864043393092494,
      -1.952949913569859,
      -1.4751358511618204,
      -1.8737921979405856,
      -2.093888363677102
    ]
  },
  "1234567890": {
    "fit_time": [
      5.379998207092285,
      5.342549085617065,
      5.4647743701934814,
      5.32666802406311,
      5.229749917984009
    ],
    "score_time": [
      0.025703907012939453,
      0.027304649353027344,
      0.02546215057373047,
      0.025989532470703125,
      0.025199174880981445
    ],
    "test_r": [
      0.8743620382129835,
      0.855752719624334,
      0.686007506732284,
      0.8866148254755075,
      0.8594062234441502
    ],
    "test_r2": [
      0.7538118349740796,
      0.7156739863945518,
      0.44558064817945386,
      0.7694067851257953,
      0.7300488114167221
    ],
    "test_rmse": [
      -2.2598924425547593,
      -2.597435523734506,
      -3.9391243776023224,
      -2.2284403006331828,
      -2.201224671844811
    ],
    "test_mae": [
      -1.650999187997409,
      -1.6868513210330691,
      -2.5389344705854144,
      -1.5928632434423977,
      -1.7394228359600443
    ]
  },
  "473129": {
    "fit_time": [
      5.343029975891113,
      5.392183303833008,
      5.3828394412994385,
      5.273016691207886,
      5.233050584793091
    ],
    "score_time": [
      0.027121305465698242,
      0.027252912521362305,
      0.026597261428833008,
      0.026198625564575195,
      0.025195837020874023
    ],
    "test_r": [
      0.8522439322036665,
      0.8590080969972725,
      0.7961354682486792,
      0.8152077494893856,
      0.8818652830346535
    ],
    "test_r2": [
      0.7179143433932036,
      0.7257391153013371,
      0.5959093214988165,
      0.661138009954081,
      0.7738877884651618
    ],
    "test_rmse": [
      -2.647373254759388,
      -2.414365459326986,
      -3.047980722384381,
      -2.9257548511467295,
      -1.910186846472023
    ],
    "test_mae": [
      -1.795024114378861,
      -1.6847371156726563,
      -1.9391423276066777,
      -1.9432715003125298,
      -1.4523049309876586
    ]
  },
  "r_avg": 0.8251750645313679,
  "r_stdev": 0.04747822930255,
  "r_stderr": 0.01794508391774956,
  "r2_avg": 0.6676042511823385,
  "r2_stdev": 0.08594959818327919,
  "r2_stderr": 0.03248589458269795,
  "rmse_avg": 2.7020539471213163,
  "rmse_stdev": 0.4277706149381139,
  "rmse_stderr": 0.16168209504391728,
  "mae_avg": 1.8465429109948388,
  "mae_stdev": 0.23065151473368334,
  "mae_stderr": 0.08717807821509663
}