{
  "6": {
    "fit_time": [
      0.023091793060302734,
      0.0382082462310791,
      0.019797563552856445,
      0.038748979568481445,
      0.03963494300842285
    ],
    "score_time": [
      0.009670734405517578,
      0.013791084289550781,
      0.0300753116607666,
      0.011974334716796875,
      0.013948202133178711
    ],
    "test_r": [
      0.6401122249585063,
      0.5066355047803305,
      0.6880625078935465,
      0.6341167040268457,
      0.5680195331104719
    ],
    "test_r2": [
      0.38059366910561554,
      0.24775022919580458,
      0.47149414871998374,
      0.38069365049966697,
      0.2906773742920181
    ],
    "test_rmse": [
      -2.332466352825997,
      -2.8108875104595636,
      -2.1950112542321056,
      -2.4793681307910935,
      -2.599610703948257
    ],
    "test_mae": [
      -1.6479046915382525,
      -2.108915261836166,
      -1.7321299522676745,
      -1.7855487295882726,
      -1.9236579750183214
    ]
  },
  "13": {
    "fit_time": [
      0.03530240058898926,
      0.03311491012573242,
      0.021773338317871094,
      0.019258499145507812,
      0.01844501495361328
    ],
    "score_time": [
      0.018308639526367188,
      0.012853145599365234,
      0.017203807830810547,
      0.02789783477783203,
      0.005556344985961914
    ],
    "test_r": [
      0.5365298022921683,
      0.6457890846853558,
      0.611323910832424,
      0.6630035156049627,
      0.5051449657358383
    ],
    "test_r2": [
      0.2297532338769378,
      0.39499700257155124,
      0.36609492832265855,
      0.43694183379088736,
      0.2046300603085952
    ],
    "test_rmse": [
      -2.715283219795181,
      -2.4139671233793685,
      -2.328943394532108,
      -2.3653141673603475,
      -2.764180815362503
    ],
    "test_mae": [
      -2.011834844526194,
      -1.7170880569640181,
      -1.8698897191707908,
      -1.7484013788819466,
      -2.013162123215688
    ]
  },
  "42": {
    "fit_time": [
      0.011159181594848633,
      0.013009309768676758,
      0.022179841995239258,
      0.020786285400390625,
      0.01463174819946289
    ],
    "score_time": [
      0.006455183029174805,
      0.005567073822021484,
      0.013246297836303711,
      0.006015777587890625,
      0.011232137680053711
    ],
    "test_r": [
      0.6583824781640828,
      0.6958022327549465,
      0.6005120426285404,
      0.5163290851517426,
      0.5369720841069686
    ],
    "test_r2": [
      0.41129643281788797,
      0.4801747272210867,
      0.33396114408721367,
      0.1981186536568701,
      0.25646607185838965
    ],
    "test_rmse": [
      -2.4081279851784623,
      -1.8588192918287454,
      -2.8364680967344795,
      -2.6720872356561522,
      -2.744922013949704
    ],
    "test_mae": [
      -1.9309972057666813,
      -1.4337279037982658,
      -2.053604385520191,
      -1.9759868140813994,
      -1.9434659478049146
    ]
  },
  "69": {
    "fit_time": [
      0.0326688289642334,
      0.015986204147338867,
      0.012566804885864258,
      0.023912906646728516,
      0.01692938804626465
    ],
    "score_time": [
      0.0056569576263427734,
      0.015216827392578125,
      0.017887115478515625,
      0.005715370178222656,
      0.005379438400268555
    ],
    "test_r": [
      0.6062895971978057,
      0.6011945207033318,
      0.5849946110258701,
      0.6480414812218598,
      0.6129598663115383
    ],
    "test_r2": [
      0.3427011371439649,
      0.33999292168627815,
      0.30959531795842377,
      0.4197998151081561,
      0.3346329736335041
    ],
    "test_rmse": [
      -2.4129340443646936,
      -2.575755876225632,
      -2.454732205491387,
      -2.4761631909023447,
      -2.520305283223146
    ],
    "test_mae": [
      -1.7990411290839674,
      -1.8673522645916765,
      -1.7888988783835635,
      -1.7761693077025569,
      -1.9104741672796703
    ]
  },
  "420": {
    "fit_time": [
      0.0545039176940918,
      0.0286710262298584,
      0.056825876235961914,
      0.030319929122924805,
      0.01936483383178711
    ],
    "score_time": [
      0.016884326934814453,
      0.00592350959777832,
      0.014696836471557617,
      0.02603602409362793,
      0.006080150604248047
    ],
    "test_r": [
      0.5717459025071722,
      0.48177549818315163,
      0.6956287607321168,
      0.7022201175614159,
      0.5641713670749604
    ],
    "test_r2": [
      0.2696850882075946,
      0.18439511444855006,
      0.4809035817606516,
      0.49141029229316624,
      0.29588266771292127
    ],
    "test_rmse": [
      -2.637323599387329,
      -2.5832794915284025,
      -2.085043202188424,
      -2.3532375399425143,
      -2.7603931194285085
    ],
    "test_mae": [
      -2.0127718018468093,
      -1.8441689026571377,
      -1.593001220853084,
      -1.773935311018743,
      -1.9201004513440554
    ]
  },
  "1234567890": {
    "fit_time": [
      0.06709551811218262,
      0.07476687431335449,
      0.06429004669189453,
      0.043151140213012695,
      0.02595067024230957
    ],
    "score_time": [
      0.022585630416870117,
      0.00606536865234375,
      0.009739875793457031,
      0.005676746368408203,
      0.006277799606323242
    ],
    "test_r": [
      0.6908050783735782,
      0.5998672092226809,
      0.4753479490042597,
      0.6011930717273314,
      0.6965526764912262
    ],
    "test_r2": [
      0.4525219851136649,
      0.3479782300965465,
      0.16396517459636917,
      0.3459531692709482,
      0.46427402019640884
    ],
    "test_rmse": [
      -2.274676004464402,
      -2.643522439809833,
      -3.063137491600202,
      -2.305455187630114,
      -2.0879041877915583
    ],
    "test_mae": [
      -1.7721497223097042,
      -1.9846921575501193,
      -2.2247612557868295,
      -1.6938699819966672,
      -1.4437799625030903
    ]
  },
  "473129": {
    "fit_time": [
      0.02397751808166504,
      0.025949954986572266,
      0.027913808822631836,
      0.026788711547851562,
      0.03325319290161133
    ],
    "score_time": [
      0.04223895072937012,
      0.01279449462890625,
      0.016108274459838867,
      0.010205268859863281,
      0.014242172241210938
    ],
    "test_r": [
      0.5426636106390077,
      0.6228575669274817,
      0.6022892628441276,
      0.621828098007505,
      0.6654866902703952
    ],
    "test_r2": [
      0.26972866222225533,
      0.36318843019972047,
      0.3359279863766538,
      0.35241096413681483,
      0.4406875395875859
    ],
    "test_rmse": [
      -2.6239257688882858,
      -2.413101867987622,
      -2.5893780901031005,
      -2.592789526265462,
      -2.117602964935164
    ],
    "test_mae": [
      -1.9519584693225147,
      -1.9052437101321504,
      -1.723375496542143,
      -1.8606049836983674,
      -1.6369264180686653
    ]
  },
  "r_avg": 0.6055613889358156,
  "r_stdev": 0.06370650761982295,
  "r_stderr": 0.0240787965797847,
  "r2_avg": 0.345407949487867,
  "r2_stdev": 0.08978720947221744,
  "r2_stderr": 0.03393637531113576,
  "rmse_avg": -2.4884605250912055,
  "rmse_stdev": 0.24508328479477612,
  "rmse_stderr": 0.0926327745808279,
  "mae_avg": -1.839416873790008,
  "mae_stdev": 0.16924916019222935,
  "mae_stderr": 0.06397016963931024
}