{
  "6": {
    "fit_time": [
      0.018851041793823242,
      0.01954793930053711
    ],
    "score_time": [
      0.010602951049804688,
      0.011360883712768555
    ],
    "test_r": [
      NaN,
      NaN
    ],
    "test_r2": [
      -0.009087663978124105,
      -0.06150369321329241
    ],
    "test_rmse": [
      -3.104116299295853,
      -3.1908734192439416
    ],
    "test_mae": [
      -2.431345135523204,
      -2.4925717547923036
    ]
  },
  "r_avg": NaN,
  "r_stdev": NaN,
  "r_stderr": NaN,
  "r2_avg": -0.03529567859570826,
  "r2_stdev": 0.026208014617584152,
  "r2_stderr": 0.009905698433553317,
  "rmse_avg": -3.147494859269897,
  "rmse_stdev": 0.043378559974044384,
  "rmse_stderr": 0.016395554560488843,
  "mae_avg": -2.461958445157754,
  "mae_stdev": 0.03061330963454978,
  "mae_stderr": 0.011570743443090906
}