fold,r,r2,rmse,mae
1.0,0.6064798400418295,0.3569594652999206,2.5816616244389015,1.8441294483665946
2.0,0.6009717768312313,0.33198994635240087,2.251962385640739,1.7297403808971787
3.0,0.615529840848118,0.36435238086589217,2.733562378817701,2.0429081239034463
4.0,0.5946291159218147,0.34587730849718834,2.3712900894623408,1.8522337847357397
5.0,0.682496428508651,0.4639639334400347,2.2357578882333304,1.7555663654396125
