Dataset,num_of_folds,Features,Targets,Model,r_mean,r_std,r2_mean,r2_std,rmse_mean,rmse_std,mae_mean,mae_std,num_of_data
OPV_Min,5,DA_SMILES,calc_PCE_percent,XGBoost,0.6200214004303289,0.03198228688024573,0.37262860689108734,0.046953791087333975,2.4348468733186026,0.1938598199533503,1.8449156206685142,0.11000348194105655,558
