{
  "6": {
    "fit_time": [
      8.65160083770752,
      8.664318799972534,
      8.75525188446045,
      8.491358041763306,
      8.694970846176147
    ],
    "score_time": [
      0.0563051700592041,
      0.054940223693847656,
      0.05197715759277344,
      0.06278705596923828,
      0.053789377212524414
    ],
    "test_r": [
      0.8198689150457823,
      0.8489269591614838,
      0.719158901055768,
      0.8804860783359248,
      0.8037914142959829
    ],
    "test_r2": [
      0.6717777436650076,
      0.7081690299008593,
      0.5085521694807236,
      0.7427848234491067,
      0.6375722869524508
    ],
    "test_rmse": [
      -2.598226268883666,
      -2.684920371516127,
      -3.0971801879453085,
      -2.581743659898145,
      -2.675941410663446
    ],
    "test_mae": [
      -1.7783579025350609,
      -1.8725170234375157,
      -1.9150617932825638,
      -1.8919553752048908,
      -1.8734302884102316
    ]
  },
  "13": {
    "fit_time": [
      8.42149806022644,
      8.29921269416809,
      8.092742919921875,
      8.270294904708862,
      8.255505800247192
    ],
    "score_time": [
      0.04619598388671875,
      0.05557608604431152,
      0.05712294578552246,
      0.059884071350097656,
      0.0532989501953125
    ],
    "test_r": [
      0.7876139127665838,
      0.832979902476218,
      0.7598034216683421,
      0.8002104862628167,
      0.8533309650914683
    ],
    "test_r2": [
      0.6185028170525146,
      0.6770212605824151,
      0.5737437398677734,
      0.6310042166549314,
      0.7136555682974769
    ],
    "test_rmse": [
      -2.6193771973562066,
      -2.7098691336136564,
      -2.6786471454086533,
      -2.9568057400663816,
      -2.8960241887138856
    ],
    "test_mae": [
      -1.83638908317081,
      -1.8028040698988246,
      -1.8225200778614994,
      -1.9634847851035309,
      -1.966725554899604
    ]
  },
  "42": {
    "fit_time": [
      8.732610940933228,
      8.58481502532959,
      8.540823221206665,
      8.481596231460571,
      8.511425971984863
    ],
    "score_time": [
      0.051061153411865234,
      0.05909299850463867,
      0.06699585914611816,
      0.07203412055969238,
      0.06831097602844238
    ],
    "test_r": [
      0.8090125699695649,
      0.7868150018351939,
      0.8028847939991579,
      0.8490809708550053,
      0.879011922412163
    ],
    "test_r2": [
      0.6369563670445707,
      0.6104962039070612,
      0.6264068899773756,
      0.7105891495029123,
      0.7516730158768244
    ],
    "test_rmse": [
      -2.6952895951563143,
      -3.1603244820688428,
      -3.1269876746980056,
      -2.2765566541033766,
      -2.3057809910073157
    ],
    "test_mae": [
      -1.9802996042966825,
      -2.1541467981897093,
      -1.9156854912994634,
      -1.5580203934220032,
      -1.7660458362033669
    ]
  },
  "69": {
    "fit_time": [
      8.37022590637207,
      8.507297992706299,
      8.210501909255981,
      8.18716311454773,
      8.034597158432007
    ],
    "score_time": [
      0.05322909355163574,
      0.05465078353881836,
      0.05993175506591797,
      0.05552101135253906,
      0.059454917907714844
    ],
    "test_r": [
      0.796307258579046,
      0.8683702655757232,
      0.7880501961457148,
      0.8358530764309029,
      0.7880441391075805
    ],
    "test_r2": [
      0.6324625672334064,
      0.7512004363250284,
      0.6115600434759408,
      0.667046867312931,
      0.6144124250626791
    ],
    "test_rmse": [
      -2.7448964423957634,
      -2.325817217054815,
      -3.1730834234159695,
      -2.8494197456513235,
      -2.691131616336765
    ],
    "test_mae": [
      -1.9597330462024973,
      -1.6994723398931673,
      -2.182041498307987,
      -1.8290085168572048,
      -1.871022466911305
    ]
  },
  "420": {
    "fit_time": [
      8.339621782302856,
      8.502390146255493,
      8.496263980865479,
      8.596441268920898,
      8.343497276306152
    ],
    "score_time": [
      0.05563211441040039,
      0.055914878845214844,
      1.3341119289398193,
      0.04648089408874512,
      0.05676388740539551
    ],
    "test_r": [
      0.8172198531591781,
      0.829869736719362,
      0.8161602080713732,
      0.8334873059839162,
      0.8081708972464762
    ],
    "test_r2": [
      0.6591651149175728,
      0.6724211687228631,
      0.663834193134163,
      0.6856568539175156,
      0.6442410387779756
    ],
    "test_rmse": [
      -2.7648599385398764,
      -2.7480640634629503,
      -2.6325063235223927,
      -2.411244501661567,
      -3.046295031299556
    ],
    "test_mae": [
      -1.9427505513416459,
      -1.8849853479513599,
      -1.7864749086992644,
      -1.7209384713128089,
      -1.994510221224128
    ]
  },
  "1234567890": {
    "fit_time": [
      8.028136014938354,
      8.48381519317627,
      8.29835319519043,
      8.34073805809021,
      8.541620016098022
    ],
    "score_time": [
      0.05534100532531738,
      0.05358290672302246,
      0.05394315719604492,
      0.054129838943481445,
      0.051177024841308594
    ],
    "test_r": [
      0.8171515040665704,
      0.8074333832016946,
      0.8535975671811773,
      0.9048020859127069,
      0.7558718303788137
    ],
    "test_r2": [
      0.6533608960797315,
      0.6472599580810395,
      0.7166512602629371,
      0.787625037280847,
      0.5552686257147272
    ],
    "test_rmse": [
      -2.7576560565634285,
      -2.9447124899532615,
      -2.588657924118469,
      -2.209778569786568,
      -2.8310809849653586
    ],
    "test_mae": [
      -1.9128998873215717,
      -1.9640588207890726,
      -1.858648859867276,
      -1.5529580337046847,
      -1.808436678135388
    ]
  },
  "473129": {
    "fit_time": [
      9.851521968841553,
      10.027196168899536,
      10.15565299987793,
      10.20417308807373,
      9.960844993591309
    ],
    "score_time": [
      0.06429195404052734,
      0.052464962005615234,
      0.05224609375,
      0.04657793045043945,
      0.059053897857666016
    ],
    "test_r": [
      0.7762652048758925,
      0.8392959210657627,
      0.8940921334251091,
      0.8718898283011882,
      0.7640026083942347
    ],
    "test_r2": [
      0.5755291049793804,
      0.7027450131931567,
      0.7826885353539587,
      0.750666705339867,
      0.5701700865568959
    ],
    "test_rmse": [
      -3.1147488025543137,
      -2.6743112214370255,
      -2.249816135142897,
      -2.2487135856719256,
      -2.95266236264646
    ],
    "test_mae": [
      -2.0754097963698546,
      -1.939560115256343,
      -1.6011928313710344,
      -1.7448527057294057,
      -1.822341578336532
    ]
  },
  "r_avg": 0.819968891972968,
  "r_stdev": 0.04104045636837147,
  "r_stderr": 0.015511834463329705,
  "r2_avg": 0.661796320398132,
  "r2_stdev": 0.06469434089226857,
  "r2_stderr": 0.024452162462025587,
  "rmse_avg": 2.7149466039222863,
  "rmse_stdev": 0.27224044239580136,
  "rmse_stderr": 0.10289721534192794,
  "mae_avg": 1.8642497357942371,
  "mae_stdev": 0.1391442737062548,
  "mae_stderr": 0.052591592083636264
}