{
  "6": {
    "fit_time": [
      10.559133052825928,
      13.247132539749146,
      13.792123794555664,
      13.020090818405151,
      10.465789318084717
    ],
    "score_time": [
      0.15066075325012207,
      0.15264058113098145,
      0.13219690322875977,
      0.11860775947570801,
      0.11118578910827637
    ],
    "test_r": [
      0.7428982896146462,
      0.7755556959445928,
      0.8063872213316168,
      0.8087583224007208,
      0.7384055979862266
    ],
    "test_r2": [
      0.5451703709242479,
      0.5952971150104924,
      0.6482280633712902,
      0.6490286279511628,
      0.5314629743890551
    ],
    "test_rmse": [
      -1.9987199239758742,
      -2.0617242728968437,
      -1.7907808692190603,
      -1.8664832418614727,
      -2.1127999022439696
    ],
    "test_mae": [
      -1.4250627532400197,
      -1.5805380428901212,
      -1.4301994435046723,
      -1.2795324394857819,
      -1.5866847268729896
    ]
  },
  "13": {
    "fit_time": [
      10.875916004180908,
      12.746316194534302,
      13.726597547531128,
      12.706238031387329,
      10.28252625465393
    ],
    "score_time": [
      0.15319395065307617,
      0.1515026092529297,
      0.13452959060668945,
      0.12043094635009766,
      0.11200737953186035
    ],
    "test_r": [
      0.738029368738333,
      0.7388278684829,
      0.751117248271438,
      0.7904401904964535,
      0.7694899050703568
    ],
    "test_r2": [
      0.5309066200478629,
      0.5426639933014714,
      0.551166144454012,
      0.6227903650702078,
      0.590606969935306
    ],
    "test_rmse": [
      -2.1189945803435526,
      -2.0987962787428995,
      -1.9597001415117983,
      -1.935992145025557,
      -1.9831341083043812
    ],
    "test_mae": [
      -1.4670775147876245,
      -1.4781788897260146,
      -1.5276589741021913,
      -1.4028685403859247,
      -1.4624100338224864
    ]
  },
  "42": {
    "fit_time": [
      10.68509817123413,
      13.245983123779297,
      13.571849584579468,
      12.751484394073486,
      10.247227191925049
    ],
    "score_time": [
      0.15498614311218262,
      0.15025711059570312,
      0.1333305835723877,
      0.11932921409606934,
      0.11070013046264648
    ],
    "test_r": [
      0.7541151554247651,
      0.8205916131714271,
      0.7559823513719606,
      0.7609953351781217,
      0.7902780901720123
    ],
    "test_r2": [
      0.5683687394151254,
      0.6415892863855238,
      0.5685287121745503,
      0.5612044328919915,
      0.6217289125950076
    ],
    "test_rmse": [
      -2.061995325155251,
      -1.5434727544180258,
      -2.2829903228567345,
      -1.976635963416211,
      -1.9578579949567627
    ],
    "test_mae": [
      -1.6239893108152823,
      -1.2058219340425826,
      -1.6166335178389828,
      -1.3897496302777679,
      -1.4235760226346459
    ]
  },
  "69": {
    "fit_time": [
      10.989223957061768,
      12.758192777633667,
      13.450492858886719,
      12.696234941482544,
      10.052536487579346
    ],
    "score_time": [
      0.14876008033752441,
      0.15407800674438477,
      0.13502836227416992,
      0.12016510963439941,
      0.1107795238494873
    ],
    "test_r": [
      0.7803283659150879,
      0.8206623420379409,
      0.7735646561461652,
      0.7822662515489985,
      0.6991125892909414
    ],
    "test_r2": [
      0.5909428818414515,
      0.6728704510285173,
      0.5928629469316036,
      0.6034061298894684,
      0.4554674786179187
    ],
    "test_rmse": [
      -1.9035136159623585,
      -1.8133861320184934,
      -1.8850486839232057,
      -2.0472144136281516,
      -2.2799977776904106
    ],
    "test_mae": [
      -1.3817663481142206,
      -1.391791786210994,
      -1.4233723640187073,
      -1.5349627571747488,
      -1.673365665484628
    ]
  },
  "420": {
    "fit_time": [
      10.55961561203003,
      13.58217978477478,
      13.894105434417725,
      12.882091045379639,
      10.539773225784302
    ],
    "score_time": [
      0.14885997772216797,
      0.15490198135375977,
      0.13389801979064941,
      0.1185922622680664,
      0.11054396629333496
    ],
    "test_r": [
      0.7905017058396022,
      0.7196953380230353,
      0.8248832775823666,
      0.8503628018918223,
      0.7954793720714902
    ],
    "test_r2": [
      0.6172811250834432,
      0.4859826104149536,
      0.6785944664540478,
      0.7136552014419328,
      0.6290168998816794
    ],
    "test_rmse": [
      -1.9091861600769184,
      -2.0507862300248614,
      -1.6406567010536397,
      -1.765739504738951,
      -2.003666706161362
    ],
    "test_mae": [
      -1.3969295262215111,
      -1.5624282221540153,
      -1.2985359579057647,
      -1.3939576603973796,
      -1.4094962647376554
    ]
  },
  "1234567890": {
    "fit_time": [
      10.632238388061523,
      13.084900379180908,
      13.813631772994995,
      12.953864812850952,
      10.452318906784058
    ],
    "score_time": [
      0.15377140045166016,
      0.1539287567138672,
      0.13590192794799805,
      0.1224970817565918,
      0.11057829856872559
    ],
    "test_r": [
      0.8211690459895884,
      0.804215717863387,
      0.6792596806492344,
      0.848587860622982,
      0.8561731003467354
    ],
    "test_r2": [
      0.6699000434413516,
      0.6461867923723574,
      0.4489398913487964,
      0.7010997820107183,
      0.7280468012745785
    ],
    "test_rmse": [
      -1.7662775052140942,
      -1.94732739502584,
      -2.4868740661530904,
      -1.5585307598451918,
      -1.4876004366075544
    ],
    "test_mae": [
      -1.3495291565539633,
      -1.4255127345517749,
      -1.7496536295239042,
      -1.2373580855703148,
      -1.206770520577076
    ]
  },
  "473129": {
    "fit_time": [
      10.960764646530151,
      13.20621132850647,
      13.691341161727905,
      12.91046667098999,
      10.22055172920227
    ],
    "score_time": [
      0.14266753196716309,
      0.1539599895477295,
      0.1334376335144043,
      0.11935997009277344,
      0.11124110221862793
    ],
    "test_r": [
      0.7752030298788181,
      0.8350537283695598,
      0.81312187747476,
      0.7666112078047066,
      0.8229294086912812
    ],
    "test_r2": [
      0.5983269574241517,
      0.6887644266580415,
      0.6555729410159628,
      0.5824136484725166,
      0.6681324012868057
    ],
    "test_rmse": [
      -1.9460131018211853,
      -1.686998895012767,
      -1.8648182537521112,
      -2.0820476657101765,
      -1.6311718406224631
    ],
    "test_mae": [
      -1.4135793386269029,
      -1.3088734291652568,
      -1.334601726660043,
      -1.532385246404487,
      -1.2332550487255136
    ]
  },
  "r_avg": 0.7828872460484021,
  "r_stdev": 0.04158784721660202,
  "r_stderr": 0.01571872875681124,
  "r2_avg": 0.605605862994503,
  "r2_stdev": 0.06762581497175726,
  "r2_stderr": 0.025560155517619743,
  "rmse_avg": 1.928769533427749,
  "rmse_stdev": 0.2119154555712462,
  "rmse_stderr": 0.08009651348749637,
  "mae_avg": 1.4330887783773127,
  "mae_stdev": 0.12978013742614983,
  "mae_stderr": 0.0490522812493398
}