{
  "6": {
    "fit_time": [
      21.12005066871643,
      21.292810201644897,
      21.16098165512085,
      20.38538885116577,
      19.067571878433228
    ],
    "score_time": [
      0.10284829139709473,
      0.10243368148803711,
      0.10208249092102051,
      0.10204172134399414,
      0.1000211238861084
    ],
    "test_r": [
      0.749300708116605,
      0.7783044458912431,
      0.8143919892117977,
      0.8133453097743284,
      0.7489885016448099
    ],
    "test_r2": [
      0.5612572844700774,
      0.5895593235704949,
      0.6588330880674966,
      0.6530511041820246,
      0.5589226665960865
    ],
    "test_rmse": [
      -1.963055268362443,
      -2.0762881777418745,
      -1.763580562635733,
      -1.8557565542029137,
      -2.049952415700715
    ],
    "test_mae": [
      -1.4529234904952875,
      -1.5692503025691218,
      -1.3780276942605443,
      -1.319244613470024,
      -1.539376223058106
    ]
  },
  "13": {
    "fit_time": [
      21.087538719177246,
      21.326428651809692,
      20.789408922195435,
      21.256441354751587,
      19.81442618370056
    ],
    "score_time": [
      0.10239791870117188,
      0.10425853729248047,
      0.10239171981811523,
      0.10008406639099121,
      0.10093259811401367
    ],
    "test_r": [
      0.724635219377072,
      0.7476075029021502,
      0.7543332466502393,
      0.7895694236006346,
      0.7830346151206883
    ],
    "test_r2": [
      0.5174131131020487,
      0.5578464028445334,
      0.555543107365392,
      0.6187302943047865,
      0.6065135074097324
    ],
    "test_rmse": [
      -2.149255032647886,
      -2.063664860212223,
      -1.9501213752930102,
      -1.9463832201628255,
      -1.9442261324642265
    ],
    "test_mae": [
      -1.513834217694568,
      -1.5310727672076834,
      -1.5802487697542555,
      -1.4450073449273855,
      -1.4226439848350858
    ]
  },
  "42": {
    "fit_time": [
      20.904568433761597,
      21.318172454833984,
      20.665164470672607,
      20.83447766304016,
      19.591880798339844
    ],
    "score_time": [
      0.10363197326660156,
      0.10237574577331543,
      0.10087156295776367,
      0.10378861427307129,
      0.1011202335357666
    ],
    "test_r": [
      0.7590335474223064,
      0.8210014383078985,
      0.7586888830636549,
      0.7328223662897659,
      0.7973808120275693
    ],
    "test_r2": [
      0.5698776253285374,
      0.6714317876825107,
      0.566371319486505,
      0.533869220294269,
      0.6315574280489784
    ],
    "test_rmse": [
      -2.05838803362855,
      -1.4778190089824774,
      -2.2886907777602747,
      -2.037274117287792,
      -1.9322553461065328
    ],
    "test_mae": [
      -1.6255887622531888,
      -1.2037575228669464,
      -1.6269810978239332,
      -1.4639795029722151,
      -1.4758842091320301
    ]
  },
  "69": {
    "fit_time": [
      20.9363009929657,
      21.18198585510254,
      20.671364545822144,
      21.61743927001953,
      19.264525413513184
    ],
    "score_time": [
      0.10305595397949219,
      0.10522150993347168,
      0.10253405570983887,
      0.10109066963195801,
      0.09948348999023438
    ],
    "test_r": [
      0.7982308633445137,
      0.8293576317169041,
      0.7575700710510564,
      0.7928897746729356,
      0.713589194081969
    ],
    "test_r2": [
      0.6239342495850381,
      0.6725497414317368,
      0.5694478540023362,
      0.6284229050717955,
      0.48689654553227646
    ],
    "test_rmse": [
      -1.8251388170921223,
      -1.814274813379783,
      -1.9384970107069515,
      -1.9815945513233855,
      -2.2132220162221783
    ],
    "test_mae": [
      -1.3100056962108542,
      -1.4238213827410693,
      -1.440164946395214,
      -1.4938246647702507,
      -1.6323707229115065
    ]
  },
  "420": {
    "fit_time": [
      20.832520484924316,
      20.747623682022095,
      21.53061079978943,
      21.058492183685303,
      18.994916439056396
    ],
    "score_time": [
      0.10288667678833008,
      0.10239982604980469,
      0.10114288330078125,
      0.1036529541015625,
      0.10039377212524414
    ],
    "test_r": [
      0.8004208605885025,
      0.6882684794699366,
      0.81761807168259,
      0.8303863697196482,
      0.7560664211711016
    ],
    "test_r2": [
      0.6321047349793543,
      0.4618086490049149,
      0.6664302544500499,
      0.6672563417439943,
      0.5702900097149408
    ],
    "test_rmse": [
      -1.871847380303917,
      -2.098455886326754,
      -1.6714152821467472,
      -1.9034298589986949,
      -2.156433868289328
    ],
    "test_mae": [
      -1.444349283829275,
      -1.6123082898184207,
      -1.305719283156361,
      -1.4899909391448747,
      -1.4791901349269894
    ]
  },
  "1234567890": {
    "fit_time": [
      21.40178871154785,
      20.754965782165527,
      20.380157709121704,
      20.67767596244812,
      19.697136163711548
    ],
    "score_time": [
      0.1032254695892334,
      0.10359883308410645,
      0.10220885276794434,
      0.1007833480834961,
      0.09933257102966309
    ],
    "test_r": [
      0.8186081646008128,
      0.8086060029573567,
      0.659356419107973,
      0.8337780258544905,
      0.8533495574193513
    ],
    "test_r2": [
      0.655164712715909,
      0.646149007605908,
      0.42193842765711176,
      0.6629912717345747,
      0.7263802108444763
    ],
    "test_rmse": [
      -1.8052695419567304,
      -1.947431372696687,
      -2.5470727912596134,
      -1.6549041181820188,
      -1.4921516497418996
    ],
    "test_mae": [
      -1.4086625174777914,
      -1.4858673967568987,
      -1.787674185546201,
      -1.323237537783101,
      -1.165206741175487
    ]
  },
  "473129": {
    "fit_time": [
      21.51161217689514,
      21.146175861358643,
      21.184898853302002,
      21.280795335769653,
      19.027243852615356
    ],
    "score_time": [
      0.10360598564147949,
      0.10376167297363281,
      0.10117101669311523,
      0.10150957107543945,
      0.09973669052124023
    ],
    "test_r": [
      0.7585833343415791,
      0.8258022764887805,
      0.8149217661609257,
      0.7829153461036781,
      0.8022960722103152
    ],
    "test_r2": [
      0.5754164356721527,
      0.6692155250453031,
      0.6632080839352889,
      0.6042629746814303,
      0.6323176463490259
    ],
    "test_rmse": [
      -2.000741618369586,
      -1.7391728309422931,
      -1.8440330874046056,
      -2.026846514861103,
      -1.7169343226928302
    ],
    "test_mae": [
      -1.4787201746151548,
      -1.3347753299545257,
      -1.3586799463209103,
      -1.4969923959877292,
      -1.3054043970446547
    ]
  },
  "r_avg": 0.7804300774898624,
  "r_stdev": 0.04302701078907105,
  "r_stderr": 0.016262681458053572,
  "r2_avg": 0.6024846529860313,
  "r2_stdev": 0.06555748164468074,
  "r2_stderr": 0.02477839900164384,
  "rmse_avg": 1.9373022347453348,
  "rmse_stdev": 0.20851284294146422,
  "rmse_stderr": 0.07881044679802629,
  "mae_avg": 1.454993899139647,
  "mae_stdev": 0.12656088019384024,
  "mae_stderr": 0.047835516386048764
}