{
  "6": {
    "fit_time": [
      0.27732324600219727,
      0.27410125732421875,
      0.27552151679992676,
      0.27538228034973145,
      0.2557055950164795
    ],
    "score_time": [
      0.10873246192932129,
      0.1078038215637207,
      0.10629892349243164,
      0.10723876953125,
      0.10332632064819336
    ],
    "test_r": [
      0.7165763598716459,
      0.7653859284468945,
      0.6682567740825994,
      0.8162650335913736,
      0.6892853089383657
    ],
    "test_r2": [
      0.4950560400925581,
      0.5746367954785068,
      0.44025004674967694,
      0.6263002661908649,
      0.46400031361489735
    ],
    "test_rmse": [
      -1.9483288187188625,
      -2.254839213457749,
      -2.2214176001197834,
      -2.1596090267233055,
      -2.0471507635456607
    ],
    "test_mae": [
      -1.428693654087329,
      -1.638916273741475,
      -1.6360817449538378,
      -1.6685048370884614,
      -1.6722821832209542
    ]
  },
  "13": {
    "fit_time": [
      0.2742037773132324,
      0.2750396728515625,
      0.2707233428955078,
      0.2742431163787842,
      0.2584562301635742
    ],
    "score_time": [
      0.10768389701843262,
      0.10850334167480469,
      0.10627079010009766,
      0.10805106163024902,
      0.10696721076965332
    ],
    "test_r": [
      0.7725040838926482,
      0.6762076480388552,
      0.7289782976185718,
      0.807298615795698,
      0.6803835220599885
    ],
    "test_r2": [
      0.5869458275866937,
      0.45610744412684046,
      0.5107450138542593,
      0.6367014115411525,
      0.4589137350984591
    ],
    "test_rmse": [
      -1.816034871143291,
      -2.2912569865904486,
      -2.2253866586631803,
      -1.961811429630346,
      -2.353444450751528
    ],
    "test_mae": [
      -1.4456449297032221,
      -1.7224935327167987,
      -1.8077977377850931,
      -1.496685004927161,
      -1.725050225642276
    ]
  },
  "42": {
    "fit_time": [
      0.2703847885131836,
      0.2749919891357422,
      0.27401113510131836,
      0.27470898628234863,
      0.25510573387145996
    ],
    "score_time": [
      0.10621404647827148,
      0.10881996154785156,
      0.10645580291748047,
      0.10870599746704102,
      0.10247063636779785
    ],
    "test_r": [
      0.648173630101762,
      0.7393621058146924,
      0.7345364279503881,
      0.7917701666486878,
      0.7185062640458405
    ],
    "test_r2": [
      0.4049972956184458,
      0.5376920006367221,
      0.5389018707721523,
      0.5926100116328248,
      0.5147426631305121
    ],
    "test_rmse": [
      -2.201614261001227,
      -2.260238139562395,
      -2.1760133317206725,
      -2.07379829717947,
      -2.0838110051993644
    ],
    "test_mae": [
      -1.682466805434649,
      -1.7154500980111593,
      -1.6420824828969809,
      -1.538662931474358,
      -1.547498172717446
    ]
  },
  "69": {
    "fit_time": [
      0.2766602039337158,
      0.27635788917541504,
      0.2737541198730469,
      0.2790639400482178,
      0.2559390068054199
    ],
    "score_time": [
      0.10934019088745117,
      0.10864472389221191,
      0.10682296752929688,
      0.1105194091796875,
      0.10543513298034668
    ],
    "test_r": [
      0.6952808720328484,
      0.7238247877300894,
      0.7699327493601407,
      0.7751073973352793,
      0.7198549020269541
    ],
    "test_r2": [
      0.4512104941147983,
      0.41225009307885263,
      0.5822761469240038,
      0.595502061877166,
      0.5018909351651291
    ],
    "test_rmse": [
      -2.035173904601037,
      -2.7371888782892535,
      -1.910169290761668,
      -2.0989505090488825,
      -1.9993220994622418
    ],
    "test_mae": [
      -1.4789415159102675,
      -2.048380986790518,
      -1.5035065835251586,
      -1.7014308631646706,
      -1.5639170217332046
    ]
  },
  "420": {
    "fit_time": [
      0.2720456123352051,
      0.2828404903411865,
      0.2758970260620117,
      0.27577829360961914,
      0.2582881450653076
    ],
    "score_time": [
      0.10693693161010742,
      0.11108899116516113,
      0.10547566413879395,
      0.10907435417175293,
      0.10404586791992188
    ],
    "test_r": [
      0.6804789722556018,
      0.736075390737803,
      0.7588953617976576,
      0.7558920374200615,
      0.7888738049871628
    ],
    "test_r2": [
      0.4612324657699751,
      0.5244231669889943,
      0.49926025638559834,
      0.5641677314856633,
      0.6038510904249208
    ],
    "test_rmse": [
      -2.3573839360753777,
      -1.8778452070753813,
      -2.2653100158896304,
      -2.0745865976267788,
      -2.0323125957423853
    ],
    "test_mae": [
      -1.788852197911395,
      -1.4396759607969651,
      -1.7305652806873653,
      -1.5692107358317176,
      -1.5857548999781372
    ]
  },
  "1234567890": {
    "fit_time": [
      0.2781836986541748,
      0.2742915153503418,
      0.27067017555236816,
      0.28179430961608887,
      0.25780320167541504
    ],
    "score_time": [
      0.10846710205078125,
      0.10817360877990723,
      0.10690879821777344,
      0.11075687408447266,
      0.10698103904724121
    ],
    "test_r": [
      0.728159736421414,
      0.6682821905215053,
      0.6969761363054061,
      0.7788769624072113,
      0.818858557149118
    ],
    "test_r2": [
      0.49513471139777165,
      0.4415168465457574,
      0.48241351835153923,
      0.5976702922193925,
      0.6498164208732329
    ],
    "test_rmse": [
      -2.2922565114785196,
      -2.261584419547882,
      -2.221464364093583,
      -2.028864741778192,
      -1.816152874573217
    ],
    "test_mae": [
      -1.6688424413642124,
      -1.7651455796440347,
      -1.6777853326303531,
      -1.522696178576427,
      -1.3937331451205361
    ]
  },
  "473129": {
    "fit_time": [
      0.26824307441711426,
      0.2828094959259033,
      0.27626943588256836,
      0.27225589752197266,
      0.2543928623199463
    ],
    "score_time": [
      0.10599875450134277,
      0.11256647109985352,
      0.10921192169189453,
      0.10736989974975586,
      0.10301542282104492
    ],
    "test_r": [
      0.7213230983499267,
      0.8289178846223416,
      0.794979440691603,
      0.700073956283068,
      0.6252159868272013
    ],
    "test_r2": [
      0.5171487143316702,
      0.6789149942260062,
      0.6284641128028403,
      0.4835536961990209,
      0.33874818231508264
    ],
    "test_rmse": [
      -2.1422152248217086,
      -1.7244981510379511,
      -1.9001117806889223,
      -2.238599668288647,
      -2.648041417357659
    ],
    "test_mae": [
      -1.7621292091052934,
      -1.3896320671417053,
      -1.4165489342955577,
      -1.700349778555466,
      -1.8852285926487165
    ]
  },
  "r_avg": 0.7348391540617257,
  "r_stdev": 0.05098903063450305,
  "r_stderr": 0.019272042093021288,
  "r2_avg": 0.5242299047886281,
  "r2_stdev": 0.07753152402991147,
  "r2_stderr": 0.029304161621567723,
  "rmse_avg": 2.135336772635605,
  "rmse_stdev": 0.21068947865942841,
  "rmse_stderr": 0.07963313777009969,
  "mae_avg": 1.62744679770894,
  "mae_stdev": 0.14646581231104577,
  "mae_stderr": 0.0553588735640128
}