{
  "6": {
    "fit_time": [
      5.733205795288086,
      5.3425281047821045
    ],
    "score_time": [
      0.20296692848205566,
      0.20924901962280273
    ],
    "test_r": [
      0.7026592676698703,
      0.7545083855483984
    ],
    "test_r2": [
      0.4777231533357499,
      0.559841842415312
    ],
    "test_rmse": [
      -2.233180990759906,
      -2.0547226060759534
    ],
    "test_mae": [
      -1.6429196879113102,
      -1.468062649508351
    ]
  },
  "r_avg": 0.7285838266091343,
  "r_stdev": 0.025924558939264042,
  "r_stderr": 0.009798562257475584,
  "r2_avg": 0.5187824978755309,
  "r2_stdev": 0.04105934453978105,
  "r2_stderr": 0.015518973521082636,
  "rmse_avg": 2.1439517984179295,
  "rmse_stdev": 0.08922919234197635,
  "rmse_stderr": 0.033725464660574064,
  "mae_avg": 1.5554911687098305,
  "mae_stdev": 0.08742851920147954,
  "mae_stderr": 0.033044874185964315
}