{
  "6": {
    "fit_time": [
      9.17609691619873,
      9.44682765007019,
      8.660208463668823,
      9.31153130531311,
      8.5416259765625
    ],
    "score_time": [
      0.08091402053833008,
      0.0818779468536377,
      0.08109259605407715,
      0.08100438117980957,
      0.07923197746276855
    ],
    "test_r": [
      0.7396507547124204,
      0.7588638352363617,
      0.7436004705283074,
      0.8163973424032587,
      0.68270464798436
    ],
    "test_r2": [
      0.5109751543048576,
      0.5660205148940396,
      0.5489502614733663,
      0.6633051653403914,
      0.4069881604158716
    ],
    "test_rmse": [
      -1.9173708745216191,
      -2.2775620591383032,
      -1.994092927324669,
      -2.0498966547502575,
      -2.153273729927364
    ],
    "test_mae": [
      -1.4413593858681724,
      -1.594902515619234,
      -1.4620396292245263,
      -1.5770066969317789,
      -1.6464881151439683
    ]
  },
  "13": {
    "fit_time": [
      9.023127555847168,
      9.164157629013062,
      9.056684255599976,
      9.099816083908081,
      8.61462140083313
    ],
    "score_time": [
      0.08505058288574219,
      0.08159470558166504,
      0.07968544960021973,
      0.07972359657287598,
      0.07965326309204102
    ],
    "test_r": [
      0.7792597572258411,
      0.7750222445600428,
      0.7433697683161063,
      0.867014041997347,
      0.7067611790214425
    ],
    "test_r2": [
      0.5860145561657544,
      0.5836608458725159,
      0.5328906263988535,
      0.7456541340408925,
      0.4893743526390013
    ],
    "test_rmse": [
      -1.8180809335056964,
      -2.00466068246752,
      -2.174438561031705,
      -1.6414881307046587,
      -2.2862410022452617
    ],
    "test_mae": [
      -1.4219365842453984,
      -1.5190456930388638,
      -1.6621742199629796,
      -1.2540693886906378,
      -1.5895805917948556
    ]
  },
  "42": {
    "fit_time": [
      9.158895492553711,
      9.162492275238037,
      9.138770580291748,
      9.239919424057007,
      8.560855865478516
    ],
    "score_time": [
      0.08158993721008301,
      0.08120059967041016,
      0.08048701286315918,
      0.08068537712097168,
      0.07963395118713379
    ],
    "test_r": [
      0.7045518248539882,
      0.7221640834984236,
      0.7655085951706128,
      0.7730919129372001,
      0.7320831713918565
    ],
    "test_r2": [
      0.47256651545609374,
      0.5179856515623806,
      0.5802415826196232,
      0.5921785567511579,
      0.5291094785841153
    ],
    "test_rmse": [
      -2.0728391795017704,
      -2.3079079230833885,
      -2.0761779704722816,
      -2.0748961562933284,
      -2.0527319708371787
    ],
    "test_mae": [
      -1.5581384285629194,
      -1.7506950431871753,
      -1.5661079419677164,
      -1.5050473366585544,
      -1.4562137083827238
    ]
  },
  "69": {
    "fit_time": [
      9.150887250900269,
      9.111958503723145,
      8.998135089874268,
      9.070509672164917,
      8.45618200302124
    ],
    "score_time": [
      0.08182573318481445,
      0.08181214332580566,
      0.08004903793334961,
      0.07985234260559082,
      0.0801401138305664
    ],
    "test_r": [
      0.7544633449468223,
      0.7694119353382897,
      0.7376949162905819,
      0.7531710851906672,
      0.7801031722138309
    ],
    "test_r2": [
      0.526223772882452,
      0.5395197508129945,
      0.5395431823011632,
      0.5542409489060427,
      0.5922075247840006
    ],
    "test_rmse": [
      -1.890972699812919,
      -2.4227800330301794,
      -2.005495422094097,
      -2.2034039697509247,
      -1.8090065847091648
    ],
    "test_mae": [
      -1.3636792283027372,
      -1.7379593815757606,
      -1.5283668999169462,
      -1.5255429911435603,
      -1.3661661813275578
    ]
  },
  "420": {
    "fit_time": [
      9.247507572174072,
      9.245124340057373,
      9.086305856704712,
      9.150650978088379,
      8.4370698928833
    ],
    "score_time": [
      0.08188128471374512,
      0.08202624320983887,
      0.08122467994689941,
      0.08077740669250488,
      0.07900834083557129
    ],
    "test_r": [
      0.7657603683492168,
      0.7402701797975139,
      0.7729122162404601,
      0.7910762233038882,
      0.8138187738333599
    ],
    "test_r2": [
      0.5833216451655395,
      0.5016251905199802,
      0.588230215860535,
      0.6244628378381863,
      0.6597018680081312
    ],
    "test_rmse": [
      -2.0731469228328425,
      -1.922327974855992,
      -2.0542289776541565,
      -1.9257430407443439,
      -1.883610310206107
    ],
    "test_mae": [
      -1.5719806919224648,
      -1.4400179537398043,
      -1.602718344560756,
      -1.446478670296312,
      -1.458786200769846
    ]
  },
  "1234567890": {
    "fit_time": [
      9.43634295463562,
      9.185829401016235,
      9.158867835998535,
      8.929336309432983,
      8.76445984840393
    ],
    "score_time": [
      0.08241891860961914,
      0.08193421363830566,
      0.0806884765625,
      0.08042311668395996,
      0.08017301559448242
    ],
    "test_r": [
      0.807453051613187,
      0.7281803033439231,
      0.7135645752729107,
      0.7396368646138327,
      0.838753420170671
    ],
    "test_r2": [
      0.6407535761827123,
      0.5138055735645461,
      0.50454054948158,
      0.534531180300035,
      0.7030683021057378
    ],
    "test_rmse": [
      -1.9336224765439736,
      -2.110147204714583,
      -2.173461475444112,
      -2.182264265396905,
      -1.6723716417781134
    ],
    "test_mae": [
      -1.3622327052886976,
      -1.6370466792013176,
      -1.6460459308963336,
      -1.5036519558724513,
      -1.2560456243248361
    ]
  },
  "473129": {
    "fit_time": [
      9.071825981140137,
      9.258260011672974,
      9.279390573501587,
      8.885585308074951,
      8.495001554489136
    ],
    "score_time": [
      0.0816495418548584,
      0.08251738548278809,
      0.08166193962097168,
      0.08046817779541016,
      0.07981276512145996
    ],
    "test_r": [
      0.7024659366616598,
      0.7992331270444143,
      0.7765868221586014,
      0.7575543173646297,
      0.7062936733581897
    ],
    "test_r2": [
      0.48658996875002936,
      0.6269478529075372,
      0.5974541139500473,
      0.5705588835180269,
      0.46896240948755563
    ],
    "test_rmse": [
      -2.2089637064194605,
      -1.858820667021857,
      -1.9778186247697593,
      -2.041341477288318,
      -2.373034030987365
    ],
    "test_mae": [
      -1.6432471018555437,
      -1.3802477583998867,
      -1.4791723784674162,
      -1.5136926312532475,
      -1.7132039860577535
    ]
  },
  "r_avg": 0.7588127981984064,
  "r_stdev": 0.04000285349230459,
  "r_stderr": 0.015119657439084229,
  "r2_avg": 0.5623487115384499,
  "r2_stdev": 0.0684740399872153,
  "r2_stderr": 0.02588075443858058,
  "rmse_avg": 2.046406293196005,
  "rmse_stdev": 0.1786348905002777,
  "rmse_stderr": 0.06751764224899846,
  "mae_avg": 1.5194596735557926,
  "mae_stdev": 0.12187247221841016,
  "mae_stderr": 0.04606346473636308
}