{
  "6": {
    "fit_time": [
      21.68769383430481,
      23.171068906784058,
      23.80294156074524,
      23.371605157852173,
      15.892019033432007
    ],
    "score_time": [
      0.11379146575927734,
      0.11290192604064941,
      0.0938410758972168,
      0.07577896118164062,
      0.061681509017944336
    ],
    "test_r": [
      0.8351110893858745,
      0.8504216995521793,
      0.8599906067235153,
      0.8616028662044684,
      0.850476166970707
    ],
    "test_r2": [
      0.6946273783421008,
      0.7141031581854214,
      0.7372485129427078,
      0.7377139197488597,
      0.7220340711665119
    ],
    "test_rmse": [
      -2.193074040395023,
      -1.890375182502949,
      -1.9845818246182616,
      -1.930961490649979,
      -2.0393126100214887
    ],
    "test_mae": [
      -1.6446371086758556,
      -1.4422154577305284,
      -1.446086331212743,
      -1.5306669422607706,
      -1.5720120918499247
    ]
  },
  "13": {
    "fit_time": [
      21.87878155708313,
      24.025563716888428,
      24.28912878036499,
      23.084837675094604,
      15.941859245300293
    ],
    "score_time": [
      0.11042642593383789,
      0.11239051818847656,
      0.09366202354431152,
      0.07402777671813965,
      0.06282854080200195
    ],
    "test_r": [
      0.8363700630123615,
      0.848537945787927,
      0.8744957839244225,
      0.8419214214960244,
      0.8465362709412567
    ],
    "test_r2": [
      0.6822997987182916,
      0.7186845736727538,
      0.7646688937353932,
      0.7079293303097466,
      0.7099968038210944
    ],
    "test_rmse": [
      -2.007492740889502,
      -1.920472336263659,
      -1.9398211065045041,
      -2.13327279918162,
      -2.075554984667873
    ],
    "test_mae": [
      -1.503873759421119,
      -1.4651101687292,
      -1.4826024063410324,
      -1.6736584453284775,
      -1.4907617511938258
    ]
  },
  "42": {
    "fit_time": [
      20.993852853775024,
      23.48266339302063,
      23.86475133895874,
      23.88948154449463,
      16.181702136993408
    ],
    "score_time": [
      0.11318111419677734,
      0.10877013206481934,
      0.09500408172607422,
      0.07242512702941895,
      0.06155204772949219
    ],
    "test_r": [
      0.8538380238662913,
      0.8591604295576244,
      0.8425864641021716,
      0.8746072253829426,
      0.8612148859120311
    ],
    "test_r2": [
      0.7287909232328512,
      0.7366765838724423,
      0.6987219839652781,
      0.761627599052449,
      0.7360125965345463
    ],
    "test_rmse": [
      -1.9814822123948,
      -1.9653760915239633,
      -2.0526259687873845,
      -1.893067409202727,
      -1.8849710368180794
    ],
    "test_mae": [
      -1.4759153141570125,
      -1.5327349969141257,
      -1.5605820739504288,
      -1.4748856138690019,
      -1.426893537894078
    ]
  },
  "69": {
    "fit_time": [
      21.736395120620728,
      23.94587230682373,
      23.9604332447052,
      23.495479583740234,
      16.21492910385132
    ],
    "score_time": [
      0.11212158203125,
      0.10701107978820801,
      0.09265995025634766,
      0.07380199432373047,
      0.06277227401733398
    ],
    "test_r": [
      0.8749673407675097,
      0.8677110338577807,
      0.8515527995033572,
      0.8530416313536681,
      0.8318368232991364
    ],
    "test_r2": [
      0.7654932002223331,
      0.7514551370922022,
      0.7164432351683689,
      0.7147073710728491,
      0.69080614567424
    ],
    "test_rmse": [
      -1.8627078772632764,
      -1.9845656354615084,
      -1.9849617711608343,
      -1.8722100381401285,
      -2.1702969192024324
    ],
    "test_mae": [
      -1.4477325059564379,
      -1.5001527805142254,
      -1.5203602360217605,
      -1.4332129737001267,
      -1.667469324162771
    ]
  },
  "420": {
    "fit_time": [
      21.775834321975708,
      23.30000615119934,
      24.46691083908081,
      23.246756553649902,
      15.999996662139893
    ],
    "score_time": [
      0.11533999443054199,
      0.11328911781311035,
      0.09100914001464844,
      0.0743861198425293,
      0.06199073791503906
    ],
    "test_r": [
      0.861810045475883,
      0.8129089811766461,
      0.8789671363350471,
      0.8469531156519523,
      0.8019036150852555
    ],
    "test_r2": [
      0.7412963002628543,
      0.6146194331118127,
      0.7703961587855843,
      0.7079682324458111,
      0.6384263840979016
    ],
    "test_rmse": [
      -1.9492139578403045,
      -2.1468539635234225,
      -1.9971167655802833,
      -2.1151986762048085,
      -2.177468984737455
    ],
    "test_mae": [
      -1.4837066361235491,
      -1.6394864865464178,
      -1.5207586651630212,
      -1.6106584270809794,
      -1.5985341034911482
    ]
  },
  "1234567890": {
    "fit_time": [
      21.467260122299194,
      23.647525787353516,
      24.31908941268921,
      23.144609689712524,
      16.13504457473755
    ],
    "score_time": [
      0.11263585090637207,
      0.11336994171142578,
      0.09363055229187012,
      0.07383108139038086,
      0.06257462501525879
    ],
    "test_r": [
      0.8646871611221002,
      0.861516378990039,
      0.8655849537787137,
      0.8113826448086084,
      0.854824422637345
    ],
    "test_r2": [
      0.7442294094487001,
      0.7412181582974859,
      0.7487906716397391,
      0.6478162050724601,
      0.7171749671626773
    ],
    "test_rmse": [
      -1.9753033298713494,
      -1.9856988700393574,
      -1.9264620272833224,
      -2.2173635438949355,
      -1.9229849944017956
    ],
    "test_mae": [
      -1.4734006892462117,
      -1.5305455797965817,
      -1.4899024242120966,
      -1.599525924763966,
      -1.445331649716139
    ]
  },
  "473129": {
    "fit_time": [
      21.693758249282837,
      23.28257131576538,
      24.125849723815918,
      22.946109294891357,
      16.012966632843018
    ],
    "score_time": [
      0.11660122871398926,
      0.12081766128540039,
      0.09295535087585449,
      0.07374286651611328,
      0.06202507019042969
    ],
    "test_r": [
      0.854616603392895,
      0.8728956912333649,
      0.8330158332710145,
      0.8714389720146154,
      0.8102853549824427
    ],
    "test_r2": [
      0.7260449686555167,
      0.7613576544788025,
      0.6902167819661065,
      0.7585119566357411,
      0.6486637939764108
    ],
    "test_rmse": [
      -1.9336076922654744,
      -1.9384045190113022,
      -2.1320911384564725,
      -1.9234353052596234,
      -2.1438665291966816
    ],
    "test_mae": [
      -1.442466213367379,
      -1.4577931936521509,
      -1.584803227586856,
      -1.5305301245741203,
      -1.6258437718975325
    ]
  },
  "r_avg": 0.850822042330205,
  "r_stdev": 0.01935763576541375,
  "r_stderr": 0.007316498600779177,
  "r2_avg": 0.718479208359087,
  "r2_stdev": 0.03734573919211857,
  "r2_stderr": 0.014115362632889136,
  "rmse_avg": 2.0072072678061885,
  "rmse_stdev": 0.10165083529214522,
  "rmse_stderr": 0.03842040439214342,
  "mae_avg": 1.523567169631474,
  "mae_stdev": 0.0713894042130944,
  "mae_stderr": 0.026982658541844933
}