{
  "6": {
    "fit_time": [
      1.365602970123291,
      1.3649020195007324,
      1.3675663471221924,
      1.370732307434082,
      0.900235652923584
    ],
    "score_time": [
      0.014369010925292969,
      0.014366865158081055,
      0.013886213302612305,
      0.012702465057373047,
      0.01098012924194336
    ],
    "test_r": [
      0.6485392493253017,
      0.7777833437165551,
      0.7007740385944654,
      0.7235808167245751,
      0.7117581234960647
    ],
    "test_r2": [
      0.4116941033597621,
      0.5995999580561129,
      0.49106287905809864,
      0.5223758958830724,
      0.5003140259643415
    ],
    "test_rmse": [
      -0.07181282083065954,
      -0.07665455993795725,
      -0.07454784401037265,
      -0.07876578677150295,
      -0.07218717320641932
    ],
    "test_mae": [
      -0.050715620854071206,
      -0.05569304774488721,
      -0.053010046618325375,
      -0.05846617397102151,
      -0.05051731443834734
    ]
  },
  "13": {
    "fit_time": [
      1.3584938049316406,
      1.3662657737731934,
      1.365492582321167,
      1.3553714752197266,
      0.9050889015197754
    ],
    "score_time": [
      0.014473915100097656,
      0.013033390045166016,
      0.013033390045166016,
      0.014489412307739258,
      0.011152267456054688
    ],
    "test_r": [
      0.6775626448854613,
      0.7702267320458831,
      0.7401552862611743,
      0.7679708813539204,
      0.6237270457304513
    ],
    "test_r2": [
      0.4584677914464663,
      0.5769633145904822,
      0.5445009251060947,
      0.5810983551987678,
      0.36413173821162736
    ],
    "test_rmse": [
      -0.08055824376363879,
      -0.07654000442298693,
      -0.07590489541927721,
      -0.0676677236506953,
      -0.07459025950032618
    ],
    "test_mae": [
      -0.058008280873298644,
      -0.05405009869166783,
      -0.052780421069690164,
      -0.05037288733216019,
      -0.052787441056053916
    ]
  },
  "42": {
    "fit_time": [
      1.3634984493255615,
      1.3748211860656738,
      1.3751273155212402,
      1.3470332622528076,
      0.9021718502044678
    ],
    "score_time": [
      0.014383554458618164,
      0.01311945915222168,
      0.012962579727172852,
      0.01555943489074707,
      0.010980367660522461
    ],
    "test_r": [
      0.7989109858942653,
      0.7891276375045404,
      0.6826630192390217,
      0.7258602892982633,
      0.6180353154500929
    ],
    "test_r2": [
      0.6233981599116363,
      0.621339456006643,
      0.4389395529759428,
      0.5119687531539873,
      0.37247290536591704
    ],
    "test_rmse": [
      -0.06476147009079634,
      -0.06189065086609134,
      -0.0778212565135404,
      -0.07796356025412197,
      -0.09164063786398721
    ],
    "test_mae": [
      -0.04888063045910428,
      -0.04425499913947923,
      -0.05690504143493517,
      -0.05581737406189378,
      -0.06436501293354206
    ]
  },
  "69": {
    "fit_time": [
      1.3521099090576172,
      1.358290672302246,
      1.3740508556365967,
      1.3235416412353516,
      0.904630184173584
    ],
    "score_time": [
      0.01514887809753418,
      0.014417171478271484,
      0.011949300765991211,
      0.015295982360839844,
      0.010959625244140625
    ],
    "test_r": [
      0.7237048986929859,
      0.7091165025874622,
      0.7375770975864355,
      0.7057117304745762,
      0.7619502674142892
    ],
    "test_r2": [
      0.5158235067693855,
      0.4991554690082972,
      0.5396505250859234,
      0.48300999998547633,
      0.5786327117838975
    ],
    "test_rmse": [
      -0.0687341069131773,
      -0.0886034235034279,
      -0.07093551684542608,
      -0.06815238261651417,
      -0.0729771859648123
    ],
    "test_mae": [
      -0.049397735033716486,
      -0.06216706468803542,
      -0.049151672567640026,
      -0.04919644585171263,
      -0.05508760130083238
    ]
  },
  "420": {
    "fit_time": [
      1.3528838157653809,
      1.3555679321289062,
      1.3742878437042236,
      1.349583387374878,
      0.8994584083557129
    ],
    "score_time": [
      0.014421939849853516,
      0.014423131942749023,
      0.011807680130004883,
      0.014605045318603516,
      0.010992765426635742
    ],
    "test_r": [
      0.6942146723174598,
      0.8133206381174922,
      0.7213258781837616,
      0.7407487299291737,
      0.6863091039778993
    ],
    "test_r2": [
      0.46282964246527547,
      0.6164025168827323,
      0.5091211718584234,
      0.5434661326961633,
      0.4485648443520377
    ],
    "test_rmse": [
      -0.074973204619402,
      -0.08009897152563093,
      -0.0662969553933252,
      -0.07687918479723986,
      -0.07084728998093023
    ],
    "test_mae": [
      -0.05185240982260023,
      -0.05559280005948884,
      -0.050266457234110155,
      -0.05439022974495416,
      -0.05066992925094055
    ]
  },
  "1234567890": {
    "fit_time": [
      1.3471331596374512,
      1.3532280921936035,
      1.343961477279663,
      1.3374781608581543,
      0.9023473262786865
    ],
    "score_time": [
      0.014162778854370117,
      0.01297307014465332,
      0.014205217361450195,
      0.01491403579711914,
      0.011055231094360352
    ],
    "test_r": [
      0.7398665794020862,
      0.6819446868525583,
      0.7390598494670817,
      0.7770882427940291,
      0.7229082563483245
    ],
    "test_r2": [
      0.536925419701825,
      0.44085267892638436,
      0.5443680536530576,
      0.5905063113931719,
      0.520852912479832
    ],
    "test_rmse": [
      -0.07678255420350659,
      -0.07591430211447615,
      -0.07103102494767091,
      -0.07379489705568815,
      -0.07172957644231862
    ],
    "test_mae": [
      -0.05485618645378522,
      -0.052090578534773425,
      -0.049059071230036874,
      -0.051994964204392986,
      -0.052627455268894244
    ]
  },
  "473129": {
    "fit_time": [
      1.3924927711486816,
      1.3918068408966064,
      1.3939802646636963,
      1.3893747329711914,
      0.9012823104858398
    ],
    "score_time": [
      0.014416933059692383,
      0.014394283294677734,
      0.013862848281860352,
      0.014441251754760742,
      0.01111149787902832
    ],
    "test_r": [
      0.7409601714264926,
      0.6959699345231208,
      0.6885089304136884,
      0.7649908567637737,
      0.7432234607313225
    ],
    "test_r2": [
      0.5402207607589335,
      0.48197306364789616,
      0.46488820693958954,
      0.583215836598597,
      0.5508796597860928
    ],
    "test_rmse": [
      -0.07645879258445122,
      -0.08052393851340614,
      -0.07834981246222299,
      -0.07162063549360413,
      -0.062314516034278795
    ],
    "test_mae": [
      -0.054253137754542484,
      -0.05692007605518613,
      -0.053701751406703684,
      -0.052487577880825,
      -0.04683814430236818
    ]
  },
  "r_avg": 0.7241478827864014,
  "r_stdev": 0.04498121741941328,
  "r_stderr": 0.017001302137242012,
  "r2_avg": 0.5162762068303414,
  "r2_stdev": 0.06541464992189813,
  "r2_stderr": 0.024724413684813314,
  "rmse_avg": 0.07429500454611093,
  "rmse_stdev": 0.0061843179094322786,
  "rmse_stderr": 0.002337452459560097,
  "mae_avg": 0.05312073369497191,
  "mae_stdev": 0.003989672577181699,
  "mae_stderr": 0.0015079544931138461
}