{
  "6": {
    "fit_time": [
      2.71293568611145,
      2.6978983879089355,
      2.7222964763641357,
      2.709169387817383,
      2.4701626300811768
    ],
    "score_time": [
      0.06468749046325684,
      0.06695389747619629,
      0.07197833061218262,
      0.0648651123046875,
      0.06313347816467285
    ],
    "test_r": [
      0.6340592149155572,
      0.7614637489995295,
      0.7563018513810111,
      0.7096312349724039,
      0.7336427371017074
    ],
    "test_r2": [
      0.39484088734960143,
      0.5745945782189537,
      0.5638914603945049,
      0.5010694071876434,
      0.5307022340173542
    ],
    "test_rmse": [
      -0.0728341698019586,
      -0.07901188954758805,
      -0.06900813952291354,
      -0.08050346333405588,
      -0.06995772844876674
    ],
    "test_mae": [
      -0.05076220755085951,
      -0.05763848382520721,
      -0.049213295473869274,
      -0.05543393297252522,
      -0.05111474591274594
    ]
  },
  "13": {
    "fit_time": [
      2.7100589275360107,
      2.722022294998169,
      2.7418155670166016,
      2.703549861907959,
      2.50113582611084
    ],
    "score_time": [
      0.06443333625793457,
      0.06492948532104492,
      0.06425690650939941,
      0.06580138206481934,
      0.06505823135375977
    ],
    "test_r": [
      0.7216999940945892,
      0.7117996233635521,
      0.756478314296646,
      0.7635228402664521,
      0.701549670551616
    ],
    "test_r2": [
      0.511967771632524,
      0.481439975559771,
      0.5701569233920958,
      0.5756950055669623,
      0.4496066155675801
    ],
    "test_rmse": [
      -0.07647545946538536,
      -0.08474205368495186,
      -0.0737362428147712,
      -0.06810274325301675,
      -0.0693961131395792
    ],
    "test_mae": [
      -0.05424540500688762,
      -0.05885206858642273,
      -0.05083703126281445,
      -0.049059751997371503,
      -0.05158928395199468
    ]
  },
  "42": {
    "fit_time": [
      2.7300257682800293,
      2.661848545074463,
      2.6806671619415283,
      2.6944212913513184,
      2.4777278900146484
    ],
    "score_time": [
      0.0648503303527832,
      0.07201743125915527,
      0.06486773490905762,
      0.06439590454101562,
      0.06383919715881348
    ],
    "test_r": [
      0.7835203415424261,
      0.7938191316359071,
      0.6928898931725453,
      0.7611381368398042,
      0.7150969100482846
    ],
    "test_r2": [
      0.5973198909168609,
      0.6291214938759304,
      0.4525282128514829,
      0.5479745341499452,
      0.5112257638489517
    ],
    "test_rmse": [
      -0.06696618660055868,
      -0.06125137680244594,
      -0.07687308034117118,
      -0.07503247977796965,
      -0.08087718284132765
    ],
    "test_mae": [
      -0.051094725406221,
      -0.042640620662775186,
      -0.05569466876200269,
      -0.053418180945728685,
      -0.05714386000158671
    ]
  },
  "69": {
    "fit_time": [
      2.6922357082366943,
      2.6733052730560303,
      2.7062253952026367,
      2.7146430015563965,
      2.459822654724121
    ],
    "score_time": [
      0.06424903869628906,
      0.06506776809692383,
      0.0664827823638916,
      0.06643033027648926,
      0.06984663009643555
    ],
    "test_r": [
      0.7502050142033068,
      0.7660448466199016,
      0.6977163848783331,
      0.6938475290082339,
      0.7759430272573692
    ],
    "test_r2": [
      0.5606195773369649,
      0.5799328379500782,
      0.4810942576984536,
      0.4705831668060455,
      0.5994332845328809
    ],
    "test_rmse": [
      -0.06547730486158759,
      -0.08114437156571926,
      -0.07531199457843306,
      -0.06896660458457311,
      -0.07115315040109842
    ],
    "test_mae": [
      -0.04993960035777186,
      -0.05604211022664729,
      -0.050569890268825746,
      -0.04985536450870852,
      -0.05123975262628966
    ]
  },
  "420": {
    "fit_time": [
      2.6849417686462402,
      2.774897336959839,
      2.707926034927368,
      2.705317497253418,
      2.4373626708984375
    ],
    "score_time": [
      0.0648355484008789,
      0.06411242485046387,
      0.0713346004486084,
      0.06554698944091797,
      0.06320333480834961
    ],
    "test_r": [
      0.7335892820671204,
      0.8229080446542619,
      0.6202838515527056,
      0.7758072309149445,
      0.6897680925129887
    ],
    "test_r2": [
      0.5360601960463076,
      0.6268278463479602,
      0.34853585364337303,
      0.5818868031112752,
      0.46593994871452604
    ],
    "test_rmse": [
      -0.06967562486827349,
      -0.07900301756644415,
      -0.07637508267882034,
      -0.07357312567512621,
      -0.06972219704857154
    ],
    "test_mae": [
      -0.048609429313810605,
      -0.054774410128516596,
      -0.054439587346527825,
      -0.051150350192420556,
      -0.049546324421786254
    ]
  },
  "1234567890": {
    "fit_time": [
      2.688291549682617,
      2.71673846244812,
      2.7306606769561768,
      2.6566216945648193,
      2.4762589931488037
    ],
    "score_time": [
      0.06659173965454102,
      0.07183480262756348,
      0.06457138061523438,
      0.06476426124572754,
      0.06345438957214355
    ],
    "test_r": [
      0.7658021487086466,
      0.6553376874752572,
      0.7466178386258948,
      0.8189820810572225,
      0.6776011876993899
    ],
    "test_r2": [
      0.5383574058215659,
      0.4138358926322009,
      0.5531800688180653,
      0.6595413474471999,
      0.45868137841589185
    ],
    "test_rmse": [
      -0.07666374322765081,
      -0.07772667512404648,
      -0.07034079406650295,
      -0.06728758059028553,
      -0.07624130540155036
    ],
    "test_mae": [
      -0.05492957458289245,
      -0.05135877900533038,
      -0.050260559119976796,
      -0.0502339647997824,
      -0.056197808291226094
    ]
  },
  "473129": {
    "fit_time": [
      2.6984055042266846,
      2.6973109245300293,
      2.6902923583984375,
      2.677431106567383,
      2.4842562675476074
    ],
    "score_time": [
      0.06612944602966309,
      0.07129287719726562,
      0.06776833534240723,
      0.06414055824279785,
      0.06296515464782715
    ],
    "test_r": [
      0.7729527027609414,
      0.6214542929801223,
      0.7400481355264431,
      0.7754447817415453,
      0.745541659774907
    ],
    "test_r2": [
      0.5962942455729585,
      0.38166530268117316,
      0.5444514177129427,
      0.591289442507426,
      0.5501496367648437
    ],
    "test_rmse": [
      -0.0716448910780466,
      -0.08797527757852303,
      -0.07229080316080656,
      -0.07092355463479548,
      -0.06236514006122848
    ],
    "test_mae": [
      -0.05429376321104429,
      -0.06299111849601484,
      -0.05006373509137755,
      -0.0510794739582783,
      -0.04516240067708991
    ]
  },
  "r_avg": 0.7326431275200448,
  "r_stdev": 0.050144968513301635,
  "r_stderr": 0.018953016598194344,
  "r2_avg": 0.5265855618597799,
  "r2_stdev": 0.07285318863718468,
  "r2_stderr": 0.027535917050295327,
  "rmse_avg": 0.07338944423224411,
  "rmse_stdev": 0.005862525459522019,
  "rmse_stderr": 0.0022158263458114174,
  "mae_avg": 0.05232789311266658,
  "mae_stdev": 0.003826484250407525,
  "mae_stderr": 0.001446275103183388
}