{
  "6": {
    "fit_time": [
      4.505367994308472,
      4.5177881717681885,
      4.505498170852661,
      4.535387992858887,
      4.512075901031494
    ],
    "score_time": [
      0.0871129035949707,
      0.08669590950012207,
      0.08550882339477539,
      0.08174514770507812,
      0.08423185348510742
    ],
    "test_r": [
      0.6342084856704764,
      0.7600742312495741,
      0.7562974804824629,
      0.7097866682788715,
      0.7325533625241236
    ],
    "test_r2": [
      0.39515939872501515,
      0.5721250447598396,
      0.5636928484524806,
      0.5012254561554541,
      0.5293746919887342
    ],
    "test_rmse": [
      -0.07281499999651564,
      -0.0792408947930094,
      -0.06902385152949345,
      -0.08049087294074744,
      -0.07005660622490076
    ],
    "test_mae": [
      -0.0507623281034068,
      -0.05757909885765063,
      -0.049181242154646906,
      -0.05541921973497033,
      -0.051147528851451386
    ]
  },
  "13": {
    "fit_time": [
      4.406883955001831,
      4.386901140213013,
      4.447907209396362,
      4.447624921798706,
      4.424732208251953
    ],
    "score_time": [
      0.08651089668273926,
      0.08986902236938477,
      0.08192586898803711,
      0.08321499824523926,
      0.08398079872131348
    ],
    "test_r": [
      0.7231130659659509,
      0.7150957107628597,
      0.7566343127981303,
      0.7653938432618769,
      0.7023295458366449
    ],
    "test_r2": [
      0.5139561805486363,
      0.48425851942224707,
      0.5703877347926903,
      0.5790026370366126,
      0.4524045650418237
    ],
    "test_rmse": [
      -0.07631950696518096,
      -0.08451143945997194,
      -0.07371644320451845,
      -0.06783677950604916,
      -0.06921949926946012
    ],
    "test_mae": [
      -0.0541846709804734,
      -0.05847485552920014,
      -0.050843270005428376,
      -0.04883098391654094,
      -0.051637599477568
    ]
  },
  "42": {
    "fit_time": [
      4.990046977996826,
      5.000369071960449,
      4.985740661621094,
      5.031530141830444,
      5.010329008102417
    ],
    "score_time": [
      0.08709311485290527,
      0.08597207069396973,
      0.08655619621276855,
      0.08253097534179688,
      0.08246207237243652
    ],
    "test_r": [
      0.7830657634448166,
      0.7931508694131595,
      0.693289984926212,
      0.7586847726855104,
      0.7183556967864668
    ],
    "test_r2": [
      0.5967004293006661,
      0.6280248862452793,
      0.4536466158137883,
      0.5437101502180463,
      0.5158031129778352
    ],
    "test_rmse": [
      -0.06701767541227784,
      -0.061341863509676,
      -0.07679452009728452,
      -0.07538557515138786,
      -0.0804975864026465
    ],
    "test_mae": [
      -0.05105161447928946,
      -0.04273211465449034,
      -0.05563477311841727,
      -0.053812525660666605,
      -0.05687815239085911
    ]
  },
  "69": {
    "fit_time": [
      4.418480157852173,
      4.371376991271973,
      4.39385199546814,
      4.414367914199829,
      4.400799989700317
    ],
    "score_time": [
      0.08086299896240234,
      0.08978390693664551,
      0.08481311798095703,
      0.08125114440917969,
      0.08333420753479004
    ],
    "test_r": [
      0.7483466678029438,
      0.771339935719096,
      0.6968786640315188,
      0.6958395451071284,
      0.7759826224291719
    ],
    "test_r2": [
      0.5576289459238349,
      0.5873078608114308,
      0.4796542398006941,
      0.47407853682365375,
      0.5993084799190889
    ],
    "test_rmse": [
      -0.06569976175260236,
      -0.0804289007561913,
      -0.07541642152443698,
      -0.06873855836491832,
      -0.07116423413511365
    ],
    "test_mae": [
      -0.05010789118010079,
      -0.055720195479900744,
      -0.05054491867810638,
      -0.04975283953537906,
      -0.05124679606116966
    ]
  },
  "420": {
    "fit_time": [
      4.364359140396118,
      4.373047113418579,
      4.379536151885986,
      4.358150005340576,
      4.3196001052856445
    ],
    "score_time": [
      0.08435893058776855,
      0.0813760757446289,
      0.0786287784576416,
      0.08270812034606934,
      0.08942675590515137
    ],
    "test_r": [
      0.7309059975152961,
      0.822193988524632,
      0.6203172938644212,
      0.7761850857735455,
      0.6887965122188797
    ],
    "test_r2": [
      0.5319830359006104,
      0.626300250341145,
      0.3489223353991614,
      0.5826306881132199,
      0.46454334093064176
    ],
    "test_rmse": [
      -0.06998111415406724,
      -0.07905884562603772,
      -0.07635242452077033,
      -0.07350764782130331,
      -0.069813301958495
    ],
    "test_mae": [
      -0.04883572890879114,
      -0.05478821360184182,
      -0.05439890416588842,
      -0.05100571150458315,
      -0.04957322056737688
    ]
  },
  "1234567890": {
    "fit_time": [
      4.352142095565796,
      4.3506760597229,
      4.3696129322052,
      4.361399173736572,
      4.40657901763916
    ],
    "score_time": [
      0.08661890029907227,
      0.08665084838867188,
      0.08286905288696289,
      0.08516192436218262,
      0.0791318416595459
    ],
    "test_r": [
      0.7654320633037698,
      0.6565766111288391,
      0.7475074519535153,
      0.8206351455719165,
      0.6802521056000372
    ],
    "test_r2": [
      0.5380370652184978,
      0.41669988544715597,
      0.5546466205856261,
      0.662159020135318,
      0.4622318374668394
    ],
    "test_rmse": [
      -0.07669033766580292,
      -0.07753655667548759,
      -0.07022526296049479,
      -0.06702840560261476,
      -0.07599086421589478
    ],
    "test_mae": [
      -0.05494352898460989,
      -0.05141489921106205,
      -0.05015490000037375,
      -0.05006869902370791,
      -0.05606707799631347
    ]
  },
  "473129": {
    "fit_time": [
      4.371399164199829,
      4.334975004196167,
      4.303261041641235,
      4.338231086730957,
      4.394863128662109
    ],
    "score_time": [
      0.0811769962310791,
      0.0841670036315918,
      0.08839917182922363,
      0.08467364311218262,
      0.0797262191772461
    ],
    "test_r": [
      0.7726938654571912,
      0.623300104900006,
      0.7402178780317413,
      0.777059911563622,
      0.7415996598652971
    ],
    "test_r2": [
      0.5959150437667763,
      0.38547265370000505,
      0.544608656095721,
      0.5932807744018596,
      0.5441099242157427
    ],
    "test_rmse": [
      -0.0716785312913516,
      -0.08770400866092616,
      -0.07227832603932421,
      -0.07075056572700583,
      -0.06278240286386115
    ],
    "test_mae": [
      -0.05430673812077066,
      -0.06268807334220776,
      -0.05006984730501924,
      -0.05080899519655789,
      -0.04533600403697799
    ]
  },
  "r_avg": 0.7329741401271345,
  "r_stdev": 0.04987820660861945,
  "r_stderr": 0.018852190075472203,
  "r2_avg": 0.5271140418993191,
  "r2_stdev": 0.07234062349690433,
  "r2_stderr": 0.027342185637166363,
  "rmse_avg": -0.07334555962228059,
  "rmse_stdev": 0.005772233169381981,
  "rmse_stderr": 0.002181699067951842,
  "mae_avg": -0.052285804594737084,
  "mae_stdev": 0.0037524156125611327,
  "mae_stderr": 0.001418279789513265
}