{
  "6": {
    "fit_time": [
      0.02160167694091797,
      1.3976271152496338
    ],
    "score_time": [
      0.016671419143676758,
      0.013221025466918945
    ],
    "test_r": [
      0.6952066180211481,
      0.7149109069832232
    ],
    "test_r2": [
      0.48162936641628207,
      0.5012584089387506
    ],
    "test_rmse": [
      -0.07700006392781765,
      -0.07693778475865234
    ],
    "test_mae": [
      -0.053431152310729514,
      -0.05371926724676247
    ]
  },
  "r_avg": 0.7050587625021857,
  "r_stdev": 0.00985214448103755,
  "r_stderr": 0.003723760596786124,
  "r2_avg": 0.49144388767751634,
  "r2_stdev": 0.009814521261234277,
  "r2_stderr": 0.0037095403563402692,
  "rmse_avg": 0.07696892434323499,
  "rmse_stdev": 3.113958458265259e-05,
  "rmse_stderr": 1.1769656676508543e-05,
  "mae_avg": 0.053575209778746,
  "mae_stdev": 0.00014405746801647926,
  "mae_stderr": 5.444860498189218e-05
}