{
  "6": {
    "fit_time": [
      635.9381422996521,
      375.40983629226685,
      604.845675945282,
      550.0986914634705,
      244.11325240135193
    ],
    "score_time": [
      9.187748908996582,
      19.509888172149658,
      11.927492380142212,
      13.40731167793274,
      8.146094799041748
    ],
    "test_r": [
      0.5221595361898008,
      0.4227262137190043,
      0.6480303600463291,
      0.5265537528488433,
      0.4900003434633827
    ],
    "test_r2": [
      0.2525187696036917,
      0.16794873849610792,
      0.411144008889083,
      0.2352495631891589,
      0.18997446573729404
    ],
    "test_rmse": [
      -2.5622866477223156,
      -2.956224932527582,
      -2.316948605236313,
      -2.755168186711778,
      -2.778022536721816
    ],
    "test_mae": [
      -2.1740785195632055,
      -2.2700596946033915,
      -1.9048237796002374,
      -2.1269500212047996,
      -2.1318325166447356
    ]
  },
  "13": {
    "fit_time": [
      851.2304599285126,
      191.1071252822876,
      690.4657254219055,
      710.6030442714691,
      641.1255905628204
    ],
    "score_time": [
      13.303771257400513,
      18.36801028251648,
      36.411283016204834,
      26.795493602752686,
      14.216229677200317
    ],
    "test_r": [
      0.6305628747402741,
      0.3407498198985889,
      0.5832650541382693,
      0.5707672778819253,
      0.500143673420977
    ],
    "test_r2": [
      0.35485666686820827,
      -0.009497746050651568,
      0.3106334068963328,
      0.29492629013773564,
      0.10939946422860314
    ],
    "test_rmse": [
      -2.4850109156188025,
      -3.1182093155071113,
      -2.4286891721305253,
      -2.6468508102545587,
      -2.92498294331877
    ],
    "test_mae": [
      -1.9549426844436597,
      -2.375502258580776,
      -2.1099055909845723,
      -2.183211221700061,
      -2.2409260292309483
    ]
  },
  "42": {
    "fit_time": [
      459.97894501686096,
      443.96691060066223,
      488.1733615398407,
      222.80112528800964,
      494.00565695762634
    ],
    "score_time": [
      10.94032335281372,
      13.569951057434082,
      9.004781484603882,
      13.440245866775513,
      7.010818958282471
    ],
    "test_r": [
      0.5597496507390516,
      0.4834134101744035,
      0.619436865734506,
      0.3483725554902094,
      0.5679791326994011
    ],
    "test_r2": [
      0.2453330821517854,
      0.22686161676390382,
      0.3598521454349193,
      -0.04851962443558144,
      0.24122462521667298
    ],
    "test_rmse": [
      -2.726521252245982,
      -2.266924694841196,
      -2.780790475545211,
      -3.055511050010364,
      -2.772912904537925
    ],
    "test_mae": [
      -2.231429633922795,
      -1.7561012651154806,
      -2.167827804705016,
      -2.3720168059289493,
      -2.1597268052100533
    ]
  },
  "69": {
    "fit_time": [
      466.8066051006317,
      446.2440550327301,
      109.7504448890686,
      425.47458600997925,
      380.3374197483063
    ],
    "score_time": [
      9.0106201171875,
      12.922253370285034,
      12.313199043273926,
      12.524240732192993,
      7.039983749389648
    ],
    "test_r": [
      0.47073514486727613,
      0.6061396963817556,
      0.35198091133047604,
      0.531998880801783,
      0.5542208586138158
    ],
    "test_r2": [
      0.17784199645579757,
      0.36463007741208875,
      -0.06346846020726193,
      0.2313952675669554,
      0.3024064924772385
    ],
    "test_rmse": [
      -2.6986195046816976,
      -2.52722395070161,
      -3.046593868479093,
      -2.849980306401865,
      -2.5806180313542164
    ],
    "test_mae": [
      -2.0869545659747195,
      -2.041641905716812,
      -2.2576444728430745,
      -2.160272839544495,
      -2.0952306867285264
    ]
  },
  "420": {
    "fit_time": [
      118.64011597633362,
      95.38331198692322,
      303.836528301239,
      128.24871397018433,
      229.32792210578918
    ],
    "score_time": [
      12.052298545837402,
      12.408836603164673,
      8.430396795272827,
      9.452019453048706,
      8.194993495941162
    ],
    "test_r": [
      0.38743647823859795,
      0.2824425622444464,
      0.6378665366709432,
      0.3030803824112286,
      0.6094804941784311
    ],
    "test_r2": [
      -0.0753080628043572,
      -0.03462994895216642,
      0.27895435552278147,
      -0.009591346975930781,
      0.35333538662727415
    ],
    "test_rmse": [
      -3.200182809128141,
      -2.909537838965813,
      -2.4573805739777415,
      -3.3155439875111603,
      -2.645379397493213
    ],
    "test_mae": [
      -2.482055837371137,
      -2.24808126768944,
      -1.9051031875367335,
      -2.610699844945162,
      -2.1338245057003173
    ]
  },
  "1234567890": {
    "fit_time": [
      638.0290613174438,
      672.7496168613434,
      592.2804572582245,
      540.9080555438995,
      99.54852652549744
    ],
    "score_time": [
      12.409299373626709,
      6.6547629833221436,
      12.897655725479126,
      12.26941466331482,
      8.63804817199707
    ],
    "test_r": [
      0.5968405116231192,
      0.6589546882117934,
      0.5538175567080003,
      0.5849674399233946,
      0.4214023830154529
    ],
    "test_r2": [
      0.35387030778351647,
      0.42689654466092075,
      0.21455231580599765,
      0.30578741957180333,
      -0.078031074750881
    ],
    "test_rmse": [
      -2.471132621413053,
      -2.478383257544555,
      -2.9690187375081836,
      -2.3751907980713796,
      -2.9617940160770533
    ],
    "test_mae": [
      -2.0395812630636794,
      -1.9861310672906092,
      -2.2387249577600743,
      -1.8201724267000676,
      -2.2669885752264394
    ]
  },
  "473129": {
    "fit_time": [
      420.71656036376953,
      583.7128398418427,
      341.7518117427826,
      665.1178827285767,
      293.8714385032654
    ],
    "score_time": [
      12.502377271652222,
      10.445087432861328,
      12.47183871269226,
      6.7584710121154785,
      8.860515594482422
    ],
    "test_r": [
      0.5883274764571187,
      0.6031007842226458,
      0.4746283782563321,
      0.6872503181222616,
      0.46078031609091896
    ],
    "test_r2": [
      0.34087389290665226,
      0.3095364606995168,
      0.18456536716354266,
      0.4588920744392786,
      0.2073315595848313
    ],
    "test_rmse": [
      -2.4928358046015897,
      -2.5126995286666447,
      -2.8693429312958054,
      -2.37006069258104,
      -2.5209432703744548
    ],
    "test_mae": [
      -2.063924148245172,
      -2.0299054280127726,
      -2.1722292254195517,
      -1.884430186501961,
      -1.9176770378506804
    ]
  },
  "r_avg": 0.5194103519872787,
  "r_stdev": 0.10562013022031824,
  "r_stderr": 0.03992065685788854,
  "r2_avg": 0.21690703137471032,
  "r2_stdev": 0.1516434475780874,
  "r2_stderr": 0.05731583574915418,
  "rmse_avg": 2.7093576105645303,
  "rmse_stdev": 0.2634457429038276,
  "rmse_stderr": 0.09957313138316956,
  "mae_avg": 2.1314459446160026,
  "mae_stdev": 0.1784274952161507,
  "mae_stderr": 0.06743925419972881
}