{
  "6": {
    "fit_time": [
      1.2861249446868896,
      1.3519768714904785
    ],
    "score_time": [
      1.8406550884246826,
      0.0663759708404541
    ],
    "test_r": [
      0.6279734181354721,
      0.6735000821760684
    ],
    "test_r2": [
      0.36610735650404747,
      0.43705418275886554
    ],
    "test_rmse": [
      -2.4602621859090097,
      -2.3237110317117313
    ],
    "test_mae": [
      -1.8483979068565202,
      -1.7137999279738627
    ]
  },
  "r_avg": 0.6507367501557703,
  "r_stdev": 0.02276333202029812,
  "r_stderr": 0.008603730790986046,
  "r2_avg": 0.4015807696314565,
  "r2_stdev": 0.03547341312740904,
  "r2_stderr": 0.013407689898539759,
  "rmse_avg": 2.3919866088103703,
  "rmse_stdev": 0.06827557709863918,
  "rmse_stderr": 0.02580574251748802,
  "mae_avg": 1.7810989174151914,
  "mae_stdev": 0.06729898944132873,
  "mae_stderr": 0.025436627078245358
}