{
  "6": {
    "fit_time": [
      1.306628942489624,
      1.3264188766479492
    ],
    "score_time": [
      0.014449834823608398,
      0.012510061264038086
    ],
    "test_r": [
      0.6279734181354722,
      0.6735000821760684
    ],
    "test_r2": [
      0.36610735650404735,
      0.43705418275886554
    ],
    "test_rmse": [
      -2.4602621859090097,
      -2.3237110317117313
    ],
    "test_mae": [
      -1.8483979068565202,
      -1.7137999279738627
    ]
  },
  "r_avg": 0.6507367501557704,
  "r_stdev": 0.022763332020298063,
  "r_stderr": 0.008603730790986025,
  "r2_avg": 0.40158076963145645,
  "r2_stdev": 0.03547341312740909,
  "r2_stderr": 0.01340768989853978,
  "rmse_avg": 2.3919866088103703,
  "rmse_stdev": 0.06827557709863918,
  "rmse_stderr": 0.02580574251748802,
  "mae_avg": 1.7810989174151914,
  "mae_stdev": 0.06729898944132873,
  "mae_stderr": 0.025436627078245358
}