{
  "6": {
    "fit_time": [
      0.03402900695800781,
      0.03533196449279785
    ],
    "score_time": [
      0.010866880416870117,
      0.011168956756591797
    ],
    "test_r": [
      -0.05523127445200753,
      -0.07832245779868861
    ],
    "test_r2": [
      -6.433946409284741e+22,
      -7.978592115463267e+21
    ],
    "test_rmse": [
      -783812626587.3729,
      -276638074577.5474
    ],
    "test_mae": [
      -450006348544.20215,
      -164165420159.9787
    ]
  },
  "r_avg": -0.06677686612534807,
  "r_stdev": 0.01154559167334054,
  "r_stderr": 0.004363823472393879,
  "r2_avg": -3.615902810415534e+22,
  "r2_stdev": 2.818043598869207e+22,
  "r2_stderr": 1.0651203637636258e+22,
  "rmse_avg": 530225350582.4602,
  "rmse_stdev": 253587276004.91275,
  "rmse_stderr": 95846981137.0423,
  "mae_avg": 307085884352.09045,
  "mae_stdev": 142920464192.11172,
  "mae_stderr": 54018857930.60564
}