{
  "6": {
    "fit_time": [
      9.894621849060059,
      9.767683744430542
    ],
    "score_time": [
      0.31952524185180664,
      1.5373821258544922
    ],
    "test_r": [
      0.6068050280561778,
      0.6564064056461333
    ],
    "test_r2": [
      0.35910449125081456,
      0.4169903695507836
    ],
    "test_rmse": [
      -2.4738146085438677,
      -2.3647579045549496
    ],
    "test_mae": [
      -1.848588477498258,
      -1.791999106234823
    ]
  },
  "r_avg": 0.6316057168511555,
  "r_stdev": 0.024800688794977765,
  "r_stderr": 0.009373779270659617,
  "r2_avg": 0.3880474304007991,
  "r2_stdev": 0.028942939149984526,
  "r2_stderr": 0.010939402743162031,
  "rmse_avg": 2.419286256549409,
  "rmse_stdev": 0.054528351994459046,
  "rmse_stderr": 0.020609779825647358,
  "mae_avg": 1.8202937918665405,
  "mae_stdev": 0.028294685631717442,
  "mae_stderr": 0.010694385943753836
}