{
  "6": {
    "fit_time": [
      9.780581951141357,
      10.071376085281372
    ],
    "score_time": [
      0.3001270294189453,
      0.2732560634613037
    ],
    "test_r": [
      0.6073426209096354,
      0.65248647122964
    ],
    "test_r2": [
      0.36606080604082847,
      0.3919271837560908
    ],
    "test_rmse": [
      -2.4603525200082146,
      -2.4150527208478456
    ],
    "test_mae": [
      -1.7957517872502347,
      -1.8066884436539066
    ]
  },
  "r_avg": 0.6299145460696377,
  "r_stdev": 0.022571925160002282,
  "r_stderr": 0.00853138579790398,
  "r2_avg": 0.37899399489845964,
  "r2_stdev": 0.012933188857631173,
  "r2_stderr": 0.004888285910903375,
  "rmse_avg": 2.43770262042803,
  "rmse_stdev": 0.022649899580184485,
  "rmse_stderr": 0.008560857358536346,
  "mae_avg": 1.8012201154520706,
  "mae_stdev": 0.005468328201835959,
  "mae_stderr": 0.0020668337870484235
}