{
  "6": {
    "fit_time": [
      9.72083330154419,
      9.613456964492798,
      9.689965724945068,
      9.783909797668457,
      8.70142412185669
    ],
    "score_time": [
      0.1152193546295166,
      0.11312985420227051,
      0.1153724193572998,
      0.11179041862487793,
      0.11072015762329102
    ],
    "test_r": [
      0.6461135282089684,
      0.6168774517444996,
      0.7130093192782092,
      0.7206914083990069,
      0.6566258644558147
    ],
    "test_r2": [
      0.41683589948941546,
      0.3730602240173386,
      0.5037544337172651,
      0.48951752489294575,
      0.4244142624311301
    ],
    "test_rmse": [
      -2.2632001230856487,
      -2.566110454228742,
      -2.1269641558870855,
      -2.2510164404348143,
      -2.341754815707401
    ],
    "test_mae": [
      -1.7609310231066269,
      -1.9441275068171024,
      -1.7177400766988857,
      -1.6583549478169155,
      -1.7550097606681325
    ]
  },
  "13": {
    "fit_time": [
      9.71099853515625,
      9.579825401306152,
      9.66760802268982,
      9.875450134277344,
      8.799910545349121
    ],
    "score_time": [
      0.11341118812561035,
      0.11442136764526367,
      0.11400055885314941,
      0.10889053344726562,
      0.10890626907348633
    ],
    "test_r": [
      0.5892427627611958,
      0.7309741014870902,
      0.6486632121174558,
      0.7067556912316952,
      0.6379198681768312
    ],
    "test_r2": [
      0.3375959181413992,
      0.5211268158278122,
      0.3965394331533998,
      0.4785175416733546,
      0.40255033991512246
    ],
    "test_rmse": [
      -2.5180346029716785,
      -2.1476467392051433,
      -2.2723292978610723,
      -2.2763133968607443,
      -2.3957004863992575
    ],
    "test_mae": [
      -1.8823758024360357,
      -1.6532298997729598,
      -1.8137138314037966,
      -1.7529923579957514,
      -1.7955887635935994
    ]
  },
  "42": {
    "fit_time": [
      9.620937824249268,
      9.811771631240845,
      9.656071424484253,
      9.641275405883789,
      8.755391120910645
    ],
    "score_time": [
      0.12004613876342773,
      0.11018991470336914,
      0.11872386932373047,
      0.11951923370361328,
      0.10990571975708008
    ],
    "test_r": [
      0.7207726951904375,
      0.7183541429109348,
      0.662987869582501,
      0.6551802858548728,
      0.5725438408594622
    ],
    "test_r2": [
      0.49895855521041865,
      0.49148912205025275,
      0.43228806637168316,
      0.4291398787650762,
      0.3231351130870599
    ],
    "test_rmse": [
      -2.22161120176348,
      -1.8384786885926612,
      -2.6187384921541836,
      -2.254552899120332,
      -2.6189705057146306
    ],
    "test_mae": [
      -1.766339565582225,
      -1.4739630954225968,
      -1.9604034850863539,
      -1.7463340358783948,
      -1.952033730747105
    ]
  },
  "69": {
    "fit_time": [
      9.689098119735718,
      9.715789318084717,
      9.664413690567017,
      9.674145936965942,
      8.659526348114014
    ],
    "score_time": [
      0.13200998306274414,
      0.12446904182434082,
      0.12555956840515137,
      0.12486577033996582,
      0.10840630531311035
    ],
    "test_r": [
      0.6858074057928779,
      0.6968621348594086,
      0.6541481666687237,
      0.6528272670156973,
      0.6021831854559753
    ],
    "test_r2": [
      0.4644287905401233,
      0.47297168873968054,
      0.42161751791822033,
      0.41750940793341773,
      0.3427992756338577
    ],
    "test_rmse": [
      -2.1780739551563597,
      -2.301692886250286,
      -2.246776236682522,
      -2.4810458468874623,
      -2.504791202149206
    ],
    "test_mae": [
      -1.6804332982271848,
      -1.7754003651294656,
      -1.6744184426166295,
      -1.9242350166644502,
      -1.901038907929926
    ]
  },
  "420": {
    "fit_time": [
      9.670008420944214,
      9.739205360412598,
      9.71071195602417,
      9.647344589233398,
      8.608670711517334
    ],
    "score_time": [
      0.12175798416137695,
      0.1201164722442627,
      0.1212606430053711,
      0.11890745162963867,
      0.10771059989929199
    ],
    "test_r": [
      0.6146648869241279,
      0.5245240998744923,
      0.7496440033140533,
      0.7601450619884295,
      0.6456643159836571
    ],
    "test_r2": [
      0.3639096348023233,
      0.24977369148529716,
      0.5543497845467132,
      0.5416936456779113,
      0.4123612222599429
    ],
    "test_rmse": [
      -2.46131810058286,
      -2.477579686878762,
      -1.9319153905009163,
      -2.233880430636566,
      -2.5217593639304288
    ],
    "test_mae": [
      -1.9136688117420988,
      -1.8573325051341745,
      -1.5306812191429557,
      -1.8129928304220149,
      -1.8681528502852198
    ]
  },
  "1234567890": {
    "fit_time": [
      9.669837951660156,
      9.650170087814331,
      9.753554344177246,
      9.641374826431274,
      8.630688190460205
    ],
    "score_time": [
      0.1196906566619873,
      0.12240219116210938,
      0.11339974403381348,
      0.1177053451538086,
      0.10794305801391602
    ],
    "test_r": [
      0.6781903967254963,
      0.6931913299365594,
      0.5945008020275031,
      0.6148035267589442,
      0.7228597165741883
    ],
    "test_r2": [
      0.4445404746062639,
      0.46363292501326636,
      0.32941089852907657,
      0.35298544877647275,
      0.5127827354979667
    ],
    "test_rmse": [
      -2.291196903600282,
      -2.397634662230906,
      -2.7433584212512065,
      -2.2930276215483634,
      -1.9911342645509706
    ],
    "test_mae": [
      -1.796342714181179,
      -1.8994544415119177,
      -2.069971571688328,
      -1.6427322192844072,
      -1.537384102826646
    ]
  },
  "473129": {
    "fit_time": [
      9.557572841644287,
      9.906574010848999,
      9.811317920684814,
      9.818629741668701,
      8.6832754611969
    ],
    "score_time": [
      0.11219382286071777,
      0.11300134658813477,
      0.11836481094360352,
      0.11633682250976562,
      0.1082770824432373
    ],
    "test_r": [
      0.6515490090950045,
      0.6904886825499876,
      0.6558223400146309,
      0.6910955475921207,
      0.6649446911917928
    ],
    "test_r2": [
      0.42438088953901254,
      0.46658995809228676,
      0.42579892701359745,
      0.46044244447486593,
      0.3917769283526916
    ],
    "test_rmse": [
      -2.3295767267913265,
      -2.20851715438494,
      -2.407797059977701,
      -2.366662935233068,
      -2.2082525168784084
    ],
    "test_mae": [
      -1.8375030843906086,
      -1.7603381503014586,
      -1.7780838502977434,
      -1.7528054783647344,
      -1.7249629812381866
    ]
  },
  "r_avg": 0.6640179603600754,
  "r_stdev": 0.051679498628205686,
  "r_stderr": 0.019533014464390843,
  "r2_avg": 0.4295051262336189,
  "r2_stdev": 0.06706796229744733,
  "r2_stderr": 0.025349307025557398,
  "rmse_avg": 2.3224975333168403,
  "rmse_stdev": 0.19038936748597338,
  "rmse_stderr": 0.07196041694839603,
  "mae_avg": 1.78203059212588,
  "mae_stdev": 0.12732738879598876,
  "mae_stderr": 0.048125229405916875
}