{
  "6": {
    "fit_time": [
      16.81089496612549,
      16.989043951034546,
      16.921159982681274,
      16.989499807357788,
      16.916358947753906
    ],
    "score_time": [
      0.2176821231842041,
      0.22853708267211914,
      0.20817112922668457,
      0.18991327285766602,
      0.22918295860290527
    ],
    "test_r": [
      0.6865711590000738,
      0.5683098562077042,
      0.6966803486361004,
      0.7205924762858991,
      0.6288188016456858
    ],
    "test_r2": [
      0.456343138302311,
      0.32094078183063346,
      0.4819720623436007,
      0.4742152471288349,
      0.3643439176928235
    ],
    "test_rmse": [
      -2.185194025512274,
      -2.6706455891189917,
      -2.173143686417095,
      -2.2845056801395422,
      -2.460920099965506
    ],
    "test_mae": [
      -1.6608368915576617,
      -1.9590495378322237,
      -1.7281587097027074,
      -1.6843570349660613,
      -1.762221805446749
    ]
  },
  "13": {
    "fit_time": [
      16.96800398826599,
      16.834428787231445,
      16.73386025428772,
      16.93795609474182,
      16.95620608329773
    ],
    "score_time": [
      0.19504213333129883,
      0.19334912300109863,
      0.20088696479797363,
      0.26958703994750977,
      0.17378783226013184
    ],
    "test_r": [
      0.587420690085529,
      0.6946182328588681,
      0.6544229191781362,
      0.6674487050199615,
      0.6284417106919813
    ],
    "test_r2": [
      0.30617012258187026,
      0.46636829909170097,
      0.42166741712453726,
      0.42067414006480885,
      0.36038974038610094
    ],
    "test_rmse": [
      -2.5770728321764453,
      -2.267114207206842,
      -2.224516596520487,
      -2.3992398144497358,
      -2.478789070331914
    ],
    "test_mae": [
      -1.8716470071175404,
      -1.6972870663850996,
      -1.778978837179168,
      -1.8023247008154097,
      -1.8440236523128957
    ]
  },
  "42": {
    "fit_time": [
      17.587717056274414,
      17.68408703804016,
      17.651222944259644,
      17.702120065689087,
      17.823349952697754
    ],
    "score_time": [
      0.25469398498535156,
      0.22772932052612305,
      0.2815680503845215,
      0.248823881149292,
      0.20798587799072266
    ],
    "test_r": [
      0.7187470356943015,
      0.7090905741464995,
      0.6624916931724776,
      0.6116869735925472,
      0.5429675661586756
    ],
    "test_r2": [
      0.4869782916371628,
      0.48645188911838977,
      0.41520577020303495,
      0.3438438849637938,
      0.2667176160230448
    ],
    "test_rmse": [
      -2.2480144696596605,
      -1.8475620971779578,
      -2.6578450569619925,
      -2.4171253176183884,
      -2.725933399361704
    ],
    "test_mae": [
      -1.8134597669213384,
      -1.4391336139448334,
      -1.890318251171179,
      -1.8041204555177826,
      -1.9647621876340866
    ]
  },
  "69": {
    "fit_time": [
      17.056241989135742,
      16.98395013809204,
      17.02774405479431,
      17.124510288238525,
      17.04475498199463
    ],
    "score_time": [
      0.20653915405273438,
      0.2253260612487793,
      0.23345565795898438,
      0.20292377471923828,
      0.26273107528686523
    ],
    "test_r": [
      0.6868525860649191,
      0.7157364673540771,
      0.6646695199958599,
      0.6615484551367876,
      0.6052514238586066
    ],
    "test_r2": [
      0.469871852503875,
      0.4809333270634667,
      0.4159809977773786,
      0.43462269737287296,
      0.30609966760327234
    ],
    "test_rmse": [
      -2.1669777020279257,
      -2.284241278846165,
      -2.2576974658531617,
      -2.444328191398255,
      -2.5737778572680923
    ],
    "test_mae": [
      -1.6465075392329898,
      -1.75001041467887,
      -1.6791156667093994,
      -1.8619355675588354,
      -1.8745567765722504
    ]
  },
  "420": {
    "fit_time": [
      16.829150915145874,
      16.942620038986206,
      17.0379159450531,
      16.97115707397461,
      16.990854024887085
    ],
    "score_time": [
      0.2111210823059082,
      0.29134202003479004,
      0.36821818351745605,
      0.28240203857421875,
      0.25252199172973633
    ],
    "test_r": [
      0.584281402808972,
      0.5238574138239994,
      0.7687940679361877,
      0.754534155001185,
      0.637156290610388
    ],
    "test_r2": [
      0.2856403361391825,
      0.22875290434001228,
      0.5894642307615299,
      0.5376630540126388,
      0.38650791071528334
    ],
    "test_rmse": [
      -2.608355599968062,
      -2.5120498742599264,
      -1.8542425512735676,
      -2.2436818987394727,
      -2.5766350030754985
    ],
    "test_mae": [
      -1.9486225571048197,
      -1.8738155905022889,
      -1.4186586475980631,
      -1.7932693736872056,
      -1.872254319105067
    ]
  },
  "1234567890": {
    "fit_time": [
      17.067888975143433,
      17.236510038375854,
      17.206458806991577,
      17.172879695892334,
      17.17357087135315
    ],
    "score_time": [
      0.22953510284423828,
      0.2116258144378662,
      0.20322608947753906,
      0.2153029441833496,
      0.21462178230285645
    ],
    "test_r": [
      0.698080474509455,
      0.6993569926569418,
      0.5812354301436697,
      0.6284471689913733,
      0.7240995922132489
    ],
    "test_r2": [
      0.44401179716296235,
      0.4879676667896313,
      0.2886627045421132,
      0.3849312445004962,
      0.47489720044495964
    ],
    "test_rmse": [
      -2.2922870064591483,
      -2.342613524350078,
      -2.8254790815772894,
      -2.235702926500062,
      -2.06709948281707
    ],
    "test_mae": [
      -1.784503277316194,
      -1.7660964407083601,
      -2.0566095057723737,
      -1.606256332907441,
      -1.4872773872861356
    ]
  },
  "473129": {
    "fit_time": [
      17.454792261123657,
      17.557536125183105,
      17.58788299560547,
      17.62785315513611,
      17.52214813232422
    ],
    "score_time": [
      0.20151185989379883,
      0.24504327774047852,
      0.20141315460205078,
      0.19974112510681152,
      0.19675111770629883
    ],
    "test_r": [
      0.6398966764420331,
      0.7096108372472206,
      0.6225825297418606,
      0.6952047903206574,
      0.630620682794966
    ],
    "test_r2": [
      0.3888511905340739,
      0.46107812230281975,
      0.3560237614965591,
      0.45559538176342096,
      0.3848370766454057
    ],
    "test_rmse": [
      -2.4003960417888814,
      -2.2198983601008075,
      -2.5498979599093605,
      -2.3772695106125328,
      -2.220814912788423
    ],
    "test_mae": [
      -1.7973662809144149,
      -1.7417543468552243,
      -1.827373303783112,
      -1.7398880726086259,
      -1.6746634671421563
    ]
  },
  "r_avg": 0.6574321628579101,
  "r_stdev": 0.05791755481009778,
  "r_stderr": 0.02189077808178164,
  "r2_avg": 0.40956215551327435,
  "r2_stdev": 0.08066523997380745,
  "r2_stderr": 0.030488594916862982,
  "rmse_avg": -2.362030519206638,
  "rmse_stdev": 0.21880194251718285,
  "rmse_stderr": 0.08269936089690225,
  "mae_avg": -1.7686061253299588,
  "mae_stdev": 0.13817770587437483,
  "mae_stderr": 0.052226263782432086
}