{
  "6": {
    "fit_time": [
      0.1848890781402588,
      0.06137418746948242
    ],
    "score_time": [
      2.001136302947998,
      2.0186240673065186
    ],
    "test_r": [
      0.5384045960141275,
      0.1889316452496798
    ],
    "test_r2": [
      0.2575338357192557,
      -0.4398441590291262
    ],
    "test_rmse": [
      -2.66263642641044,
      -3.716264065461941
    ],
    "test_mae": [
      -1.9746830708506604,
      -2.5121418244647606
    ],
    "best_params": {
      "check_inverse": true,
      "func": null,
      "inverse_func": null,
      "regressor__activation": "relu",
      "regressor__alpha": 0.0004510910337688182,
      "regressor__batch_size": "auto",
      "regressor__beta_1": 0.9,
      "regressor__beta_2": 0.999,
      "regressor__early_stopping": true,
      "regressor__epsilon": 1e-08,
      "regressor__learning_rate": "invscaling",
      "regressor__learning_rate_init": 0.0036652815093629817,
      "regressor__max_fun": 15000,
      "regressor__max_iter": 200,
      "regressor__momentum": 0.9,
      "regressor__n_iter_no_change": 10,
      "regressor__n_layers": 3,
      "regressor__n_neurons": 57,
      "regressor__nesterovs_momentum": true,
      "regressor__power_t": 0.5,
      "regressor__random_state": null,
      "regressor__shuffle": true,
      "regressor__solver": "adam",
      "regressor__tol": 0.0001,
      "regressor__validation_fraction": 0.1,
      "regressor__verbose": false,
      "regressor__warm_start": false,
      "transformer__memory": null,
      "transformer__verbose": false,
      "transformer__power__copy": true,
      "transformer__power__method": "yeo-johnson",
      "transformer__power__standardize": true,
      "transformer__minmax__clip": false,
      "transformer__minmax__copy": true
    }
  },
  "r_avg": 0.3636681206319037,
  "r_stdev": 0.17473647538222384,
  "r_stderr": 0.06604417983333204,
  "r2_avg": -0.09115516165493526,
  "r2_stdev": 0.34868899737419096,
  "r2_stderr": 0.1317920531366519,
  "rmse_avg": 3.1894502459361904,
  "rmse_stdev": 0.5268138195257506,
  "rmse_stderr": 0.19911690767102844,
  "mae_avg": 2.2434124476577106,
  "mae_stdev": 0.2687293768070501,
  "mae_stderr": 0.10157015728697474
}