{
  "6": {
    "fit_time": [
      1.1085460186004639,
      1.1038789749145508
    ],
    "score_time": [
      0.0829777717590332,
      0.08650016784667969
    ],
    "test_r": [
      NaN,
      NaN
    ],
    "test_r2": [
      -0.0005378593102678408,
      -0.023316799779866226
    ],
    "test_rmse": [
      -3.0909380370906283,
      -3.1329529549300803
    ],
    "test_mae": [
      -2.4582871944073736,
      -2.4825541790585786
    ],
    "best_params": {
      "check_inverse": true,
      "func": null,
      "inverse_func": null,
      "regressor__bootstrap": true,
      "regressor__ccp_alpha": 0.0,
      "regressor__criterion": "squared_error",
      "regressor__max_depth": null,
      "regressor__max_features": "sqrt",
      "regressor__max_leaf_nodes": null,
      "regressor__max_samples": null,
      "regressor__min_impurity_decrease": 0.0,
      "regressor__min_samples_leaf": 0.33396315936390586,
      "regressor__min_samples_split": 0.8436024727918517,
      "regressor__min_weight_fraction_leaf": 0.0,
      "regressor__n_estimators": 895,
      "regressor__n_jobs": null,
      "regressor__oob_score": false,
      "regressor__random_state": null,
      "regressor__verbose": 0,
      "regressor__warm_start": false,
      "transformer__copy": true,
      "transformer__method": "yeo-johnson",
      "transformer__standardize": true
    }
  },
  "r_avg": NaN,
  "r_stdev": NaN,
  "r_stderr": NaN,
  "r2_avg": -0.011927329545067034,
  "r2_stdev": 0.011389470234799193,
  "r2_stderr": 0.004304815115150156,
  "rmse_avg": 3.111945496010354,
  "rmse_stdev": 0.021007458919725996,
  "rmse_stderr": 0.007940073139857225,
  "mae_avg": 2.470420686732976,
  "mae_stdev": 0.012133492325602457,
  "mae_stderr": 0.004586029032607836
}