{
  "6": {
    "fit_time": [
      2.595515012741089,
      2.429023027420044,
      2.50787615776062,
      2.623234987258911,
      2.5650088787078857
    ],
    "score_time": [
      0.016492843627929688,
      0.01872706413269043,
      0.01610279083251953,
      0.015635967254638672,
      0.017033815383911133
    ],
    "test_r": [
      0.6976634169905589,
      0.562634028393006,
      0.7167058686913134,
      0.7192597619243026,
      0.6218325734756431
    ],
    "test_r2": [
      0.46687623502081643,
      0.30864176167453183,
      0.5097352692402074,
      0.47805362459826983,
      0.35852572598373955
    ],
    "test_rmse": [
      -2.1639219326624834,
      -2.694722229211195,
      -2.1141080365033447,
      -2.2761516365518886,
      -2.472156907753177
    ],
    "test_mae": [
      -1.5184011940925248,
      -2.019257660105553,
      -1.6425655722193981,
      -1.6697533248518586,
      -1.7740715382854484
    ]
  },
  "13": {
    "fit_time": [
      2.609016180038452,
      2.5090179443359375,
      2.487942934036255,
      2.557072877883911,
      2.535114049911499
    ],
    "score_time": [
      0.01236581802368164,
      0.014386177062988281,
      0.01417994499206543,
      0.013534069061279297,
      0.015058279037475586
    ],
    "test_r": [
      0.5781990600625295,
      0.7023208234967229,
      0.6860430850340121,
      0.7136566419091329,
      0.5931810694465132
    ],
    "test_r2": [
      0.27870648785167285,
      0.47409449638329526,
      0.46684944051978294,
      0.49943696006161387,
      0.29133617520961397
    ],
    "test_rmse": [
      -2.6275815687622774,
      -2.250642137745675,
      -2.1358549444766557,
      -2.230188602561275,
      -2.6091677013645884
    ],
    "test_mae": [
      -1.8649438653734662,
      -1.6590429544008007,
      -1.6787204309676347,
      -1.6051569216273973,
      -1.9230858610367312
    ]
  },
  "42": {
    "fit_time": [
      2.4782888889312744,
      2.5433099269866943,
      2.508971929550171,
      2.48514986038208,
      2.4884400367736816
    ],
    "score_time": [
      0.014971017837524414,
      0.013621807098388672,
      0.013721227645874023,
      0.014141082763671875,
      0.01336812973022461
    ],
    "test_r": [
      0.7232307070607138,
      0.7169519773641406,
      0.694117692393532,
      0.6232298165989988,
      0.58859147619255
    ],
    "test_r2": [
      0.5125532289850239,
      0.4730933281640426,
      0.4537573590944157,
      0.3583974921436546,
      0.31453154634761016
    ],
    "test_rmse": [
      -2.1912646364158572,
      -1.8714374885116365,
      -2.568744561126519,
      -2.390168967173137,
      -2.6355626922499336
    ],
    "test_mae": [
      -1.7069123971645812,
      -1.4666657627614508,
      -1.8996817800438615,
      -1.7216117723467206,
      -1.8509839148857754
    ]
  },
  "69": {
    "fit_time": [
      2.574899196624756,
      2.658763885498047,
      2.61607027053833,
      2.6685991287231445,
      2.614328145980835
    ],
    "score_time": [
      0.014401912689208984,
      0.014568328857421875,
      0.015413999557495117,
      0.014258861541748047,
      0.014128923416137695
    ],
    "test_r": [
      0.6778920582926447,
      0.6964142271569828,
      0.6296601382825988,
      0.7077517638047892,
      0.6179379342249521
    ],
    "test_r2": [
      0.455983261688637,
      0.4701667779942631,
      0.3741751628073061,
      0.4992091480925068,
      0.31613053993103024
    ],
    "test_rmse": [
      -2.195180022250595,
      -2.307809707478412,
      -2.337107311332968,
      -2.3004803360487007,
      -2.5551071501790594
    ],
    "test_mae": [
      -1.6361095053473949,
      -1.731319072584666,
      -1.7633450766817411,
      -1.6778562783203992,
      -1.89998247954018
    ]
  },
  "420": {
    "fit_time": [
      2.5312659740448,
      2.4541449546813965,
      2.5137927532196045,
      2.5555927753448486,
      2.474943161010742
    ],
    "score_time": [
      0.014962911605834961,
      0.013924121856689453,
      0.013508081436157227,
      0.014835357666015625,
      0.013731956481933594
    ],
    "test_r": [
      0.578042692385208,
      0.5010966481814594,
      0.749368499865744,
      0.7864806384340501,
      0.6337542981468326
    ],
    "test_r2": [
      0.2810871858635483,
      0.1492338392561221,
      0.5548148943125777,
      0.6055466497212932,
      0.38714736576719566
    ],
    "test_rmse": [
      -2.6166549004804054,
      -2.638375409699931,
      -1.930906990579493,
      -2.072429706068153,
      -2.575291813925267
    ],
    "test_mae": [
      -1.9507833044450582,
      -1.9089011572281294,
      -1.4623650446436838,
      -1.6308853386302078,
      -1.832051238302591
    ]
  },
  "1234567890": {
    "fit_time": [
      2.5045690536499023,
      2.52190899848938,
      2.5575640201568604,
      2.4601380825042725,
      2.514939785003662
    ],
    "score_time": [
      0.013995885848999023,
      0.016504764556884766,
      0.015496969223022461,
      0.0142059326171875,
      0.015942096710205078
    ],
    "test_r": [
      0.7119665939940475,
      0.6981354672193995,
      0.5671583383695245,
      0.6453283588804412,
      0.6970746380728319
    ],
    "test_r2": [
      0.46863049732451867,
      0.4844692079228937,
      0.2710177983334041,
      0.40834668061824664,
      0.42780331674305916
    ],
    "test_rmse": [
      -2.240962126717554,
      -2.3506028495861973,
      -2.8603077917245825,
      -2.192733819338122,
      -2.1578034319894277
    ],
    "test_mae": [
      -1.7166904439886177,
      -1.7916282506840056,
      -2.0444773409543484,
      -1.5611437542424984,
      -1.522356479077403
    ]
  },
  "473129": {
    "fit_time": [
      2.5751190185546875,
      2.4671096801757812,
      2.586785078048706,
      2.5793919563293457,
      2.5064849853515625
    ],
    "score_time": [
      0.013546943664550781,
      0.014290332794189453,
      0.014906883239746094,
      0.014859914779663086,
      0.014297008514404297
    ],
    "test_r": [
      0.6393750421955848,
      0.6671386043319681,
      0.6607653635954776,
      0.7058178582261855,
      0.6481888161982607
    ],
    "test_r2": [
      0.3686956601286443,
      0.42368132340478337,
      0.400428216876874,
      0.4783316514716808,
      0.40399297981472515
    ],
    "test_rmse": [
      -2.439657183764988,
      -2.2956280894861165,
      -2.460415605778285,
      -2.3270984865577082,
      -2.185963855112242
    ],
    "test_mae": [
      -1.7576076355814636,
      -1.7962364962239359,
      -1.6938476074815167,
      -1.701184022464697,
      -1.6804699103265648
    ]
  },
  "r_avg": 0.6616275993969329,
  "r_stdev": 0.061105890289914526,
  "r_stderr": 0.023095855621187197,
  "r2_avg": 0.41352803683861716,
  "r2_stdev": 0.09389885553290728,
  "r2_stderr": 0.03549043144766486,
  "rmse_avg": -2.350634018033367,
  "rmse_stdev": 0.22307809619725952,
  "rmse_stderr": 0.08431559506909889,
  "mae_avg": -1.7360027253403514,
  "mae_stdev": 0.1445108356908347,
  "mae_stderr": 0.05461996185600936
}