{
  "6": {
    "fit_time": [
      0.03227496147155762,
      0.032530784606933594
    ],
    "score_time": [
      0.030373096466064453,
      0.029243946075439453
    ],
    "test_r": [
      0.5695989325563131,
      0.6639059046662315
    ],
    "test_r2": [
      0.3168367438684967,
      0.35554019021649186
    ],
    "test_rmse": [
      -2.554087582670195,
      -2.4862611332603333
    ],
    "test_mae": [
      -1.8797416286921886,
      -1.8493135053280925
    ]
  },
  "r_avg": 0.6167524186112723,
  "r_stdev": 0.04715348605495917,
  "r_stderr": 0.017822342507310587,
  "r2_avg": 0.3361884670424943,
  "r2_stdev": 0.01935172317399758,
  "r2_stderr": 0.007314263851280446,
  "rmse_avg": 2.5201743579652645,
  "rmse_stdev": 0.033913224704930967,
  "rmse_stderr": 0.012817994103642738,
  "mae_avg": 1.8645275670101404,
  "mae_stdev": 0.015214061682048086,
  "mae_stderr": 0.005750374805985181
}