fold,r,r2,rmse,mae
1.0,0.7367316928908183,0.5326873536085308,2.323383126904655,1.6464679973745624
2.0,0.688694243035562,0.4264165579472834,2.041128062204277,1.5794985208598102
3.0,0.7176561391168204,0.5068759431584053,2.270248866051654,1.7408477480821596
4.0,0.6896544586677674,0.43323510982406244,2.211320693613039,1.6869255964484344
5.0,0.7762005043403665,0.5886918199694804,1.9484370736737402,1.4954664673065694
