{
  "6": {
    "fit_time": [
      1.3265917301177979,
      1.3423898220062256,
      1.336052656173706,
      1.3969697952270508,
      0.8975465297698975
    ],
    "score_time": [
      0.014972686767578125,
      0.013759136199951172,
      0.014606475830078125,
      0.011897087097167969,
      0.011033296585083008
    ],
    "test_r": [
      0.6153444373146266,
      0.6536878676785696,
      0.7333466026523128,
      0.6367565759865297,
      0.5780636712869738
    ],
    "test_r2": [
      0.3754725149006488,
      0.4235665878789434,
      0.5363122504998691,
      0.40412582848820733,
      0.32216280577744594
    ],
    "test_rmse": [
      -2.3420887373068227,
      -2.4605772644407446,
      -2.0560073477060143,
      -2.432010965707493,
      -2.5412600423519383
    ],
    "test_mae": [
      -1.7933193539545105,
      -1.8725226584730503,
      -1.684317879726399,
      -1.8427348259788334,
      -1.9428419032248732
    ]
  },
  "13": {
    "fit_time": [
      1.3465240001678467,
      1.3548500537872314,
      1.3530387878417969,
      1.3513598442077637,
      0.8922560214996338
    ],
    "score_time": [
      0.014598846435546875,
      0.0134124755859375,
      0.013674497604370117,
      0.013711929321289062,
      0.010830879211425781
    ],
    "test_r": [
      0.5967620634311055,
      0.691639881872952,
      0.6698161148860531,
      0.6632238561048382,
      0.5728027873168811
    ],
    "test_r2": [
      0.3217482484369879,
      0.4760071555808192,
      0.4100688295764596,
      0.43966480160856336,
      0.31844367416349995
    ],
    "test_rmse": [
      -2.547977894738658,
      -2.246545743596148,
      -2.246712448851471,
      -2.359587867257209,
      -2.558778767810232
    ],
    "test_mae": [
      -1.9941670556293876,
      -1.6866872030971485,
      -1.8712108483767798,
      -1.7626484410678305,
      -1.9173616094252075
    ]
  },
  "42": {
    "fit_time": [
      1.3685040473937988,
      1.367443323135376,
      1.36676025390625,
      1.3676626682281494,
      0.894622802734375
    ],
    "score_time": [
      0.013784646987915039,
      0.014040470123291016,
      0.013960123062133789,
      0.013693571090698242,
      0.010926008224487305
    ],
    "test_r": [
      0.6486290095288627,
      0.7131070446490095,
      0.6675797521206854,
      0.509906584975917,
      0.6301242175588316
    ],
    "test_r2": [
      0.4148425210360154,
      0.5004072559478668,
      0.4350806156154631,
      0.19509228203040707,
      0.39328305014906806
    ],
    "test_rmse": [
      -2.4008642848489714,
      -1.8222859938847706,
      -2.61228982428804,
      -2.6771248346635867,
      -2.479548907695931
    ],
    "test_mae": [
      -1.857564392624419,
      -1.5358900786797813,
      -1.9104505736104993,
      -1.998077205303982,
      -1.9214738832616243
    ]
  },
  "69": {
    "fit_time": [
      1.3797953128814697,
      1.3921122550964355,
      1.4692363739013672,
      1.310615062713623,
      0.9228782653808594
    ],
    "score_time": [
      0.015353918075561523,
      0.013458251953125,
      0.01185750961303711,
      0.016056537628173828,
      0.010970115661621094
    ],
    "test_r": [
      0.6021718941576791,
      0.6916261100132312,
      0.6384081845576771,
      0.7079684342835374,
      0.5309454487517346
    ],
    "test_r2": [
      0.3288055205161531,
      0.47685959351330387,
      0.4020058134216381,
      0.4807154030720652,
      0.2587555510288543
    ],
    "test_rmse": [
      -2.438305949836255,
      -2.2931873396291382,
      -2.284550368181732,
      -2.3425725624616245,
      -2.660132318138748
    ],
    "test_mae": [
      -1.8663450585157386,
      -1.9034674313452318,
      -1.6304968603287198,
      -1.775865009537303,
      -2.0762674340485225
    ]
  },
  "420": {
    "fit_time": [
      1.3153023719787598,
      1.3190641403198242,
      1.3188591003417969,
      1.3242771625518799,
      0.885761022567749
    ],
    "score_time": [
      0.014478445053100586,
      0.013770103454589844,
      0.01403665542602539,
      0.01254129409790039,
      0.01092076301574707
    ],
    "test_r": [
      0.6209066451985461,
      0.506738523383778,
      0.72291574237817,
      0.7055824178702633,
      0.6423502545578235
    ],
    "test_r2": [
      0.3799123416868132,
      0.19952585528786937,
      0.51621561268617,
      0.49360477992544094,
      0.4095841474433757
    ],
    "test_rmse": [
      -2.4301600696276138,
      -2.5592053869343094,
      -2.0128757428983697,
      -2.348155119592881,
      -2.527711030427842
    ],
    "test_mae": [
      -1.9514839766808352,
      -1.9922594179842779,
      -1.6392418056437705,
      -1.8047547583897479,
      -1.77774554930548
    ]
  },
  "1234567890": {
    "fit_time": [
      1.3161489963531494,
      1.324234962463379,
      1.3191001415252686,
      1.3207008838653564,
      0.8893377780914307
    ],
    "score_time": [
      0.014535188674926758,
      0.013002634048461914,
      0.013885974884033203,
      0.013345718383789062,
      0.010834455490112305
    ],
    "test_r": [
      0.6508385720001473,
      0.727031185836767,
      0.5399568962937503,
      0.6309857866899671,
      0.6870185410127649
    ],
    "test_r2": [
      0.4216160323338324,
      0.5068420142262056,
      0.26745007811370514,
      0.3740623289282857,
      0.46780999977178184
    ],
    "test_rmse": [
      -2.337999034169012,
      -2.299031851687387,
      -2.8672985814515184,
      -2.2553700402023114,
      -2.0810023298845057
    ],
    "test_mae": [
      -1.8451016397945383,
      -1.834481314609017,
      -2.1107904848866097,
      -1.7866771516638378,
      -1.6385702611241815
    ]
  },
  "473129": {
    "fit_time": [
      1.3304784297943115,
      1.329756498336792,
      1.3357503414154053,
      1.3303720951080322,
      0.8918814659118652
    ],
    "score_time": [
      0.014230489730834961,
      0.014251708984375,
      0.013124942779541016,
      0.013879537582397461,
      0.010940074920654297
    ],
    "test_r": [
      0.5929310160860821,
      0.6456692186743402,
      0.6676270627347214,
      0.6500560165183774,
      0.6425240270362023
    ],
    "test_r2": [
      0.34916081814360256,
      0.41130053346692186,
      0.4412830421626128,
      0.4223215505939968,
      0.39080908750155674
    ],
    "test_rmse": [
      -2.4771155303498755,
      -2.3201550271478006,
      -2.375110428133187,
      -2.448841086315776,
      -2.2100087700904885
    ],
    "test_mae": [
      -1.8569132324697772,
      -1.8405081813851647,
      -1.8884508565184208,
      -1.8269146698923704,
      -1.7092075008992105
    ]
  },
  "r_avg": 0.6395726412971345,
  "r_stdev": 0.05856807861422522,
  "r_stderr": 0.022136652968588626,
  "r2_avg": 0.39899767215755577,
  "r2_stdev": 0.0827544322848802,
  "r2_stderr": 0.03127823538773253,
  "rmse_avg": 2.381498556923097,
  "rmse_stdev": 0.19934787654565983,
  "rmse_stderr": 0.0753464151040888,
  "mae_avg": 1.8384803002130594,
  "mae_stdev": 0.1257966547957832,
  "mae_stderr": 0.04754666633621187
}