{
  "6": {
    "fit_time": [
      0.8608722686767578,
      0.8510887622833252
    ],
    "score_time": [
      0.025387048721313477,
      0.02764296531677246
    ],
    "test_r": [
      0.6421306402938161,
      0.6397686008216619
    ],
    "test_r2": [
      0.4099177173331492,
      0.40473388589958337
    ],
    "test_rmse": [
      -2.3737218270380955,
      -2.389485513236214
    ],
    "test_mae": [
      -1.868080594021383,
      -1.836159225325818
    ]
  },
  "r_avg": 0.640949620557739,
  "r_stdev": 0.0011810197360770935,
  "r_stderr": 0.00044638350215987527,
  "r2_avg": 0.4073258016163663,
  "r2_stdev": 0.002591915716782911,
  "r2_stderr": 0.0009796520579781864,
  "rmse_avg": 2.381603670137155,
  "rmse_stdev": 0.00788184309905926,
  "rmse_stderr": 0.0029790566732773474,
  "mae_avg": 1.8521199096736005,
  "mae_stdev": 0.015960684347782417,
  "mae_stderr": 0.006032571648376202
}