{
  "6": {
    "fit_time": [
      0.14104008674621582,
      0.15852904319763184
    ],
    "score_time": [
      0.010731935501098633,
      0.01013493537902832
    ],
    "test_r": [
      0.6119001761036644,
      0.6310000690078067
    ],
    "test_r2": [
      0.20433196546251575,
      0.17147016086667877
    ],
    "test_rmse": [
      -2.756382545910435,
      -2.8190507767673947
    ],
    "test_mae": [
      -2.1900542251331196,
      -2.2113188066203753
    ],
    "best_params": {
      "check_inverse": true,
      "func": null,
      "inverse_func": null,
      "regressor__categorical_features": null,
      "regressor__early_stopping": true,
      "regressor__interaction_cst": null,
      "regressor__l2_regularization": 0.020348312074662082,
      "regressor__learning_rate": 0.00396111250531307,
      "regressor__loss": "squared_error",
      "regressor__max_bins": 255,
      "regressor__max_depth": null,
      "regressor__max_iter": 100,
      "regressor__max_leaf_nodes": null,
      "regressor__min_samples_leaf": 20,
      "regressor__monotonic_cst": null,
      "regressor__n_iter_no_change": 10,
      "regressor__quantile": null,
      "regressor__random_state": null,
      "regressor__scoring": "loss",
      "regressor__tol": 1e-07,
      "regressor__validation_fraction": 0.1,
      "regressor__verbose": 0,
      "regressor__warm_start": false,
      "transformer__copy": true,
      "transformer__method": "yeo-johnson",
      "transformer__standardize": true
    }
  },
  "r_avg": 0.6214501225557356,
  "r_stdev": 0.009549946452071134,
  "r_stderr": 0.003609540478023405,
  "r2_avg": 0.18790106316459726,
  "r2_stdev": 0.016430902297918493,
  "r2_stderr": 0.006210297328098863,
  "rmse_avg": 2.787716661338915,
  "rmse_stdev": 0.03133411542847986,
  "rmse_stderr": 0.011843182425135686,
  "mae_avg": 2.2006865158767477,
  "mae_stdev": 0.010632290743627815,
  "mae_stderr": 0.004018628167796172
}