{
  "6": {
    "fit_time": [
      0.025758028030395508,
      0.053301095962524414
    ],
    "score_time": [
      0.007050991058349609,
      0.006200075149536133
    ],
    "test_r": [
      0.5772656152479337,
      0.580699601955503
    ],
    "test_r2": [
      0.3315385740983193,
      0.3187429838988467
    ],
    "test_rmse": [
      -2.5264558379793964,
      -2.556255827881571
    ],
    "test_mae": [
      -1.9416261732848932,
      -1.9792235802156974
    ]
  },
  "r_avg": 0.5789826086017184,
  "r_stdev": 0.0017169933537846127,
  "r_stderr": 0.0006489624881235468,
  "r2_avg": 0.325140778998583,
  "r2_stdev": 0.006397795099736314,
  "r2_stderr": 0.002418139253292852,
  "rmse_avg": 2.541355832930484,
  "rmse_stdev": 0.014899994951087292,
  "rmse_stderr": 0.005631668739527854,
  "mae_avg": 1.9604248767502952,
  "mae_stdev": 0.018798703465402133,
  "mae_stderr": 0.007105242048557451
}