{
  "6": {
    "fit_time": [
      3.129762649536133,
      4.176102876663208
    ],
    "score_time": [
      1.3067362308502197,
      1.460353136062622
    ],
    "test_r": [
      0.698538885103002,
      0.6670428054107962
    ],
    "test_r2": [
      0.48217015957202547,
      0.4408390712648602
    ],
    "test_rmse": [
      -2.2236532852646502,
      -2.3158862821697577
    ],
    "test_mae": [
      -1.6811009754350892,
      -1.7747279841333952
    ]
  },
  "r_avg": 0.6827908452568991,
  "r_stdev": 0.0157480398461029,
  "r_stderr": 0.005952199581360595,
  "r2_avg": 0.46150461541844284,
  "r2_stdev": 0.020665544153582627,
  "r2_stderr": 0.0078108415054577735,
  "rmse_avg": 2.269769783717204,
  "rmse_stdev": 0.04611649845255372,
  "rmse_stderr": 0.01743039803465031,
  "mae_avg": 1.7279144797842423,
  "mae_stdev": 0.04681350434915299,
  "mae_stderr": 0.017693841501042775
}