{
  "6": {
    "fit_time": [
      0.8720147609710693,
      0.880814790725708
    ],
    "score_time": [
      0.05698204040527344,
      0.05515122413635254
    ],
    "test_r": [
      NaN,
      NaN
    ],
    "test_r2": [
      -0.0004089184236208965,
      -0.022348106791756805
    ],
    "test_rmse": [
      -3.090738863651773,
      -3.1314697445899444
    ],
    "test_mae": [
      -2.459634549898478,
      -2.4825597813013935
    ],
    "best_params": {
      "check_inverse": true,
      "func": null,
      "inverse_func": null,
      "regressor__bootstrap": true,
      "regressor__ccp_alpha": 0.0,
      "regressor__criterion": "squared_error",
      "regressor__max_depth": null,
      "regressor__max_features": "sqrt",
      "regressor__max_leaf_nodes": null,
      "regressor__max_samples": null,
      "regressor__min_impurity_decrease": 0.0,
      "regressor__min_samples_leaf": 0.33396315936390586,
      "regressor__min_samples_split": 0.8436024727918517,
      "regressor__min_weight_fraction_leaf": 0.0,
      "regressor__n_estimators": 895,
      "regressor__n_jobs": null,
      "regressor__oob_score": false,
      "regressor__random_state": null,
      "regressor__verbose": 0,
      "regressor__warm_start": false,
      "transformer__copy": true,
      "transformer__method": "yeo-johnson",
      "transformer__standardize": true
    }
  },
  "r_avg": NaN,
  "r_stdev": NaN,
  "r_stderr": NaN,
  "r2_avg": -0.011378512607688851,
  "r2_stdev": 0.010969594184067955,
  "r2_stderr": 0.004146116884906328,
  "rmse_avg": 3.111104304120859,
  "rmse_stdev": 0.020365440469085616,
  "rmse_stderr": 0.007697412974498734,
  "mae_avg": 2.471097165599936,
  "mae_stdev": 0.011462615701457679,
  "mae_stderr": 0.004332461502908745
}