{
  "6": {
    "fit_time": [
      0.20093011856079102,
      0.19874787330627441
    ],
    "score_time": [
      0.014446735382080078,
      0.014755964279174805
    ],
    "test_r": [
      0.6691020433270931,
      0.7057285334446166
    ],
    "test_r2": [
      0.44454350345683535,
      0.48365921144785307
    ],
    "test_rmse": [
      -2.303024515581943,
      -2.225445885404464
    ],
    "test_mae": [
      -1.7170614694249635,
      -1.6802096334365229
    ]
  },
  "r_avg": 0.6874152883858549,
  "r_stdev": 0.01831324505876175,
  "r_stderr": 0.0069217560177237195,
  "r2_avg": 0.4641013574523442,
  "r2_stdev": 0.019557853995508856,
  "r2_stderr": 0.007392173978603913,
  "rmse_avg": 2.2642352004932036,
  "rmse_stdev": 0.03878931508873951,
  "rmse_stderr": 0.014660983035904292,
  "mae_avg": 1.6986355514307432,
  "mae_stdev": 0.01842591799422033,
  "mae_stderr": 0.006964342384396725
}