{
  "6": {
    "fit_time": [
      0.2881288528442383,
      0.2893669605255127
    ],
    "score_time": [
      1.7794818878173828,
      1.7850759029388428
    ],
    "test_r": [
      0.6715575594882628,
      0.7102160642197869
    ],
    "test_r2": [
      0.4472956687983267,
      0.4988863597592569
    ],
    "test_rmse": [
      -2.2973119395022805,
      -2.192385563474709
    ],
    "test_mae": [
      -1.7250909932059257,
      -1.6565076436452126
    ]
  },
  "r_avg": 0.6908868118540248,
  "r_stdev": 0.01932925236576205,
  "r_stderr": 0.007305770684087612,
  "r2_avg": 0.4730910142787918,
  "r2_stdev": 0.02579534548046508,
  "r2_stderr": 0.009749724160614936,
  "rmse_avg": 2.2448487514884947,
  "rmse_stdev": 0.0524631880137858,
  "rmse_stderr": 0.019829221210014555,
  "mae_avg": 1.6907993184255692,
  "mae_stdev": 0.03429167478035655,
  "mae_stderr": 0.012961034786961272
}