{
  "6": {
    "fit_time": [
      0.07726907730102539,
      0.06979990005493164
    ],
    "score_time": [
      1.2486660480499268,
      0.006040096282958984
    ],
    "test_r": [
      0.6745241024548234,
      0.676699726929333
    ],
    "test_r2": [
      0.43036415457862987,
      0.4458980421270087
    ],
    "test_rmse": [
      -2.3322343681445745,
      -2.3053860655849063
    ],
    "test_mae": [
      -1.7437471783114211,
      -1.709580483056365
    ]
  },
  "r_avg": 0.6756119146920783,
  "r_stdev": 0.0010878122372547927,
  "r_stderr": 0.00041115437898699614,
  "r2_avg": 0.43813109835281927,
  "r2_stdev": 0.007766943774189405,
  "r2_stderr": 0.002935628810503797,
  "rmse_avg": 2.3188102168647404,
  "rmse_stdev": 0.013424151279834096,
  "rmse_stderr": 0.005073852264078637,
  "mae_avg": 1.726663830683893,
  "mae_stdev": 0.017083347627528056,
  "mae_stderr": 0.006456898483272073
}