{
  "6": {
    "fit_time": [
      0.07755279541015625,
      0.0770881175994873
    ],
    "score_time": [
      0.01556706428527832,
      0.014986991882324219
    ],
    "test_r": [
      0.6538210216347413,
      0.6673925221555228
    ],
    "test_r2": [
      0.3856817091018977,
      0.4204892962468052
    ],
    "test_rmse": [
      -2.421978362415026,
      -2.357651189866045
    ],
    "test_mae": [
      -1.7336498663368523,
      -1.7370423492293936
    ]
  },
  "r_avg": 0.6606067718951321,
  "r_stdev": 0.006785750260390744,
  "r_stderr": 0.002564772521140814,
  "r2_avg": 0.40308550267435145,
  "r2_stdev": 0.017403793572453752,
  "r2_stderr": 0.006578015665973858,
  "rmse_avg": 2.3898147761405353,
  "rmse_stdev": 0.032163586274490674,
  "rmse_stderr": 0.012156692936324681,
  "mae_avg": 1.735346107783123,
  "mae_stdev": 0.0016962414462706743,
  "mae_stderr": 0.0006411190043361048
}