fold,r,r2,rmse,mae
1.0,0.5689802024860954,0.31007519010858164,2.823045938448884,2.205243320946019
2.0,0.596154074538909,0.3447494352090492,2.1816026509534283,1.6233712994283518
3.0,0.6416390872924354,0.35150456599541213,2.603447556746984,2.0155884186823276
4.0,0.5862570370352671,0.33496700361661835,2.395365871710944,1.851036251904951
5.0,0.677918748337443,0.4537772688348902,2.2453683454571873,1.6502438229688448
