Dataset,num_of_folds,Features,Targets,Model,r_mean,r_std,r2_mean,r2_std,rmse_mean,rmse_std,mae_mean,mae_std,num_of_data
OPV_Min,5,DA_SELFIES,calc_PCE_percent,RF,0.6141898299380301,0.039910591516978816,0.3590146927529103,0.04942309515655489,2.4497660726634853,0.23647633718615269,1.8690966227860986,0.22048043381316348,553
