r,r2,spearman,mse,rmse
0.6321215649920197,0.21849126127825413,0.591490552198168,5.557064594013398,2.3573426976181038
0.6945777280792347,0.42825045207890866,0.7056998249415436,6.4487568610276895,2.539440265300149
0.5139469433450407,0.11567576878074637,0.5443418702967132,7.83878550870037,2.799783118154042
0.643935554403291,0.36090969339231316,0.6030770311159184,6.20006192411931,2.489992354229087
0.5821768807872341,0.2511164440126088,0.5854343458799216,6.801462908048056,2.6079614468101435
