{
  "6": {
    "fit_time": [
      23.536139965057373,
      25.073649883270264,
      26.02480983734131,
      25.125599145889282,
      23.828393936157227
    ],
    "score_time": [
      3.7058820724487305,
      1.5297579765319824,
      1.4398038387298584,
      1.4056251049041748,
      1.0220909118652344
    ],
    "test_r": [
      0.7779908794286199,
      0.7420271798413143,
      0.7875430952233895,
      0.8291276314285237,
      0.709345269264233
    ],
    "test_r2": [
      0.5926320594551422,
      0.5382864466590993,
      0.6155958915572005,
      0.683879929623921,
      0.47758595255243474
    ],
    "test_rmse": [
      -0.05975769114678553,
      -0.08231467147527528,
      -0.06478836702476204,
      -0.06407970922128738,
      -0.07381062437820407
    ],
    "test_mae": [
      -0.03863745314079048,
      -0.0534336139996171,
      -0.043101938351255205,
      -0.04398983306191415,
      -0.04914730230384243
    ]
  },
  "13": {
    "fit_time": [
      22.000597953796387,
      23.488955974578857,
      25.805089235305786,
      24.40605401992798,
      20.812854051589966
    ],
    "score_time": [
      1.7172060012817383,
      3.5080978870391846,
      1.4707777500152588,
      1.4990532398223877,
      2.3282439708709717
    ],
    "test_r": [
      0.8040591118760676,
      0.7834728185566828,
      0.8477432679668484,
      0.7807451994059844,
      0.7110971632958059
    ],
    "test_r2": [
      0.6384949902820233,
      0.6018233834416638,
      0.6933388796024056,
      0.6091869224511405,
      0.49334143541044606
    ],
    "test_rmse": [
      -0.06581956438282625,
      -0.07425699041818261,
      -0.06228097397616577,
      -0.06535970421486992,
      -0.06658190825825885
    ],
    "test_mae": [
      -0.04328828462434304,
      -0.05017902604254904,
      -0.039734233883083635,
      -0.04234357316226866,
      -0.043470694226493495
    ]
  },
  "42": {
    "fit_time": [
      20.501490831375122,
      25.117743968963623,
      24.5381760597229,
      24.65756916999817,
      22.140708923339844
    ],
    "score_time": [
      1.759392261505127,
      1.544753074645996,
      1.4464423656463623,
      1.2342169284820557,
      1.1229009628295898
    ],
    "test_r": [
      0.8403824938483939,
      0.7981459693014231,
      0.6779041452836982,
      0.7318016141473503,
      0.743307477526662
    ],
    "test_r2": [
      0.6924596246034065,
      0.6301943621597723,
      0.36909670883569934,
      0.5272302209612717,
      0.5177287401662389
    ],
    "test_rmse": [
      -0.05852299584602687,
      -0.06116271939613781,
      -0.082522962142428,
      -0.07673485950009827,
      -0.08033735947069968
    ],
    "test_mae": [
      -0.03998307373976504,
      -0.040715788986665793,
      -0.05157932140373569,
      -0.0487674080435445,
      -0.05305348665204044
    ]
  },
  "69": {
    "fit_time": [
      20.639225959777832,
      25.362802743911743,
      25.448986768722534,
      24.6807701587677,
      21.757731676101685
    ],
    "score_time": [
      1.7414309978485107,
      1.5603692531585693,
      1.4452788829803467,
      1.3052699565887451,
      1.0252001285552979
    ],
    "test_r": [
      0.808016956545698,
      0.7550620471486946,
      0.8030186531728137,
      0.7435349639530522,
      0.7982594468597537
    ],
    "test_r2": [
      0.6459709739716721,
      0.5674349740748807,
      0.6325369964604333,
      0.545688740075088,
      0.6325220171806306
    ],
    "test_rmse": [
      -0.05877462663211442,
      -0.08234263037348859,
      -0.06337627676097789,
      -0.06388762187435114,
      -0.06815102091211134
    ],
    "test_mae": [
      -0.04036352498801155,
      -0.05470287466737035,
      -0.04282058491321629,
      -0.03861340335129127,
      -0.04607833653113434
    ]
  },
  "420": {
    "fit_time": [
      22.490568161010742,
      25.945844888687134,
      26.60500717163086,
      25.916691780090332,
      21.617314100265503
    ],
    "score_time": [
      1.7352771759033203,
      3.65149188041687,
      1.6287097930908203,
      1.1772983074188232,
      2.3269948959350586
    ],
    "test_r": [
      0.7946887959466287,
      0.8544811135841606,
      0.8367594811454875,
      0.770603960126459,
      0.754520477863077
    ],
    "test_r2": [
      0.61959348064043,
      0.6795861090012703,
      0.6981132259758458,
      0.5933526776703479,
      0.5657389170043399
    ],
    "test_rmse": [
      -0.06309196163387723,
      -0.07320567226633481,
      -0.051991036672588406,
      -0.07255731910255336,
      -0.06287115993574927
    ],
    "test_mae": [
      -0.041522278086949985,
      -0.04583214706936643,
      -0.037991325081723995,
      -0.0464911893250745,
      -0.04337246631153944
    ]
  },
  "1234567890": {
    "fit_time": [
      19.958110809326172,
      23.80359387397766,
      24.13641595840454,
      23.815892934799194,
      21.704634189605713
    ],
    "score_time": [
      1.8089570999145508,
      1.5898399353027344,
      1.5292479991912842,
      1.263336181640625,
      1.033071756362915
    ],
    "test_r": [
      0.7674737761323573,
      0.7368381874092753,
      0.8078833512483456,
      0.8016769840140721,
      0.8012360588076529
    ],
    "test_r2": [
      0.5646477409688806,
      0.5389705812855532,
      0.6381914314329589,
      0.6291152109181484,
      0.6379193131499898
    ],
    "test_rmse": [
      -0.07444876285268807,
      -0.06893262216026666,
      -0.06329660577159153,
      -0.07022993008607528,
      -0.062354316100888985
    ],
    "test_mae": [
      -0.049242392259888114,
      -0.0431502617292094,
      -0.0419047437799156,
      -0.04530182824030407,
      -0.041153372246507974
    ]
  },
  "473129": {
    "fit_time": [
      24.499783992767334,
      22.118338108062744,
      23.643584966659546,
      25.003536224365234,
      21.0120050907135
    ],
    "score_time": [
      3.696488857269287,
      1.7502119541168213,
      1.448608160018921,
      1.2429938316345215,
      1.104984998703003
    ],
    "test_r": [
      0.7342766634579793,
      0.8062405656028062,
      0.789387970103874,
      0.7566518035870412,
      0.82054995205811
    ],
    "test_r2": [
      0.5341539212307808,
      0.6347822722910264,
      0.6027721758760503,
      0.5708165883408532,
      0.6590608172740389
    ],
    "test_rmse": [
      -0.07696158067989725,
      -0.06761215247731032,
      -0.06750493615121812,
      -0.07267817774607205,
      -0.05429331035917874
    ],
    "test_mae": [
      -0.049908414090602336,
      -0.04500142692092552,
      -0.04340273979405963,
      -0.04700056601381815,
      -0.037592710312992356
    ]
  },
  "r_avg": 0.7801672721474953,
  "r_stdev": 0.041057841093159284,
  "r_stderr": 0.015518405271672541,
  "r2_avg": 0.5963383917881453,
  "r2_stdev": 0.06898653432016773,
  "r2_stderr": 0.02607445908905516,
  "rmse_avg": -0.06791122346860977,
  "rmse_stdev": 0.007688889967868328,
  "rmse_stderr": 0.0029061272447312866,
  "mae_avg": -0.04465347478102315,
  "mae_stdev": 0.0045434233776085724,
  "mae_stderr": 0.0017172526225756272
}