{
  "6": {
    "fit_time": [
      2.449317216873169,
      3.780712127685547,
      2.2515902519226074,
      2.4497992992401123,
      2.0520098209381104
    ],
    "score_time": [
      1.3042638301849365,
      1.1696398258209229,
      1.170259952545166,
      1.1653008460998535,
      1.0308051109313965
    ],
    "test_r": [
      0.2674839654579906,
      0.1051034922471718,
      0.2947685303082929,
      0.06705085828515973,
      0.0009985523289473392
    ],
    "test_r2": [
      -6.917494199724679,
      -4.923837874886458,
      -6.52006023259826,
      -7.273837224837775,
      -9.409230317985074
    ],
    "test_rmse": [
      -0.26344760972059605,
      -0.2948441529292137,
      -0.2865587559031195,
      -0.32782946401503765,
      -0.32947370899211065
    ],
    "test_mae": [
      -0.1851045785847121,
      -0.23320688020653066,
      -0.2207163476431236,
      -0.25004168848424807,
      -0.25122167506419624
    ]
  },
  "13": {
    "fit_time": [
      2.3407630920410156,
      2.4841489791870117,
      2.50109601020813,
      2.414945125579834,
      2.0609207153320312
    ],
    "score_time": [
      1.2358770370483398,
      1.2774450778961182,
      1.2179930210113525,
      1.1162757873535156,
      1.0220191478729248
    ],
    "test_r": [
      -0.024020945464802605,
      0.1797953781854968,
      0.0995495695816904,
      0.14322195409048666,
      0.20988452504093488
    ],
    "test_r2": [
      -7.586030894345408,
      -5.464031327941351,
      -6.734761566978084,
      -8.33671268165695,
      -9.438550670406064
    ],
    "test_rmse": [
      -0.32077023847716996,
      -0.2991928384435255,
      -0.3127875813742749,
      -0.3194644459966403,
      -0.302216829848348
    ],
    "test_mae": [
      -0.2373594780818852,
      -0.22322120438544996,
      -0.2451325606762596,
      -0.24583958100428596,
      -0.23376803834703605
    ]
  },
  "42": {
    "fit_time": [
      2.432450771331787,
      2.4040870666503906,
      2.3973798751831055,
      2.4728190898895264,
      2.133617877960205
    ],
    "score_time": [
      1.2378661632537842,
      1.222261905670166,
      1.2284462451934814,
      1.1075618267059326,
      1.0601089000701904
    ],
    "test_r": [
      0.02629459857264734,
      0.06867481531875369,
      0.17281607704071644,
      -0.004475224312228017,
      0.29817855773481955
    ],
    "test_r2": [
      -8.701155703798147,
      -8.33054183764761,
      -9.784716860020714,
      -9.124474855364953,
      -5.76887118526308
    ],
    "test_rmse": [
      -0.328690549486728,
      -0.3072228084991919,
      -0.34119117213773753,
      -0.35510280405262223,
      -0.30097469782391323
    ],
    "test_mae": [
      -0.25827789973157306,
      -0.22299425605987142,
      -0.2756334862799736,
      -0.2935801974764408,
      -0.23242487444417725
    ]
  },
  "69": {
    "fit_time": [
      2.4255878925323486,
      2.4730288982391357,
      2.4281108379364014,
      2.4394588470458984,
      3.3101918697357178
    ],
    "score_time": [
      1.2567710876464844,
      1.2377641201019287,
      1.2546989917755127,
      1.1778061389923096,
      0.9963560104370117
    ],
    "test_r": [
      0.2158757721553335,
      0.1916910671295512,
      0.08588187610281808,
      0.11463135294032017,
      0.00010475435599412069
    ],
    "test_r2": [
      -8.772592071627871,
      -5.702048802932106,
      -7.490644036802822,
      -10.575520649196841,
      -7.974496765708864
    ],
    "test_rmse": [
      -0.30879860460433783,
      -0.3241177592208568,
      -0.3046423159178513,
      -0.32248553486934206,
      -0.3367919921716913
    ],
    "test_mae": [
      -0.23763262405215343,
      -0.2540023085416406,
      -0.22206736885387687,
      -0.24823742948927827,
      -0.2695832968235427
    ]
  },
  "420": {
    "fit_time": [
      2.4276821613311768,
      2.4199302196502686,
      2.429558038711548,
      2.508491039276123,
      2.1433680057525635
    ],
    "score_time": [
      1.1996300220489502,
      1.2256760597229004,
      1.2349779605865479,
      1.1273081302642822,
      1.014341115951538
    ],
    "test_r": [
      0.03154887436667809,
      0.1363102112014706,
      -0.2598683668257424,
      0.11233534529247592,
      0.06635980007380136
    ],
    "test_r2": [
      -9.694931733915208,
      -4.94640633357155,
      -11.393186492555998,
      -7.585150475649371,
      -9.612115146159285
    ],
    "test_rmse": [
      -0.33453307561188994,
      -0.31536707962214344,
      -0.3331178665025352,
      -0.3333851300264795,
      -0.31079712601020176
    ],
    "test_mae": [
      -0.262013609690242,
      -0.2422273723177047,
      -0.24836762035831597,
      -0.26408588880989453,
      -0.24445106370883873
    ]
  },
  "1234567890": {
    "fit_time": [
      2.475203037261963,
      2.489513874053955,
      2.4056379795074463,
      3.5923149585723877,
      2.075338125228882
    ],
    "score_time": [
      1.2034459114074707,
      1.2168772220611572,
      1.3563098907470703,
      1.0548090934753418,
      1.0505077838897705
    ],
    "test_r": [
      0.15339691469584082,
      0.17403255182547683,
      0.10572325032837841,
      0.18749199743357084,
      -0.005085552968345166
    ],
    "test_r2": [
      -6.374061927855538,
      -7.998752483590817,
      -8.428370299502573,
      -5.924232350909611,
      -9.990841911223544
    ],
    "test_rmse": [
      -0.3064012088379498,
      -0.30454511162037334,
      -0.32311663219038983,
      -0.30345097787132885,
      -0.3435415894250435
    ],
    "test_mae": [
      -0.2316867067803038,
      -0.23273398252675742,
      -0.25033574319361823,
      -0.22992184921744466,
      -0.2725211590966749
    ]
  },
  "473129": {
    "fit_time": [
      2.4998252391815186,
      2.4624440670013428,
      2.4175939559936523,
      2.3883750438690186,
      2.121685028076172
    ],
    "score_time": [
      1.2804207801818848,
      1.2354607582092285,
      1.2003190517425537,
      1.111034870147705,
      1.0126237869262695
    ],
    "test_r": [
      0.14855017444836455,
      0.10870082397290717,
      -0.01794557007672852,
      0.04506300277174027,
      0.054990666855930834
    ],
    "test_r2": [
      -6.301286629099216,
      -8.184339029447196,
      -8.247892320494616,
      -7.155473128686618,
      -11.365664177952967
    ],
    "test_rmse": [
      -0.3046859694889288,
      -0.3390570589875078,
      -0.325714492196472,
      -0.31681602918368706,
      -0.32697653574046687
    ],
    "test_mae": [
      -0.22963514837380108,
      -0.26611807027601386,
      -0.2512952568937165,
      -0.2399642388911529,
      -0.2544853044944182
    ]
  },
  "r_avg": 0.1015746757284547,
  "r_stdev": 0.1058137886999411,
  "r_stderr": 0.03999385288308296,
  "r2_avg": -7.943780405723919,
  "r2_stdev": 1.6988761028480885,
  "r2_stderr": 0.6421148109209475,
  "rmse_avg": -0.3173745642228487,
  "rmse_stdev": 0.017911664069933952,
  "rmse_stderr": 0.006769972670910896,
  "mae_avg": -0.24456825111026145,
  "mae_stdev": 0.019477166796518702,
  "mae_stderr": 0.0073616770839590095
}