{
  "6": {
    "fit_time": [
      93.13214421272278,
      91.46149373054504,
      92.01776003837585,
      93.78710532188416,
      88.84016799926758
    ],
    "score_time": [
      0.43529653549194336,
      0.5045225620269775,
      0.37073254585266113,
      0.3462865352630615,
      0.3309776782989502
    ],
    "test_r": [
      0.6080939830177681,
      0.8022854328349023,
      0.7068939332130183,
      0.7639164023034245,
      0.7003868613733196
    ],
    "test_r2": [
      0.3560304232940066,
      0.6000949815637846,
      0.4953820072711953,
      0.5766638965398971,
      0.48864702075106414
    ],
    "test_rmse": [
      -0.07513340318471745,
      -0.07660716041156922,
      -0.07423084243308352,
      -0.07415443861279865,
      -0.07302504801883808
    ],
    "test_mae": [
      -0.049332216866042396,
      -0.05216669939348893,
      -0.052606999692323735,
      -0.05078085305921309,
      -0.04845149952212448
    ]
  },
  "13": {
    "fit_time": [
      94.28057169914246,
      93.30899548530579,
      91.92180275917053,
      91.53447532653809,
      90.59441494941711
    ],
    "score_time": [
      0.394855260848999,
      0.3914167881011963,
      0.3706667423248291,
      0.33360838890075684,
      0.3259434700012207
    ],
    "test_r": [
      0.7829177474833063,
      0.6967009353660141,
      0.7803864506600406,
      0.7090036327229392,
      0.6343142843806526
    ],
    "test_r2": [
      0.5941591068448123,
      0.4841759624305979,
      0.5706811273141386,
      0.4992460212112175,
      0.38838502191470536
    ],
    "test_rmse": [
      -0.06973900489542247,
      -0.08451820324694344,
      -0.07369126754183122,
      -0.0739839881604158,
      -0.07315391949887205
    ],
    "test_mae": [
      -0.04768614466991302,
      -0.058133307082999956,
      -0.050321244457122306,
      -0.050498376354197363,
      -0.0477104269396657
    ]
  },
  "42": {
    "fit_time": [
      93.0407178401947,
      93.36411380767822,
      91.89616084098816,
      91.27148056030273,
      91.0033450126648
    ],
    "score_time": [
      0.39812183380126953,
      0.39881443977355957,
      0.3726656436920166,
      0.34569764137268066,
      0.351560115814209
    ],
    "test_r": [
      0.7633293914884357,
      0.7673086902125137,
      0.661605671389799,
      0.6476860428230772,
      0.7266332573073233
    ],
    "test_r2": [
      0.5572156638096748,
      0.5876835308255579,
      0.4129001086516464,
      0.40838335694016703,
      0.4849465922285713
    ],
    "test_rmse": [
      -0.07022174289278793,
      -0.0645825760129773,
      -0.07960666166643642,
      -0.08583967013703377,
      -0.0830229182822631
    ],
    "test_mae": [
      -0.05076995738160522,
      -0.04127339142234965,
      -0.05260807604621042,
      -0.05892304522198404,
      -0.057772982950430644
    ]
  },
  "69": {
    "fit_time": [
      91.5647656917572,
      93.33352422714233,
      92.81996321678162,
      92.39823627471924,
      89.29129338264465
    ],
    "score_time": [
      0.39278435707092285,
      0.3823103904724121,
      0.3893709182739258,
      0.34343981742858887,
      0.32965707778930664
    ],
    "test_r": [
      0.7607225058708645,
      0.7919546598271855,
      0.739683814019799,
      0.7348124453444473,
      0.7604126751675399
    ],
    "test_r2": [
      0.570120563826079,
      0.5863191398094184,
      0.5227810314635384,
      0.5380010348840887,
      0.5675745298368904
    ],
    "test_rmse": [
      -0.06476550840846489,
      -0.08052518823485838,
      -0.07222353814895484,
      -0.06442589692406032,
      -0.0739285753714369
    ],
    "test_mae": [
      -0.04607931366862288,
      -0.05633579593290815,
      -0.0509444252919397,
      -0.04359966910510321,
      -0.05178409989558603
    ]
  },
  "420": {
    "fit_time": [
      91.95524668693542,
      92.29761004447937,
      92.66533041000366,
      93.90962958335876,
      89.43898797035217
    ],
    "score_time": [
      0.40926694869995117,
      0.4002096652984619,
      0.37273263931274414,
      0.34546613693237305,
      0.346083402633667
    ],
    "test_r": [
      0.6989760118186945,
      0.7769087938191074,
      0.7765605598829839,
      0.7710821874611481,
      0.6068696129538003
    ],
    "test_r2": [
      0.47977230180699304,
      0.5512802081682402,
      0.5837270780381212,
      0.5803236439452214,
      0.3168742780646959
    ],
    "test_rmse": [
      -0.073781382830817,
      -0.08663166833371945,
      -0.06105138413829876,
      -0.07371052771861943,
      -0.07885447352092466
    ],
    "test_mae": [
      -0.050469852815871366,
      -0.05647314064179893,
      -0.04712613742219231,
      -0.04962406110557606,
      -0.05159473983759371
    ]
  },
  "1234567890": {
    "fit_time": [
      93.03748488426208,
      93.57220816612244,
      93.05466532707214,
      91.64573955535889,
      89.30487084388733
    ],
    "score_time": [
      0.39457106590270996,
      0.3940999507904053,
      0.3698883056640625,
      0.34734535217285156,
      0.32504725456237793
    ],
    "test_r": [
      0.7097950262167405,
      0.6930083707344625,
      0.7639281142086431,
      0.8219946756432772,
      0.693191708499418
    ],
    "test_r2": [
      0.47469268404212905,
      0.4794851581167735,
      0.5744784232642344,
      0.6271459677053638,
      0.4745319110360743
    ],
    "test_rmse": [
      -0.08177937907130711,
      -0.07324484062523404,
      -0.06864387492254248,
      -0.07041612904114541,
      -0.07511678875262755
    ],
    "test_mae": [
      -0.055936650461626276,
      -0.049545008214967316,
      -0.04812414385996712,
      -0.05079900335270636,
      -0.0534082127008667
    ]
  },
  "473129": {
    "fit_time": [
      94.56704521179199,
      91.01739168167114,
      92.90559577941895,
      92.96066689491272,
      88.83714127540588
    ],
    "score_time": [
      0.3851025104522705,
      0.3911004066467285,
      0.37786102294921875,
      0.34265971183776855,
      0.32675933837890625
    ],
    "test_r": [
      0.6532479742082573,
      0.6622267408365645,
      0.7619873389150724,
      0.7151858817927852,
      0.7493376021242493
    ],
    "test_r2": [
      0.4120797725600883,
      0.43633929907950786,
      0.5646507225023607,
      0.5043766142310673,
      0.5404599241645744
    ],
    "test_rmse": [
      -0.08645934836884768,
      -0.08399582795766983,
      -0.07066992235625055,
      -0.07810133563917517,
      -0.0630332296962809
    ],
    "test_mae": [
      -0.05667402197525555,
      -0.057177558651240905,
      -0.04729673677718895,
      -0.0527564065321952,
      -0.04573728064980631
    ]
  },
  "r_avg": 0.7255242690263307,
  "r_stdev": 0.054722245827603475,
  "r_stderr": 0.02068306480611153,
  "r2_avg": 0.5111316888038999,
  "r2_stdev": 0.07486194882217896,
  "r2_stderr": 0.028295157035018607,
  "rmse_avg": 0.07465341900163502,
  "rmse_stdev": 0.006677375574626876,
  "rmse_stderr": 0.0025238107401485328,
  "mae_avg": 0.05115775657007669,
  "mae_stdev": 0.004149687647391767,
  "mae_stderr": 0.0015684345047993291
}