{
  "6": {
    "fit_time": [
      2.5758299827575684,
      2.4640440940856934,
      1.5484049320220947,
      2.885035991668701,
      3.305804967880249
    ],
    "score_time": [
      0.03462100028991699,
      0.03420686721801758,
      0.03538680076599121,
      0.03335309028625488,
      1.3458452224731445
    ],
    "test_r": [
      0.17681789422534766,
      0.09828268352791503,
      0.11719454189600093,
      0.34095648581537596,
      0.20170367676649462
    ],
    "test_r2": [
      -13.154493503339884,
      -6.261627898742073,
      -12.227774370342186,
      -11.176979292807529,
      -11.081495682529855
    ],
    "test_rmse": [
      -0.35224720219480465,
      -0.32644343051517843,
      -0.38005496690994395,
      -0.39770795797895,
      -0.35495378162846825
    ],
    "test_mae": [
      -0.17973162285321467,
      -0.24437154260295862,
      -0.277645639963464,
      -0.21888982518234423,
      -0.23125156534031582
    ]
  },
  "13": {
    "fit_time": [
      3.3086190223693848,
      2.953895092010498,
      2.609847068786621,
      2.889097213745117,
      1.790954828262329
    ],
    "score_time": [
      0.035880088806152344,
      0.03389596939086914,
      0.037976980209350586,
      0.03284597396850586,
      0.03410506248474121
    ],
    "test_r": [
      0.14552601619692798,
      0.1605510181694878,
      0.259905904251591,
      0.06844500395591284,
      0.3585912215638767
    ],
    "test_r2": [
      -7.167525730679353,
      -8.220863769549279,
      -9.551847717314608,
      -51.80317879236366,
      -15.598688902491578
    ],
    "test_rmse": [
      -0.3128549993325701,
      -0.3573429929193372,
      -0.3653341700280973,
      -0.7597235139346552,
      -0.38109691792804706
    ],
    "test_mae": [
      -0.20099140572936688,
      -0.22082084340548974,
      -0.2522565889077467,
      -0.2992446226870697,
      -0.2697483021890299
    ]
  },
  "42": {
    "fit_time": [
      3.0835208892822266,
      2.4780988693237305,
      3.415034294128418,
      2.957552194595337,
      2.357297897338867
    ],
    "score_time": [
      0.03223896026611328,
      0.03609299659729004,
      0.040120601654052734,
      0.04648876190185547,
      1.502547025680542
    ],
    "test_r": [
      0.307653414576922,
      0.3484384781564493,
      0.13157255808903004,
      0.20232812599624359,
      0.19718477318822486
    ],
    "test_r2": [
      -6.423975863632433,
      -5.4674089716748355,
      -69.56820703462206,
      -8.436625301842714,
      -9.464539035157475
    ],
    "test_rmse": [
      -0.2875370120982796,
      -0.2557791766656722,
      -0.8727662699751393,
      -0.3428279360713484,
      -0.3742242387330374
    ],
    "test_mae": [
      -0.1953971704848593,
      -0.19259545270825346,
      -0.3312795264022333,
      -0.21073490055343766,
      -0.23671069756771468
    ]
  },
  "69": {
    "fit_time": [
      2.698850631713867,
      3.4104321002960205,
      3.1391077041625977,
      3.205765962600708,
      3.3428070545196533
    ],
    "score_time": [
      1.8105154037475586,
      1.8288288116455078,
      0.03812217712402344,
      0.041600942611694336,
      0.033364057540893555
    ],
    "test_r": [
      0.09568967541978177,
      0.2343061669720561,
      0.28190328002912834,
      0.24315679809721802,
      0.16455448957447627
    ],
    "test_r2": [
      -113.26513672708141,
      -9.151789942456915,
      -9.985665391300763,
      -10.892256984681396,
      -8.502479716900348
    ],
    "test_rmse": [
      -1.0559110034537758,
      -0.39890579571636836,
      -0.3465238211646196,
      -0.3268677810311699,
      -0.34655740243328187
    ],
    "test_mae": [
      -0.35295251233735003,
      -0.26294934735870523,
      -0.2151171773780993,
      -0.20167285465580614,
      -0.21409644126982055
    ]
  },
  "420": {
    "fit_time": [
      2.766991138458252,
      2.757445812225342,
      3.7837910652160645,
      2.3297667503356934,
      3.516443967819214
    ],
    "score_time": [
      0.03655695915222168,
      0.03508615493774414,
      0.03505396842956543,
      0.03285622596740723,
      0.03496909141540527
    ],
    "test_r": [
      0.2501986766615603,
      0.145168518140174,
      0.3785179506910227,
      0.23908746078305826,
      0.3022578266129123
    ],
    "test_r2": [
      -12.577218704019097,
      -14.617922460511778,
      -4.1483162061967835,
      -18.538453415240525,
      -19.09528026596051
    ],
    "test_rmse": [
      -0.3769254498453683,
      -0.5110938986175283,
      -0.21470345859108422,
      -0.5029413707969577,
      -0.42768404716625225
    ],
    "test_mae": [
      -0.2186064943510954,
      -0.23655647038971248,
      -0.14362410662577638,
      -0.2728284831769297,
      -0.2271052914702847
    ]
  },
  "1234567890": {
    "fit_time": [
      3.0712881088256836,
      2.9010839462280273,
      4.672090768814087,
      3.6159658432006836,
      2.8779258728027344
    ],
    "score_time": [
      0.03390097618103027,
      0.03430914878845215,
      1.7181601524353027,
      0.0392451286315918,
      0.031989097595214844
    ],
    "test_r": [
      0.28305462935730175,
      0.17975616011732204,
      0.1924141519288207,
      0.3218546977619767,
      0.3293301784250174
    ],
    "test_r2": [
      -11.917548290837809,
      -12.844334014251844,
      -15.587411940499269,
      -10.652529838622897,
      -5.526704658587059
    ],
    "test_rmse": [
      -0.4055338689481656,
      -0.37774307730014517,
      -0.4285784335495667,
      -0.3936523395100948,
      -0.2647346697759568
    ],
    "test_mae": [
      -0.2078956472432296,
      -0.22825056912719513,
      -0.25308592254787243,
      -0.2369454825467303,
      -0.1696123132985309
    ]
  },
  "473129": {
    "fit_time": [
      3.514596939086914,
      3.5588021278381348,
      2.0256378650665283,
      3.4499218463897705,
      3.0126161575317383
    ],
    "score_time": [
      1.8308320045471191,
      0.03913402557373047,
      0.03872203826904297,
      0.034452199935913086,
      0.036496877670288086
    ],
    "test_r": [
      0.21777820716392055,
      0.3168302840020534,
      0.3022495553839286,
      0.23737413974627355,
      0.08481935125893235
    ],
    "test_r2": [
      -6.618060446717138,
      -8.080794781831582,
      -10.942776220353105,
      -8.815780110355247,
      -23.797711085164273
    ],
    "test_rmse": [
      -0.3112253499655135,
      -0.3371403766905305,
      -0.3701419831501665,
      -0.34757215479164155,
      -0.4630348319340018
    ],
    "test_mae": [
      -0.21563837788735432,
      -0.2377211286952116,
      -0.2517609939036811,
      -0.24634261784447653,
      -0.2215388499267208
    ]
  },
  "r_avg": 0.22615582841436388,
  "r_stdev": 0.08482672900375467,
  "r_stderr": 0.032061489925000665,
  "r2_avg": -16.60466865910455,
  "r2_stdev": 20.726696486617588,
  "r2_stderr": 7.833954914786617,
  "rmse_avg": -0.4093818766098776,
  "rmse_stdev": 0.16451552046966575,
  "rmse_stderr": 0.062181021996155945,
  "mae_avg": -0.23359916538891656,
  "mae_stdev": 0.04088132807532397,
  "mae_stderr": 0.01545168962190715
}