fold,r,r2,rmse,mae
1.0,0.7431757833337866,0.5408086346239795,2.2274771081178417,1.5961944204286247
2.0,0.6586218781162627,0.42012941190380193,2.51421312715204,1.8107173002613677
3.0,0.8186843984476884,0.6643991636155666,1.7487948617181255,1.3175589684553817
4.0,0.6532154642981395,0.4140323781880988,2.0709661295169237,1.5455843802952147
5.0,0.8004520837637474,0.6344382969477531,1.9191174398476403,1.4696165202847147
