Dataset,num_of_folds,Features,Targets,Model,r_mean,r_std,r2_mean,r2_std,rmse_mean,rmse_std,mae_mean,mae_std,num_of_data
OPV_Min,5,DA_SMILES,calc_PCE_percent,MLR,0.012078598664466051,0.10686016790834937,-3.4562317852616503e+23,6.690238351047175e+23,884231701597.3701,1322794319621.08,93131263075.66095,124797550224.43356,553
