Dataset,num_of_folds,Features,Targets,Model,r_mean,r_std,r2_mean,r2_std,rmse_mean,rmse_std,mae_mean,mae_std,num_of_data
OPV_Min,5,DA_FP_radius_3_nbits_1024,calc_PCE_percent,KRR,0.26642836726086727,0.04787683167947558,-5.652476501562903,1.2622543909873063,7.844831690736169,0.19894889940031668,6.716633209543659,0.32671712580056267,558
