fold,r,r2,rmse,mae
1.0,0.379822860831426,-5.373119511530885,6.678570973580044,5.881981639221844
2.0,0.4402038449864756,-2.290925708423012,6.117779506250382,5.049372055373548
3.0,0.2642549390613121,-4.709539210570923,7.114086725098242,5.9236112545566835
4.0,0.3382560245134424,-4.228492818098483,7.112917429042894,6.178489328369496
5.0,0.48874523173831036,-1.2367717290616094,4.507179454933563,3.4011250943152223
