{
  "6": {
    "fit_time": [
      1.8783020973205566,
      1.886890172958374,
      1.8804659843444824,
      1.8995001316070557,
      1.885815143585205
    ],
    "score_time": [
      0.4817781448364258,
      0.46884989738464355,
      0.4679710865020752,
      0.4643540382385254,
      0.4698679447174072
    ],
    "test_r": [
      0.8182980506124528,
      0.8319056260278744,
      0.8507106275634461,
      0.8165787523174122,
      0.7584439618233094
    ],
    "test_r2": [
      0.6550463067960013,
      0.6560070623702741,
      0.7182079740170657,
      0.6409944967297595,
      0.5667896034519878
    ],
    "test_rmse": [
      -2.5718922344899178,
      -3.1127426143791275,
      -2.478772581122405,
      -2.8271163448401118,
      -3.000869409110784
    ],
    "test_mae": [
      -1.7465790342051548,
      -2.1429349210321598,
      -1.7892027516028084,
      -1.7754087623270705,
      -2.0588409858512686
    ]
  },
  "13": {
    "fit_time": [
      1.4342999458312988,
      1.3730840682983398,
      1.423936128616333,
      1.7126128673553467,
      1.4502463340759277
    ],
    "score_time": [
      0.3813910484313965,
      0.3991818428039551,
      0.3862137794494629,
      0.1841740608215332,
      0.3748748302459717
    ],
    "test_r": [
      0.7513269242167941,
      0.8507505718282447,
      0.849963897959089,
      0.8055092411815633,
      0.799750796535516
    ],
    "test_r2": [
      0.5470214219850892,
      0.6971242020321673,
      0.7075951538054943,
      0.6407584081652253,
      0.6202989492483197
    ],
    "test_rmse": [
      -3.2828931305916966,
      -2.7653957456018468,
      -2.4493584716902395,
      -2.763503190769647,
      -2.8161138780220165
    ],
    "test_mae": [
      -2.1064309222654893,
      -2.013337953684297,
      -1.7659940771754077,
      -1.8535736096338944,
      -1.8925835337675465
    ]
  },
  "42": {
    "fit_time": [
      1.4556889533996582,
      1.5153710842132568,
      1.7196300029754639,
      1.541858196258545,
      1.5157411098480225
    ],
    "score_time": [
      0.35390615463256836,
      0.347088098526001,
      0.1869049072265625,
      0.3262617588043213,
      0.33647680282592773
    ],
    "test_r": [
      0.851862405314571,
      0.854160453853374,
      0.7761200006095408,
      0.7874258877108835,
      0.8306321310048745
    ],
    "test_r2": [
      0.7021871671445381,
      0.7176398380341038,
      0.5763837128072162,
      0.5792622810959063,
      0.651586148644547
    ],
    "test_rmse": [
      -2.5532385513663622,
      -2.179361826178288,
      -3.573566063922619,
      -2.94416597983654,
      -2.7366795438695686
    ],
    "test_mae": [
      -1.8776057488781948,
      -1.6343193796383115,
      -2.450245627728133,
      -1.7651871651174262,
      -1.856686002719794
    ]
  },
  "69": {
    "fit_time": [
      1.4245717525482178,
      1.4530870914459229,
      1.4592411518096924,
      1.8024399280548096,
      1.469818115234375
    ],
    "score_time": [
      0.34519028663635254,
      0.34902000427246094,
      0.34427380561828613,
      0.18675613403320312,
      0.33623790740966797
    ],
    "test_r": [
      0.8272540823959411,
      0.890671663047814,
      0.7997479215280658,
      0.7925188948660419,
      0.7848722045470893
    ],
    "test_r2": [
      0.6739092546201775,
      0.7679870555288394,
      0.6195038635171826,
      0.6233538359316784,
      0.5862170248963643
    ],
    "test_rmse": [
      -2.564012858632701,
      -2.377151927130582,
      -2.84281137114889,
      -3.0079394868503155,
      -3.036273550673355
    ],
    "test_mae": [
      -1.7762511357255113,
      -1.6889172331420899,
      -1.834176144724631,
      -2.1154852621475477,
      -2.107133024192351
    ]
  },
  "420": {
    "fit_time": [
      2.45701003074646,
      2.560093879699707,
      2.5551340579986572,
      2.585108995437622,
      2.575896978378296
    ],
    "score_time": [
      0.40436887741088867,
      0.37157320976257324,
      0.3744838237762451,
      0.35358595848083496,
      0.3599679470062256
    ],
    "test_r": [
      0.8283979492959346,
      0.7790066039441972,
      0.8847154167937381,
      0.8639429230230482,
      0.7428898905691685
    ],
    "test_r2": [
      0.6542036519008547,
      0.6057578452980887,
      0.772557981816449,
      0.7121330679419455,
      0.5318170477041325
    ],
    "test_rmse": [
      -2.743208394566548,
      -2.8161959517125217,
      -2.0819712527774525,
      -2.7554550593967124,
      -3.389356419480619
    ],
    "test_mae": [
      -1.9761665762122573,
      -1.9961708620808,
      -1.526032732899658,
      -1.9393966225497872,
      -2.129392268451279
    ]
  },
  "1234567890": {
    "fit_time": [
      2.651458978652954,
      2.7015562057495117,
      2.718416213989258,
      2.711893081665039,
      2.705231189727783
    ],
    "score_time": [
      0.4240708351135254,
      0.40898776054382324,
      0.4018371105194092,
      0.4020500183105469,
      0.3990180492401123
    ],
    "test_r": [
      0.8800166103684011,
      0.8426773080564808,
      0.7403342131839721,
      0.8480680230915111,
      0.8388654460140597
    ],
    "test_r2": [
      0.7509345749793526,
      0.6963921065754521,
      0.5118950276439816,
      0.7077504867569347,
      0.696441256898297
    ],
    "test_rmse": [
      -2.273060032990456,
      -2.68406486484067,
      -3.696043886839688,
      -2.5087341409249153,
      -2.334227185864145
    ],
    "test_mae": [
      -1.6829878448630538,
      -1.9938430910442086,
      -2.395695214581692,
      -1.6768143978007382,
      -1.5952854741601825
    ]
  },
  "473129": {
    "fit_time": [
      2.4801430702209473,
      2.53330397605896,
      2.535308837890625,
      2.5178470611572266,
      2.5266098976135254
    ],
    "score_time": [
      0.39724016189575195,
      0.38434481620788574,
      0.3790440559387207,
      0.3805067539215088,
      0.3753693103790283
    ],
    "test_r": [
      0.8169979838989978,
      0.846398170036601,
      0.7989834959227826,
      0.797199452467475,
      0.8657553346334128
    ],
    "test_r2": [
      0.6526980558840264,
      0.6824617813345524,
      0.6331807195253286,
      0.6088978962967797,
      0.7261759994951686
    ],
    "test_rmse": [
      -2.937502753212782,
      -2.5978799318472467,
      -2.9040151455869663,
      -3.14319685522694,
      -2.102081726514481
    ],
    "test_mae": [
      -2.09650945936981,
      -1.9059646611473846,
      -1.9471830735447495,
      -2.0566640561777803,
      -1.4943520722907793
    ]
  },
  "r_avg": 0.8200786547498193,
  "r_stdev": 0.039271804472374786,
  "r_stderr": 0.014843346881522548,
  "r2_avg": 0.6540334645963796,
  "r2_stdev": 0.0647520671011536,
  "r2_stderr": 0.02447398091814564,
  "rmse_avg": 2.767167210343119,
  "rmse_stdev": 0.3764339004541133,
  "rmse_stderr": 0.14227864080794683,
  "mae_avg": 1.9046671909352357,
  "mae_stdev": 0.21654575589286323,
  "mae_stderr": 0.08184660250843082
}