fold,r,r2,rmse,mae
1.0,0.7941775868654986,0.6259813657757016,1.7045058994930495,1.3442047947329019
2.0,0.8015878248506593,0.6373531137451256,1.9560636854884954,1.5371280673566485
3.0,0.7290638330378431,0.5133098347832424,2.3619782843658763,1.7449601641995116
4.0,0.7354786087332333,0.534407448439522,2.1132706742805687,1.578856153595308
5.0,0.7465027391163782,0.5421271686488526,2.0393990944296587,1.464806976832207
