Dataset,num_of_folds,Features,Targets Model,r_mean,r_std,r2_mean,r2_std,rmse_mean,rmse_std,mae_mean,mae_std,num_of_data
OPV_Min,5,DA_SELFIES,calc_PCE_percent,0.2505811202793265,0.07225076745397592,-5.535133652320878,1.7079624588602678,7.653705964799225,0.5664976393482986,6.481501427136356,0.5996918709438342,5
