{
  "6": {
    "fit_time": [
      1.5031554698944092,
      1.4675335884094238,
      1.4930837154388428,
      1.4513592720031738,
      1.4617645740509033
    ],
    "score_time": [
      0.002351045608520508,
      0.002124309539794922,
      0.002020120620727539,
      0.0021364688873291016,
      0.002078533172607422
    ],
    "test_r": [
      0.6945848679639303,
      0.7938108684611405,
      0.7734017911569027,
      0.7364608839840044,
      0.6833070206111244
    ],
    "test_r2": [
      0.28180275073426087,
      0.46965007926494395,
      0.2767830139906249,
      0.16749677390917694,
      0.22934560632217804
    ],
    "test_rmse": [
      2.271197625186239,
      1.9103126846071183,
      2.0508150639101324,
      2.445980052630704,
      2.0993823396396847
    ],
    "test_mae": [
      1.6936895958175575,
      1.4052125980911472,
      1.470126878765301,
      1.8160704077438625,
      1.6417828239797247
    ]
  },
  "13": {
    "fit_time": [
      1.4284672737121582,
      1.4405300617218018,
      1.4452838897705078,
      1.434342861175537,
      1.4386861324310303
    ],
    "score_time": [
      0.002258777618408203,
      0.0022897720336914062,
      0.0021049976348876953,
      0.0021555423736572266,
      0.002312183380126953
    ],
    "test_r": [
      0.7326046663302941,
      0.7285529917943292,
      0.6338834749736033,
      0.7513761557493385,
      0.8337938009254439
    ],
    "test_r2": [
      0.3776859644887717,
      0.35714095188502426,
      0.03625475800111766,
      0.4181391916776026,
      0.3411161186448267
    ],
    "test_rmse": [
      1.9112953950600449,
      2.264084069882001,
      2.1542967712342644,
      2.231040399825871,
      1.9308474412391632
    ],
    "test_mae": [
      1.5023286062739452,
      1.6765751381361722,
      1.5802934527318697,
      1.6602519502172608,
      1.4728403871319036
    ]
  },
  "42": {
    "fit_time": [
      1.4528846740722656,
      1.4448964595794678,
      1.441579818725586,
      1.4360496997833252,
      1.4179677963256836
    ],
    "score_time": [
      0.002070903778076172,
      0.0020825862884521484,
      0.0020101070404052734,
      0.002029895782470703,
      0.0021054744720458984
    ],
    "test_r": [
      0.7752360641777831,
      0.7835704830305642,
      0.7335978936375168,
      0.6794371308321612,
      0.7359243561033318
    ],
    "test_r2": [
      0.02613876872355303,
      0.46930100722844525,
      0.2901762805179787,
      0.16095504589410337,
      0.35946162376484025
    ],
    "test_rmse": [
      2.204888501594968,
      2.0534934072626947,
      2.2973072779727253,
      2.2058670622987138,
      2.0535635908879373
    ],
    "test_mae": [
      1.8080063237669053,
      1.5689737818739327,
      1.6096335151571368,
      1.6324505844055193,
      1.584977152489083
    ]
  },
  "69": {
    "fit_time": [
      1.4502909183502197,
      1.460193157196045,
      1.548257827758789,
      1.42750883102417,
      1.4198694229125977
    ],
    "score_time": [
      0.002111673355102539,
      0.0023584365844726562,
      0.002058267593383789,
      0.002579927444458008,
      0.002235889434814453
    ],
    "test_r": [
      0.7289001611720313,
      0.7804427243330202,
      0.7484793726165221,
      0.7723138410535504,
      0.6798718976093712
    ],
    "test_r2": [
      0.2531491990231749,
      0.5241697159435604,
      0.13065705571470165,
      0.14127862930890078,
      -0.00862837304150399
    ],
    "test_rmse": [
      2.1335104379805823,
      1.9701830063435466,
      2.4077351940789007,
      2.0805605055816483,
      2.0449222301951444
    ],
    "test_mae": [
      1.6083260873098029,
      1.5117961764085943,
      1.834971927858668,
      1.6770145073468998,
      1.58980035726473
    ]
  },
  "420": {
    "fit_time": [
      1.4271199703216553,
      1.4427299499511719,
      1.4440646171569824,
      1.4484937191009521,
      1.4595730304718018
    ],
    "score_time": [
      0.0020575523376464844,
      0.0022318363189697266,
      0.0021600723266601562,
      0.001975536346435547,
      0.002153635025024414
    ],
    "test_r": [
      0.8203892830565733,
      0.7130368968896249,
      0.6874263836445575,
      0.753228399881555,
      0.7273995173173076
    ],
    "test_r2": [
      0.597063943921184,
      0.3229445019318691,
      0.11347767110530249,
      0.3920461804816533,
      0.10533852206151073
    ],
    "test_rmse": [
      1.8132259802668027,
      2.2584063457321344,
      2.188979858856771,
      1.9973605708321929,
      2.3260805576747132
    ],
    "test_mae": [
      1.4286811257115888,
      1.584567103035437,
      1.551158915495287,
      1.5026867890284725,
      1.7954910247860119
    ]
  },
  "1234567890": {
    "fit_time": [
      1.4453017711639404,
      1.4540677070617676,
      1.4400808811187744,
      1.4453678131103516,
      1.4535725116729736
    ],
    "score_time": [
      0.002072572708129883,
      0.0020313262939453125,
      0.0020737648010253906,
      0.002064943313598633,
      0.0022661685943603516
    ],
    "test_r": [
      0.7195639531348316,
      0.7699482067371329,
      0.7766516256004901,
      0.7973190000749485,
      0.7350649433639815
    ],
    "test_r2": [
      0.02851619244528447,
      0.5323071369464856,
      0.2738857609647751,
      0.39304783149271083,
      0.19764877678507808
    ],
    "test_rmse": [
      2.1536030270210476,
      2.125685294032334,
      2.2166467341569915,
      1.9653087497478634,
      2.1444285703554415
    ],
    "test_mae": [
      1.6405415967084285,
      1.5923430795140847,
      1.6149837305348902,
      1.4839980278489475,
      1.5924979933355192
    ]
  },
  "473129": {
    "fit_time": [
      1.447239637374878,
      1.4479918479919434,
      1.4554059505462646,
      1.4670748710632324,
      1.457536220550537
    ],
    "score_time": [
      0.001960277557373047,
      0.0022084712982177734,
      0.0021076202392578125,
      0.0031108856201171875,
      0.002313375473022461
    ],
    "test_r": [
      0.7569761818478206,
      0.7611098928958133,
      0.734052670053899,
      0.8414587779060776,
      0.6248103924730964
    ],
    "test_r2": [
      0.14829750309166945,
      0.47570215254189874,
      0.3981236250775265,
      0.5635416478478907,
      -0.12425691105477288
    ],
    "test_rmse": [
      2.158637176137208,
      2.0554193395407228,
      2.1928004248495676,
      1.685287970873063,
      2.488710345473033
    ],
    "test_mae": [
      1.6697934329791677,
      1.6606264281126404,
      1.5409765879205823,
      1.3131141431527582,
      1.9266539652385557
    ]
  },
  "r_avg": 0.7427996163255335,
  "r_stdev": 0.04879741689722354,
  "r_stderr": 0.018443689961770655,
  "r2_avg": 0.2777073913610385,
  "r2_stdev": 0.17630242688378364,
  "r2_stderr": 0.0666360538673771,
  "rmse_avg": 2.1283389715131995,
  "rmse_stdev": 0.1693168070188643,
  "rmse_stderr": 0.06399573773649007,
  "mae_avg": 1.6069496056049255,
  "mae_stdev": 0.12612399083224862,
  "mae_stderr": 0.04767038772873145
}