{
  "6": {
    "fit_time": [
      10.357579946517944,
      12.343809127807617,
      12.989943027496338,
      11.957399845123291,
      9.841925382614136
    ],
    "score_time": [
      0.16126108169555664,
      0.16649174690246582,
      0.13346457481384277,
      0.12160062789916992,
      0.09309577941894531
    ],
    "test_r": [
      0.7497203441588585,
      0.7770228964300965,
      0.8009689097913438,
      0.8191609579078556,
      0.7349967797130551
    ],
    "test_r2": [
      0.5600147373079205,
      0.5916320530888671,
      0.6393932201526015,
      0.6639616727449162,
      0.5248293861991654
    ],
    "test_rmse": [
      -1.9658330514725253,
      -2.0710389041075463,
      -1.8131293796976704,
      -1.8263443076029209,
      -2.127703937403936
    ],
    "test_mae": [
      -1.3804758722411072,
      -1.5844674947292425,
      -1.465078340908683,
      -1.2539282988004499,
      -1.6036414949820865
    ]
  },
  "13": {
    "fit_time": [
      9.757441759109497,
      11.863767385482788,
      13.0751314163208,
      11.904571771621704,
      9.746930599212646
    ],
    "score_time": [
      0.1756749153137207,
      0.12942147254943848,
      0.1401679515838623,
      0.12206268310546875,
      0.11199688911437988
    ],
    "test_r": [
      0.7356296327594252,
      0.7387470498175465,
      0.7347528465721878,
      0.7896776814216541,
      0.7821626330087195
    ],
    "test_r2": [
      0.5297608117328603,
      0.5431183240780189,
      0.5277788328147803,
      0.620516362131164,
      0.6100820520857531
    ],
    "test_rmse": [
      -2.12158093189472,
      -2.097753517329707,
      -2.0101087079580626,
      -1.9418189271589323,
      -1.935389920723514
    ],
    "test_mae": [
      -1.4805872267610047,
      -1.5011795686727052,
      -1.595822911379036,
      -1.4126530463865596,
      -1.3776550342670977
    ]
  },
  "42": {
    "fit_time": [
      9.504595518112183,
      12.396298170089722,
      12.799095153808594,
      11.775848388671875,
      9.997583150863647
    ],
    "score_time": [
      0.15345072746276855,
      0.1635758876800537,
      0.13984465599060059,
      0.10341477394104004,
      0.11049818992614746
    ],
    "test_r": [
      0.7574806138184313,
      0.8203133031031431,
      0.7511318070292661,
      0.7639630817163521,
      0.7970248013178424
    ],
    "test_r2": [
      0.5728386002192081,
      0.6397273618477118,
      0.5624892290849766,
      0.5677293293709422,
      0.634882495343851
    ],
    "test_rmse": [
      -2.0512907967044898,
      -1.5474766904069122,
      -2.2989127807539274,
      -1.96188461704713,
      -1.9235166159663795
    ],
    "test_mae": [
      -1.6563560314253307,
      -1.197555539211353,
      -1.6008096560141178,
      -1.3590305345600882,
      -1.4362692359277285
    ]
  },
  "69": {
    "fit_time": [
      9.673995971679688,
      12.20477032661438,
      13.05446481704712,
      12.099446058273315,
      10.046136140823364
    ],
    "score_time": [
      0.1524639129638672,
      0.1288919448852539,
      0.1407299041748047,
      0.12166643142700195,
      0.11162877082824707
    ],
    "test_r": [
      0.7881957466657823,
      0.8277135504014279,
      0.7687864533148199,
      0.7903988620316135,
      0.6966382079502367
    ],
    "test_r2": [
      0.6039171002341568,
      0.6847883663688059,
      0.5832196965315545,
      0.6174243002644351,
      0.45582372503057467
    ],
    "test_rmse": [
      -1.8730831495983087,
      -1.780047213482297,
      -1.9072422103024949,
      -2.010708077312534,
      -2.2792518406823383
    ],
    "test_mae": [
      -1.3491839716236176,
      -1.3901692528754974,
      -1.415382722628982,
      -1.4751874797980191,
      -1.6548887339947247
    ]
  },
  "420": {
    "fit_time": [
      9.866338014602661,
      12.893447875976562,
      12.913699388504028,
      11.947996854782104,
      10.012458324432373
    ],
    "score_time": [
      0.1530919075012207,
      0.16322541236877441,
      0.1417391300201416,
      0.10322284698486328,
      0.10453057289123535
    ],
    "test_r": [
      0.7856359132894675,
      0.734887451178961,
      0.821082819649555,
      0.8522562949394747,
      0.7883533384431903
    ],
    "test_r2": [
      0.6064020679754238,
      0.513399478143036,
      0.6741002963203003,
      0.7154981998937712,
      0.6200177528047945
    ],
    "test_rmse": [
      -1.9361310096291589,
      -1.9953439659418624,
      -1.6520874216621226,
      -1.7600479251420786,
      -2.027823128733196
    ],
    "test_mae": [
      -1.4419766669344263,
      -1.5413498002172026,
      -1.2958836096946764,
      -1.3478069758049598,
      -1.4135767163982742
    ]
  },
  "1234567890": {
    "fit_time": [
      9.631256818771362,
      11.723482131958008,
      12.846187591552734,
      11.804192781448364,
      9.976198673248291
    ],
    "score_time": [
      0.15587401390075684,
      0.15834379196166992,
      0.11383771896362305,
      0.1220855712890625,
      0.12456917762756348
    ],
    "test_r": [
      0.8180462054302138,
      0.8090247491164528,
      0.6817569715505885,
      0.8421254191469157,
      0.8653696978061431
    ],
    "test_r2": [
      0.6660029625481607,
      0.6536071571890482,
      0.4475482840233094,
      0.6878407966018698,
      0.7435000815896307
    ],
    "test_rmse": [
      -1.7766730376886999,
      -1.926798981847182,
      -2.490012172128167,
      -1.5927233025967187,
      -1.4447171462113748
    ],
    "test_mae": [
      -1.3752497613214432,
      -1.4122439523073436,
      -1.742041085031376,
      -1.2425434695519995,
      -1.1516451529689635
    ]
  },
  "473129": {
    "fit_time": [
      10.646767616271973,
      12.341297388076782,
      12.797074317932129,
      11.54149580001831,
      9.573029518127441
    ],
    "score_time": [
      0.1645526885986328,
      0.16824078559875488,
      0.1335000991821289,
      0.10947275161743164,
      0.0982658863067627
    ],
    "test_r": [
      0.7794510175027494,
      0.8312955167021296,
      0.8132247336878347,
      0.7384633130200093,
      0.8232472857852642
    ],
    "test_r2": [
      0.6041492959400814,
      0.6762689268904656,
      0.6570780922528194,
      0.5371619117111308,
      0.6727079050092911
    ],
    "test_rmse": [
      -1.9318576755207353,
      -1.720530503431904,
      -1.8607391510477114,
      -2.1919571783526792,
      -1.6198882194168267
    ],
    "test_mae": [
      -1.4671447260909198,
      -1.3058063892548204,
      -1.3724154237001172,
      -1.5728362243923872,
      -1.2701444785654243
    ]
  },
  "r_avg": 0.7831059110336744,
  "r_stdev": 0.04239542461621605,
  "r_stderr": 0.01602396432307052,
  "r2_avg": 0.6059774533007256,
  "r2_stdev": 0.06846398671338948,
  "r2_stderr": 0.025876954658236986,
  "rmse_avg": 1.9277556113416214,
  "rmse_stdev": 0.21571793698056246,
  "rmse_stderr": 0.08153371636949598,
  "mae_avg": 1.4326567679834792,
  "mae_stdev": 0.13564815149935364,
  "mae_stderr": 0.05127018209612901
}