{
  "6": {
    "fit_time": [
      9.196457147598267,
      9.15761923789978
    ],
    "score_time": [
      2.7647500038146973,
      0.19645285606384277
    ],
    "test_r": [
      0.7345860001274475,
      0.7750769463351752
    ],
    "test_r2": [
      0.5358964543536888,
      0.5967862165450002
    ],
    "test_rmse": [
      -2.105139978222392,
      -1.9666021348804332
    ],
    "test_mae": [
      -1.57166362226978,
      -1.441403278933043
    ]
  },
  "r_avg": 0.7548314732313113,
  "r_stdev": 0.020245473103863876,
  "r_stderr": 0.007652069572524393,
  "r2_avg": 0.5663413354493445,
  "r2_stdev": 0.030444881095655685,
  "r2_stderr": 0.011507083439148085,
  "rmse_avg": 2.0358710565514127,
  "rmse_stdev": 0.06926892167097931,
  "rmse_stderr": 0.026181191475289134,
  "mae_avg": 1.5065334506014114,
  "mae_stdev": 0.06513017166836843,
  "mae_stderr": 0.024616891011635375
}