{
  "6": {
    "fit_time": [
      10.256109714508057,
      12.604399681091309,
      13.424749612808228,
      12.323058605194092,
      10.228044271469116
    ],
    "score_time": [
      0.1583118438720703,
      0.09192633628845215,
      0.07660961151123047,
      0.06413125991821289,
      0.055304765701293945
    ],
    "test_r": [
      0.7389196834874086,
      0.7819496057665654,
      0.8142828776922293,
      0.8205774132799196,
      0.7356600188327712
    ],
    "test_r2": [
      0.5397650840832703,
      0.6030938227581916,
      0.6623764288924963,
      0.6645919964399507,
      0.5270111131576738
    ],
    "test_rmse": [
      -2.010561441040674,
      -2.0417678582943206,
      -1.7543984336652678,
      -1.8246306214829917,
      -2.1228136836280016
    ],
    "test_mae": [
      -1.3923376889787284,
      -1.576352568924862,
      -1.391630293211446,
      -1.2568094407082604,
      -1.6024675702769084
    ]
  },
  "13": {
    "fit_time": [
      10.277432441711426,
      12.691354751586914,
      13.055566310882568,
      12.302794456481934,
      10.392645359039307
    ],
    "score_time": [
      0.09228181838989258,
      0.09335708618164062,
      0.07900571823120117,
      0.06514906883239746,
      0.05510902404785156
    ],
    "test_r": [
      0.722188746627948,
      0.7479794057447788,
      0.7444795537899924,
      0.7949271420167037,
      0.7687983681637053
    ],
    "test_r2": [
      0.5088688981654075,
      0.5554112479977904,
      0.5393170972642997,
      0.6299881381536162,
      0.5905508841916737
    ],
    "test_rmse": [
      -2.168197866249759,
      -2.069339860093128,
      -1.9853993124264628,
      -1.9174322415162306,
      -1.9832699456707745
    ],
    "test_mae": [
      -1.4891802072390623,
      -1.4691741569717982,
      -1.5711268952994522,
      -1.4094316416067456,
      -1.447418673565712
    ]
  },
  "42": {
    "fit_time": [
      9.979906558990479,
      12.816861391067505,
      13.209074020385742,
      12.084053754806519,
      10.386605262756348
    ],
    "score_time": [
      0.12950992584228516,
      0.0918276309967041,
      0.07777643203735352,
      0.0654597282409668,
      0.05576014518737793
    ],
    "test_r": [
      0.7553911728606925,
      0.8378959670039164,
      0.7521765760648513,
      0.7681769943577479,
      0.8016378153362582
    ],
    "test_r2": [
      0.5700988415185866,
      0.6673512814695224,
      0.5629123360872021,
      0.5715361525949227,
      0.6419990981307395
    ],
    "test_rmse": [
      -2.057858640893003,
      -1.4869672501808444,
      -2.297800897985192,
      -1.9532267733461215,
      -1.9046784814607778
    ],
    "test_mae": [
      -1.5986980007856653,
      -1.1696890719993156,
      -1.5975725816955568,
      -1.3407215388856508,
      -1.4310683396654778
    ]
  },
  "69": {
    "fit_time": [
      9.75551152229309,
      12.486915826797485,
      13.025615215301514,
      12.238499641418457,
      10.278501033782959
    ],
    "score_time": [
      0.13583755493164062,
      0.09078288078308105,
      0.07849574089050293,
      0.06580495834350586,
      0.05557394027709961
    ],
    "test_r": [
      0.7897437915272816,
      0.8307155839556,
      0.7736891044276354,
      0.7898395589599667,
      0.7031516634257399
    ],
    "test_r2": [
      0.6071890947689746,
      0.6892620173852908,
      0.5913950650683775,
      0.6172031635787831,
      0.4584671169875002
    ],
    "test_rmse": [
      -1.865330444875508,
      -1.7673703856691512,
      -1.8884437804824497,
      -2.011289108839008,
      -2.273709252006567
    ],
    "test_mae": [
      -1.356627390654827,
      -1.3725320833835524,
      -1.40075690744556,
      -1.5220061970029806,
      -1.6177497784769492
    ]
  },
  "420": {
    "fit_time": [
      9.958131074905396,
      12.913414478302002,
      13.229623317718506,
      12.191831350326538,
      10.244956970214844
    ],
    "score_time": [
      0.16244912147521973,
      0.0918571949005127,
      0.07933735847473145,
      0.0647122859954834,
      0.055205345153808594
    ],
    "test_r": [
      0.7870446543737546,
      0.738978769004007,
      0.8241411585281542,
      0.8587659885267448,
      0.7950522410001234
    ],
    "test_r2": [
      0.6116858308937223,
      0.5241561410533934,
      0.6780242452316387,
      0.7295186133286253,
      0.6291676468666346
    ],
    "test_rmse": [
      -1.9230915326071354,
      -1.9731664444490993,
      -1.6421114406180528,
      -1.716131948226067,
      -2.0032595752102327
    ],
    "test_mae": [
      -1.4130503459707688,
      -1.515097601733213,
      -1.300134609663559,
      -1.3446660684395617,
      -1.381275685035738
    ]
  },
  "1234567890": {
    "fit_time": [
      10.142261505126953,
      11.805474996566772,
      13.174524545669556,
      12.187597036361694,
      10.131468534469604
    ],
    "score_time": [
      0.0830075740814209,
      0.09231877326965332,
      0.07969546318054199,
      0.06505703926086426,
      0.05528378486633301
    ],
    "test_r": [
      0.8310986934547804,
      0.7953781465950068,
      0.6864997274006631,
      0.8251994941467892,
      0.8579140081901286
    ],
    "test_r2": [
      0.6871617033785787,
      0.631460796484931,
      0.4545187208058318,
      0.6579522676058072,
      0.7313731324257906
    ],
    "test_rmse": [
      -1.719476166955254,
      -1.9874389623207636,
      -2.474253719469726,
      -1.6672303980802912,
      -1.4784748300943633
    ],
    "test_mae": [
      -1.3321749707641681,
      -1.4672479529456801,
      -1.7310409228935009,
      -1.2546061305676297,
      -1.1916289303778327
    ]
  },
  "473129": {
    "fit_time": [
      10.567199468612671,
      11.845317840576172,
      12.97881817817688,
      12.074099063873291,
      9.577949285507202
    ],
    "score_time": [
      0.09646868705749512,
      0.09395098686218262,
      0.0796823501586914,
      0.06486892700195312,
      0.05504250526428223
    ],
    "test_r": [
      0.7916307588867068,
      0.837024844280967,
      0.8201227325936051,
      0.746731611715902,
      0.818971054616025
    ],
    "test_r2": [
      0.6250507026560574,
      0.686818252170879,
      0.6664824771276954,
      0.5527530521398962,
      0.6653460988066184
    ],
    "test_rmse": [
      -1.880163809814132,
      -1.6922651273663314,
      -1.8350470682746656,
      -2.1547218358511553,
      -1.6380050451494035
    ],
    "test_mae": [
      -1.4061045646814672,
      -1.294938114096293,
      -1.3505764281168733,
      -1.5844583087488833,
      -1.2246652130937365
    ]
  },
  "r_avg": 0.785335283618145,
  "r_stdev": 0.042408492485698925,
  "r_stderr": 0.016028903513472966,
  "r2_avg": 0.6094245302762963,
  "r2_stdev": 0.06881508281741577,
  "r2_stderr": 0.026009656512170878,
  "rmse_avg": 1.9191235481226545,
  "rmse_stdev": 0.21638536513112427,
  "rmse_stderr": 0.0817859804986946,
  "mae_avg": 1.4230004821116404,
  "mae_stdev": 0.1317900602581212,
  "mae_stderr": 0.04981196067331508
}