{
  "6": {
    "fit_time": [
      43.282334327697754,
      43.97880792617798,
      44.027416467666626,
      43.99955177307129,
      42.66827154159546
    ],
    "score_time": [
      0.21279621124267578,
      0.20683598518371582,
      0.20872020721435547,
      0.2041795253753662,
      0.2028331756591797
    ],
    "test_r": [
      0.7053765872966828,
      0.7744397067211595,
      0.7809975686747697,
      0.5750226598818784,
      0.8442386411636881
    ],
    "test_r2": [
      0.44852792346952497,
      0.5909261670903706,
      0.6058090258104787,
      0.30665327828454403,
      0.7034441801890683
    ],
    "test_rmse": [
      -1.8829054169916404,
      -1.9921818683351074,
      -1.7391743522766445,
      -2.4515376877840596,
      -1.800986421840662
    ],
    "test_mae": [
      -1.4402651247976948,
      -1.5870599101536056,
      -1.379743571606904,
      -1.9099357622908752,
      -1.3762301626268838
    ]
  },
  "13": {
    "fit_time": [
      44.033350467681885,
      44.068503618240356,
      44.158252000808716,
      43.8254029750824,
      41.86340022087097
    ],
    "score_time": [
      0.21251869201660156,
      0.20864319801330566,
      0.20593619346618652,
      0.21031761169433594,
      0.19930338859558105
    ],
    "test_r": [
      0.8586122616178082,
      0.5779969670975204,
      0.6527105028922509,
      0.7846926468560149,
      0.8056927929810522
    ],
    "test_r2": [
      0.701871311907005,
      0.195874038961816,
      0.4194143505081963,
      0.6154643573353378,
      0.6323446210969579
    ],
    "test_rmse": [
      -1.8035704269257753,
      -1.9398023403776419,
      -2.4308629652603613,
      -1.8676035766412198,
      -1.7587260752662925
    ],
    "test_mae": [
      -1.4362674221907092,
      -1.5645018930376653,
      -1.723329131583585,
      -1.5530766412503516,
      -1.4285387745475941
    ]
  },
  "42": {
    "fit_time": [
      43.829913854599,
      44.111313343048096,
      43.81014442443848,
      43.585315227508545,
      42.39135384559631
    ],
    "score_time": [
      0.21979856491088867,
      0.2067241668701172,
      0.2083265781402588,
      0.20224332809448242,
      0.20586371421813965
    ],
    "test_r": [
      0.6860231796745464,
      0.8020055087285453,
      0.7252896935807785,
      0.7718656661721389,
      0.7495727555900505
    ],
    "test_r2": [
      0.4311407797464749,
      0.6402624110324338,
      0.4941713158053255,
      0.5918236671701618,
      0.524695263109439
    ],
    "test_rmse": [
      -2.4896759899177416,
      -1.708187333003487,
      -1.8432347417356751,
      -1.965447401921483,
      -1.9170290397340972
    ],
    "test_mae": [
      -1.797963708388,
      -1.3371134683187864,
      -1.534462556718218,
      -1.6430368354372469,
      -1.4932302237289257
    ]
  },
  "69": {
    "fit_time": [
      44.019049644470215,
      44.215500354766846,
      44.00361132621765,
      44.1458055973053,
      41.42031788825989
    ],
    "score_time": [
      0.2133350372314453,
      0.21034860610961914,
      0.2119309902191162,
      0.20205187797546387,
      0.2009415626525879
    ],
    "test_r": [
      0.832416553859936,
      0.7105853899494138,
      0.6340854299708525,
      0.8320178390415585,
      0.6725385955393045
    ],
    "test_r2": [
      0.682999970073519,
      0.49230439160908945,
      0.29730858188307385,
      0.6775489964329142,
      0.34855746727512615
    ],
    "test_rmse": [
      -1.6389049136820306,
      -2.3490831924591564,
      -2.0451507367963457,
      -1.79947797824877,
      -2.1106819849543337
    ],
    "test_mae": [
      -1.24290594684779,
      -1.7243152912623232,
      -1.5829807941572598,
      -1.4246908940352851,
      -1.7243394357441224
    ]
  },
  "420": {
    "fit_time": [
      44.67116045951843,
      43.12698554992676,
      44.31863260269165,
      43.91394400596619,
      42.24813771247864
    ],
    "score_time": [
      0.21912741661071777,
      0.20915770530700684,
      0.2074141502380371,
      0.20595145225524902,
      0.19953060150146484
    ],
    "test_r": [
      0.755768703271136,
      0.717780939162105,
      0.739242895461555,
      0.7404268576048366,
      0.8467389406440495
    ],
    "test_r2": [
      0.5354804121841125,
      0.44891740853749873,
      0.5197639244483003,
      0.5380935220828011,
      0.6812918513460218
    ],
    "test_rmse": [
      -1.7644513360924943,
      -2.0629175244828595,
      -2.4545563442424263,
      -1.9650433967929228,
      -1.5830130014610477
    ],
    "test_mae": [
      -1.3490645014838234,
      -1.6980029602011328,
      -1.7425644437435608,
      -1.6057988137533385,
      -1.357038927076379
    ]
  },
  "1234567890": {
    "fit_time": [
      43.2388858795166,
      44.24922013282776,
      44.076258182525635,
      43.886502742767334,
      42.78878593444824
    ],
    "score_time": [
      0.215623140335083,
      0.2097456455230713,
      0.20692157745361328,
      0.20161962509155273,
      0.20212268829345703
    ],
    "test_r": [
      0.6506132792212347,
      0.7906988384104667,
      0.7205676079135045,
      0.7938456078805759,
      0.8168566389370587
    ],
    "test_r2": [
      0.40761164882342305,
      0.5893989357230447,
      0.5152967229771741,
      0.6004046840927899,
      0.6629401215293059
    ],
    "test_rmse": [
      -2.232080927662958,
      -1.9140060400494114,
      -2.2942108544372255,
      -1.613256622811911,
      -1.6622890396205543
    ],
    "test_mae": [
      -1.671850194996168,
      -1.4084091025451748,
      -1.7240454233141531,
      -1.319696761846606,
      -1.3961171654841478
    ]
  },
  "473129": {
    "fit_time": [
      44.231645584106445,
      44.478758811950684,
      43.76883673667908,
      44.114792585372925,
      41.920978307724
    ],
    "score_time": [
      0.209075927734375,
      0.2146611213684082,
      0.21130800247192383,
      0.20294475555419922,
      0.1990649700164795
    ],
    "test_r": [
      0.7157378776922759,
      0.8199244209703599,
      0.6442843065707409,
      0.8037480825487721,
      0.784328749569082
    ],
    "test_r2": [
      0.5071984338698792,
      0.6482282713615297,
      0.41187199874979363,
      0.6440436903969389,
      0.6145700796666513
    ],
    "test_rmse": [
      -1.6488115508659815,
      -1.7000755157287084,
      -2.385472988612507,
      -1.8029240239836737,
      -1.929628171929862
    ],
    "test_mae": [
      -1.303345911779174,
      -1.3471145689975688,
      -1.7119520697759045,
      -1.4863063505048155,
      -1.525774774026241
    ]
  },
  "r_avg": 0.7461927055185058,
  "r_stdev": 0.07383849305547682,
  "r_stderr": 0.02790832711550878,
  "r2_avg": 0.5350358229880036,
  "r2_stdev": 0.12498262712327343,
  "r2_stderr": 0.04723899279595679,
  "rmse_avg": 1.9584846223693448,
  "rmse_stdev": 0.2667888332698016,
  "rmse_stderr": 0.10083670077156713,
  "mae_avg": 1.5300305576643431,
  "mae_stdev": 0.16487549135708315,
  "mae_stderr": 0.06231707820291733
}