{
  "6": {
    "fit_time": [
      91.5017397403717,
      90.52281856536865,
      91.09634160995483,
      90.92208456993103,
      87.50793957710266
    ],
    "score_time": [
      0.407062292098999,
      0.4026763439178467,
      0.3992166519165039,
      0.36768603324890137,
      0.33663439750671387
    ],
    "test_r": [
      0.6802334381287348,
      0.7764345443178031,
      0.7491143996437508,
      0.7719082150028994,
      0.7325036917513257
    ],
    "test_r2": [
      0.45880929452550845,
      0.6007335182704265,
      0.5610318096327142,
      0.5930101734903025,
      0.5350039799977047
    ],
    "test_rmse": [
      -2.1889356464382983,
      -1.9647266511373416,
      -2.0165602742744757,
      -2.2220638701185327,
      -1.9081088660115402
    ],
    "test_mae": [
      -1.7163407116597094,
      -1.4551624459225163,
      -1.4184404412148184,
      -1.7353434225284619,
      -1.4630472670462382
    ]
  },
  "13": {
    "fit_time": [
      91.07671999931335,
      90.08144474029541,
      90.80590343475342,
      90.84591603279114,
      89.3817183971405
    ],
    "score_time": [
      0.41144418716430664,
      0.4106302261352539,
      0.3750450611114502,
      0.3714590072631836,
      0.34215354919433594
    ],
    "test_r": [
      0.7166375122446991,
      0.755049598116623,
      0.7194504018214356,
      0.767681778211229,
      0.8391866481047433
    ],
    "test_r2": [
      0.5005661688298464,
      0.5627529946343901,
      0.5070653006869448,
      0.5855186113595743,
      0.687923528959927
    ],
    "test_rmse": [
      -1.9300120012275543,
      -2.1242693570243016,
      -1.9080842153588395,
      -2.124429790471685,
      -1.8968897274669698
    ],
    "test_mae": [
      -1.4423437316747056,
      -1.5892559772385086,
      -1.4550774930260488,
      -1.594367187205603,
      -1.4852103338094065
    ]
  },
  "42": {
    "fit_time": [
      90.83552956581116,
      90.56732559204102,
      91.39783239364624,
      91.73737001419067,
      87.8941376209259
    ],
    "score_time": [
      0.4001026153564453,
      0.4148848056793213,
      0.38725781440734863,
      0.3628549575805664,
      0.33991456031799316
    ],
    "test_r": [
      0.7759699763240386,
      0.7374326529690621,
      0.7271478051272262,
      0.7690861934460342,
      0.7675477824461749
    ],
    "test_r2": [
      0.5848804861517694,
      0.5414537170888729,
      0.5079592323857749,
      0.5909346903658594,
      0.5880076210168105
    ],
    "test_rmse": [
      -1.9352117345338253,
      -2.1822312066582135,
      -2.287541050894003,
      -1.88288111633876,
      -1.9070437118446104
    ],
    "test_mae": [
      -1.5010323266078678,
      -1.6703905369768508,
      -1.5967513763895838,
      -1.4786258803713546,
      -1.4873165488059117
    ]
  },
  "69": {
    "fit_time": [
      91.27569627761841,
      90.38694953918457,
      90.92873549461365,
      91.53070163726807,
      88.09350848197937
    ],
    "score_time": [
      0.40900588035583496,
      0.40527868270874023,
      0.387941837310791,
      0.36373353004455566,
      0.3331794738769531
    ],
    "test_r": [
      0.739352860041336,
      0.7840426844294538,
      0.7519958933035792,
      0.7878518575036088,
      0.7553894921046369
    ],
    "test_r2": [
      0.5329451593131531,
      0.6145074274162715,
      0.5505821742662789,
      0.6114083436238298,
      0.5677967574924383
    ],
    "test_rmse": [
      -2.1082567393232203,
      -1.9006194002028016,
      -2.2637676632285366,
      -1.9465696651988746,
      -1.8278730059487878
    ],
    "test_mae": [
      -1.5736563342949583,
      -1.4541217845832397,
      -1.6891477558512322,
      -1.439263542855622,
      -1.3708998793295262
    ]
  },
  "420": {
    "fit_time": [
      90.62617492675781,
      91.26267099380493,
      91.53473424911499,
      91.10883378982544,
      87.65206098556519
    ],
    "score_time": [
      0.40509557723999023,
      0.40786075592041016,
      0.37842345237731934,
      0.3593177795410156,
      0.3444864749908447
    ],
    "test_r": [
      0.8123470330994994,
      0.794279871421452,
      0.7325517323538746,
      0.7190965805374258,
      0.7772910161309009
    ],
    "test_r2": [
      0.653753054617465,
      0.6266697490360071,
      0.5354185354683538,
      0.51555348197637,
      0.5984545954794592
    ],
    "test_rmse": [
      -1.8147147528685088,
      -1.9008972654744647,
      -2.0174706435367673,
      -1.9920234411399484,
      -2.128599826019383
    ],
    "test_mae": [
      -1.4197356207793064,
      -1.4219264509112703,
      -1.5383244433259649,
      -1.5264444584967134,
      -1.5805289820581978
    ]
  },
  "1234567890": {
    "fit_time": [
      90.65300941467285,
      90.98954653739929,
      91.50921416282654,
      90.9881808757782,
      88.48755073547363
    ],
    "score_time": [
      0.4067506790161133,
      0.4123713970184326,
      0.38385987281799316,
      0.36197686195373535,
      0.3484835624694824
    ],
    "test_r": [
      0.7152968721619651,
      0.7810454744500179,
      0.8165818641362931,
      0.8354345579526428,
      0.7779292615598313
    ],
    "test_r2": [
      0.5020409362814626,
      0.6097654111592137,
      0.6473651675681511,
      0.6808690024563391,
      0.6002082969527605
    ],
    "test_rmse": [
      -2.177658875179265,
      -1.9690752149859956,
      -1.9684726074772219,
      -1.7107061078397328,
      -1.797537279882053
    ],
    "test_mae": [
      -1.5949315716780972,
      -1.4021386974422834,
      -1.4640508254800582,
      -1.3918684430156647,
      -1.4202112021963447
    ]
  },
  "473129": {
    "fit_time": [
      90.36350297927856,
      90.87192034721375,
      91.82543754577637,
      91.08599972724915,
      87.3266613483429
    ],
    "score_time": [
      0.4138820171356201,
      0.4114868640899658,
      0.3798508644104004,
      0.35842347145080566,
      0.3455667495727539
    ],
    "test_r": [
      0.7909388617170943,
      0.756368203179928,
      0.7649240911127642,
      0.8530276283149578,
      0.6376859214821943
    ],
    "test_r2": [
      0.5983799143200648,
      0.554546305140742,
      0.5773427255891475,
      0.714304669136083,
      0.3973607490583716
    ],
    "test_rmse": [
      -2.0723883139611377,
      -1.965601448705496,
      -2.032816708464546,
      -1.6629496505911252,
      -2.312254318330876
    ],
    "test_mae": [
      -1.6324871533006386,
      -1.5262575679185924,
      -1.4505329368538087,
      -1.3008927078278207,
      -1.6537855015417764
    ]
  },
  "r_avg": 0.761966182704264,
  "r_stdev": 0.04281052040831603,
  "r_stderr": 0.016180855785379936,
  "r2_avg": 0.5741406738213826,
  "r2_stdev": 0.06345615056605461,
  "r2_stderr": 0.023984170507893005,
  "rmse_avg": 2.0014069185187915,
  "rmse_stdev": 0.15618317125853476,
  "rmse_stderr": 0.05903169001764197,
  "mae_avg": 1.5125689011491057,
  "mae_stdev": 0.10349744664194278,
  "mae_stderr": 0.039118357877822516
}