{
  "6": {
    "fit_time": [
      43.417537212371826,
      43.718634366989136,
      44.06921577453613,
      44.08645749092102,
      42.74820899963379
    ],
    "score_time": [
      0.21129608154296875,
      0.2158041000366211,
      0.20244908332824707,
      0.2011570930480957,
      0.20349431037902832
    ],
    "test_r": [
      0.7023722332471725,
      0.7762700039487802,
      0.7812317794597246,
      0.5764671216530104,
      0.8438731744112096
    ],
    "test_r2": [
      0.4459197521529069,
      0.5937149118224564,
      0.6070080369522477,
      0.30941182369138076,
      0.7018706845459677
    ],
    "test_rmse": [
      -1.887352738318043,
      -1.9853796883433283,
      -1.736527313549818,
      -2.4466559902733147,
      -1.8057580280858592
    ],
    "test_mae": [
      -1.4434430121284982,
      -1.573942854635124,
      -1.3785662754760575,
      -1.9095211595964967,
      -1.3803806441302582
    ]
  },
  "13": {
    "fit_time": [
      43.994640588760376,
      43.99189901351929,
      44.00754165649414,
      43.96375870704651,
      41.73111581802368
    ],
    "score_time": [
      0.20708250999450684,
      0.212937593460083,
      0.2041311264038086,
      0.2082226276397705,
      0.1972649097442627
    ],
    "test_r": [
      0.85519907116305,
      0.5840610467208425,
      0.6516173998220922,
      0.791306705748327,
      0.8079798659809175
    ],
    "test_r2": [
      0.6949352291846469,
      0.20368875155945332,
      0.4181635466387543,
      0.6259673303524562,
      0.6366089309567307
    ],
    "test_rmse": [
      -1.8244301891693862,
      -1.9303535671857017,
      -2.433480061419456,
      -1.8419217028224613,
      -1.7484968943740915
    ],
    "test_mae": [
      -1.4488474173547417,
      -1.5552049471822051,
      -1.7297060764939702,
      -1.5334865589946138,
      -1.4216325885651029
    ]
  },
  "42": {
    "fit_time": [
      43.82289385795593,
      43.962791442871094,
      43.7814040184021,
      43.62304949760437,
      42.43033409118652
    ],
    "score_time": [
      0.2120368480682373,
      0.21463251113891602,
      0.21498942375183105,
      0.20458722114562988,
      0.1990365982055664
    ],
    "test_r": [
      0.684587623538168,
      0.7969856352402662,
      0.721408949598434,
      0.7704345987438748,
      0.7464576353291549
    ],
    "test_r2": [
      0.42908352818148554,
      0.6325207840607439,
      0.48792724748932925,
      0.5895896164257048,
      0.517934972057983
    ],
    "test_rmse": [
      -2.494173822802329,
      -1.7264697676601761,
      -1.8545765094411202,
      -1.9708187538713113,
      -1.9306139217142617
    ],
    "test_mae": [
      -1.8003083822340737,
      -1.3497528397291094,
      -1.5416427525754723,
      -1.6442710313427225,
      -1.4958733309116803
    ]
  },
  "69": {
    "fit_time": [
      44.18761396408081,
      44.39225888252258,
      44.057568073272705,
      44.07091188430786,
      41.45162916183472
    ],
    "score_time": [
      0.21403288841247559,
      0.20981764793395996,
      0.20806193351745605,
      0.20538687705993652,
      0.2003016471862793
    ],
    "test_r": [
      0.8341687223295231,
      0.7067939385106083,
      0.6311077775961227,
      0.8321143612974868,
      0.6769404567118564
    ],
    "test_r2": [
      0.6850909509683301,
      0.4866578981774553,
      0.2902203831439333,
      0.6775246227343806,
      0.3519307540750142
    ],
    "test_rmse": [
      -1.6334907364348616,
      -2.3621100988598265,
      -2.0554397915410187,
      -1.7995459871935016,
      -2.105210146427329
    ],
    "test_mae": [
      -1.242856827541994,
      -1.7361923932692385,
      -1.5925347631215638,
      -1.4236170711392209,
      -1.7299760956881276
    ]
  },
  "420": {
    "fit_time": [
      44.47454619407654,
      43.14708399772644,
      44.446643590927124,
      43.94392514228821,
      42.21605110168457
    ],
    "score_time": [
      0.21356415748596191,
      0.21610736846923828,
      0.20925593376159668,
      0.20200371742248535,
      0.20294976234436035
    ],
    "test_r": [
      0.755893006089133,
      0.7176888166025629,
      0.7412139609760106,
      0.7423482185306243,
      0.848222899475584
    ],
    "test_r2": [
      0.5359386592765951,
      0.4478055495789057,
      0.5230972143580505,
      0.540573409061107,
      0.6837385961271377
    ],
    "test_rmse": [
      -1.7635808085373808,
      -2.0649975371780926,
      -2.4460230467100255,
      -1.959761327752653,
      -1.5769248432969667
    ],
    "test_mae": [
      -1.3464020053554684,
      -1.6987082109591785,
      -1.7330534630442036,
      -1.5984579545587416,
      -1.3538740903874513
    ]
  },
  "1234567890": {
    "fit_time": [
      43.40795111656189,
      44.37391757965088,
      43.99879312515259,
      44.06697750091553,
      42.8207266330719
    ],
    "score_time": [
      0.211622953414917,
      0.20799541473388672,
      0.20707321166992188,
      0.2033710479736328,
      0.20197606086730957
    ],
    "test_r": [
      0.6502657715286825,
      0.7901758377135782,
      0.719278243932532,
      0.7930802480807564,
      0.8182587909466305
    ],
    "test_r2": [
      0.4064016821647817,
      0.5899602864831648,
      0.5134621890873545,
      0.5976240407041916,
      0.6650662751581304
    ],
    "test_rmse": [
      -2.234359302837475,
      -1.9126972316768893,
      -2.298548387155051,
      -1.618859934817272,
      -1.657037935502251
    ],
    "test_mae": [
      -1.674811658042515,
      -1.4133270849284616,
      -1.7346921379401854,
      -1.3231492313323303,
      -1.3930884243080013
    ]
  },
  "473129": {
    "fit_time": [
      44.115066051483154,
      44.45812702178955,
      43.65554332733154,
      44.247562408447266,
      41.902923583984375
    ],
    "score_time": [
      0.2108898162841797,
      0.225968599319458,
      0.2259540557861328,
      0.2037966251373291,
      0.20119857788085938
    ],
    "test_r": [
      0.7090409524036592,
      0.8218985948662014,
      0.6434643725344198,
      0.8036452947094128,
      0.7797563073581937
    ],
    "test_r2": [
      0.4978686030342946,
      0.6512309214205529,
      0.41100218573880465,
      0.6440554466447866,
      0.6072423587596237
    ],
    "test_rmse": [
      -1.6643462060241967,
      -1.6928042210178538,
      -2.3872363367528866,
      -1.8028942509523833,
      -1.9478846715213212
    ],
    "test_mae": [
      -1.3219494388285773,
      -1.3383654147137047,
      -1.7079031958771693,
      -1.4882557571798152,
      -1.5364880526470324
    ]
  },
  "r_avg": 0.7458745547656744,
  "r_stdev": 0.07374803937268838,
  "r_stderr": 0.027874138836961902,
  "r2_avg": 0.5343096335076812,
  "r2_stdev": 0.12488221478747169,
  "r2_stderr": 0.04720104050037186,
  "rmse_avg": 1.9600217643205688,
  "rmse_stdev": 0.26693180074394574,
  "rmse_stderr": 0.1008907373975895,
  "mae_avg": 1.53126523263466,
  "mae_stdev": 0.16459859783103775,
  "mae_stderr": 0.062212422287265916
}