{
  "6": {
    "fit_time": [
      91.11986947059631,
      90.81072616577148,
      91.59839606285095,
      91.28482580184937,
      87.57361388206482
    ],
    "score_time": [
      0.40418052673339844,
      0.40495729446411133,
      0.383817195892334,
      0.36443448066711426,
      0.33510613441467285
    ],
    "test_r": [
      0.678272806877674,
      0.7770584746789928,
      0.7482050025659039,
      0.7700051524490539,
      0.7311357113706395
    ],
    "test_r2": [
      0.45624847406850677,
      0.6016087747476762,
      0.5597123411242471,
      0.5898930159398087,
      0.5329476391236214
    ],
    "test_rmse": [
      -2.1941083662752385,
      -1.9625719709019296,
      -2.0195887298197315,
      -2.2305570935508516,
      -1.912323304097222
    ],
    "test_mae": [
      -1.7188714347758063,
      -1.4563288017841483,
      -1.422262470615054,
      -1.7446540940868078,
      -1.4677230729809094
    ]
  },
  "13": {
    "fit_time": [
      93.22920370101929,
      90.22932863235474,
      90.96259236335754,
      90.94390058517456,
      89.1709508895874
    ],
    "score_time": [
      0.4120368957519531,
      0.4155099391937256,
      0.38745617866516113,
      0.36675000190734863,
      0.3462331295013428
    ],
    "test_r": [
      0.715472636850959,
      0.7544039532597124,
      0.721717152734744,
      0.7685097365432576,
      0.8387445607463848
    ],
    "test_r2": [
      0.49885755083388394,
      0.5620126147628194,
      0.5102534636615949,
      0.5867607072346803,
      0.6872446974740256
    ],
    "test_rmse": [
      -1.9333105739690986,
      -2.1260670835217588,
      -1.9019037297527988,
      -2.121244212743756,
      -1.8989516723992443
    ],
    "test_mae": [
      -1.442368567421521,
      -1.593114854925807,
      -1.4504744831496157,
      -1.5907236224828547,
      -1.4867299173420543
    ]
  },
  "42": {
    "fit_time": [
      91.82044339179993,
      90.58421969413757,
      91.34647130966187,
      91.69355297088623,
      88.12330222129822
    ],
    "score_time": [
      0.4069058895111084,
      0.46698927879333496,
      0.3793199062347412,
      0.35921144485473633,
      0.3439309597015381
    ],
    "test_r": [
      0.7770021656056966,
      0.7396642053759866,
      0.726138463417515,
      0.7694846479230766,
      0.7676914207444636
    ],
    "test_r2": [
      0.5859867987550986,
      0.5446394557610661,
      0.5065505772698293,
      0.5916347021216556,
      0.5882017328426543
    ],
    "test_rmse": [
      -1.932631299988512,
      -2.174637496408506,
      -2.2908131917453094,
      -1.8812693892616401,
      -1.9065944033513713
    ],
    "test_mae": [
      -1.502444943621199,
      -1.6635074317480554,
      -1.6005679862443107,
      -1.477966850427004,
      -1.4872555442023343
    ]
  },
  "69": {
    "fit_time": [
      91.55013513565063,
      90.46153020858765,
      90.43383073806763,
      91.07386779785156,
      88.23666906356812
    ],
    "score_time": [
      0.40370941162109375,
      0.41475510597229004,
      0.37809276580810547,
      0.3653228282928467,
      0.33411598205566406
    ],
    "test_r": [
      0.7392184690529734,
      0.7838280881180468,
      0.7547164820212178,
      0.7869327462726471,
      0.7558748595252727
    ],
    "test_r2": [
      0.5333241325828082,
      0.6141865929944783,
      0.5538022271551414,
      0.6097293724000703,
      0.5684291026867649
    ],
    "test_rmse": [
      -2.107401234766009,
      -1.9014101512392398,
      -2.2556432016492596,
      -1.950770362480104,
      -1.8265353600461003
    ],
    "test_mae": [
      -1.5709584282928586,
      -1.4545691191678012,
      -1.6781133899596885,
      -1.441894692967991,
      -1.3679102746979648
    ]
  },
  "420": {
    "fit_time": [
      92.62938976287842,
      91.11895751953125,
      91.52222943305969,
      91.43226742744446,
      87.4517502784729
    ],
    "score_time": [
      0.4095027446746826,
      0.5213947296142578,
      0.3864588737487793,
      0.3619694709777832,
      0.35759925842285156
    ],
    "test_r": [
      0.8131607501665281,
      0.794522787194124,
      0.7339381004121617,
      0.719888606900856,
      0.7759158108334849
    ],
    "test_r2": [
      0.6548228671957268,
      0.6272394814280331,
      0.53724820950194,
      0.5166395560704213,
      0.596135597042107
    ],
    "test_rmse": [
      -1.8119090868201286,
      -1.8994462495891296,
      -2.0134939941144894,
      -1.9897892430326982,
      -2.1347375046313704
    ],
    "test_mae": [
      -1.4216027373992466,
      -1.4167102827498619,
      -1.5326669808554167,
      -1.5265991098389793,
      -1.5856127543624188
    ]
  },
  "1234567890": {
    "fit_time": [
      91.1042754650116,
      90.99389314651489,
      91.85936784744263,
      90.99063062667847,
      88.48021960258484
    ],
    "score_time": [
      0.4008598327636719,
      0.40734219551086426,
      0.38075900077819824,
      0.36795592308044434,
      0.3349649906158447
    ],
    "test_r": [
      0.7138348620189924,
      0.7794719505445512,
      0.8198387332388506,
      0.8354769111842099,
      0.779407782799647
    ],
    "test_r2": [
      0.49974374181873393,
      0.6072741496534184,
      0.6513952312792654,
      0.6809738081918895,
      0.602418688482667
    ],
    "test_rmse": [
      -2.1826761046353864,
      -1.9753505134298754,
      -1.9571920058751564,
      -1.7104251784783802,
      -1.792561228251172
    ],
    "test_mae": [
      -1.5962678309762528,
      -1.4098607246476749,
      -1.4575825100756485,
      -1.3906876552902405,
      -1.4149882909790554
    ]
  },
  "473129": {
    "fit_time": [
      92.20396375656128,
      92.06748390197754,
      91.95881676673889,
      91.11699318885803,
      87.9190526008606
    ],
    "score_time": [
      0.41256237030029297,
      0.41620683670043945,
      0.3818020820617676,
      0.35991787910461426,
      0.341109037399292
    ],
    "test_r": [
      0.7898397397308586,
      0.7576139498145658,
      0.7666791585202839,
      0.8521003367014838,
      0.6392486406188391
    ],
    "test_r2": [
      0.5969144977521248,
      0.5562623931257864,
      0.5796624383524827,
      0.7128016938656537,
      0.39965169070756934
    ],
    "test_rmse": [
      -2.0761656984568977,
      -1.9618116047112786,
      -2.0272305761823377,
      -1.6673181043221241,
      -2.307855099654021
    ],
    "test_mae": [
      -1.6330188790991915,
      -1.52694642306339,
      -1.4468136638424751,
      -1.3038173240479272,
      -1.651108560786244
    ]
  },
  "r_avg": 0.7621432816232473,
  "r_stdev": 0.042805478559166096,
  "r_stderr": 0.016178950145522987,
  "r2_avg": 0.57432022908595,
  "r2_stdev": 0.06337073811331191,
  "r2_stderr": 0.023951887635203686,
  "rmse_avg": 2.0010370005757747,
  "rmse_stdev": 0.15645844494701355,
  "rmse_stderr": 0.05913573369224116,
  "mae_avg": 1.512363534540223,
  "mae_stdev": 0.1034448816285581,
  "mae_stderr": 0.03909849017023985
}