{
  "6": {
    "fit_time": [
      7.1877946853637695,
      7.279813766479492,
      7.567552804946899,
      7.298981666564941,
      7.255449056625366
    ],
    "score_time": [
      0.046681880950927734,
      0.04725909233093262,
      0.04641866683959961,
      0.045035362243652344,
      0.04449725151062012
    ],
    "test_r": [
      0.6806407486412566,
      0.7701675896190696,
      0.7752204323227678,
      0.5411023150223329,
      0.810129324630751
    ],
    "test_r2": [
      0.42979254559949964,
      0.5722927781120555,
      0.5982705127759855,
      0.27024992067579146,
      0.6270312627028166
    ],
    "test_rmse": [
      -1.9146226249628076,
      -2.0370487606741556,
      -1.755725591347516,
      -2.515071965264066,
      -2.019730519477031
    ],
    "test_mae": [
      -1.4562502193842164,
      -1.6890636810810036,
      -1.41934725671156,
      -1.8976968503393512,
      -1.5146117906279077
    ]
  },
  "13": {
    "fit_time": [
      7.426248550415039,
      7.727134704589844,
      7.387965679168701,
      7.57372522354126,
      7.029526710510254
    ],
    "score_time": [
      0.04807734489440918,
      0.04653596878051758,
      0.04550361633300781,
      0.04553651809692383,
      0.045174360275268555
    ],
    "test_r": [
      0.8286170732542352,
      0.5685122187338142,
      0.6115366856857589,
      0.7769928548627094,
      0.7655283183024901
    ],
    "test_r2": [
      0.6566208788177895,
      0.24293262208680744,
      0.3692709518224906,
      0.5988706221676235,
      0.5643077956947896
    ],
    "test_rmse": [
      -1.9356113653001112,
      -1.8821867147061377,
      -2.533662391505359,
      -1.907474019971691,
      -1.9145540661486058
    ],
    "test_mae": [
      -1.5126952796469244,
      -1.4110346116675887,
      -1.6920551786645488,
      -1.5797255248934754,
      -1.581455375196074
    ]
  },
  "42": {
    "fit_time": [
      7.37999963760376,
      7.335417032241821,
      7.567815780639648,
      7.589135646820068,
      6.980736017227173
    ],
    "score_time": [
      0.046816349029541016,
      0.04717683792114258,
      0.046541452407836914,
      0.04512929916381836,
      0.04393601417541504
    ],
    "test_r": [
      0.6904551914860365,
      0.7637646382874506,
      0.7007805148489963,
      0.7809747635310067,
      0.7595721986866218
    ],
    "test_r2": [
      0.41567308578363094,
      0.5617841022498107,
      0.46167050250007535,
      0.5972648846001304,
      0.5520636812938844
    ],
    "test_rmse": [
      -2.5232970238118546,
      -1.8853268462767836,
      -1.90152924672895,
      -1.9523031968146083,
      -1.8610187929645947
    ],
    "test_mae": [
      -1.7793012885198756,
      -1.4518722804513935,
      -1.5659022448786881,
      -1.640393938055729,
      -1.4440940906117734
    ]
  },
  "69": {
    "fit_time": [
      7.614856719970703,
      7.654003143310547,
      7.287415266036987,
      7.499192237854004,
      6.890322208404541
    ],
    "score_time": [
      0.046964168548583984,
      0.04691028594970703,
      0.04563403129577637,
      0.045304298400878906,
      0.044595956802368164
    ],
    "test_r": [
      0.8288891812302758,
      0.6805311229022635,
      0.596017895211761,
      0.8678696872553606,
      0.6517158574212334
    ],
    "test_r2": [
      0.655120836332849,
      0.45923716399111425,
      0.2797590501702846,
      0.7031700296535057,
      0.301376620737964
    ],
    "test_rmse": [
      -1.7094546505116845,
      -2.424376762486249,
      -2.070531791291424,
      -1.7265077973221612,
      -2.1857792851599784
    ],
    "test_mae": [
      -1.232699395574137,
      -1.8655203648020926,
      -1.6339812563460183,
      -1.2998053922355752,
      -1.821877063594149
    ]
  },
  "420": {
    "fit_time": [
      7.3791282176971436,
      7.3817455768585205,
      7.38788104057312,
      7.5291101932525635,
      7.239986181259155
    ],
    "score_time": [
      0.04726386070251465,
      0.0468292236328125,
      0.046373605728149414,
      0.044936418533325195,
      0.04414653778076172
    ],
    "test_r": [
      0.7066203506288887,
      0.714751242970548,
      0.6620991837286262,
      0.6797483033890435,
      0.8343554783628272
    ],
    "test_r2": [
      0.4815684559539939,
      0.4730366811725788,
      0.41102659554210685,
      0.44612229653839874,
      0.6832304817705377
    ],
    "test_rmse": [
      -1.8640320621125896,
      -2.0172685233883154,
      -2.718275415124907,
      -2.1518007813479585,
      -1.5781911005286762
    ],
    "test_mae": [
      -1.4833189901273858,
      -1.6473328395200608,
      -1.957331654013297,
      -1.8475625734030239,
      -1.2891490277998392
    ]
  },
  "1234567890": {
    "fit_time": [
      7.235769033432007,
      7.63352370262146,
      7.629154443740845,
      7.682892560958862,
      7.08132004737854
    ],
    "score_time": [
      0.047342538833618164,
      0.047304630279541016,
      0.04534292221069336,
      0.045273542404174805,
      0.044794559478759766
    ],
    "test_r": [
      0.571236288622859,
      0.7764231244250147,
      0.7446401327868017,
      0.792750009277918,
      0.7882921908359639
    ],
    "test_r2": [
      0.31715839419028813,
      0.563050304994023,
      0.532987319254566,
      0.6016135099704361,
      0.6132782259330731
    ],
    "test_rmse": [
      -2.3964406023673135,
      -1.9744629503208713,
      -2.2519549005798707,
      -1.6108146229065907,
      -1.7805424169325372
    ],
    "test_mae": [
      -1.8140566644666318,
      -1.5114398549537238,
      -1.8139829127717555,
      -1.29645228365923,
      -1.4515841921337487
    ]
  },
  "473129": {
    "fit_time": [
      7.6776018142700195,
      7.107286691665649,
      7.5230512619018555,
      7.6717705726623535,
      7.057193040847778
    ],
    "score_time": [
      0.046930789947509766,
      0.04635930061340332,
      0.046500444412231445,
      0.04478931427001953,
      0.04427671432495117
    ],
    "test_r": [
      0.6724958932614182,
      0.7903947524780002,
      0.6284735441308454,
      0.7774470920669051,
      0.7657311470233281
    ],
    "test_r2": [
      0.43924815283534735,
      0.6024286105861998,
      0.3905871946276883,
      0.6004719440927193,
      0.5836237206743913
    ],
    "test_rmse": [
      -1.758815717571653,
      -1.807362670477836,
      -2.428255396685331,
      -1.9100851096076763,
      -2.0055980951903543
    ],
    "test_mae": [
      -1.411089912282798,
      -1.3819568623533485,
      -1.703901735963667,
      -1.5367584023408152,
      -1.5737666775309465
    ]
  },
  "r_avg": 0.7244136384550051,
  "r_stdev": 0.08233439597182762,
  "r_stderr": 0.031119476584024867,
  "r2_avg": 0.5044626210258643,
  "r2_stdev": 0.1241579998213247,
  "r2_stderr": 0.046927312972346716,
  "rmse_avg": 2.025991822224807,
  "rmse_stdev": 0.2812994831862908,
  "rmse_stderr": 0.10632121092027437,
  "mae_avg": 1.5774019333314957,
  "mae_stdev": 0.18767183731967182,
  "mae_stderr": 0.07093328709120318
}