{
  "6": {
    "fit_time": [
      19.582778692245483,
      19.909257173538208,
      20.201532125473022,
      19.486473321914673,
      18.025240182876587
    ],
    "score_time": [
      0.05096721649169922,
      0.04763364791870117,
      0.0473179817199707,
      0.04564189910888672,
      0.04532003402709961
    ],
    "test_r": [
      0.7366489677434155,
      0.797974199302236,
      0.7402333322069187,
      0.7865777887888189,
      0.7457417732975233
    ],
    "test_r2": [
      0.5406214252156908,
      0.6320958886923803,
      0.5475281100815381,
      0.6128673716822378,
      0.5558876508919477
    ],
    "test_rmse": [
      -2.0167088172503593,
      -1.8859841146107246,
      -2.047342415817571,
      -2.1671783294055853,
      -1.8647686372863743
    ],
    "test_mae": [
      -1.5544372136999698,
      -1.423219385219868,
      -1.4713410841511947,
      -1.653019629152284,
      -1.3978435867306678
    ]
  },
  "13": {
    "fit_time": [
      19.7048020362854,
      19.418980360031128,
      19.620321035385132,
      19.639758825302124,
      18.645448207855225
    ],
    "score_time": [
      0.04841017723083496,
      0.048174381256103516,
      0.04816937446594238,
      0.04598259925842285,
      0.04544782638549805
    ],
    "test_r": [
      0.7338037664317151,
      0.780356949781523,
      0.6797908743312209,
      0.7759004293851456,
      0.8379877456284961
    ],
    "test_r2": [
      0.5332554903411633,
      0.6009624727796772,
      0.4482001839930386,
      0.5992032774648909,
      0.687917403345225
    ],
    "test_rmse": [
      -1.8657808863419783,
      -2.0293316685840024,
      -2.0188015020079675,
      -2.0890649682895734,
      -1.8969083439915435
    ],
    "test_mae": [
      -1.3985413637991218,
      -1.4981487189289664,
      -1.486089650138318,
      -1.523539463936523,
      -1.4576585764081986
    ]
  },
  "42": {
    "fit_time": [
      19.95692276954651,
      19.83818006515503,
      19.98241400718689,
      19.759467601776123,
      17.80925989151001
    ],
    "score_time": [
      0.049939870834350586,
      0.048727989196777344,
      0.046929359436035156,
      0.047159671783447266,
      0.04571199417114258
    ],
    "test_r": [
      0.7594941513442368,
      0.747008859196561,
      0.743867630185674,
      0.7854765927382765,
      0.7956482356951406
    ],
    "test_r2": [
      0.565006481047593,
      0.5549839166230369,
      0.5406774754096115,
      0.6153969723746683,
      0.6239590625265963
    ],
    "test_rmse": [
      -1.9809946718023292,
      -2.149794893585021,
      -2.2101778609285105,
      -1.8257147474405295,
      -1.8219381084070516
    ],
    "test_mae": [
      -1.5191327421459717,
      -1.5729171710194447,
      -1.5028406938605994,
      -1.391266624582624,
      -1.4085279439479697
    ]
  },
  "69": {
    "fit_time": [
      20.03170156478882,
      20.292829513549805,
      19.823792219161987,
      19.51777958869934,
      18.27733874320984
    ],
    "score_time": [
      0.049851417541503906,
      0.04895925521850586,
      0.048211097717285156,
      0.04614067077636719,
      0.04540109634399414
    ],
    "test_r": [
      0.7512064768857533,
      0.8129909678193131,
      0.7617500057621631,
      0.8044684800308921,
      0.7309525565087344
    ],
    "test_r2": [
      0.5498113330024232,
      0.6608797961270354,
      0.5622904735944283,
      0.641853347608067,
      0.5326880969644863
    ],
    "test_rmse": [
      -2.069840295217089,
      -1.7826413775259746,
      -2.2340850594000674,
      -1.8687605760779036,
      -1.9006643567604147
    ],
    "test_mae": [
      -1.5842479584929248,
      -1.3618293359754337,
      -1.63311814360135,
      -1.3527363178179144,
      -1.3860579464557445
    ]
  },
  "420": {
    "fit_time": [
      20.393651247024536,
      19.560511589050293,
      20.039735078811646,
      19.42602825164795,
      17.938373804092407
    ],
    "score_time": [
      0.06403207778930664,
      0.04934072494506836,
      0.04755520820617676,
      0.04688000679016113,
      0.045293569564819336
    ],
    "test_r": [
      0.8126272763874895,
      0.7786349427209693,
      0.7384272090462133,
      0.755103379052262,
      0.7878415037040613
    ],
    "test_r2": [
      0.656717588121279,
      0.6013432216883206,
      0.5450605666778816,
      0.5657807512220592,
      0.6041538232125618
    ],
    "test_rmse": [
      -1.8069293447721575,
      -1.9643172530971453,
      -1.9964253500255278,
      -1.8859321370739468,
      -2.113439984689449
    ],
    "test_mae": [
      -1.369999491721099,
      -1.438555742559568,
      -1.499007948152754,
      -1.4676739935971037,
      -1.4873045343906108
    ]
  },
  "1234567890": {
    "fit_time": [
      19.474644660949707,
      19.484254121780396,
      20.239648818969727,
      19.411184310913086,
      18.622831106185913
    ],
    "score_time": [
      0.05045294761657715,
      0.049748897552490234,
      0.048151493072509766,
      0.04688310623168945,
      0.04528093338012695
    ],
    "test_r": [
      0.7566267041752381,
      0.7666076254878597,
      0.8106333281362239,
      0.83376291363754,
      0.8046482002427986
    ],
    "test_r2": [
      0.5630222722761308,
      0.5867577584327487,
      0.646077617369841,
      0.6806709977738449,
      0.6422083232123381
    ],
    "test_rmse": [
      -2.039964828719847,
      -2.0262908324826436,
      -1.9720630043427145,
      -1.7112367289604375,
      -1.7004980351472667
    ],
    "test_mae": [
      -1.51510795753001,
      -1.4832693746114018,
      -1.4568458291857096,
      -1.3355526523053218,
      -1.2895256074878394
    ]
  },
  "473129": {
    "fit_time": [
      20.0493381023407,
      19.775107383728027,
      20.30980896949768,
      19.868536949157715,
      17.511203289031982
    ],
    "score_time": [
      0.05037212371826172,
      0.04787015914916992,
      0.047559261322021484,
      0.04629635810852051,
      0.04574775695800781
    ],
    "test_r": [
      0.8046400381719372,
      0.7808090981738937,
      0.7924542042316565,
      0.8556549031895575,
      0.6835884181838332
    ],
    "test_r2": [
      0.6165543954702938,
      0.6038803582060875,
      0.6203178768627795,
      0.7221517394608178,
      0.463351971270482
    ],
    "test_rmse": [
      -2.0249546636984235,
      -1.8535630764735262,
      -1.9267001107518453,
      -1.6399528804362637,
      -2.1819844994898046
    ],
    "test_mae": [
      -1.5372948085568976,
      -1.409699001311237,
      -1.3779075183701655,
      -1.2879102726189753,
      -1.5504756793987982
    ]
  },
  "r_avg": 0.7734268436458654,
  "r_stdev": 0.03847372146487654,
  "r_stderr": 0.014541699858175855,
  "r2_avg": 0.592118156886377,
  "r2_stdev": 0.057980950157190805,
  "r2_stderr": 0.021914739270736894,
  "rmse_avg": 1.959163838882616,
  "rmse_stdev": 0.1449170829239889,
  "rmse_stderr": 0.054773508877399936,
  "mae_avg": 1.4595041131960738,
  "mae_stdev": 0.08799487680498667,
  "mae_stderr": 0.03325893723910866
}