{
  "6": {
    "fit_time": [
      14.720506191253662,
      14.96694803237915
    ],
    "score_time": [
      0.2043137550354004,
      1.5538089275360107
    ],
    "test_r": [
      0.7405067715842846,
      0.7335017382963835
    ],
    "test_r2": [
      0.5421978307328386,
      0.5349411639805324
    ],
    "test_rmse": [
      -2.0920651175108778,
      -2.1103881740228245
    ],
    "test_mae": [
      -1.5526190429438746,
      -1.6231235822194847
    ]
  },
  "r_avg": 0.7370042549403341,
  "r_stdev": 0.003502516643950515,
  "r_stderr": 0.0013238268575368035,
  "r2_avg": 0.5385694973566855,
  "r2_stdev": 0.0036283333761530923,
  "r2_stderr": 0.0013713811124194937,
  "rmse_avg": 2.101226645766851,
  "rmse_stdev": 0.009161528255973383,
  "rmse_stderr": 0.0034627321992281245,
  "mae_avg": 1.5878713125816797,
  "mae_stdev": 0.035252269637805034,
  "mae_stderr": 0.01332410551603216
}