{
  "6": {
    "fit_time": [
      0.11095023155212402,
      0.11014103889465332,
      0.11482453346252441,
      0.11029934883117676,
      0.10643458366394043
    ],
    "score_time": [
      0.04909205436706543,
      0.049695730209350586,
      0.04949140548706055,
      0.049335479736328125,
      0.04793810844421387
    ],
    "test_r": [
      0.5590491959523941,
      0.6697774329273036,
      0.7097346979209299,
      0.513604994213781,
      0.7364433411379876
    ],
    "test_r2": [
      0.28398182597529587,
      0.41316338405593145,
      0.49511814975676605,
      0.24661210197456573,
      0.48235075206310474
    ],
    "test_rmse": [
      -2.145501212009693,
      -2.3860895300513723,
      -1.9682699569187034,
      -2.555481025761692,
      -2.3794413614262364
    ],
    "test_mae": [
      -1.755699114578273,
      -1.7773755461866914,
      -1.5581758007717201,
      -1.950950697016042,
      -1.7700064943313016
    ]
  },
  "13": {
    "fit_time": [
      0.11347556114196777,
      0.10873103141784668,
      0.11300992965698242,
      0.1133573055267334,
      0.11028671264648438
    ],
    "score_time": [
      0.04917311668395996,
      0.04911303520202637,
      0.04861593246459961,
      0.0499725341796875,
      0.04817771911621094
    ],
    "test_r": [
      0.7304201202489279,
      0.4485931307053305,
      0.55720845874629,
      0.6827064176488122,
      0.7652200783122868
    ],
    "test_r2": [
      0.48849357308663777,
      0.11426625487915654,
      0.3003849169272944,
      0.4251023887768758,
      0.5571111924428469
    ],
    "test_rmse": [
      -2.3624181388146397,
      -2.035855889644275,
      -2.6684367338004193,
      -2.283555906766,
      -1.9303012551270278
    ],
    "test_mae": [
      -1.9076046018268977,
      -1.5611219592093872,
      -1.8822879074097523,
      -1.7023797818186137,
      -1.4998991329378637
    ]
  },
  "42": {
    "fit_time": [
      0.11076498031616211,
      0.11121988296508789,
      0.11438679695129395,
      0.10827064514160156,
      0.10731887817382812
    ],
    "score_time": [
      0.05015134811401367,
      0.04932141304016113,
      0.04904460906982422,
      0.049269914627075195,
      0.04812932014465332
    ],
    "test_r": [
      0.5243393290172778,
      0.6232449157361368,
      0.7002806050493056,
      0.7652305214926631,
      0.712619385360443
    ],
    "test_r2": [
      0.2112861290683269,
      0.36426887713171907,
      0.4607866365169274,
      0.4954411090659254,
      0.4906637783025021
    ],
    "test_rmse": [
      -2.9315693308024473,
      -2.2708022919245874,
      -1.9030896365274248,
      -2.1852113516679794,
      -1.984471662251764
    ],
    "test_mae": [
      -2.083850769026681,
      -1.7680894741976274,
      -1.5609525284707726,
      -1.7829491591856514,
      -1.5540643013825428
    ]
  },
  "69": {
    "fit_time": [
      0.11487793922424316,
      0.10913825035095215,
      0.11440753936767578,
      0.11210513114929199,
      0.11063933372497559
    ],
    "score_time": [
      0.04993081092834473,
      0.049332380294799805,
      0.049521446228027344,
      0.04935097694396973,
      0.04829835891723633
    ],
    "test_r": [
      0.7218400948841235,
      0.6051757109845893,
      0.5205876102211909,
      0.7860353944400592,
      0.6725378628146504
    ],
    "test_r2": [
      0.4801320366348868,
      0.3658824381007092,
      0.24551231097224613,
      0.5595181472458712,
      0.23982241840286977
    ],
    "test_rmse": [
      -2.0987979591988153,
      -2.6253159961077084,
      -2.119186004217448,
      -2.1031908326733744,
      -2.2800390074607693
    ],
    "test_mae": [
      -1.5939168395035896,
      -1.9536282263404072,
      -1.645600146592493,
      -1.6064321268267614,
      -1.8413842955013993
    ]
  },
  "420": {
    "fit_time": [
      0.11231827735900879,
      0.11127877235412598,
      0.1151418685913086,
      0.10994601249694824,
      0.10675883293151855
    ],
    "score_time": [
      0.050200462341308594,
      0.049387216567993164,
      0.04957270622253418,
      0.04929232597351074,
      0.04779863357543945
    ],
    "test_r": [
      0.6478503166697542,
      0.6935572785235143,
      0.6302440438157971,
      0.6788298789809598,
      0.8037969186038324
    ],
    "test_r2": [
      0.4169223619875845,
      0.38595792389367156,
      0.3313136502678702,
      0.4443077999849244,
      0.6180834755785443
    ],
    "test_rmse": [
      -1.976837003601512,
      -2.1775723074763897,
      -2.8963886969098214,
      -2.1553225358651784,
      -1.7328944976326217
    ],
    "test_mae": [
      -1.5179041685179584,
      -1.6949271062259403,
      -2.121278803845164,
      -1.7505150713865363,
      -1.3647284098813253
    ]
  },
  "1234567890": {
    "fit_time": [
      0.11353826522827148,
      0.10954999923706055,
      0.11289286613464355,
      0.11123132705688477,
      0.11071538925170898
    ],
    "score_time": [
      0.04954791069030762,
      0.049799203872680664,
      0.048888206481933594,
      0.049631357192993164,
      0.04770803451538086
    ],
    "test_r": [
      0.6081539856109778,
      0.7142727490942945,
      0.511268238318729,
      0.7133302447241335,
      0.6691459454208201
    ],
    "test_r2": [
      0.35890988436032245,
      0.4182969930775112,
      0.24944772805855053,
      0.5044940809043205,
      0.4429298342524496
    ],
    "test_rmse": [
      -2.3220214224526434,
      -2.2781584301108357,
      -2.8548666294680434,
      -1.7964605543942334,
      -2.1370169237392607
    ],
    "test_mae": [
      -1.715721395232532,
      -1.6724941667949504,
      -2.1708045492144916,
      -1.4272114753784422,
      -1.7347912954781965
    ]
  },
  "473129": {
    "fit_time": [
      0.1130223274230957,
      0.11348533630371094,
      0.11614251136779785,
      0.11022710800170898,
      0.10661959648132324
    ],
    "score_time": [
      0.04967761039733887,
      0.050199031829833984,
      0.049050331115722656,
      0.049485206604003906,
      0.04812932014465332
    ],
    "test_r": [
      0.5597267390526031,
      0.699597083065315,
      0.5572433496089926,
      0.6826776287303996,
      0.7138040290941459
    ],
    "test_r2": [
      0.2629305018153455,
      0.4616903831331022,
      0.2945100504019288,
      0.4495530626956431,
      0.4650045989001139
    ],
    "test_rmse": [
      -2.0164580955284395,
      -2.103070422616008,
      -2.6126665821297395,
      -2.2420061924823482,
      -2.2734004563097296
    ],
    "test_mae": [
      -1.6070653235552201,
      -1.461443902604232,
      -1.915471983999446,
      -1.7452074593210873,
      -1.8492631671559103
    ]
  },
  "r_avg": 0.6539470779179642,
  "r_stdev": 0.08743153345261016,
  "r_stderr": 0.03304601346580442,
  "r2_avg": 0.39497859287692405,
  "r2_stdev": 0.11337260891853249,
  "r2_stderr": 0.042850818383574345,
  "rmse_avg": 2.2512047381105478,
  "rmse_stdev": 0.29236394399202636,
  "rmse_stderr": 0.11050318401784547,
  "mae_avg": 1.7287199194773113,
  "mae_stdev": 0.19055172700346973,
  "mae_stderr": 0.07202178307786457
}