{
  "6": {
    "fit_time": [
      0.13157105445861816,
      0.12041592597961426
    ],
    "score_time": [
      0.08303213119506836,
      0.075653076171875
    ],
    "test_r": [
      0.6314288309201186,
      0.5981698964991586
    ],
    "test_r2": [
      0.37945521798636805,
      0.35410724991173925
    ],
    "test_rmse": [
      -2.291314500382459,
      -2.4062611534189524
    ],
    "test_mae": [
      -1.7831320607451022,
      -1.822067275993386
    ]
  },
  "r_avg": 0.6147993637096386,
  "r_stdev": 0.016629467210479976,
  "r_stderr": 0.006285347810633288,
  "r2_avg": 0.36678123394905365,
  "r2_stdev": 0.0126739840373144,
  "r2_stderr": 0.0047903156975908955,
  "rmse_avg": 2.348787826900706,
  "rmse_stdev": 0.05747332651824677,
  "rmse_stderr": 0.021722875569556384,
  "mae_avg": 1.8025996683692442,
  "mae_stdev": 0.019467607624141903,
  "mae_stderr": 0.007358064056409208
}