{
  "6": {
    "fit_time": [
      8.606353998184204,
      8.34589433670044,
      8.60415530204773,
      8.102548837661743,
      7.724859952926636
    ],
    "score_time": [
      0.04433155059814453,
      0.04384946823120117,
      0.04340648651123047,
      0.04269862174987793,
      0.04239344596862793
    ],
    "test_r": [
      0.7362330558676164,
      0.8209747013076525,
      0.7415400808418038,
      0.7537821274243964,
      0.7101287613601698
    ],
    "test_r2": [
      0.5280559912699101,
      0.6723859765476441,
      0.5430454502502924,
      0.56451556063174,
      0.480400089355443
    ],
    "test_rmse": [
      -2.044104374474271,
      -1.779721108963128,
      -2.0574589790112556,
      -2.2985347929485207,
      -2.0170332874101455
    ],
    "test_mae": [
      -1.5102122186848086,
      -1.2886808572066228,
      -1.5146241240717329,
      -1.7236239543878338,
      -1.5267868083193903
    ]
  },
  "13": {
    "fit_time": [
      8.529774188995361,
      8.33588194847107,
      8.226067543029785,
      8.422632455825806,
      7.844929456710815
    ],
    "score_time": [
      0.04474639892578125,
      0.044187307357788086,
      0.04324769973754883,
      0.042491912841796875,
      0.04265236854553223
    ],
    "test_r": [
      0.7189577521566473,
      0.7363016804907215,
      0.6486203455359374,
      0.7466297258744805,
      0.838549577228876
    ],
    "test_r2": [
      0.49204763149054365,
      0.5340330191439113,
      0.3782028233960423,
      0.5531527275418181,
      0.7030479380043446
    ],
    "test_rmse": [
      -1.946401925523654,
      -2.192924774434856,
      -2.1430248960140874,
      -2.2058167048319555,
      -1.8503536627020902
    ],
    "test_mae": [
      -1.4798716014055417,
      -1.622815093205874,
      -1.5570099819547523,
      -1.5777678737191587,
      -1.3705110199157824
    ]
  },
  "42": {
    "fit_time": [
      8.608522891998291,
      8.445729732513428,
      8.151687860488892,
      8.425775289535522,
      7.863434314727783
    ],
    "score_time": [
      0.04451560974121094,
      0.044498443603515625,
      0.04322457313537598,
      0.04277539253234863,
      0.042420387268066406
    ],
    "test_r": [
      0.7224784619678742,
      0.7375254777064764,
      0.6797360215200418,
      0.7920294494087834,
      0.7558108473806106
    ],
    "test_r2": [
      0.511330508009529,
      0.5203227797854533,
      0.42419978179913553,
      0.6235357935448931,
      0.5705822928187203
    ],
    "test_rmse": [
      -2.0996626727104895,
      -2.231946193105416,
      -2.4745957646961068,
      -1.8062939177994326,
      -1.9469555247612769
    ],
    "test_mae": [
      -1.5006127203078843,
      -1.6754139597321793,
      -1.7630666309444183,
      -1.3416051272101739,
      -1.513782074745706
    ]
  },
  "69": {
    "fit_time": [
      8.369606733322144,
      8.083874464035034,
      8.479459285736084,
      8.578588485717773,
      7.908742189407349
    ],
    "score_time": [
      0.04362916946411133,
      0.043871402740478516,
      0.04320240020751953,
      0.04290199279785156,
      0.042577505111694336
    ],
    "test_r": [
      0.7271833424194115,
      0.777940801277038,
      0.6905893557986268,
      0.7730550146443752,
      0.7191669366694766
    ],
    "test_r2": [
      0.49145323945006003,
      0.5982148268569515,
      0.47613987722132334,
      0.5873922665836044,
      0.4906442316053471
    ],
    "test_rmse": [
      -2.199910459532961,
      -1.9403679994688505,
      -2.444074134809563,
      -2.0058197224648024,
      -1.9843241743420204
    ],
    "test_mae": [
      -1.6520691612703418,
      -1.420673067031905,
      -1.8360915659689714,
      -1.419410667614174,
      -1.4056157001616019
    ]
  },
  "420": {
    "fit_time": [
      8.516241073608398,
      8.451660633087158,
      8.518446207046509,
      8.454658508300781,
      7.879119873046875
    ],
    "score_time": [
      0.04373812675476074,
      0.044701337814331055,
      0.04342031478881836,
      0.042533159255981445,
      0.04188704490661621
    ],
    "test_r": [
      0.7827985479263115,
      0.7819102309772245,
      0.6769774032365659,
      0.7285042619117196,
      0.7362610303459035
    ],
    "test_r2": [
      0.6092250189894051,
      0.6025252926503926,
      0.4356586620114743,
      0.5130709235231243,
      0.5270832727592183
    ],
    "test_rmse": [
      -1.9278745483228406,
      -1.9614028586846222,
      -2.2235516213591873,
      -1.9971210061272515,
      -2.310037499854896
    ],
    "test_mae": [
      -1.4866695376361432,
      -1.3819347610220853,
      -1.6583845545624005,
      -1.4760187607402553,
      -1.6797473397275224
    ]
  },
  "1234567890": {
    "fit_time": [
      8.535649061203003,
      8.172069787979126,
      8.50223422050476,
      8.163876056671143,
      7.8669798374176025
    ],
    "score_time": [
      0.04504251480102539,
      0.04430723190307617,
      0.04337453842163086,
      0.043244123458862305,
      0.0425570011138916
    ],
    "test_r": [
      0.6869724857832636,
      0.7344903979371963,
      0.8319809815330997,
      0.8266316704017116,
      0.7587836613826568
    ],
    "test_r2": [
      0.4403082517296324,
      0.5230887817938358,
      0.691872588403943,
      0.6826358763774865,
      0.5563038299237562
    ],
    "test_rmse": [
      -2.30869988205397,
      -2.176798324003716,
      -1.8400598078600152,
      -1.7059638588496515,
      -1.8936680756994302
    ],
    "test_mae": [
      -1.6441872376974813,
      -1.6030964107559655,
      -1.3215695959631342,
      -1.347800639987425,
      -1.4477657113994584
    ]
  },
  "473129": {
    "fit_time": [
      8.420695304870605,
      8.47447919845581,
      8.538854122161865,
      8.352810621261597,
      7.84737491607666
    ],
    "score_time": [
      0.04480266571044922,
      0.043359994888305664,
      0.043740272521972656,
      0.04227018356323242,
      0.04232144355773926
    ],
    "test_r": [
      0.8094281834986458,
      0.7819711991937538,
      0.7424841745231513,
      0.8486824517565201,
      0.6666445901869021
    ],
    "test_r2": [
      0.63347651412777,
      0.5845156198117987,
      0.5316502641243486,
      0.7191676148956642,
      0.41676167930954156
    ],
    "test_rmse": [
      -1.9797681201363282,
      -1.898329214930365,
      -2.139878855708702,
      -1.6487360084864564,
      -2.274730324839604
    ],
    "test_mae": [
      -1.4836031029798538,
      -1.4458734255133492,
      -1.5709350587554278,
      -1.2936139382896599,
      -1.6255957599701778
    ]
  },
  "r_avg": 0.7491929939278755,
  "r_stdev": 0.049679532970252835,
  "r_stderr": 0.01877709849844614,
  "r2_avg": 0.548858485592517,
  "r2_stdev": 0.0834699100168333,
  "r2_stderr": 0.03154866055164002,
  "rmse_avg": 2.0558841450549123,
  "rmse_stdev": 0.19722083324101863,
  "rmse_stderr": 0.07454246830238229,
  "mae_avg": 1.519058286938834,
  "mae_stdev": 0.13473873335662975,
  "mae_stderr": 0.05092645434706935
}