{
  "6": {
    "fit_time": [
      3.304112434387207,
      3.6016392707824707,
      3.2146754264831543,
      3.3236942291259766,
      3.0664944648742676
    ],
    "score_time": [
      0.0690617561340332,
      0.06751418113708496,
      0.06684398651123047,
      0.06650853157043457,
      0.06587982177734375
    ],
    "test_r": [
      0.6733460400436184,
      0.7697945604406227,
      0.7299915042947734,
      0.5183125915117662,
      0.8124875976259884
    ],
    "test_r2": [
      0.3759186602627559,
      0.592341798101287,
      0.5020026360549799,
      0.2209494643931763,
      0.6572191683659783
    ],
    "test_rmse": [
      -2.0030294743714494,
      -1.9887318327790318,
      -1.954804392263811,
      -2.598640221352439,
      -1.9362680394694975
    ],
    "test_mae": [
      -1.4987537626428946,
      -1.6254078541518238,
      -1.5272724605322376,
      -1.9904839367351905,
      -1.4927310648971621
    ]
  },
  "13": {
    "fit_time": [
      3.293687343597412,
      3.5765440464019775,
      3.113823890686035,
      3.765415906906128,
      3.3219571113586426
    ],
    "score_time": [
      0.12445402145385742,
      0.06828999519348145,
      0.06760263442993164,
      0.06627798080444336,
      0.06571125984191895
    ],
    "test_r": [
      0.8368744428473642,
      0.5020046902586994,
      0.6632227554573209,
      0.7547020670857162,
      0.7540252835196106
    ],
    "test_r2": [
      0.6638880788665091,
      0.003497192984532993,
      0.4209986547241411,
      0.567327465557984,
      0.53981738337115
    ],
    "test_rmse": [
      -1.9150194055523928,
      -2.1594079724744013,
      -2.427544025713193,
      -1.9810528438744,
      -1.9676273248893672
    ],
    "test_mae": [
      -1.450228389478198,
      -1.71039443611004,
      -1.597334452447885,
      -1.6077235826195124,
      -1.5838094340024051
    ]
  },
  "42": {
    "fit_time": [
      3.3882570266723633,
      3.300546646118164,
      3.4027531147003174,
      3.368004560470581,
      3.1940321922302246
    ],
    "score_time": [
      0.10523796081542969,
      0.06706094741821289,
      0.06679391860961914,
      0.06640434265136719,
      0.06615924835205078
    ],
    "test_r": [
      0.6432924985392201,
      0.7470525595072288,
      0.7404683450161588,
      0.7541346664156436,
      0.6840252729088677
    ],
    "test_r2": [
      0.3444089664619394,
      0.5534854190614182,
      0.5149937746598625,
      0.5523753477356179,
      0.3806695910511284
    ],
    "test_rmse": [
      -2.672741350653781,
      -1.9030947444513637,
      -1.8048976411203193,
      -2.058232893395124,
      -2.1882846937642495
    ],
    "test_mae": [
      -1.8850037948832703,
      -1.4615132273024405,
      -1.503197408132792,
      -1.648767608029833,
      -1.5911483771975161
    ]
  },
  "69": {
    "fit_time": [
      3.6772947311401367,
      3.748469352722168,
      3.2024118900299072,
      3.3478310108184814,
      3.2793190479278564
    ],
    "score_time": [
      0.06807923316955566,
      0.06792593002319336,
      0.06733942031860352,
      0.06584715843200684,
      0.06551957130432129
    ],
    "test_r": [
      0.816434899613674,
      0.6970895462440453,
      0.6413173349766802,
      0.8064824833700293,
      0.45222811313214967
    ],
    "test_r2": [
      0.6505092638973807,
      0.47744907704792994,
      0.2568219894425857,
      0.6305189925763035,
      -0.07250488213542261
    ],
    "test_rmse": [
      -1.7208457355452957,
      -2.3832028179893148,
      -2.103242862272455,
      -1.926241473240144,
      -2.708222782144169
    ],
    "test_mae": [
      -1.2814729947266184,
      -1.758663400827624,
      -1.6127534552228016,
      -1.4726756643131858,
      -2.0788833967506726
    ]
  },
  "420": {
    "fit_time": [
      3.4310855865478516,
      3.560436725616455,
      3.415195941925049,
      3.1861987113952637,
      3.2049882411956787
    ],
    "score_time": [
      0.06844019889831543,
      0.06721067428588867,
      0.06685471534729004,
      0.06658697128295898,
      0.06606578826904297
    ],
    "test_r": [
      0.6552897746384365,
      0.711369550110957,
      0.6235102046407189,
      0.7350287482275395,
      0.8186088355238088
    ],
    "test_r2": [
      0.2899006026062675,
      0.3978200032869186,
      0.3327373209746328,
      0.5378835450732384,
      0.6365655761634947
    ],
    "test_rmse": [
      -2.1815603967556174,
      -2.1564365376097854,
      -2.893303767123978,
      -1.9654899883370907,
      -1.6904445447687968
    ],
    "test_mae": [
      -1.703885459807628,
      -1.7666220891766333,
      -2.1505858243904123,
      -1.5851004477813773,
      -1.2895970373230239
    ]
  },
  "1234567890": {
    "fit_time": [
      3.4311790466308594,
      3.583080291748047,
      3.3313565254211426,
      3.3054795265197754,
      3.2580807209014893
    ],
    "score_time": [
      0.06862759590148926,
      0.06775474548339844,
      0.06730794906616211,
      0.06611514091491699,
      0.06555771827697754
    ],
    "test_r": [
      0.540535355475814,
      0.7298438807420884,
      0.6609262316924899,
      0.6777068051664954,
      0.7732726467556839
    ],
    "test_r2": [
      0.22005020389051633,
      0.48585998259904817,
      0.4216249376300646,
      0.3892065388270901,
      0.5949254834224866
    ],
    "test_rmse": [
      -2.561179435510424,
      -2.14177562933729,
      -2.5061100140204817,
      -1.994529443656756,
      -1.8223025068402579
    ],
    "test_mae": [
      -1.8685132655654666,
      -1.5778140269674354,
      -1.862124308174042,
      -1.559763728744743,
      -1.4325726434357235
    ]
  },
  "473129": {
    "fit_time": [
      3.0371572971343994,
      3.2829580307006836,
      3.5067577362060547,
      3.5494086742401123,
      3.213895797729492
    ],
    "score_time": [
      0.09646487236022949,
      0.06851649284362793,
      0.06695866584777832,
      0.0665736198425293,
      0.06604790687561035
    ],
    "test_r": [
      0.6533409966551342,
      0.7866238123523401,
      0.5940933742631072,
      0.7654498290780594,
      0.6961044261517076
    ],
    "test_r2": [
      0.3849766583828156,
      0.615558079258623,
      0.32011295191463174,
      0.5309696929902723,
      0.4539870583274198
    ],
    "test_rmse": [
      -1.8419624856665404,
      -1.7772687941915148,
      -2.5648203966145546,
      -2.0695671918384746,
      -2.296690038396709
    ],
    "test_mae": [
      -1.397294265617498,
      -1.4506366503799284,
      -1.73749064298124,
      -1.5877699816346857,
      -1.7733298944818243
    ]
  },
  "r_avg": 0.697685477836673,
  "r_stdev": 0.09247883433878307,
  "r_stderr": 0.034953713885365764,
  "r2_avg": 0.4412819050808217,
  "r2_stdev": 0.17184800079253088,
  "r2_stderr": 0.06495243905723819,
  "rmse_avg": 2.138987819942413,
  "rmse_stdev": 0.30464726806615877,
  "rmse_stderr": 0.11514584412832647,
  "mae_avg": 1.6320376847847362,
  "mae_stdev": 0.19896029605015222,
  "mae_stderr": 0.07519992344635562
}