fold,r,r2,rmse,mae
1.0,0.5540428546855724,0.29754855862433993,2.6982879764804406,1.9096151639124053
2.0,0.6391172847704943,0.39928138826662996,2.1355275410538797,1.6531318278111222
3.0,0.6250127248499043,0.3878004422913357,2.6826701826815915,2.0657658460057857
4.0,0.6910124520894829,0.46848640609377934,2.1375302372105303,1.6980784597565128
5.0,0.6761977755617306,0.45709167537713613,2.250044028145848,1.6621051785846337
