Dataset,num_of_folds,Features,Targets,Model,r_mean,r_std,r2_mean,r2_std,rmse_mean,rmse_std,mae_mean,mae_std,num_of_data
OPV_Min,5,DA_SELFIES,calc_PCE_percent,RF,0.6632670308336397,0.0559210795669265,0.43185268141383937,0.07289341126556947,2.31642193661136,0.23556769112771347,1.7475948041304143,0.16631145654503496,557
