fold,r,r2,rmse,mae
1.0,0.553597922697059,0.292222399487735,7.35629488977345,5.943029701491273
2.0,0.5084714147594798,0.2540867372960416,9.097862564632601,7.027616009866173
3.0,0.5564006502315874,0.30813989103966566,8.774722848163712,6.662456295780126
4.0,0.5333013660530461,0.28104408536428993,8.470224734445845,6.479713916381859
5.0,0.6476155733057263,0.40618081418831564,7.7573312204983855,5.520254142532731
