{
  "6": {
    "fit_time": [
      0.00441288948059082,
      0.00507807731628418
    ],
    "score_time": [
      0.006411075592041016,
      0.0067288875579833984
    ],
    "test_r": [
      0.6160402537740985,
      0.6584701702722262
    ],
    "test_r2": [
      0.3633384257228386,
      0.41822542872778246
    ],
    "test_rmse": [
      -2.465629713602625,
      -2.3622518015576595
    ],
    "test_mae": [
      -1.8910136639318995,
      -1.7676741635412185
    ]
  },
  "r_avg": 0.6372552120231624,
  "r_stdev": 0.02121495824906383,
  "r2_avg": 0.3907819272253105,
  "r2_stdev": 0.027443501502471934,
  "rmse_avg": -2.413940757580142,
  "rmse_stdev": 0.05168895602248269,
  "mae_avg": -1.829343913736559,
  "mae_stdev": 0.06166975019534049
}