{
  "6": {
    "fit_time": [
      0.0030832290649414062,
      0.0030069351196289062,
      0.003044605255126953,
      0.002961874008178711,
      0.0029227733612060547
    ],
    "score_time": [
      0.0035576820373535156,
      0.0035097599029541016,
      0.003549814224243164,
      0.0033791065216064453,
      0.003369569778442383
    ],
    "test_r": [
      0.5391951696404149,
      0.5966697753358516,
      0.7248290721507061,
      0.5652410772673976,
      0.5747567674107781
    ],
    "test_r2": [
      0.15299507872021367,
      0.1946429588173556,
      0.23342240811438952,
      0.17039029143125206,
      0.19097825379078837
    ],
    "test_rmse": [
      -2.727536269808551,
      -2.9084169285229393,
      -2.643564501307467,
      -2.86962509185357,
      -2.7763007328108924
    ],
    "test_mae": [
      -2.179295912427931,
      -2.3427446813130395,
      -2.1520802706179514,
      -2.30575424385931,
      -2.2614520391279256
    ]
  },
  "13": {
    "fit_time": [
      0.0031948089599609375,
      0.003148794174194336,
      0.0031495094299316406,
      0.0031232833862304688,
      0.002943277359008789
    ],
    "score_time": [
      0.0036821365356445312,
      0.0036830902099609375,
      0.003683805465698242,
      0.0037126541137695312,
      0.0033850669860839844
    ],
    "test_r": [
      0.567415651482037,
      0.6774845238858799,
      0.6137784130413587,
      0.5717679382272134,
      0.541309573242341
    ],
    "test_r2": [
      0.16271801209762737,
      0.2070769458997912,
      0.14331763152877908,
      0.18881318349162823,
      0.15674577567555847
    ],
    "test_rmse": [
      -2.830975221591658,
      -2.763554987800638,
      -2.7074268662382384,
      -2.839047404894203,
      -2.846171887002091
    ],
    "test_mae": [
      -2.2160424664165097,
      -2.156281062975242,
      -2.314497895307038,
      -2.325915661532726,
      -2.27474404708652
    ]
  },
  "42": {
    "fit_time": [
      0.0031919479370117188,
      0.003177642822265625,
      0.0031371116638183594,
      0.003095865249633789,
      0.0029315948486328125
    ],
    "score_time": [
      0.0036840438842773438,
      0.0036842823028564453,
      0.003641843795776367,
      0.0036504268646240234,
      0.0033845901489257812
    ],
    "test_r": [
      0.647384839033858,
      0.6974552244004215,
      0.6760593302539463,
      0.4622729027176125,
      0.5370909912643865
    ],
    "test_r2": [
      0.20504693778888605,
      0.23336445339861844,
      0.15259464344189155,
      0.15718128025107547,
      0.1546150226461852
    ],
    "test_rmse": [
      -2.7983496260561975,
      -2.2573710562281426,
      -3.1994381762233393,
      -2.73944549241317,
      -2.9268932154733593
    ],
    "test_mae": [
      -2.3239811187488053,
      -1.911527021802645,
      -2.521527549057334,
      -2.1502513387784967,
      -2.3771196429492347
    ]
  },
  "69": {
    "fit_time": [
      0.003183126449584961,
      0.003119945526123047,
      0.0031728744506835938,
      0.0031080245971679688,
      0.002932310104370117
    ],
    "score_time": [
      0.003668069839477539,
      0.003649473190307617,
      0.0037088394165039062,
      0.003762483596801758,
      0.0033676624298095703
    ],
    "test_r": [
      0.5505984938666916,
      0.6782778030702057,
      0.5880998940155764,
      0.670340797480052,
      0.4892789851976698
    ],
    "test_r2": [
      0.16232129527964478,
      0.20699856274945605,
      0.20432608239831362,
      0.1858350698847877,
      0.14740208542815547
    ],
    "test_rmse": [
      -2.7239726831971636,
      -2.8233673614716257,
      -2.6352378370744685,
      -2.9332327654547417,
      -2.852953186639793
    ],
    "test_mae": [
      -2.182637520648732,
      -2.296111003447378,
      -2.0810493182545757,
      -2.400769422692797,
      -2.306020522967097
    ]
  },
  "420": {
    "fit_time": [
      0.0032210350036621094,
      0.0031375885009765625,
      0.0030977725982666016,
      0.003116130828857422,
      0.0029664039611816406
    ],
    "score_time": [
      0.003767251968383789,
      0.003631114959716797,
      0.0036423206329345703,
      0.0036301612854003906,
      0.0034139156341552734
    ],
    "test_r": [
      0.6130160942658521,
      0.4420110174081937,
      0.6686841735479123,
      0.6331065504261635,
      0.6164591860308252
    ],
    "test_r2": [
      0.1940721670922596,
      0.16066084317010665,
      0.20512978081616484,
      0.17396233044798404,
      0.1738106339479113
    ],
    "test_rmse": [
      -2.7704888972519277,
      -2.620596936446675,
      -2.5801155418317516,
      -2.9990375997037106,
      -2.990117255200216
    ],
    "test_mae": [
      -2.2111914932303054,
      -2.113691004108612,
      -2.1424924004280226,
      -2.431995577358808,
      -2.397318930678718
    ]
  },
  "1234567890": {
    "fit_time": [
      0.00323486328125,
      0.0033409595489501953,
      0.0033626556396484375,
      0.003136873245239258,
      0.002932310104370117
    ],
    "score_time": [
      0.0036513805389404297,
      0.003693103790283203,
      0.0037097930908203125,
      0.0036416053771972656,
      0.0033562183380126953
    ],
    "test_r": [
      0.6340435063421528,
      0.665884153946495,
      0.5026270176534722,
      0.6129108355097698,
      0.5478888279497146
    ],
    "test_r2": [
      0.18488361655022234,
      0.18161387819353325,
      0.1384846140196121,
      0.22370398334179742,
      0.18271593881228654
    ],
    "test_rmse": [
      -2.7755305728342248,
      -2.9616319128572126,
      -3.109466094621165,
      -2.51168944822681,
      -2.578847887194743
    ],
    "test_mae": [
      -2.3068459297708626,
      -2.470091391875814,
      -2.4713364497679833,
      -2.0058822880767124,
      -2.029921665524953
    ]
  },
  "473129": {
    "fit_time": [
      0.0032186508178710938,
      0.003160238265991211,
      0.0031583309173583984,
      0.00312042236328125,
      0.0029685497283935547
    ],
    "score_time": [
      0.0037078857421875,
      0.0036101341247558594,
      0.00366973876953125,
      0.003659486770629883,
      0.003391265869140625
    ],
    "test_r": [
      0.5764201919339011,
      0.6116652959188671,
      0.5995249549872612,
      0.6061946489803688,
      0.5620594552128859
    ],
    "test_r2": [
      0.17927735633436037,
      0.21295649915612658,
      0.18677891250617595,
      0.177151268477299,
      0.0629443194950654
    ],
    "test_rmse": [
      -2.7816829257540343,
      -2.682684201842314,
      -2.865445784539522,
      -2.9226547929727156,
      -2.7409428973930035
    ],
    "test_mae": [
      -2.2232632217693933,
      -2.187186037309152,
      -2.234687500904848,
      -2.374745984037193,
      -2.2726003901067116
    ]
  },
  "r_avg": 0.5960515180885209,
  "r_stdev": 0.06540119852630301,
  "r2_avg": 0.17854091757700868,
  "r2_stdev": 0.03155106618694475,
  "rmse_avg": -2.791251829735208,
  "rmse_stdev": 0.17197359567455403,
  "mae_avg": -2.255801514427411,
  "mae_stdev": 0.13552016238742157
}