{
  "6": {
    "fit_time": [
      3.965764045715332,
      5.5876641273498535,
      5.5742809772491455,
      5.620297908782959,
      5.608377933502197
    ],
    "score_time": [
      0.07817912101745605,
      0.10205698013305664,
      0.1062917709350586,
      0.0975339412689209,
      0.10361695289611816
    ],
    "test_r": [
      0.6427248677179103,
      0.6840450509754353,
      0.7903585640963516,
      0.6373805351350665,
      0.6481571012965077
    ],
    "test_r2": [
      0.4110177229044364,
      0.4653241448155242,
      0.6187957927182914,
      0.40451730146143916,
      0.41973671092999165
    ],
    "test_rmse": [
      -2.2744619767689938,
      -2.3697783098967196,
      -1.8641922319777355,
      -2.4312119522320073,
      -2.3512508073412266
    ],
    "test_mae": [
      -1.7274418781482022,
      -1.7592951079983887,
      -1.5004516668449686,
      -1.8251170624385125,
      -1.8049417607575682
    ]
  },
  "r_avg": 0.6805332238442542,
  "r_stdev": 0.0572953365263238,
  "r2_avg": 0.46387833456593663,
  "r2_stdev": 0.08033426250528851,
  "rmse_avg": -2.2581790556433368,
  "rmse_stdev": 0.20324757246195307,
  "mae_avg": -1.7234494952375279,
  "mae_stdev": 0.11662432173732873
}