{
  "6": {
    "fit_time": [
      0.23758220672607422,
      0.17738103866577148,
      0.18498826026916504,
      0.17944741249084473,
      0.1720261573791504
    ],
    "score_time": [
      0.0036242008209228516,
      0.0037505626678466797,
      0.0037298202514648438,
      0.003793954849243164,
      0.0035500526428222656
    ],
    "test_r": [
      0.4581700547756088,
      0.5577120391782557,
      0.6700949409275458,
      0.4826879948941885,
      0.589311582966253
    ],
    "test_r2": [
      0.17025750735784728,
      0.2826068843138876,
      0.42124019869544815,
      0.19983128103315773,
      0.33285456466990837
    ],
    "test_rmse": [
      -2.699598843335084,
      -2.7449917033861624,
      -2.297000188195264,
      -2.8182468677183716,
      -2.5211382963975666
    ],
    "test_mae": [
      -2.2272612190091103,
      -2.1925860605876677,
      -1.834025623564491,
      -2.2436298203420213,
      -1.9695460350015128
    ]
  },
  "13": {
    "fit_time": [
      0.18282771110534668,
      0.18155193328857422,
      0.17880535125732422,
      0.18230533599853516,
      0.17299628257751465
    ],
    "score_time": [
      0.003911733627319336,
      0.0038928985595703125,
      0.003936052322387695,
      0.003875732421875,
      0.003580331802368164
    ],
    "test_r": [
      0.49928141396489834,
      0.6592662597820558,
      0.5410030657317009,
      0.5609208494869409,
      0.504069166751834
    ],
    "test_r2": [
      0.17943862588533,
      0.43338224332159336,
      0.21272897391243495,
      0.27099625338146704,
      0.23569835757925217
    ],
    "test_rmse": [
      -2.802565224660965,
      -2.336133611809079,
      -2.5954278114312497,
      -2.6913927763773358,
      -2.7096566180881467
    ],
    "test_mae": [
      -2.285854057331896,
      -1.8735501842033582,
      -2.141201613821344,
      -2.129025452341241,
      -2.0642109440550573
    ]
  },
  "42": {
    "fit_time": [
      0.17824745178222656,
      0.24526166915893555,
      0.1855483055114746,
      0.18039655685424805,
      0.17517471313476562
    ],
    "score_time": [
      0.003877401351928711,
      0.0036230087280273438,
      0.003968238830566406,
      0.003853321075439453,
      0.003602266311645508
    ],
    "test_r": [
      0.6572975656427315,
      0.6243835989844262,
      0.4884937428667534,
      0.46447702682435366,
      0.45626079824254606
    ],
    "test_r2": [
      0.40727030804321096,
      0.3571394531759391,
      0.1936369572511144,
      0.11358555404322734,
      0.1831401644479178
    ],
    "test_rmse": [
      -2.416348509098289,
      -2.0671255872621987,
      -3.1209975489965682,
      -2.809402662019225,
      -2.87708959391177
    ],
    "test_mae": [
      -1.9588194531395033,
      -1.6877439443277937,
      -2.305609401671859,
      -2.1855518401869154,
      -2.3754783503281653
    ]
  },
  "69": {
    "fit_time": [
      0.17982244491577148,
      0.1831820011138916,
      0.18140268325805664,
      0.18068790435791016,
      0.17150568962097168
    ],
    "score_time": [
      0.004074573516845703,
      0.0039026737213134766,
      0.003918647766113281,
      0.0040547847747802734,
      0.0035490989685058594
    ],
    "test_r": [
      0.5100867202774575,
      0.6433072050055948,
      0.6079636489085466,
      0.5719588164007133,
      0.46003850906050436
    ],
    "test_r2": [
      0.17450885531611882,
      0.4082194508406517,
      0.31274235895993396,
      0.3205163413500369,
      0.19303757043773584
    ],
    "test_rmse": [
      -2.704084258091291,
      -2.4389940786454245,
      -2.449131167060807,
      -2.679660905372336,
      -2.775550733962652
    ],
    "test_mae": [
      -2.1524947416416818,
      -1.9929190256559346,
      -1.9559185596304534,
      -2.1539776130472483,
      -2.217867588332852
    ]
  },
  "420": {
    "fit_time": [
      0.18219232559204102,
      0.18161606788635254,
      0.18199443817138672,
      0.18048405647277832,
      0.17344236373901367
    ],
    "score_time": [
      0.004035472869873047,
      0.004013776779174805,
      0.004236936569213867,
      0.003969907760620117,
      0.0035855770111083984
    ],
    "test_r": [
      0.558793681236584,
      0.38756061351076354,
      0.60621166380103,
      0.6519152718592753,
      0.5649145692201951
    ],
    "test_r2": [
      0.2680093989040119,
      -0.0015512215827486742,
      0.3582379919021229,
      0.4127459429967757,
      0.3111562201422734
    ],
    "test_rmse": [
      -2.640347502339999,
      -2.8626487924241784,
      -2.3183448853907467,
      -2.52868654172781,
      -2.730290068599349
    ],
    "test_mae": [
      -2.1436291525999396,
      -2.3030942827513923,
      -1.9224240106470398,
      -1.9912739983451173,
      -2.1107849925122477
    ]
  },
  "1234567890": {
    "fit_time": [
      0.18258023262023926,
      0.1809835433959961,
      0.18094611167907715,
      0.18304657936096191,
      0.17354345321655273
    ],
    "score_time": [
      0.0041768550872802734,
      0.003936052322387695,
      0.0038919448852539062,
      0.003812551498413086,
      0.0035638809204101562
    ],
    "test_r": [
      0.5236042793283866,
      0.6124807282854973,
      0.48244274312670277,
      0.5641176461413441,
      0.5996045141485263
    ],
    "test_r2": [
      0.2333230420028769,
      0.33921659935301085,
      0.21003798082441671,
      0.2728130512244574,
      0.3349986023375756
    ],
    "test_rmse": [
      -2.6917976512097517,
      -2.661224514960694,
      -2.9775386822657306,
      -2.4309459350719638,
      -2.3262184209105654
    ],
    "test_mae": [
      -2.1658004070617016,
      -2.2054133413575734,
      -2.253246078351325,
      -1.9456963123975808,
      -1.8677491778738413
    ]
  },
  "473129": {
    "fit_time": [
      0.17923235893249512,
      0.1840677261352539,
      0.18032288551330566,
      0.1799602508544922,
      0.1735975742340088
    ],
    "score_time": [
      0.00394129753112793,
      0.0036923885345458984,
      0.003930091857910156,
      0.00393223762512207,
      0.003598451614379883
    ],
    "test_r": [
      0.5747782700689096,
      0.5823396150497342,
      0.6024155384818835,
      0.5100544105328344,
      0.5089225340635509
    ],
    "test_r2": [
      0.3266967539417216,
      0.29105453534242265,
      0.3405677494021585,
      0.2546225010396179,
      0.19171523365191978
    ],
    "test_rmse": [
      -2.5195023689425033,
      -2.546106686960278,
      -2.5803164527749525,
      -2.7816703363901008,
      -2.5456546505476516
    ],
    "test_mae": [
      -1.9111609398244143,
      -2.1065905518814967,
      -2.0817626122317536,
      -2.1810096850852503,
      -2.079935459945887
    ]
  },
  "r_avg": 0.5524840308436607,
  "r_stdev": 0.06855830708272921,
  "r2_avg": 0.2727564652999665,
  "r2_stdev": 0.09506574531489893,
  "rmse_avg": -2.619880870752459,
  "rmse_stdev": 0.21221517674501253,
  "mae_avg": -2.0919097866024767,
  "mae_stdev": 0.1543618898596066
}