{
  "6": {
    "fit_time": [
      0.011107444763183594,
      0.01081395149230957,
      0.010697364807128906,
      0.010621309280395508,
      0.010631799697875977
    ],
    "score_time": [
      0.005419731140136719,
      0.005454540252685547,
      0.005390644073486328,
      0.005396366119384766,
      0.00539851188659668
    ],
    "test_r": [
      0.6015221216478263,
      0.6623158702484531,
      0.7348745118881159,
      0.6471419377535809,
      0.5793152747376163
    ],
    "test_r2": [
      0.3457823186226263,
      0.43503222610100556,
      0.5336666797647631,
      0.4018210821141984,
      0.3206539058865706
    ],
    "test_rmse": [
      -2.397114099134432,
      -2.4359831047513376,
      -2.0618642809869194,
      -2.436709742063593,
      -2.5440869567300872
    ],
    "test_mae": [
      -1.7878134770616623,
      -1.828398673168831,
      -1.6340963862683633,
      -1.8260754046639165,
      -1.9318187615269533
    ]
  },
  "13": {
    "fit_time": [
      0.010695457458496094,
      0.010578393936157227,
      0.010709762573242188,
      0.010771751403808594,
      0.010322332382202148
    ],
    "score_time": [
      0.005515336990356445,
      0.005503177642822266,
      0.005547761917114258,
      0.005521297454833984,
      0.0051555633544921875
    ],
    "test_r": [
      0.6258010333839402,
      0.6804105826843042,
      0.684016364133062,
      0.6865452951491413,
      0.5511478696670408
    ],
    "test_r2": [
      0.3391006537651423,
      0.4584190287848977,
      0.45165200171095965,
      0.4652249298972223,
      0.27894044558472186
    ],
    "test_rmse": [
      -2.5151729580132662,
      -2.283937873110349,
      -2.166082287439463,
      -2.3051425055015295,
      -2.6318881566745356
    ],
    "test_mae": [
      -1.8768725987566763,
      -1.653527124410713,
      -1.7495922732143268,
      -1.7204318067900202,
      -1.9467837881118542
    ]
  },
  "42": {
    "fit_time": [
      0.010911226272583008,
      0.010753631591796875,
      0.010538101196289062,
      0.010739803314208984,
      0.010666370391845703
    ],
    "score_time": [
      0.005447864532470703,
      0.0054759979248046875,
      0.0054967403411865234,
      0.005513429641723633,
      0.005261421203613281
    ],
    "test_r": [
      0.6497702498582711,
      0.7483541464681522,
      0.6896709734210593,
      0.5050009537597555,
      0.6193928189637982
    ],
    "test_r2": [
      0.42211763632503674,
      0.5590035681722134,
      0.4340745512401407,
      0.1907104641625047,
      0.3726340427054813
    ],
    "test_rmse": [
      -2.3858929356216527,
      -1.7120877262415892,
      -2.614614901754233,
      -2.6844019121466087,
      -2.521390367633858
    ],
    "test_mae": [
      -1.8416914167398737,
      -1.419626852101001,
      -1.911683737435641,
      -1.9611678195534588,
      -1.938985595406133
    ]
  },
  "69": {
    "fit_time": [
      0.010698795318603516,
      0.011051177978515625,
      0.01072239875793457,
      0.01068735122680664,
      0.010766029357910156
    ],
    "score_time": [
      0.005479335784912109,
      0.005553007125854492,
      0.005500078201293945,
      0.005528450012207031,
      0.00515437126159668
    ],
    "test_r": [
      0.5872444218258905,
      0.7024466411627384,
      0.6535375497762794,
      0.7365017038119345,
      0.553409686274889
    ],
    "test_r2": [
      0.3319846689078504,
      0.48481768818736426,
      0.405921576717711,
      0.5125044282105441,
      0.2656085042981463
    ],
    "test_rmse": [
      -2.4325245127062596,
      -2.275678332597746,
      -2.2770582792983647,
      -2.269737690576762,
      -2.647807036751669
    ],
    "test_mae": [
      -1.8356237844479517,
      -1.806024263026172,
      -1.6527971890624509,
      -1.674398800892697,
      -2.059555959916735
    ]
  },
  "420": {
    "fit_time": [
      0.010821104049682617,
      0.01079869270324707,
      0.01073598861694336,
      0.010475397109985352,
      0.010545015335083008
    ],
    "score_time": [
      0.005520343780517578,
      0.005475521087646484,
      0.00545191764831543,
      0.0055942535400390625,
      0.005211830139160156
    ],
    "test_r": [
      0.662690039039801,
      0.5020817405788522,
      0.7425191784557235,
      0.6949154517724112,
      0.6325525160389007
    ],
    "test_r2": [
      0.41324973054614367,
      0.21094015778229946,
      0.5464281843497842,
      0.47888843215279475,
      0.3758496999246774
    ],
    "test_rmse": [
      -2.363932032866581,
      -2.540893472219954,
      -1.9490100205916812,
      -2.3820306275261633,
      -2.5989205945179097
    ],
    "test_mae": [
      -1.8332657426258774,
      -1.9227888864129026,
      -1.5708521064409438,
      -1.7748182005908713,
      -1.836790199880829
    ]
  },
  "1234567890": {
    "fit_time": [
      0.010481119155883789,
      0.01065206527709961,
      0.010576963424682617,
      0.01064920425415039,
      0.010568618774414062
    ],
    "score_time": [
      0.005374431610107422,
      0.005649089813232422,
      0.005504608154296875,
      0.005312204360961914,
      0.005192279815673828
    ],
    "test_r": [
      0.6359524649888852,
      0.7300962070010488,
      0.5060786832792941,
      0.6379936354651685,
      0.712905135138186
    ],
    "test_r2": [
      0.3912972076028375,
      0.5115599545307623,
      0.22324770039627284,
      0.395233275272597,
      0.4826195232581757
    ],
    "test_rmse": [
      -2.3984951872972937,
      -2.288008242410721,
      -2.952538575696422,
      -2.216900523851689,
      -2.0518434857501826
    ],
    "test_mae": [
      -1.8479592867057462,
      -1.7718678642707553,
      -2.167418532185246,
      -1.7486045940728583,
      -1.5387068927911316
    ]
  },
  "473129": {
    "fit_time": [
      0.010859966278076172,
      0.011172771453857422,
      0.010625600814819336,
      0.010958671569824219,
      0.010503053665161133
    ],
    "score_time": [
      0.005484342575073242,
      0.005540609359741211,
      0.005614519119262695,
      0.005626678466796875,
      0.005128622055053711
    ],
    "test_r": [
      0.5808755255896776,
      0.6499487663566015,
      0.6669724801638752,
      0.6413054108927739,
      0.6453325835542415
    ],
    "test_r2": [
      0.3284912221571613,
      0.3962927591725034,
      0.43614213388877854,
      0.4008010808238789,
      0.4139034297298996
    ],
    "test_rmse": [
      -2.516142676717709,
      -2.3495428809040795,
      -2.3860124293642078,
      -2.4940377959146534,
      -2.1677134835903256
    ],
    "test_mae": [
      -1.8730604270809283,
      -1.8412112355720354,
      -1.8679361115527517,
      -1.7843126135770226,
      -1.6614496126254459
    ]
  },
  "r_avg": 0.6440182807123226,
  "r_stdev": 0.06621790718837621,
  "r2_avg": 0.40041756836421905,
  "r2_stdev": 0.09141562636548249,
  "rmse_avg": -2.3787199339701095,
  "rmse_stdev": 0.22723659300671029,
  "mae_avg": -1.8028002291125937,
  "mae_stdev": 0.1439370377166558
}