fold,r,r2,rmse,mae
1.0,0.14691144798281208,0.0215829735484065,3.4676347622633616,2.2437275879218386
2.0,0.29857323042299483,0.08914597392522276,1.7592947671010035,1.2017244957546185
3.0,0.5408890819702515,0.2925609989946215,1.9060323322463324,1.5651278736679572
4.0,0.5698115011760037,0.3246851468724508,1.8790081513427943,1.4959117123824002
5.0,0.5366014698708123,0.2879411374675162,2.325672538824095,1.9530271212540933
