rmse,r,r2,spearman,mse
2.232042108363839,0.6220036736449474,0.29936284159579674,0.5312180996220436,4.982011973509292
2.63277855717225,0.6327386914049155,0.38544821415298747,0.6641629598550591,6.931522931105996
2.3832058648258307,0.6073472332413066,0.35925405357800155,0.617735909504166,5.679670194140236
2.4475589127883275,0.6389001680644684,0.3825063263232825,0.5631673281327944,5.990544631569579
2.2075229570540875,0.6877091072829983,0.46343489864251486,0.668610454966521,4.873157605920823
