{
  "6": {
    "fit_time": [
      4.926647901535034,
      5.014973878860474,
      5.084579944610596,
      4.815396070480347,
      4.791359901428223
    ],
    "score_time": [
      0.014228105545043945,
      0.012875080108642578,
      0.012133121490478516,
      0.016860008239746094,
      0.014523983001708984
    ],
    "test_r": [
      0.7503241985653082,
      0.6078471957748213,
      0.7682298422871008,
      0.7759631773232757,
      0.6470929859987637
    ],
    "test_r2": [
      0.5550679131512746,
      0.3661335032126989,
      0.5857624213619211,
      0.5755131360821284,
      0.38698951131984816
    ],
    "test_rmse": [
      -2.9209170980231463,
      -4.225395320127579,
      -3.0053640083006457,
      -3.0741514257056077,
      -3.5696991327184304
    ],
    "test_mae": [
      -2.070674108890226,
      -2.7620978129079496,
      -2.2451735483739026,
      -2.1040613412559783,
      -2.4235189398465304
    ]
  },
  "13": {
    "fit_time": [
      4.651499032974243,
      4.940522909164429,
      4.9295430183410645,
      4.927844762802124,
      4.842530965805054
    ],
    "score_time": [
      0.017897844314575195,
      0.013497114181518555,
      0.012459993362426758,
      0.011193275451660156,
      0.017651081085205078
    ],
    "test_r": [
      0.5251595881823391,
      0.7359094052553107,
      0.7711494451164402,
      0.706628290692274,
      0.6459792698538652
    ],
    "test_r2": [
      0.22874768960267455,
      0.5256168488661501,
      0.5933787063064617,
      0.4790897485530142,
      0.36727464389746034
    ],
    "test_rmse": [
      -4.283671433517689,
      -3.460904634972283,
      -2.888385299708203,
      -3.3277302645384053,
      -3.6352721791512748
    ],
    "test_mae": [
      -2.858447833538396,
      -2.512833816386268,
      -2.118383048948664,
      -2.249141084073168,
      -2.40163701182423
    ]
  },
  "42": {
    "fit_time": [
      5.076819181442261,
      5.10131311416626,
      4.973329067230225,
      4.892552852630615,
      5.055020093917847
    ],
    "score_time": [
      0.014045953750610352,
      0.011972188949584961,
      0.014970064163208008,
      0.020638227462768555,
      0.012825965881347656
    ],
    "test_r": [
      0.6859847475150758,
      0.6888355464797457,
      0.6830380818547885,
      0.6910605492697267,
      0.5930963820958853
    ],
    "test_r2": [
      0.46875791736318795,
      0.39770418666413154,
      0.4422245653654795,
      0.42758932481574785,
      0.33972355286350875
    ],
    "test_rmse": [
      -3.4100906556974486,
      -3.182970037725009,
      -4.100578989535965,
      -3.434080159009383,
      -3.767377525812868
    ],
    "test_mae": [
      -2.4698526484426617,
      -2.3333792390688726,
      -2.901380773570831,
      -2.3868726065617327,
      -2.5272592722225236
    ]
  },
  "69": {
    "fit_time": [
      5.005321979522705,
      5.192704916000366,
      5.118642807006836,
      5.153489828109741,
      5.027733087539673
    ],
    "score_time": [
      0.018677949905395508,
      0.010437965393066406,
      0.01243901252746582,
      0.01235198974609375,
      0.01755809783935547
    ],
    "test_r": [
      0.6649773566052952,
      0.7652884343591377,
      0.7017446615060452,
      0.6155339300281375,
      0.6473240658381306
    ],
    "test_r2": [
      0.42412504691934294,
      0.5730480456743667,
      0.46614195267346115,
      0.3697596856676231,
      0.3826520990114203
    ],
    "test_rmse": [
      -3.407336747413393,
      -3.2247075471616413,
      -3.3673310508186525,
      -3.8909478552133416,
      -3.7086818202364724
    ],
    "test_mae": [
      -2.401936656013142,
      -2.3252928133862096,
      -2.2770992856909085,
      -2.8100263058599992,
      -2.6523156095389147
    ]
  },
  "420": {
    "fit_time": [
      4.981947898864746,
      4.738792896270752,
      4.629024982452393,
      4.745671987533569,
      4.841195106506348
    ],
    "score_time": [
      0.01245427131652832,
      0.016026973724365234,
      0.016881942749023438,
      0.01432490348815918,
      0.01135396957397461
    ],
    "test_r": [
      0.6409341519436004,
      0.6292298844193295,
      0.8408363909555135,
      0.7737445808972265,
      0.5961480433830395
    ],
    "test_r2": [
      0.36881007854450276,
      0.33739209142860793,
      0.6997588498382401,
      0.5887503625618496,
      0.31723443582184374
    ],
    "test_rmse": [
      -3.706198088282239,
      -3.650981627784827,
      -2.392073313361743,
      -3.293443418081384,
      -4.0930330129621915
    ],
    "test_mae": [
      -2.728248853743225,
      -2.504169104739801,
      -1.7113476626907655,
      -2.3718734235127616,
      -2.7083576039739294
    ]
  },
  "1234567890": {
    "fit_time": [
      4.919503211975098,
      4.662301063537598,
      4.885212182998657,
      4.415849924087524,
      4.633455991744995
    ],
    "score_time": [
      0.011784791946411133,
      0.01356196403503418,
      0.011931896209716797,
      0.017288923263549805,
      0.013704061508178711
    ],
    "test_r": [
      0.7661540068451711,
      0.7900225350440737,
      0.6245359845401283,
      0.6220649433771046,
      0.6643031126347544
    ],
    "test_r2": [
      0.5622334148438081,
      0.6173011503435455,
      0.3698239016024589,
      0.3613365264906838,
      0.4267184694745396
    ],
    "test_rmse": [
      -3.0135297863984962,
      -3.0134573987056226,
      -4.199634231027386,
      -3.7086323404492068,
      -3.2077884918037745
    ],
    "test_mae": [
      -2.180985276140827,
      -2.285121359188746,
      -2.8889015201781163,
      -2.500313797319619,
      -2.300423456148399
    ]
  },
  "473129": {
    "fit_time": [
      4.6628499031066895,
      4.971482992172241,
      4.844754934310913,
      4.6264097690582275,
      4.734623908996582
    ],
    "score_time": [
      0.01540994644165039,
      0.010325908660888672,
      0.012835025787353516,
      0.016208171844482422,
      0.015063047409057617
    ],
    "test_r": [
      0.6867822701230222,
      0.7937210146275627,
      0.6342680168545393,
      0.7084523694932422,
      0.6616337872427515
    ],
    "test_r2": [
      0.45589807508177305,
      0.5922348793292365,
      0.329558806049552,
      0.47784500337845204,
      0.37467848545258975
    ],
    "test_rmse": [
      -3.6767559703563757,
      -2.9439207199938666,
      -3.9260257627684103,
      -3.6318359599928756,
      -3.1766219089914007
    ],
    "test_mae": [
      -2.54811597293115,
      -2.1158672743649762,
      -2.6349706384996243,
      -2.5399730345983693,
      -2.263799154608211
    ]
  },
  "r_avg": 0.6886856641995007,
  "r_stdev": 0.07011664481234837,
  "r_stderr": 0.02650160070567442,
  "r2_avg": 0.4524250008461025,
  "r2_stdev": 0.10649793843325361,
  "r2_stderr": 0.04025243717649383,
  "rmse_avg": -3.471986434752778,
  "rmse_stdev": 0.4332273567115398,
  "rmse_stderr": 0.16374454957265763,
  "mae_avg": -2.4318243396868464,
  "mae_stdev": 0.26052976436922554,
  "mae_stderr": 0.09847099509303248
}