{
  "6": {
    "fit_time": [
      2.737952947616577,
      2.596656084060669,
      2.685051918029785,
      2.761164903640747,
      2.6249680519104004
    ],
    "score_time": [
      0.013775110244750977,
      0.014779806137084961,
      0.014077186584472656,
      0.012920141220092773,
      0.013623952865600586
    ],
    "test_r": [
      0.7538131982756153,
      0.6725994840973649,
      0.8006755282658485,
      0.7826017489771867,
      0.6321002992153378
    ],
    "test_r2": [
      0.567312197012306,
      0.4491971784113066,
      0.6306878235859071,
      0.5799377058284346,
      0.37202592092549414
    ],
    "test_rmse": [
      -2.8804457101092535,
      -3.9388235541883976,
      -2.83771742659351,
      -3.0580879988741407,
      -3.613004644712491
    ],
    "test_mae": [
      -1.9889797091017527,
      -2.7233360559381787,
      -2.171240330620245,
      -2.0755109290925926,
      -2.497615247657551
    ]
  },
  "13": {
    "fit_time": [
      2.6287667751312256,
      2.5780348777770996,
      2.574504852294922,
      2.5639889240264893,
      2.6136908531188965
    ],
    "score_time": [
      0.013978242874145508,
      0.01395106315612793,
      0.01607823371887207,
      0.013842105865478516,
      0.014322280883789062
    ],
    "test_r": [
      0.5979073996012296,
      0.7421232165187435,
      0.771951057688903,
      0.7311834609254603,
      0.6614513912210445
    ],
    "test_r2": [
      0.3492024737968479,
      0.5392773104076533,
      0.5914784411068104,
      0.521239557062928,
      0.4104040657994884
    ],
    "test_rmse": [
      -3.9349648733449643,
      -3.4107100831177943,
      -2.8951265851548933,
      -3.190257911527141,
      -3.5091873355394663
    ],
    "test_mae": [
      -2.7209633274974614,
      -2.374976685159242,
      -2.104077402877443,
      -2.245961779912438,
      -2.4437385709496007
    ]
  },
  "42": {
    "fit_time": [
      2.6362969875335693,
      2.641775131225586,
      2.5232129096984863,
      2.6367058753967285,
      2.6172690391540527
    ],
    "score_time": [
      0.014481067657470703,
      0.013607978820800781,
      0.014570951461791992,
      0.013875246047973633,
      0.014019012451171875
    ],
    "test_r": [
      0.7378178977654225,
      0.766073324061808,
      0.6751502270686736,
      0.6941429840780966,
      0.5951036342623774
    ],
    "test_r2": [
      0.5311693383688774,
      0.5300215121239805,
      0.42872286730091336,
      0.45174167671284815,
      0.33850508111192823
    ],
    "test_rmse": [
      -3.2035218670996843,
      -2.811684703139426,
      -4.149912221322197,
      -3.360850411578317,
      -3.7708520759560202
    ],
    "test_mae": [
      -2.4545695023793406,
      -2.085188992923447,
      -2.848311471175039,
      -2.2273838177000824,
      -2.4783061318088344
    ]
  },
  "69": {
    "fit_time": [
      2.6461000442504883,
      2.659331798553467,
      2.6523709297180176,
      2.646207094192505,
      2.5850987434387207
    ],
    "score_time": [
      0.014529943466186523,
      0.015259027481079102,
      0.014923095703125,
      0.014991044998168945,
      0.013875246047973633
    ],
    "test_r": [
      0.7534562184237259,
      0.7276295191667947,
      0.7013616032438887,
      0.5989165867729574,
      0.706809616435738
    ],
    "test_r2": [
      0.5616659496751395,
      0.5230242341169884,
      0.4748841468049513,
      0.3512172764353245,
      0.47993060649500463
    ],
    "test_rmse": [
      -2.9727169974964576,
      -3.4083876902341763,
      -3.339646375265483,
      -3.947771058361235,
      -3.4039661716501217
    ],
    "test_mae": [
      -2.0933113706027724,
      -2.4062465159547677,
      -2.191542060444373,
      -2.7802427171459345,
      -2.3852252917395687
    ]
  },
  "420": {
    "fit_time": [
      2.660687208175659,
      2.649675130844116,
      2.6865053176879883,
      2.634695053100586,
      2.659888982772827
    ],
    "score_time": [
      0.014156818389892578,
      0.015021085739135742,
      0.014760971069335938,
      0.014693021774291992,
      0.014510154724121094
    ],
    "test_r": [
      0.6272531997892148,
      0.6633218735789842,
      0.8316256871531489,
      0.7892863060777501,
      0.6195762394297325
    ],
    "test_r2": [
      0.3482407520096249,
      0.4273686967530136,
      0.6896105426581725,
      0.589323376330622,
      0.3636252199298763
    ],
    "test_rmse": [
      -3.7661030652549843,
      -3.394055054197765,
      -2.432164018616744,
      -3.2911481622450256,
      -3.951535819085996
    ],
    "test_mae": [
      -2.675259387393943,
      -2.3607606631737608,
      -1.7578284025993067,
      -2.412292058520421,
      -2.541201652050723
    ]
  },
  "1234567890": {
    "fit_time": [
      2.604051113128662,
      2.7112319469451904,
      2.6587162017822266,
      2.6889140605926514,
      2.6851022243499756
    ],
    "score_time": [
      0.01328277587890625,
      0.015018939971923828,
      0.015475988388061523,
      0.015653133392333984,
      0.015459060668945312
    ],
    "test_r": [
      0.7765728993394364,
      0.6856705487383197,
      0.6599100894271175,
      0.7505656785724316,
      0.6907251588824463
    ],
    "test_r2": [
      0.5800544898431687,
      0.438686678287478,
      0.40653738137203077,
      0.5528545949347493,
      0.46597264037693464
    ],
    "test_rmse": [
      -2.951553470506524,
      -3.6495486098563337,
      -4.075465187311633,
      -3.1031454195531727,
      -3.096018190315853
    ],
    "test_mae": [
      -2.2169173889503897,
      -2.539459177288067,
      -2.7460275430636885,
      -2.1226241615085715,
      -2.1650323331316796
    ]
  },
  "473129": {
    "fit_time": [
      2.5840981006622314,
      2.5712099075317383,
      2.63716983795166,
      2.6677041053771973,
      2.601172924041748
    ],
    "score_time": [
      0.014587879180908203,
      0.014529705047607422,
      0.015012264251708984,
      0.014760017395019531,
      0.014527082443237305
    ],
    "test_r": [
      0.6966574208476922,
      0.7650752365389502,
      0.6743816007361456,
      0.7472761339551484,
      0.710951343467738
    ],
    "test_r2": [
      0.4801154731512366,
      0.5487996872155563,
      0.4179342647664883,
      0.5403501402307107,
      0.48010259261386246
    ],
    "test_rmse": [
      -3.594000399605427,
      -3.096747310182353,
      -3.6581273194473263,
      -3.4075330067160134,
      -2.8964942266291622
    ],
    "test_mae": [
      -2.535853023480209,
      -2.2456066066170353,
      -2.37032593955684,
      -2.379496999940482,
      -2.142790272727413
    ]
  },
  "r_avg": 0.7083347946457277,
  "r_stdev": 0.060929381209293636,
  "r_stderr": 0.023029141459548978,
  "r2_avg": 0.48603491124447595,
  "r2_stdev": 0.08772572384844991,
  "r2_stderr": 0.03315720698373237,
  "rmse_avg": -3.3714649987082703,
  "rmse_stdev": 0.4111516185570793,
  "rmse_stderr": 0.1554007048348173,
  "mae_avg": -2.357377243448091,
  "mae_stdev": 0.24724995096598046,
  "mae_stderr": 0.09345169741841407
}