fold,r,r2,rmse,mae
1.0,0.7853986134041018,0.6085818722696228,1.7437023639714888,1.3604945891709272
2.0,0.7718161516309342,0.5938981931905547,2.0699434213280594,1.5942403387085595
3.0,0.7433614642599372,0.5525334531613435,2.264800235572908,1.6699420016425006
4.0,0.7037537981734754,0.492775784645217,2.2057287499771245,1.7104985680512046
5.0,0.7263511448519249,0.5270534738780858,2.0726969326236713,1.4794638103094235
