{
  "6": {
    "fit_time": [
      8.138375043869019,
      8.55040168762207,
      8.365676879882812,
      8.17027735710144,
      7.706993341445923
    ],
    "score_time": [
      0.04313850402832031,
      0.04394960403442383,
      0.042459964752197266,
      0.04179239273071289,
      0.0411221981048584
    ],
    "test_r": [
      0.6011666134477606,
      0.6490954832104534,
      0.6707895896695659,
      0.6542072575015595,
      0.6449604218062317
    ],
    "test_r2": [
      0.34879187321119354,
      0.3982284608457546,
      0.39344872876477277,
      0.40627131330862176,
      0.39292983539521054
    ],
    "test_rmse": [
      -0.08356981364557854,
      -0.07641754666001581,
      -0.06972909396394184,
      -0.09035470211023992,
      -0.06530236511838235
    ],
    "test_mae": [
      -0.05803735741694039,
      -0.05433104266281482,
      -0.050111249046855516,
      -0.06771434535273797,
      -0.0528347835108086
    ]
  },
  "13": {
    "fit_time": [
      8.339675188064575,
      8.226009845733643,
      8.340917587280273,
      8.2204909324646,
      7.77750825881958
    ],
    "score_time": [
      0.04308128356933594,
      0.042417049407958984,
      0.04217863082885742,
      0.04209494590759277,
      0.04140067100524902
    ],
    "test_r": [
      0.6907244906983392,
      0.6039755262796607,
      0.6485691605723884,
      0.6375369509376058,
      0.7381074973913834
    ],
    "test_r2": [
      0.44119537972952316,
      0.3595146145547602,
      0.3548904781199078,
      0.3866497533026674,
      0.5295591825228458
    ],
    "test_rmse": [
      -0.06710858540455332,
      -0.0846883749327004,
      -0.07131494781306333,
      -0.08252858674433682,
      -0.0728989941250222
    ],
    "test_mae": [
      -0.05029727641595612,
      -0.05924790834674129,
      -0.05471850307208521,
      -0.05671408666283995,
      -0.05464281425873438
    ]
  },
  "42": {
    "fit_time": [
      8.365758657455444,
      8.373282670974731,
      8.442461729049683,
      8.095559120178223,
      7.749859571456909
    ],
    "score_time": [
      0.04309797286987305,
      0.043085575103759766,
      0.04231715202331543,
      0.04202103614807129,
      0.04170536994934082
    ],
    "test_r": [
      0.6146387158515874,
      0.6031461583501517,
      0.6058522763280317,
      0.6894526421470322,
      0.7217424719950861
    ],
    "test_r2": [
      0.3616813865033829,
      0.3298946583602541,
      0.3230854115195618,
      0.47296443610773886,
      0.520442863068947
    ],
    "test_rmse": [
      -0.0692839841549138,
      -0.08536972504890965,
      -0.09076557920663393,
      -0.0686990966527039,
      -0.06731183340113488
    ],
    "test_mae": [
      -0.05377922768111624,
      -0.0652731477547575,
      -0.06354359200883795,
      -0.05125709992293958,
      -0.05052262988841093
    ]
  },
  "69": {
    "fit_time": [
      8.395432233810425,
      8.356361627578735,
      8.299800872802734,
      8.240930795669556,
      7.719926595687866
    ],
    "score_time": [
      0.04290628433227539,
      0.042598724365234375,
      0.04243636131286621,
      0.04198718070983887,
      0.04141426086425781
    ],
    "test_r": [
      0.6505473734125684,
      0.7122506280698508,
      0.6177160201050289,
      0.6468514735082924,
      0.6759850833722454
    ],
    "test_r2": [
      0.37219789346407417,
      0.4957497957014696,
      0.3584440852109858,
      0.4093572906140621,
      0.426431092540428
    ],
    "test_rmse": [
      -0.08100252253291514,
      -0.07004081254233227,
      -0.08193755263945136,
      -0.07892236768533513,
      -0.06887010022730139
    ],
    "test_mae": [
      -0.06281258852897434,
      -0.05227383662859598,
      -0.05937368059908902,
      -0.056023767471754984,
      -0.04916767028261114
    ]
  },
  "420": {
    "fit_time": [
      8.307501792907715,
      8.393071413040161,
      8.368443727493286,
      8.427541017532349,
      7.6897852420806885
    ],
    "score_time": [
      0.043541669845581055,
      0.04315495491027832,
      0.04212808609008789,
      0.041869163513183594,
      0.04126143455505371
    ],
    "test_r": [
      0.6981911153329778,
      0.6203643658770223,
      0.6413020063480258,
      0.7163797349874431,
      0.6159875909881299
    ],
    "test_r2": [
      0.48631700587140614,
      0.3385182434161731,
      0.40171771071752405,
      0.5025353414954827,
      0.36521238987574767
    ],
    "test_rmse": [
      -0.07314081285133596,
      -0.08056639915014542,
      -0.06990650194354986,
      -0.061811245588273965,
      -0.09121411810322724
    ],
    "test_mae": [
      -0.0543381503905725,
      -0.056697616513128636,
      -0.05499820894002915,
      -0.04699956037600834,
      -0.06389478746740905
    ]
  },
  "1234567890": {
    "fit_time": [
      8.21763825416565,
      8.684234619140625,
      8.205033302307129,
      8.290019035339355,
      7.900954246520996
    ],
    "score_time": [
      0.046788930892944336,
      0.04274463653564453,
      0.04284238815307617,
      0.042060136795043945,
      0.04130291938781738
    ],
    "test_r": [
      0.6113936896157262,
      0.6667036356271884,
      0.7341106863936613,
      0.7321720267113956,
      0.705059147095035
    ],
    "test_r2": [
      0.3495347049896884,
      0.4349213303628824,
      0.5349162407074914,
      0.5218916640883535,
      0.486816392271742
    ],
    "test_rmse": [
      -0.08229560031693568,
      -0.07744172755159595,
      -0.06974205317446916,
      -0.07094347745364209,
      -0.0616508867899516
    ],
    "test_mae": [
      -0.06271462291796273,
      -0.05598661461053073,
      -0.050476648978392276,
      -0.05407142936830168,
      -0.045690062552911255
    ]
  },
  "473129": {
    "fit_time": [
      8.249988317489624,
      8.346034526824951,
      8.28742003440857,
      8.424740552902222,
      7.813638210296631
    ],
    "score_time": [
      0.04306149482727051,
      0.043088674545288086,
      0.04217028617858887,
      0.04148268699645996,
      0.04138994216918945
    ],
    "test_r": [
      0.6950359495039065,
      0.5914652202550303,
      0.6815624850465413,
      0.7327954049924759,
      0.5665799443568514
    ],
    "test_r2": [
      0.4708881471072417,
      0.2296145612004411,
      0.4559791972961633,
      0.5168190027466182,
      0.3103078626604485
    ],
    "test_rmse": [
      -0.07500837404826678,
      -0.08571341290395748,
      -0.07588345071559736,
      -0.06729096104429702,
      -0.08007668612693122
    ],
    "test_mae": [
      -0.0556973880697828,
      -0.062262916409969324,
      -0.053299944833472924,
      -0.04798119949279007,
      -0.06096888237661786
    ]
  },
  "r_avg": 0.6596119667938924,
  "r_stdev": 0.04683016210196431,
  "r_stderr": 0.01770013753980562,
  "r2_avg": 0.4139348093615305,
  "r2_stdev": 0.07350050756792913,
  "r2_stderr": 0.02778058060882305,
  "rmse_avg": 0.07568006549633265,
  "rmse_stdev": 0.008064781727345146,
  "rmse_stderr": 0.0030482009755104533,
  "mae_avg": 0.05567870402318518,
  "mae_stdev": 0.005397845607828538,
  "mae_stderr": 0.002040193870548085
}