fold,r,r2,rmse,mae
1.0,0.6810633420709348,0.46088640388077695,2.56431354144052,1.829663114639523
2.0,0.7518276116425766,0.5628793803882453,1.953279995263861,1.5266775315047767
3.0,0.8011466182536555,0.6300861840640785,1.8194758566844178,1.3914265117562525
4.0,0.6814427785851387,0.46376789551364783,2.270857965079018,1.7012830995777335
5.0,0.8140952829696475,0.6578332141092209,1.7869980069588602,1.438565302191836
