fold,r,r2,rmse,mae
1.0,0.7033274092212902,0.4926353929939826,2.312148563089133,1.6119305969407423
2.0,0.65305093126695,0.3909216833248115,2.4653670188416164,1.7859618594740914
3.0,0.5829347571323883,0.27964231243640447,2.1720083762424407,1.6660175420762118
4.0,0.6446688173138093,0.40239640090809303,2.11770777827127,1.6899604533907038
5.0,0.3322343058211903,-0.09279591477479254,2.7933889763605606,1.9882793042052618
