{
  "6": {
    "fit_time": [
      0.13074088096618652,
      0.12395596504211426
    ],
    "score_time": [
      0.016052961349487305,
      0.016888856887817383
    ],
    "test_r": [
      0.668051348218831,
      0.6792788412209233
    ],
    "test_r2": [
      0.43825692484750567,
      0.4529453555215688
    ],
    "test_rmse": [
      -2.3160205013501844,
      -2.2906786932008223
    ],
    "test_mae": [
      -1.7598047729776567,
      -1.7272597600035036
    ]
  },
  "r_avg": 0.6736650947198772,
  "r_stdev": 0.005613746501046124,
  "r_stderr": 0.0021217967378752913,
  "r2_avg": 0.4456011401845372,
  "r2_stdev": 0.007344215337031557,
  "r2_stderr": 0.002775852479527416,
  "rmse_avg": 2.3033495972755036,
  "rmse_stdev": 0.012670904074681077,
  "rmse_stderr": 0.004789151581137303,
  "mae_avg": 1.7435322664905801,
  "mae_stdev": 0.016272506487076566,
  "mae_stderr": 0.006150429338927125
}