{
  "6": {
    "fit_time": [
      0.10384297370910645,
      0.07758879661560059
    ],
    "score_time": [
      0.01349782943725586,
      2.121469020843506
    ],
    "test_r": [
      0.6492259131713788,
      0.5984903210093726
    ],
    "test_r2": [
      0.26770338895065837,
      0.25281986709620907
    ],
    "test_rmse": [
      -2.644338498603998,
      -2.6770808001660917
    ],
    "test_mae": [
      -2.121543071091332,
      -2.1656460928569365
    ],
    "best_params": {
      "check_inverse": true,
      "func": null,
      "inverse_func": null,
      "regressor__activation": "relu",
      "regressor__alpha": 0.0004510910337688182,
      "regressor__batch_size": "auto",
      "regressor__beta_1": 0.9,
      "regressor__beta_2": 0.999,
      "regressor__early_stopping": true,
      "regressor__epsilon": 1e-08,
      "regressor__learning_rate": "invscaling",
      "regressor__learning_rate_init": 0.0036652815093629817,
      "regressor__max_fun": 15000,
      "regressor__max_iter": 200,
      "regressor__momentum": 0.9,
      "regressor__n_iter_no_change": 10,
      "regressor__n_layers": 3,
      "regressor__n_neurons": 57,
      "regressor__nesterovs_momentum": true,
      "regressor__power_t": 0.5,
      "regressor__random_state": null,
      "regressor__shuffle": true,
      "regressor__solver": "adam",
      "regressor__tol": 0.0001,
      "regressor__validation_fraction": 0.1,
      "regressor__verbose": false,
      "regressor__warm_start": false,
      "transformer__memory": null,
      "transformer__verbose": false,
      "transformer__standardscaler__copy": true,
      "transformer__standardscaler__with_mean": true,
      "transformer__standardscaler__with_std": true
    }
  },
  "r_avg": 0.6238581170903756,
  "r_stdev": 0.02536779608100309,
  "r_stderr": 0.009588125677161873,
  "r2_avg": 0.2602616280234337,
  "r2_stdev": 0.00744176092722465,
  "r2_stderr": 0.0028127212471191227,
  "rmse_avg": 2.660709649385045,
  "rmse_stdev": 0.016371150781046895,
  "rmse_stderr": 0.006187713377512988,
  "mae_avg": 2.143594581974134,
  "mae_stdev": 0.022051510882802328,
  "mae_stderr": 0.00833468768987562
}