{
  "6": {
    "fit_time": [
      0.05604267120361328,
      0.054551124572753906,
      0.05555534362792969,
      0.05627584457397461,
      0.05525493621826172
    ],
    "score_time": [
      0.006579875946044922,
      0.006624460220336914,
      0.006510019302368164,
      0.0064580440521240234,
      0.005873441696166992
    ],
    "test_r": [
      0.6349744407764354,
      0.6144466218605296,
      0.6769922670626762,
      0.6268957315459519,
      0.6537450549569205
    ],
    "test_r2": [
      0.3397027653259467,
      0.35702801162060216,
      0.41180535426773046,
      0.34843695768166694,
      0.4077862186429171
    ],
    "test_rmse": [
      -2.408226365466411,
      -2.5987138453076426,
      -2.3156471548386115,
      -2.5431177522336066,
      -2.375339357913766
    ],
    "test_mae": [
      -1.7296080330453305,
      -1.896924668453996,
      -1.8081667704781965,
      -1.8697499812902865,
      -1.8522054101538425
    ]
  },
  "13": {
    "fit_time": [
      0.05505084991455078,
      0.05490851402282715,
      0.056707143783569336,
      0.0557401180267334,
      0.054585933685302734
    ],
    "score_time": [
      0.00654911994934082,
      0.006314992904663086,
      0.0064678192138671875,
      0.006175994873046875,
      0.0057752132415771484
    ],
    "test_r": [
      0.6472865740131928,
      0.6716623409367798,
      0.6535198360615307,
      0.690063381368745,
      0.6662097130681787
    ],
    "test_r2": [
      0.36651222285892926,
      0.43859822033142437,
      0.34992916110580463,
      0.4648489500302725,
      0.4330263993023167
    ],
    "test_rmse": [
      -2.462460732721205,
      -2.325356159528594,
      -2.358452653985159,
      -2.3059526918217714,
      -2.3337980937779377
    ],
    "test_mae": [
      -1.7841057242979008,
      -1.6577467581161183,
      -1.8270199514881362,
      -1.703821457421398,
      -1.791425444049727
    ]
  },
  "42": {
    "fit_time": [
      0.05604219436645508,
      0.055400848388671875,
      0.05503487586975098,
      0.05478715896606445,
      0.0545196533203125
    ],
    "score_time": [
      0.006575584411621094,
      0.00651097297668457,
      0.006423473358154297,
      0.006438732147216797,
      0.0058438777923583984
    ],
    "test_r": [
      0.7046095172435665,
      0.730275787714161,
      0.5963446184431425,
      0.5503083488294049,
      0.6246494963910156
    ],
    "test_r2": [
      0.4694955432333737,
      0.440084734277828,
      0.3285715868343493,
      0.20756556642873125,
      0.31833850177162626
    ],
    "test_rmse": [
      -2.2859974910632785,
      -1.9291661380765088,
      -2.8479212615983767,
      -2.6563007587638263,
      -2.628233806853067
    ],
    "test_mae": [
      -1.6587391925685306,
      -1.4740209738890893,
      -2.0910154030684645,
      -1.9115627953361691,
      -1.936984322100933
    ]
  },
  "69": {
    "fit_time": [
      0.05522561073303223,
      0.054715871810913086,
      0.05669689178466797,
      0.05606675148010254,
      0.053980112075805664
    ],
    "score_time": [
      0.006521463394165039,
      0.00665736198425293,
      0.006449460983276367,
      0.00642704963684082,
      0.005810976028442383
    ],
    "test_r": [
      0.5437958443419758,
      0.6617953630806238,
      0.7132862241970295,
      0.7471566022207564,
      0.5854012870335016
    ],
    "test_r2": [
      0.188601746463117,
      0.41503759554283526,
      0.44151852368543854,
      0.5468643265873478,
      0.2886074218113127
    ],
    "test_rmse": [
      -2.680902654967934,
      -2.4249030519324797,
      -2.207784312073693,
      -2.188287898968156,
      -2.606016598008933
    ],
    "test_mae": [
      -1.940216529047697,
      -1.801993673623732,
      -1.568255033977357,
      -1.5484766428710746,
      -1.9170909846352375
    ]
  },
  "420": {
    "fit_time": [
      0.055283546447753906,
      0.05487203598022461,
      0.05595254898071289,
      0.05665850639343262,
      0.054407358169555664
    ],
    "score_time": [
      0.006543397903442383,
      0.006588935852050781,
      0.006577730178833008,
      0.006476163864135742,
      0.005807161331176758
    ],
    "test_r": [
      0.6577493258749335,
      0.5561059169926423,
      0.7570544088782647,
      0.697830512555793,
      0.7073826289142379
    ],
    "test_r2": [
      0.3959522622542857,
      0.20925595405995634,
      0.5572031836169935,
      0.4605144431804342,
      0.4902018358025877
    ],
    "test_rmse": [
      -2.3985234447187627,
      -2.543603723663463,
      -1.9257206467105932,
      -2.4236611163064135,
      -2.3488081889955557
    ],
    "test_mae": [
      -1.8088071378404251,
      -1.8870235605107302,
      -1.466378919282469,
      -1.7286519470723294,
      -1.5896308387447207
    ]
  },
  "1234567890": {
    "fit_time": [
      0.05513358116149902,
      0.05489611625671387,
      0.05579209327697754,
      0.05502486228942871,
      0.0547487735748291
    ],
    "score_time": [
      0.0065953731536865234,
      0.006475210189819336,
      0.006433963775634766,
      0.0064678192138671875,
      0.005972385406494141
    ],
    "test_r": [
      0.600313029157965,
      0.7091900940792235,
      0.5735885740378528,
      0.6592061943225377,
      0.747343666805944
    ],
    "test_r2": [
      0.31610998602422613,
      0.4833658174907537,
      0.29609542611706097,
      0.37848443641648744,
      0.4935208686335347
    ],
    "test_rmse": [
      -2.5423148572981216,
      -2.3531170024060972,
      -2.8106786855393575,
      -2.247389080745088,
      -2.0301119578291313
    ],
    "test_mae": [
      -1.8846002386730198,
      -1.7094489651310134,
      -2.0275754707126725,
      -1.6366583094278273,
      -1.5352308763157012
    ]
  },
  "473129": {
    "fit_time": [
      0.0572361946105957,
      0.055707454681396484,
      0.05492568016052246,
      0.05562305450439453,
      0.053737640380859375
    ],
    "score_time": [
      0.006455659866333008,
      0.006516695022583008,
      0.006581544876098633,
      0.006464719772338867,
      0.005837678909301758
    ],
    "test_r": [
      0.5848138258393902,
      0.6802346570672302,
      0.7123686533439879,
      0.62278693502228,
      0.6809171604872158
    ],
    "test_r2": [
      0.28076073248507705,
      0.4363582526337674,
      0.4653462393822384,
      0.3382815992104167,
      0.42874029005029846
    ],
    "test_rmse": [
      -2.6040307715981728,
      -2.2702399381844587,
      -2.323401112192032,
      -2.6209221779551632,
      -2.1401000962339456
    ],
    "test_mae": [
      -1.8723176441027374,
      -1.7068931682770934,
      -1.662710574900706,
      -1.86255249988032,
      -1.6717187170473964
    ]
  },
  "r_avg": 0.6554372752721604,
  "r_stdev": 0.057083691378400234,
  "r_stderr": 0.021575607329258412,
  "r2_avg": 0.3883586038617625,
  "r2_stdev": 0.08963666997661816,
  "r2_stderr": 0.033879476730014506,
  "rmse_avg": 2.401862902293638,
  "rmse_stdev": 0.2157743182393575,
  "rmse_stderr": 0.08155502648226404,
  "mae_avg": 1.7662665319380682,
  "mae_stdev": 0.15028823981037603,
  "mae_stderr": 0.05680361535941314
}