Dataset,num_of_folds,Features,Targets,Model,r_mean,r_std,r2_mean,r2_std,rmse_mean,rmse_std,mae_mean,mae_std,num_of_data
OPV_Min,5,DA_FP_radius_3_nbits_1024,calc_PCE_percent,XGBoost,0.7378261251301881,0.0451915297370846,0.5312921993897366,0.07515285663428381,2.08557834965674,0.22101869885100978,1.5800034691888318,0.1461878691560894,553
