{
  "6": {
    "fit_time": [
      31.49034595489502,
      30.29735279083252
    ],
    "score_time": [
      4.111421823501587,
      4.371344089508057
    ],
    "test_r": [
      0.7710899395027185,
      0.7206274239824269
    ],
    "test_r2": [
      0.5788167407926246,
      0.49773038042638873
    ],
    "test_rmse": [
      -2.0299216901777877,
      -2.2145989719451245
    ],
    "test_mae": [
      -1.4922474594262725,
      -1.6997075502631056
    ]
  },
  "r_avg": 0.7458586817425727,
  "r_stdev": 0.025231257760145842,
  "r_stderr": 0.009536519042673497,
  "r2_avg": 0.5382735606095066,
  "r2_stdev": 0.04054318018311792,
  "r2_stderr": 0.015323881732030309,
  "rmse_avg": 2.1222603310614563,
  "rmse_stdev": 0.09233864088366839,
  "rmse_stderr": 0.034900725739984005,
  "mae_avg": 1.5959775048446891,
  "mae_stdev": 0.10373004541841657,
  "mae_stderr": 0.039206271951795026
}