{
  "6": {
    "fit_time": [
      0.6519498825073242,
      0.6669635772705078,
      0.6590573787689209,
      0.6606776714324951,
      0.29777979850769043
    ],
    "score_time": [
      0.1880936622619629,
      0.19706964492797852,
      0.1952204704284668,
      0.1947343349456787,
      0.13503479957580566
    ],
    "test_r": [
      0.7248255292170199,
      0.7503735829558562,
      0.6963975263035461,
      0.8135650786373749,
      0.7057064164322178
    ],
    "test_r2": [
      0.5161346273769054,
      0.5450904976514417,
      0.4752762782924156,
      0.613254007222217,
      0.4926577214682558
    ],
    "test_rmse": [
      -1.9072294111992423,
      -2.3318366488543867,
      -2.1507925552907374,
      -2.1969827706158043,
      -1.99167323620197
    ],
    "test_mae": [
      -1.4182528756733115,
      -1.6405143402148838,
      -1.5507528299341249,
      -1.6602303368965665,
      -1.5674529300258808
    ]
  },
  "13": {
    "fit_time": [
      0.6499605178833008,
      0.6436412334442139,
      0.6519162654876709,
      0.6499927043914795,
      0.29848337173461914
    ],
    "score_time": [
      0.1990830898284912,
      0.18980765342712402,
      0.194136381149292,
      0.19446754455566406,
      0.14049887657165527
    ],
    "test_r": [
      0.7885170501603574,
      0.6322345384567956,
      0.7286701982283662,
      0.8278135610125843,
      0.7224255893128847
    ],
    "test_r2": [
      0.6055905297310733,
      0.39802819584512583,
      0.49110266342005815,
      0.6672350051993137,
      0.5179897081721068
    ],
    "test_rmse": [
      -1.7745749386920542,
      -2.4104899200347645,
      -2.269618897487885,
      -1.8775617207968758,
      -2.221257221333164
    ],
    "test_mae": [
      -1.405260108320663,
      -1.7652566417747555,
      -1.8099476188817962,
      -1.4060433529149514,
      -1.5315887090552767
    ]
  },
  "42": {
    "fit_time": [
      0.638582706451416,
      0.6404433250427246,
      0.6542465686798096,
      0.6569631099700928,
      0.2917208671569824
    ],
    "score_time": [
      0.19170618057250977,
      0.18537402153015137,
      0.19237041473388672,
      0.1912384033203125,
      0.13405942916870117
    ],
    "test_r": [
      0.6553797596995523,
      0.7218403142095822,
      0.7636067130691436,
      0.799094962848999,
      0.7304595240771831
    ],
    "test_r2": [
      0.4075224511636586,
      0.5198068696529923,
      0.5803052408490874,
      0.5903380655796207,
      0.5216322730821492
    ],
    "test_rmse": [
      -2.1969375348054414,
      -2.303543756866347,
      -2.0760205336950266,
      -2.079572871114515,
      -2.0689653065337
    ],
    "test_mae": [
      -1.6609641202896257,
      -1.7694874949759711,
      -1.5483102476747101,
      -1.502123430563142,
      -1.4700661166371078
    ]
  },
  "69": {
    "fit_time": [
      0.636404275894165,
      0.653472900390625,
      0.6505007743835449,
      0.6563053131103516,
      0.30024051666259766
    ],
    "score_time": [
      0.1936955451965332,
      0.19545483589172363,
      0.1965312957763672,
      0.19777274131774902,
      0.1408681869506836
    ],
    "test_r": [
      0.7359572236155529,
      0.704816037748578,
      0.7815493774315595,
      0.7824987901640748,
      0.733682119182525
    ],
    "test_r2": [
      0.5144550157582819,
      0.391202745786857,
      0.5741234912624952,
      0.601806534377588,
      0.5271336546280495
    ],
    "test_rmse": [
      -1.9143148240244858,
      -2.7857672261060715,
      -1.9287194659143292,
      -2.082529235254666,
      -1.94800356204532
    ],
    "test_mae": [
      -1.3892352356252362,
      -2.026715869444271,
      -1.4629647711627032,
      -1.6214940175888495,
      -1.4737162781611801
    ]
  },
  "420": {
    "fit_time": [
      0.6486790180206299,
      0.6587162017822266,
      0.6387178897857666,
      0.6495959758758545,
      0.2956540584564209
    ],
    "score_time": [
      0.19807195663452148,
      0.1951000690460205,
      0.1857619285583496,
      0.19164419174194336,
      0.1332707405090332
    ],
    "test_r": [
      0.6995645742377306,
      0.7524913386007372,
      0.7523503242629724,
      0.7484212654250766,
      0.7801543718247198
    ],
    "test_r2": [
      0.4762772810531164,
      0.5632836468932672,
      0.4937685188868973,
      0.5559574252273092,
      0.567292458237081
    ],
    "test_rmse": [
      -2.324236504611427,
      -1.799488900045309,
      -2.277698251901796,
      -2.0940361904186373,
      -2.124019544876664
    ],
    "test_mae": [
      -1.721995016044806,
      -1.344718509508559,
      -1.6984164910256594,
      -1.529219222600014,
      -1.6560646500478873
    ]
  },
  "1234567890": {
    "fit_time": [
      0.6424672603607178,
      0.6452853679656982,
      0.6651296615600586,
      0.6540231704711914,
      0.2973904609680176
    ],
    "score_time": [
      0.19706058502197266,
      0.1863994598388672,
      0.1933434009552002,
      0.19285368919372559,
      0.13611459732055664
    ],
    "test_r": [
      0.715490897906228,
      0.6816193871092932,
      0.7097696569276332,
      0.7859198730435024,
      0.8175327017917897
    ],
    "test_r2": [
      0.47361787757800633,
      0.46346586023635006,
      0.4968796338765732,
      0.6012712370140811,
      0.6428343592254722
    ],
    "test_rmse": [
      -2.340593660133865,
      -2.2166975723421682,
      -2.1902003159752894,
      -2.0197649281455528,
      -1.8341690061546816
    ],
    "test_mae": [
      -1.6766347345276214,
      -1.7444993829868827,
      -1.6044512091501704,
      -1.4711730238279113,
      -1.3833006773388377
    ]
  },
  "473129": {
    "fit_time": [
      0.652003288269043,
      0.6558558940887451,
      0.6610527038574219,
      0.6517105102539062,
      0.2921142578125
    ],
    "score_time": [
      0.19695115089416504,
      0.19580721855163574,
      0.19366931915283203,
      0.194732666015625,
      0.1355576515197754
    ],
    "test_r": [
      0.7105729094078838,
      0.7989795661911075,
      0.7953901309060679,
      0.7609644300355999,
      0.6287968325567127
    ],
    "test_r2": [
      0.5003420956787314,
      0.6373375814297224,
      0.6231878205678987,
      0.5655892268478421,
      0.3283118120220757
    ],
    "test_rmse": [
      -2.179178405015472,
      -1.8327532456288276,
      -1.9135562445433842,
      -2.053119093272969,
      -2.6688562940667717
    ],
    "test_mae": [
      -1.711209823211392,
      -1.3917958063662117,
      -1.4563553041750548,
      -1.5683342361929367,
      -1.841854776077536
    ]
  },
  "r_avg": 0.7410694900854516,
  "r_stdev": 0.049062098937765634,
  "r_stderr": 0.018543730369739154,
  "r2_avg": 0.5297172117512605,
  "r2_stdev": 0.0756376633526262,
  "r2_stderr": 0.0285883495687247,
  "rmse_avg": 2.1252788512571317,
  "rmse_stdev": 0.22459950683899535,
  "rmse_stderr": 0.0848906342405332,
  "mae_avg": 1.585154291111328,
  "mae_stdev": 0.15427444169208632,
  "mae_stderr": 0.058310258052942154
}