{
  "6": {
    "fit_time": [
      9.373889207839966,
      9.217430591583252
    ],
    "score_time": [
      0.399066686630249,
      2.257357120513916
    ],
    "test_r": [
      0.7374261991762427,
      0.6907451610575143
    ],
    "test_r2": [
      0.5149393050013329,
      0.44736738318202096
    ],
    "test_rmse": [
      -2.178420804654277,
      -2.3229769249284717
    ],
    "test_mae": [
      -1.560767937393707,
      -1.7489603270826692
    ]
  },
  "r_avg": 0.7140856801168785,
  "r_stdev": 0.02334051905936424,
  "r_stderr": 0.008821886986034429,
  "r2_avg": 0.4811533440916769,
  "r2_stdev": 0.033785960909655965,
  "r2_stderr": 0.012769892910328469,
  "rmse_avg": 2.2506988647913744,
  "rmse_stdev": 0.07227806013709737,
  "rmse_stderr": 0.02731853890984724,
  "mae_avg": 1.654864132238188,
  "mae_stdev": 0.09409619484448117,
  "mae_stderr": 0.03556501869656789
}