{
  "6": {
    "fit_time": [
      31.88831925392151,
      34.90788459777832,
      42.93679118156433,
      40.847482204437256,
      31.805047512054443
    ],
    "score_time": [
      0.07810592651367188,
      0.24444365501403809,
      0.07810473442077637,
      0.07810211181640625,
      0.06251096725463867
    ],
    "test_r": [
      0.47281490364113843,
      0.3565742387607373,
      0.45665851405035607,
      0.3597012040488954,
      0.5653572243283876
    ],
    "test_r2": [
      0.18431545927938064,
      0.10615164643066288,
      0.14779073340776006,
      0.030357205704883206,
      0.2642565680202009
    ],
    "test_rmse": [
      -8.671129647241571,
      -9.601065701010157,
      -8.381633363741999,
      -10.52534755336647,
      -8.335151598370317
    ],
    "test_mae": [
      -5.803357667922974,
      -6.593278412137713,
      -5.99419937814985,
      -7.162603461463171,
      -6.33463741130657
    ]
  },
  "13": {
    "fit_time": [
      41.50225901603699,
      33.18372678756714,
      18.287657260894775,
      36.44865608215332,
      33.09256434440613
    ],
    "score_time": [
      0.046863555908203125,
      0.07810640335083008,
      0.06248593330383301,
      0.18745803833007812,
      0.07811141014099121
    ],
    "test_r": [
      0.36407933055483155,
      0.3898750033846381,
      0.5903680095685382,
      0.38246522891642337,
      0.43791053300680344
    ],
    "test_r2": [
      -0.014112010326188473,
      0.014939973000708484,
      0.3425018514793715,
      0.13367356335437508,
      0.1321298780582385
    ],
    "test_rmse": [
      -10.480994353231312,
      -9.581443119395658,
      -7.265758614959052,
      -8.86719981449032,
      -9.509924871967508
    ],
    "test_mae": [
      -7.021345940998622,
      -6.404993641717093,
      -5.649916180883134,
      -6.574068580146309,
      -6.362929117013742
    ]
  },
  "42": {
    "fit_time": [
      42.54070568084717,
      36.82109999656677,
      36.74299383163452,
      29.99536633491516,
      30.0832359790802
    ],
    "score_time": [
      0.06248593330383301,
      0.06248974800109863,
      0.06248617172241211,
      0.07810735702514648,
      0.10934829711914062
    ],
    "test_r": [
      0.37891798048020053,
      0.5297402534161146,
      0.3337065960733461,
      0.39732106694275715,
      0.42456356654401217
    ],
    "test_r2": [
      0.10363408166751842,
      0.23507063429753527,
      0.012888430269145323,
      0.08114447660719626,
      0.1151761752353333
    ],
    "test_rmse": [
      -9.095065264777496,
      -7.201937058910057,
      -11.182468671113993,
      -8.706005251940077,
      -10.130777351116718
    ],
    "test_mae": [
      -6.261193923950196,
      -5.31925242287772,
      -7.484750349862234,
      -6.461224868362016,
      -7.1970648990665484
    ]
  },
  "69": {
    "fit_time": [
      16.129850149154663,
      38.423213720321655,
      39.339425802230835,
      35.1720016002655,
      25.68441605567932
    ],
    "score_time": [
      0.04686450958251953,
      0.04686427116394043,
      0.06244635581970215,
      0.1093592643737793,
      0.031220197677612305
    ],
    "test_r": [
      0.5766997308793744,
      0.348650659917477,
      0.24524052757561296,
      0.4297406364899152,
      0.5203962229473196
    ],
    "test_r2": [
      0.30785614629134317,
      0.08406599061961173,
      -0.09626827884459677,
      0.1315468252320967,
      0.1885667995574648
    ],
    "test_rmse": [
      -7.36787515723125,
      -9.812228313001423,
      -9.418307634033969,
      -9.877369115872419,
      -9.35650954630274
    ],
    "test_mae": [
      -5.602722816467286,
      -6.493135878699166,
      -6.667829892294748,
      -6.562159261617575,
      -6.972984613641962
    ]
  },
  "420": {
    "fit_time": [
      38.17835569381714,
      13.079394340515137,
      32.53432488441467,
      33.934855937957764,
      32.171693563461304
    ],
    "score_time": [
      0.04686331748962402,
      0.04686284065246582,
      0.18745732307434082,
      0.06248211860656738,
      0.06248617172241211
    ],
    "test_r": [
      0.3984515953113525,
      0.40031435534623105,
      0.5575106666904047,
      0.4316087242236304,
      0.5185841045711441
    ],
    "test_r2": [
      0.006937465479960658,
      0.07583881864363518,
      0.29311841960536844,
      0.17435684570986065,
      0.2210187958236114
    ],
    "test_rmse": [
      -9.6108306597416,
      -8.993617906339761,
      -7.985758533449015,
      -8.60982814270477,
      -9.821145470496823
    ],
    "test_mae": [
      -7.128433809280395,
      -6.2722899586813785,
      -5.785931130817958,
      -5.7888465427707985,
      -6.761418307192691
    ]
  },
  "1234567890": {
    "fit_time": [
      41.58254837989807,
      33.04474973678589,
      39.433053970336914,
      41.95746374130249,
      41.32509207725525
    ],
    "score_time": [
      0.17183780670166016,
      0.10934948921203613,
      0.17183566093444824,
      0.04685854911804199,
      0.21872687339782715
    ],
    "test_r": [
      0.43679702026860995,
      0.3983735167436086,
      0.46675975280846427,
      0.5152460836987403,
      0.48132697328943685
    ],
    "test_r2": [
      0.14747650844211402,
      0.11699320176606054,
      0.09735338221499346,
      0.25696064122830764,
      0.14656230089875144
    ],
    "test_rmse": [
      -7.934523679288017,
      -10.253470800158695,
      -11.062859248711423,
      -8.04553121763339,
      -7.605818450186756
    ],
    "test_mae": [
      -5.751088472093854,
      -6.818271572930472,
      -7.6604854651859835,
      -5.864319691700978,
      -5.572399804742486
    ]
  },
  "473129": {
    "fit_time": [
      34.176876068115234,
      39.39401197433472,
      50.18725275993347,
      29.48583745956421,
      35.056808948516846
    ],
    "score_time": [
      0.062484025955200195,
      0.2655634880065918,
      0.12247252464294434,
      0.09372711181640625,
      0.046878814697265625
    ],
    "test_r": [
      0.3970342039582243,
      0.41019796884518267,
      0.4132009814027099,
      0.32318369203955916,
      0.4801645807873296
    ],
    "test_r2": [
      0.046560858300604524,
      0.11016619266074834,
      0.09261890972480347,
      0.030964560939393926,
      0.2274966764277917
    ],
    "test_rmse": [
      -9.874243267020718,
      -8.50565810230453,
      -10.421224227731212,
      -9.605265770099642,
      -7.9618375108375945
    ],
    "test_mae": [
      -6.49309226853507,
      -6.432200463158744,
      -7.028252959932599,
      -6.516704098813168,
      -6.034293559306378
    ]
  },
  "r_avg": 0.43398673290032874,
  "r_stdev": 0.07782453163010856,
  "r_stderr": 0.029414908084763918,
  "r2_avg": 0.13000313506308706,
  "r2_stdev": 0.0968559902138797,
  "r2_stderr": 0.036608123298975906,
  "rmse_avg": -9.13313728539367,
  "rmse_stdev": 1.0569516464493376,
  "rmse_stderr": 0.3994901720464589,
  "mae_avg": -6.423762194963474,
  "mae_stdev": 0.5685775270369429,
  "mae_stderr": 0.21490210537140775
}