{
  "6": {
    "fit_time": [
      4.519002914428711,
      4.4921159744262695,
      4.321471929550171,
      4.5882768630981445,
      4.491328001022339
    ],
    "score_time": [
      0.008295059204101562,
      0.01283407211303711,
      0.012276887893676758,
      0.010513067245483398,
      0.012044668197631836
    ],
    "test_r": [
      0.5924810324906571,
      0.4221757112547374,
      0.5207189289236049,
      0.7269820838894202,
      0.5838729800270689
    ],
    "test_r2": [
      0.3170164171825772,
      0.15175873516789873,
      0.17923464713766868,
      0.48256471614633123,
      0.3340171839467897
    ],
    "test_rmse": [
      -7.934502406592963,
      -9.352919950823814,
      -8.225551789942728,
      -7.6888002459660845,
      -7.930157592471137
    ],
    "test_mae": [
      -5.705962879233595,
      -6.67603218213887,
      -6.041614638065809,
      -5.613895417691272,
      -6.06510496071797
    ]
  },
  "13": {
    "fit_time": [
      4.888336181640625,
      4.849577903747559,
      4.795692205429077,
      4.838900089263916,
      4.75287127494812
    ],
    "score_time": [
      0.010844945907592773,
      0.013974189758300781,
      0.01949286460876465,
      0.016474008560180664,
      0.018709897994995117
    ],
    "test_r": [
      0.5887779136673561,
      0.569123395634845,
      0.5759678249004947,
      0.5865225846591774,
      0.5772732085469265
    ],
    "test_r2": [
      0.2748607321468578,
      0.2814973590225547,
      0.32892245082240534,
      0.3246840620100495,
      0.30592016881903805
    ],
    "test_rmse": [
      -8.862785444669415,
      -8.183022816215502,
      -7.340405522805068,
      -7.828872334188564,
      -8.504610529272263
    ],
    "test_mae": [
      -6.413137036106854,
      -6.000088429722249,
      -5.719950990055025,
      -5.685054335583364,
      -5.989224066546913
    ]
  },
  "42": {
    "fit_time": [
      4.520659923553467,
      2.5762429237365723,
      4.6122260093688965,
      4.414198875427246,
      4.536131143569946
    ],
    "score_time": [
      0.01795196533203125,
      1.3091180324554443,
      0.01283407211303711,
      0.020698070526123047,
      0.013380765914916992
    ],
    "test_r": [
      0.5857731800091432,
      0.6571998181612082,
      0.45343687387221215,
      0.504117259570673,
      0.5944262796002948
    ],
    "test_r2": [
      0.3147702832524282,
      0.40496026707445265,
      0.16427436063266232,
      0.20161974879667577,
      0.3034261430283208
    ],
    "test_rmse": [
      -7.952089266992872,
      -6.352016794392892,
      -10.289314266951413,
      -8.115218218272561,
      -8.988722069484975
    ],
    "test_mae": [
      -5.665600707500896,
      -5.090444120076198,
      -7.302128091977454,
      -5.903704981662718,
      -6.351725246125165
    ]
  },
  "69": {
    "fit_time": [
      4.840643644332886,
      4.586489200592041,
      4.930877923965454,
      4.813550710678101,
      4.826636075973511
    ],
    "score_time": [
      0.01505422592163086,
      0.01562190055847168,
      0.010393142700195312,
      0.01517629623413086,
      0.013187885284423828
    ],
    "test_r": [
      0.5464018037881746,
      0.6496029064192698,
      0.5413441596444557,
      0.5508080882664798,
      0.5231826341198329
    ],
    "test_r2": [
      0.2625113424801854,
      0.40944103013138233,
      0.24810832656185322,
      0.2868932007465549,
      0.2104840488326244
    ],
    "test_rmse": [
      -7.605394526193538,
      -7.878929011561675,
      -7.799954794875877,
      -8.950460261090175,
      -9.229282356763251
    ],
    "test_mae": [
      -5.560562526955457,
      -5.439438039812906,
      -5.80652885538064,
      -6.545306867528493,
      -6.992948334361337
    ]
  },
  "420": {
    "fit_time": [
      4.6931986808776855,
      4.704941987991333,
      4.547807931900024,
      4.814993858337402,
      4.768994092941284
    ],
    "score_time": [
      0.018529176712036133,
      0.014497041702270508,
      0.017141103744506836,
      0.010782957077026367,
      0.011348962783813477
    ],
    "test_r": [
      0.6221248757576892,
      0.44522942304520957,
      0.5802507786673353,
      0.6100300338067997,
      0.6087033313036062
    ],
    "test_r2": [
      0.33661452404083514,
      0.13451367527870461,
      0.31997681360077956,
      0.36871024338642855,
      0.3463120998414373
    ],
    "test_rmse": [
      -7.855170316465762,
      -8.703434725090947,
      -7.832577524462649,
      -7.528572930169189,
      -8.996713229114771
    ],
    "test_mae": [
      -5.851065630770724,
      -5.999984053574513,
      -5.9496646722066355,
      -5.656886420999537,
      -6.339695021632846
    ]
  },
  "1234567890": {
    "fit_time": [
      4.605019807815552,
      4.696783781051636,
      4.762152194976807,
      4.773313045501709,
      4.740776062011719
    ],
    "score_time": [
      0.022268295288085938,
      0.016122102737426758,
      0.011225700378417969,
      0.011147022247314453,
      0.01479482650756836
    ],
    "test_r": [
      0.6054754876197201,
      0.6586075605522336,
      0.5995925101851747,
      0.5899246466210424,
      0.620299026609897
    ],
    "test_r2": [
      0.3214810933485356,
      0.430912121759772,
      0.3010155521404303,
      0.33724032588553776,
      0.30678470933590674
    ],
    "test_rmse": [
      -7.078620995301354,
      -8.231491667809664,
      -9.73514139874464,
      -7.598482239323001,
      -6.854789296156722
    ],
    "test_mae": [
      -5.45762787401589,
      -6.201963629950063,
      -6.633447457571884,
      -5.492297563427114,
      -4.828192126962858
    ]
  },
  "473129": {
    "fit_time": [
      4.748723983764648,
      4.8236048221588135,
      4.891517877578735,
      4.890338897705078,
      4.905466079711914
    ],
    "score_time": [
      0.019277095794677734,
      0.016241073608398438,
      0.013202190399169922,
      0.013358116149902344,
      0.01112985610961914
    ],
    "test_r": [
      0.6168167466881268,
      0.5717423952412384,
      0.5487619700425975,
      0.5330438826201581,
      0.6199452824623042
    ],
    "test_r2": [
      0.3349680945634611,
      0.2951570364501983,
      0.2677677724909159,
      0.23835631979896577,
      0.3795104317501957
    ],
    "test_rmse": [
      -8.246669213052384,
      -7.570065808860885,
      -9.361561571018132,
      -8.515604392271424,
      -7.1355979817623885
    ],
    "test_mae": [
      -5.974122639043604,
      -5.71911323421197,
      -6.655804912598648,
      -6.147128633892219,
      -5.248590802555295
    ]
  },
  "r_avg": 0.576592474819119,
  "r_stdev": 0.06008947008087837,
  "r_stderr": 0.02271168489252292,
  "r2_avg": 0.30017960107461195,
  "r2_stdev": 0.0765000673259938,
  "r2_stderr": 0.02891430763203965,
  "rmse_avg": -8.178785813975162,
  "rmse_stdev": 0.8314927372300046,
  "rmse_stderr": 0.3142747142381385,
  "mae_avg": -5.963543925161629,
  "mae_stdev": 0.5159453098314067,
  "mae_stderr": 0.19500899713201011
}