{
  "6": {
    "fit_time": [
      0.018098115921020508,
      0.01882004737854004,
      0.018703460693359375,
      0.018506765365600586,
      0.014960527420043945
    ],
    "score_time": [
      0.00866246223449707,
      0.008668899536132812,
      0.008402824401855469,
      0.008638143539428711,
      0.007668018341064453
    ],
    "test_r": [
      0.3686255200506022,
      0.28970045426852475,
      0.37426345583956033,
      0.4371755106649639,
      0.2540761363719444
    ],
    "test_r2": [
      -0.13530459594929067,
      -0.20570769015187151,
      -0.5388844920678497,
      -0.059205057841460684,
      -0.5319990495557765
    ],
    "test_rmse": [
      -0.10229885244108206,
      -0.11150864405019681,
      -0.11263115691608219,
      -0.11000706584576504,
      -0.12027615999965537
    ],
    "test_mae": [
      -0.07437018878700072,
      -0.08155019688296018,
      -0.08623428460259862,
      -0.0752003008321421,
      -0.08498005977076856
    ]
  },
  "13": {
    "fit_time": [
      0.0453486442565918,
      0.04334735870361328,
      0.042435407638549805,
      0.03851461410522461,
      0.016440153121948242
    ],
    "score_time": [
      0.01146078109741211,
      0.011188983917236328,
      0.010836124420166016,
      0.01080775260925293,
      0.0075817108154296875
    ],
    "test_r": [
      0.3454664791315524,
      0.43259534448987624,
      0.4310929451599703,
      0.3591110206938502,
      0.22437084871777419
    ],
    "test_r2": [
      -0.1543102075060796,
      -0.10086233249106358,
      -0.29322098389537543,
      -0.4337260034518753,
      -0.42351549529866905
    ],
    "test_rmse": [
      -0.11182033576062257,
      -0.10128988631551608,
      -0.10189903468670126,
      -0.11407193074620232,
      -0.1217953805995617
    ],
    "test_mae": [
      -0.07991494609810625,
      -0.0774209154091298,
      -0.07456788976786566,
      -0.08052635651449257,
      -0.0824920591469195
    ]
  },
  "42": {
    "fit_time": [
      0.07599639892578125,
      0.07615780830383301,
      0.07812309265136719,
      0.0747230052947998,
      0.028919696807861328
    ],
    "score_time": [
      0.039421796798706055,
      0.03525233268737793,
      0.03357958793640137,
      0.030436992645263672,
      0.01060342788696289
    ],
    "test_r": [
      0.31829198478104936,
      0.48269562450034026,
      0.23639837670852135,
      0.2947086181883373,
      0.2794410464669233
    ],
    "test_r2": [
      -0.43187689306780386,
      -0.20677671486910998,
      -0.40533745958568734,
      -0.7682127789380402,
      -0.27435861826159225
    ],
    "test_rmse": [
      -0.1149518572590529,
      -0.09045906937479749,
      -0.13342735606557748,
      -0.12077097491328782,
      -0.12157945632106348
    ],
    "test_mae": [
      -0.08276866902145207,
      -0.06604552373937604,
      -0.09699833290409675,
      -0.08818067881904376,
      -0.08909078288978199
    ]
  },
  "69": {
    "fit_time": [
      0.07749295234680176,
      0.07382774353027344,
      0.08203721046447754,
      0.07982277870178223,
      0.03000640869140625
    ],
    "score_time": [
      0.035185813903808594,
      0.03575897216796875,
      0.026926279067993164,
      0.031830787658691406,
      0.010572671890258789
    ],
    "test_r": [
      0.5173682125278751,
      0.30679974269555754,
      0.2536617057277552,
      0.3938540467074594,
      0.17757650546353623
    ],
    "test_r2": [
      -0.2538612238532745,
      -0.31411003378406455,
      -0.4965583249111398,
      -0.2382496854066345,
      -0.5065716819776229
    ],
    "test_rmse": [
      -0.0991673735455951,
      -0.11753072578745236,
      -0.11004270859245777,
      -0.11794300621372694,
      -0.1274918368860321
    ],
    "test_mae": [
      -0.07505224290181488,
      -0.08352725982215192,
      -0.08229811514084832,
      -0.08305492920029621,
      -0.09379415126960322
    ]
  },
  "420": {
    "fit_time": [
      0.07420063018798828,
      0.07399702072143555,
      0.07457375526428223,
      0.07577061653137207,
      0.031138896942138672
    ],
    "score_time": [
      0.036562442779541016,
      0.036160945892333984,
      0.03566455841064453,
      0.0337526798248291,
      0.010675191879272461
    ],
    "test_r": [
      0.3167493291611163,
      0.2962632493095502,
      0.4943231365333437,
      0.1682020930380089,
      0.4110777316978756
    ],
    "test_r2": [
      -0.5129707144973619,
      -0.536280167308824,
      0.10854325771318174,
      -0.7400609966226701,
      -0.08034428160736051
    ],
    "test_rmse": [
      -0.11862818541649968,
      -0.11595668295173718,
      -0.08967945878888052,
      -0.1249915134767197,
      -0.11565908259916793
    ],
    "test_mae": [
      -0.08165107208848298,
      -0.08918201130638767,
      -0.0678807491439419,
      -0.08427525920577984,
      -0.08352100750959113
    ]
  },
  "1234567890": {
    "fit_time": [
      0.07463908195495605,
      0.07501411437988281,
      0.07514524459838867,
      0.0746159553527832,
      0.026201248168945312
    ],
    "score_time": [
      0.03113555908203125,
      0.029847145080566406,
      0.029725313186645508,
      0.026967287063598633,
      0.010074138641357422
    ],
    "test_r": [
      0.35888808447255616,
      0.33992941797273746,
      0.30864375557934826,
      0.31170683624254975,
      0.32123833455271794
    ],
    "test_r2": [
      -0.4034518426364877,
      -0.2771586003108073,
      -0.2162649252679152,
      -0.4053072616080877,
      -0.929425462998162
    ],
    "test_rmse": [
      -0.10180437466895129,
      -0.12331368938960721,
      -0.1284170232825689,
      -0.11064567944471076,
      -0.11435997346837673
    ],
    "test_mae": [
      -0.07809305615179471,
      -0.09228160125175287,
      -0.09193784939874068,
      -0.0846780225807066,
      -0.08125647919567702
    ]
  },
  "473129": {
    "fit_time": [
      0.07500934600830078,
      0.07386589050292969,
      0.07406330108642578,
      0.0741574764251709,
      0.02640056610107422
    ],
    "score_time": [
      0.03152799606323242,
      0.030512094497680664,
      0.02933669090270996,
      0.026703357696533203,
      0.01004338264465332
    ],
    "test_r": [
      0.47291627954223714,
      0.19556984502267802,
      0.3159514815153723,
      0.35153388820305764,
      0.3731952367104042
    ],
    "test_r2": [
      0.0426552553220938,
      -0.6004674224926905,
      -0.20350085621710856,
      -0.2321096358784811,
      -0.39909187312460936
    ],
    "test_rmse": [
      -0.09894446686034797,
      -0.11407143106524502,
      -0.12001819199353264,
      -0.10830892189690332,
      -0.10714853777019943
    ],
    "test_mae": [
      -0.06982578972753986,
      -0.08924849314400587,
      -0.08293769773448686,
      -0.0804860667546286,
      -0.07608885171505758
    ]
  },
  "r_avg": 0.3375274936774151,
  "r_stdev": 0.08652394223207853,
  "r_stderr": 0.03270297622842838,
  "r2_avg": -0.34736813858284493,
  "r2_stdev": 0.22244479790215066,
  "r2_stderr": 0.08407623081273043,
  "rmse_avg": 0.11294028643982507,
  "rmse_stdev": 0.010075820290693633,
  "rmse_stderr": 0.0038083021063076974,
  "mae_avg": 0.08204033972654352,
  "mae_stdev": 0.006966690136867587,
  "mae_stderr": 0.0026331613661997387
}