{
  "6": {
    "fit_time": [
      0.027219057083129883,
      0.02823781967163086,
      0.026463985443115234,
      0.028089046478271484,
      0.027359962463378906
    ],
    "score_time": [
      0.00963902473449707,
      0.008921146392822266,
      0.009187698364257812,
      0.00882577896118164,
      0.008857011795043945
    ],
    "test_r": [
      NaN,
      NaN,
      NaN,
      NaN,
      NaN
    ],
    "test_r2": [
      -0.03760727909930894,
      -0.019653412209105214,
      -0.01860197331213498,
      -0.049696323549637045,
      -0.02518601595259784
    ],
    "test_rmse": [
      -9.779824667943403,
      -10.254483906007724,
      -9.163424166504603,
      -10.951217292644646,
      -9.839015460157851
    ],
    "test_mae": [
      -7.130089285714285,
      -7.463482142857144,
      -7.008860800979012,
      -8.111091415582884,
      -7.450270270270271
    ]
  },
  "13": {
    "fit_time": [
      0.03928971290588379,
      0.03460097312927246,
      0.04041767120361328,
      0.04190683364868164,
      0.03652691841125488
    ],
    "score_time": [
      0.011469125747680664,
      0.012578964233398438,
      0.01171422004699707,
      0.013967275619506836,
      0.01167917251586914
    ],
    "test_r": [
      NaN,
      NaN,
      NaN,
      NaN,
      NaN
    ],
    "test_r2": [
      -0.18788272667093353,
      -0.07778278069217803,
      -0.012773426736784499,
      -0.01864648629495891,
      -0.02006794414356672
    ],
    "test_rmse": [
      -11.343479943490033,
      -10.022249221820704,
      -9.017576748582808,
      -9.615180846073706,
      -10.310132993660307
    ],
    "test_mae": [
      -8.081623993039608,
      -7.343303571428572,
      -7.113023254479194,
      -7.388288288288288,
      -7.46350209109386
    ]
  },
  "42": {
    "fit_time": [
      0.036749839782714844,
      0.04021906852722168,
      0.04193472862243652,
      0.03880572319030762,
      0.040987253189086914
    ],
    "score_time": [
      0.013141870498657227,
      0.012176990509033203,
      0.012479066848754883,
      0.011893987655639648,
      0.011258840560913086
    ],
    "test_r": [
      NaN,
      NaN,
      NaN,
      NaN,
      NaN
    ],
    "test_r2": [
      -0.02586197297700754,
      -0.01780556694681712,
      -0.05637138297489597,
      -0.019196241293665706,
      -0.020695751357789005
    ],
    "test_rmse": [
      -9.729882997950485,
      -8.307513689451431,
      -11.568122605171505,
      -9.169047368194164,
      -10.88084240909368
    ],
    "test_mae": [
      -7.17147122051567,
      -6.512607620063749,
      -8.140314638258515,
      -7.002999142732875,
      -8.252072072072071
    ]
  },
  "69": {
    "fit_time": [
      0.030023813247680664,
      0.03847384452819824,
      0.04205060005187988,
      0.044963836669921875,
      0.04115796089172363
    ],
    "score_time": [
      0.009934186935424805,
      0.011178970336914062,
      0.012428045272827148,
      0.010675907135009766,
      0.010931968688964844
    ],
    "test_r": [
      NaN,
      NaN,
      NaN,
      NaN,
      NaN
    ],
    "test_r2": [
      -0.001090180508740879,
      -0.049723725458707735,
      -0.12425382915534677,
      -0.012926186050550514,
      -0.04110772396553086
    ],
    "test_rmse": [
      -8.86095795570982,
      -10.504443728566171,
      -9.537765396045344,
      -10.667360675620928,
      -10.598278134288195
    ],
    "test_mae": [
      -7.1188392857142855,
      -7.467138687768231,
      -6.638660714285714,
      -7.908108108108108,
      -8.217479014468225
    ]
  },
  "420": {
    "fit_time": [
      0.05644798278808594,
      0.057229042053222656,
      0.05175924301147461,
      0.057572126388549805,
      0.05109405517578125
    ],
    "score_time": [
      0.01888895034790039,
      0.01786208152770996,
      0.019978046417236328,
      0.01838207244873047,
      0.01587200164794922
    ],
    "test_r": [
      NaN,
      NaN,
      NaN,
      NaN,
      NaN
    ],
    "test_r2": [
      -0.09680539170608404,
      -0.0384652225510993,
      -0.010098631253635526,
      -0.00390913861383968,
      -0.04396538413806961
    ],
    "test_rmse": [
      -10.100373058028412,
      -9.533591736426096,
      -9.546072600221649,
      -9.493918394766542,
      -11.369508840726366
    ],
    "test_mae": [
      -7.916538238644992,
      -7.05261506529919,
      -7.14806965925131,
      -6.815675675675676,
      -8.253331758984915
    ]
  },
  "1234567890": {
    "fit_time": [
      0.037645816802978516,
      0.03620791435241699,
      0.036746978759765625,
      0.040064096450805664,
      0.03704500198364258
    ],
    "score_time": [
      0.015763044357299805,
      0.017077922821044922,
      0.016681909561157227,
      0.01505589485168457,
      0.015085935592651367
    ],
    "test_r": [
      NaN,
      NaN,
      NaN,
      NaN,
      NaN
    ],
    "test_r2": [
      -0.007496861391959264,
      -0.008230129916366069,
      -0.07040073236190225,
      -0.01930748824107842,
      -0.07018164364926904
    ],
    "test_rmse": [
      -8.625604360273684,
      -10.956420989656909,
      -12.047077553656832,
      -9.423265384411382,
      -8.517042057275837
    ],
    "test_mae": [
      -6.454674130656338,
      -7.805681268079693,
      -9.339117056191103,
      -6.854863007469199,
      -6.658378378378377
    ]
  },
  "473129": {
    "fit_time": [
      0.03790736198425293,
      0.033509016036987305,
      0.03290295600891113,
      0.031507015228271484,
      0.03521585464477539
    ],
    "score_time": [
      0.021521806716918945,
      0.016442060470581055,
      0.014278888702392578,
      0.015478134155273438,
      0.009524106979370117
    ],
    "test_r": [
      NaN,
      NaN,
      NaN,
      NaN,
      NaN
    ],
    "test_r2": [
      -0.11129230874141749,
      -0.04886240986146673,
      -0.058583185153462614,
      -0.040502543349829834,
      -0.013415703202158902
    ],
    "test_rmse": [
      -10.66035060399047,
      -9.234486084982152,
      -11.256059338736653,
      -9.953163286473758,
      -9.119204322745269
    ],
    "test_mae": [
      -7.597678571428572,
      -7.157508467438232,
      -8.13957627632686,
      -7.084731797498099,
      -7.42720482104682
    ]
  },
  "r_avg": NaN,
  "r_stdev": NaN,
  "r_stderr": NaN,
  "r2_avg": -0.04224136295662562,
  "r2_stdev": 0.03894983211556953,
  "r2_stderr": 0.014721652769359111,
  "rmse_avg": -9.99876968055284,
  "rmse_stdev": 0.9205500687132158,
  "rmse_stderr": 0.3479352215997985,
  "mae_avg": -7.448253422573998,
  "mae_stdev": 0.609521254114203,
  "mae_stderr": 0.230377379599198
}