{
  "6": {
    "fit_time": [
      0.05651688575744629,
      1.3767261505126953,
      0.05605292320251465,
      0.058274030685424805,
      0.06113100051879883
    ],
    "score_time": [
      0.01092982292175293,
      0.007759809494018555,
      0.010097980499267578,
      0.008435964584350586,
      0.008111715316772461
    ],
    "test_r": [
      0.08250176496824102,
      0.11871539352876562,
      0.04367264153773988,
      0.18068109603058358,
      0.1865219382213757
    ],
    "test_r2": [
      -4.8350099536690445,
      -5.625304200536991,
      -5.685273386711626,
      -3.720541401312712,
      -4.764963976356639
    ],
    "test_rmse": [
      -23.191848459112272,
      -26.139088020506534,
      -23.47551451429481,
      -23.223435353565065,
      -23.331819347178797
    ],
    "test_mae": [
      -16.98233241893927,
      -20.11361994771268,
      -18.061430585428553,
      -17.441470783923315,
      -18.484564886949936
    ]
  },
  "13": {
    "fit_time": [
      0.060053110122680664,
      0.059905052185058594,
      0.059246063232421875,
      0.06071615219116211,
      0.0617070198059082
    ],
    "score_time": [
      0.010420083999633789,
      0.010332107543945312,
      0.008445978164672852,
      0.008227825164794922,
      0.008336067199707031
    ],
    "test_r": [
      0.21568927531922838,
      0.1748168824706648,
      0.13305001217770135,
      0.0918182554278105,
      0.12056827459862057
    ],
    "test_r2": [
      -3.5667185635843683,
      -5.1028710346025505,
      -6.839325204981371,
      -5.512196840734731,
      -4.775029400039299
    ],
    "test_rmse": [
      -22.241375781989355,
      -23.84880782263645,
      -25.088404253101807,
      -24.311372123358204,
      -24.531653238407237
    ],
    "test_mae": [
      -16.782293353588205,
      -18.227502579784158,
      -18.777450865976004,
      -18.770347485272573,
      -19.181791648943012
    ]
  },
  "42": {
    "fit_time": [
      0.10309290885925293,
      0.1031029224395752,
      0.09655117988586426,
      0.10060477256774902,
      0.10340023040771484
    ],
    "score_time": [
      0.011837244033813477,
      0.010276079177856445,
      0.01469278335571289,
      0.011080026626586914,
      0.010169744491577148
    ],
    "test_r": [
      0.09223000915992102,
      0.15039306114018308,
      0.05245679794977031,
      0.22338253244375705,
      0.0011684198285038779
    ],
    "test_r2": [
      -5.108761762658252,
      -7.425853659667423,
      -5.05921004563728,
      -6.951132992532723,
      -5.278445335905971
    ],
    "test_rmse": [
      -23.743227088803813,
      -23.902625693656102,
      -27.70528186627548,
      -25.610014153374923,
      -26.986118649237252
    ],
    "test_mae": [
      -18.34669551603735,
      -18.10974378925558,
      -22.033837397981095,
      -20.625715551809993,
      -21.313239501649516
    ]
  },
  "69": {
    "fit_time": [
      0.10546112060546875,
      0.10640692710876465,
      0.10867691040039062,
      0.10462713241577148,
      0.10506582260131836
    ],
    "score_time": [
      0.012373924255371094,
      0.009794235229492188,
      0.010101079940795898,
      0.010776996612548828,
      0.010022878646850586
    ],
    "test_r": [
      0.31580135379151447,
      0.1427834152364594,
      0.16741205850733554,
      0.32591087476662184,
      0.0027165303277337464
    ],
    "test_r2": [
      -5.506097315330872,
      -4.995280298255467,
      -5.658020230970875,
      -3.0256281282651205,
      -6.232612802884261
    ],
    "test_rmse": [
      -22.589382154290853,
      -25.1038481157941,
      -23.210633991655158,
      -21.265955806416653,
      -27.934125907962997
    ],
    "test_mae": [
      -16.55967856426375,
      -19.7076731108444,
      -18.028219036189515,
      -15.415623063689784,
      -22.996115493410667
    ]
  },
  "420": {
    "fit_time": [
      0.11052179336547852,
      0.11797595024108887,
      0.11118412017822266,
      0.11084389686584473,
      0.10104012489318848
    ],
    "score_time": [
      0.012130975723266602,
      0.012490034103393555,
      0.011918783187866211,
      0.011372089385986328,
      0.012089967727661133
    ],
    "test_r": [
      0.3693213255939135,
      0.1196036186916032,
      -0.09012220529832567,
      -0.02513557751692765,
      0.20159056649194837
    ],
    "test_r2": [
      -4.393788935117107,
      -6.305832251284255,
      -5.971431104978767,
      -7.293247182037479,
      -2.999738979848834
    ],
    "test_rmse": [
      -22.39853431251954,
      -25.286890011138134,
      -25.078630200625145,
      -27.28730187806533,
      -22.254327743026504
    ],
    "test_mae": [
      -17.7727960109745,
      -20.184085082865007,
      -19.174283612720192,
      -21.518356668542065,
      -16.495070875367457
    ]
  },
  "1234567890": {
    "fit_time": [
      0.11499810218811035,
      0.11353087425231934,
      0.11659598350524902,
      0.11512899398803711,
      0.11838579177856445
    ],
    "score_time": [
      0.012201070785522461,
      0.011105060577392578,
      0.011762857437133789,
      0.01721477508544922,
      0.013668060302734375
    ],
    "test_r": [
      0.1702143965102521,
      -0.014290585361982779,
      0.1844832520576833,
      0.2239933648431247,
      -0.06932215574357432
    ],
    "test_r2": [
      -6.619067643164061,
      -4.7541522573918975,
      -3.2079216275531595,
      -5.327838790821594,
      -9.173314941317155
    ],
    "test_rmse": [
      -23.720213721257714,
      -26.174569655486973,
      -23.88593953579738,
      -23.478833609144797,
      -26.25979236322227
    ],
    "test_mae": [
      -18.16022276833799,
      -19.69827305264676,
      -18.141844346165815,
      -17.9019925313979,
      -20.95683743519449
    ]
  },
  "473129": {
    "fit_time": [
      0.10602688789367676,
      0.10838890075683594,
      0.10972809791564941,
      0.10284900665283203,
      0.1008601188659668
    ],
    "score_time": [
      0.013875007629394531,
      0.011912345886230469,
      0.011192083358764648,
      0.013790130615234375,
      0.011447906494140625
    ],
    "test_r": [
      -0.06824118944837496,
      0.0925146644741858,
      -0.0864766625418647,
      0.21308766613458568,
      0.09570153311066916
    ],
    "test_r2": [
      -5.5279243005487,
      -6.866628371483693,
      -4.897230132152525,
      -5.007595349654246,
      -5.222515986751701
    ],
    "test_rmse": [
      -25.837166788655754,
      -25.289939345193623,
      -26.567330364775255,
      -23.916074197113712,
      -22.59675840168718
    ],
    "test_mae": [
      -19.946756417776065,
      -20.387180053475017,
      -20.388635828269646,
      -18.25379070677363,
      -16.335088045037896
    ]
  },
  "r_avg": 0.11826321712655566,
  "r_stdev": 0.11341086822293549,
  "r_stderr": 0.04286527904140072,
  "r2_avg": -5.406757268249793,
  "r2_stdev": 1.2868382930253306,
  "r2_stderr": 0.48637915727141257,
  "rmse_avg": -24.499052413409352,
  "rmse_stdev": 1.6703844271592867,
  "rmse_stderr": 0.6313459697340796,
  "mae_avg": -18.89355882906268,
  "mae_stdev": 1.7213110044299866,
  "mae_stderr": 0.6505944066743634
}