{
  "6": {
    "fit_time": [
      15.435066938400269,
      15.547247886657715,
      15.342559099197388,
      15.552597999572754,
      15.382936954498291
    ],
    "score_time": [
      0.14158010482788086,
      0.134552001953125,
      0.16502904891967773,
      0.1328120231628418,
      0.1632251739501953
    ],
    "test_r": [
      0.5658527680378722,
      0.43885953958852936,
      0.44985579945183796,
      0.5834708956571651,
      0.6064337883463029
    ],
    "test_r2": [
      0.27791676223811257,
      0.17422857000553893,
      0.168317028761943,
      0.2708455740742236,
      0.34368732866552976
    ],
    "test_rmse": [
      -8.158460134213477,
      -9.228209511350242,
      -8.28007819575439,
      -9.127257778055615,
      -7.87237368219928
    ],
    "test_mae": [
      -5.745623637029082,
      -6.307073127453266,
      -6.18113449438897,
      -6.327827204647325,
      -6.042898270756534
    ]
  },
  "13": {
    "fit_time": [
      14.313844919204712,
      14.285238027572632,
      14.389132976531982,
      14.315698146820068,
      14.426695823669434
    ],
    "score_time": [
      0.1446070671081543,
      0.15152192115783691,
      0.14565205574035645,
      0.1433429718017578,
      0.16791510581970215
    ],
    "test_r": [
      0.5415938823448602,
      0.5205182857194427,
      0.5990242556687059,
      0.4951789884327036,
      0.5556388673950505
    ],
    "test_r2": [
      0.20568305991966518,
      0.21137707864691002,
      0.3565616769341504,
      0.22723788489468566,
      0.24126867829679355
    ],
    "test_rmse": [
      -9.2759080783046,
      -8.573028659107496,
      -7.187653958557896,
      -8.37468773450607,
      -8.891882677778192
    ],
    "test_mae": [
      -6.814878071603788,
      -5.872605885948025,
      -5.713404746827517,
      -6.03006249814284,
      -6.082743027072022
    ]
  },
  "42": {
    "fit_time": [
      14.119609832763672,
      14.20022702217102,
      14.085187196731567,
      14.158384799957275,
      14.5349760055542
    ],
    "score_time": [
      0.16396117210388184,
      0.15457415580749512,
      0.167618989944458,
      0.15208697319030762,
      0.14977717399597168
    ],
    "test_r": [
      0.5756238051845407,
      0.5788512635747094,
      0.47524036894057725,
      0.3749957958373915,
      0.5043076396827135
    ],
    "test_r2": [
      0.2943943627720136,
      0.3254992898532775,
      0.1805858697086189,
      0.10115480863693627,
      0.2011723963226213
    ],
    "test_rmse": [
      -8.069454423678236,
      -6.762851640879021,
      -10.188407184634704,
      -8.610686137910704,
      -9.625890091758263
    ],
    "test_mae": [
      -5.933964923172167,
      -5.285188787931268,
      -6.704679840009277,
      -6.3895043084043746,
      -7.030081051433391
    ]
  },
  "69": {
    "fit_time": [
      14.019378185272217,
      14.31654977798462,
      13.941333055496216,
      14.099341869354248,
      14.029595136642456
    ],
    "score_time": [
      0.17366409301757812,
      0.14652490615844727,
      0.1966562271118164,
      0.14664816856384277,
      0.1653897762298584
    ],
    "test_r": [
      0.4835810880133204,
      0.5870438944758192,
      0.5782099840434647,
      0.5744685667552477,
      0.4907595593466233
    ],
    "test_r2": [
      0.22140147174720437,
      0.306370326038102,
      0.27617749245266043,
      0.3185964926981425,
      0.17221885372570422
    ],
    "test_rmse": [
      -7.814494041520365,
      -8.538850001262425,
      -7.652978439076411,
      -8.749238640816445,
      -9.450292346744243
    ],
    "test_mae": [
      -5.895083197816384,
      -5.75634162632304,
      -5.504260009952221,
      -6.376474046304029,
      -7.133721472397219
    ]
  },
  "420": {
    "fit_time": [
      14.169471025466919,
      14.464530944824219,
      14.545983791351318,
      14.592193126678467,
      14.706167697906494
    ],
    "score_time": [
      0.15663480758666992,
      0.18452715873718262,
      0.13811898231506348,
      0.19246315956115723,
      0.13796615600585938
    ],
    "test_r": [
      0.4999987180414748,
      0.44698725646350246,
      0.5611666728369819,
      0.5775099837387518,
      0.5521016334027564
    ],
    "test_r2": [
      0.17209037729157073,
      0.17624841072353759,
      0.27929844424280026,
      0.3162619037032999,
      0.25495511508236035
    ],
    "test_rmse": [
      -8.775342817537485,
      -8.490997327537098,
      -8.06344394946702,
      -7.835075392809412,
      -9.6048342162802
    ],
    "test_mae": [
      -6.608585474965379,
      -5.978650156028315,
      -5.745847245322777,
      -5.598138678460827,
      -6.78113048651334
    ]
  },
  "1234567890": {
    "fit_time": [
      14.181620836257935,
      13.961169242858887,
      13.998365879058838,
      14.187433958053589,
      14.085086822509766
    ],
    "score_time": [
      0.13130807876586914,
      0.17614483833312988,
      0.18225908279418945,
      0.1651771068572998,
      0.13868117332458496
    ],
    "test_r": [
      0.5620310522204142,
      0.5987985232781166,
      0.563845066430263,
      0.4948398198328378,
      0.5209760270353104
    ],
    "test_r2": [
      0.2730386705235981,
      0.3544893157733551,
      0.2507328997772851,
      0.2433129115091448,
      0.2191936089237213
    ],
    "test_rmse": [
      -7.326951853385516,
      -8.766789783181688,
      -10.079218013406969,
      -8.119082915218831,
      -7.274978644797858
    ],
    "test_mae": [
      -5.558975009647439,
      -6.153026526962336,
      -7.284653428788384,
      -5.966784409252815,
      -5.272247027509557
    ]
  },
  "473129": {
    "fit_time": [
      14.0297269821167,
      14.178218126296997,
      14.121922016143799,
      14.108585119247437,
      14.058224201202393
    ],
    "score_time": [
      0.17761731147766113,
      0.13687801361083984,
      0.15285301208496094,
      0.1557140350341797,
      0.17035794258117676
    ],
    "test_r": [
      0.6229759249428757,
      0.544949428822463,
      0.4170949431785326,
      0.508103985291219,
      0.5537881691047565
    ],
    "test_r2": [
      0.3316697910355243,
      0.2645968129581697,
      0.1376942377534648,
      0.19451670497336537,
      0.30002761674534006
    ],
    "test_rmse": [
      -8.267094079809404,
      -7.732434048899985,
      -10.159083324246982,
      -8.75725154960508,
      -7.578854763358121
    ],
    "test_mae": [
      -5.952937820181461,
      -6.012365305160343,
      -7.099611014058737,
      -6.16398173930705,
      -5.798669247523899
    ]
  },
  "r_avg": 0.5315621783176324,
  "r_stdev": 0.057887611126391326,
  "r_stderr": 0.021879460433149575,
  "r2_avg": 0.24693776649741053,
  "r2_stdev": 0.064198132527878,
  "r2_stderr": 0.024264613329075934,
  "rmse_avg": -8.493260458218563,
  "rmse_stdev": 0.8501177482654603,
  "rmse_stderr": 0.32131430671894556,
  "mae_avg": -6.14580439420844,
  "mae_stdev": 0.5121402105221584,
  "mae_stderr": 0.19357080477684227
}