{
  "6": {
    "fit_time": [
      1.3421931266784668,
      1.3387389183044434,
      1.3231639862060547,
      1.3473379611968994,
      1.3426036834716797
    ],
    "score_time": [
      0.012312889099121094,
      0.011828899383544922,
      0.01067495346069336,
      0.011393070220947266,
      0.011889219284057617
    ],
    "test_r": [
      0.5553577632388859,
      0.4683625448639055,
      0.4783615928963315,
      0.6760239179219841,
      0.5807399051027128
    ],
    "test_r2": [
      0.1810987808834552,
      0.20190194930468885,
      0.07365708104154456,
      0.42731642455191554,
      0.31245172879768324
    ],
    "test_rmse": [
      -8.68821026457428,
      -9.072263265277298,
      -8.738591269925461,
      -8.088871235599717,
      -8.057529484969526
    ],
    "test_mae": [
      -6.293648559025356,
      -6.478380678721836,
      -6.555884812899998,
      -5.806395863713445,
      -5.893301384728235
    ]
  },
  "13": {
    "fit_time": [
      1.3052799701690674,
      1.3217921257019043,
      1.320040225982666,
      1.312150001525879,
      1.3227319717407227
    ],
    "score_time": [
      0.010305166244506836,
      0.012829065322875977,
      0.011642932891845703,
      0.01107931137084961,
      0.011641979217529297
    ],
    "test_r": [
      0.5834906443550545,
      0.5216316898934095,
      0.5941681865979409,
      0.48213599343478486,
      0.5497920136521508
    ],
    "test_r2": [
      0.27282065186735127,
      0.20789615483222423,
      0.3112898808789115,
      0.18547976075916284,
      0.2513405646036039
    ],
    "test_rmse": [
      -8.875243806465953,
      -8.591928187085806,
      -7.436214873161774,
      -8.597984371524708,
      -8.832667227775936
    ],
    "test_mae": [
      -6.376708414213998,
      -6.082098896844046,
      -5.697160282816205,
      -6.257817128499349,
      -6.066088653426986
    ]
  },
  "42": {
    "fit_time": [
      1.2928228378295898,
      1.2910940647125244,
      1.2850050926208496,
      1.2868540287017822,
      1.284811019897461
    ],
    "score_time": [
      0.01375126838684082,
      0.01168513298034668,
      0.013133764266967773,
      0.012691020965576172,
      0.013122081756591797
    ],
    "test_r": [
      0.6363130219579326,
      0.6591799915467466,
      0.5437956125420447,
      0.40867411488117383,
      0.5760543987509679
    ],
    "test_r2": [
      0.3677957573000775,
      0.3872664478350435,
      0.24906705814590924,
      0.006292882425529167,
      0.29689990845944636
    ],
    "test_rmse": [
      -7.63821458590561,
      -6.445765263698754,
      -9.753380048406111,
      -9.053666856633336,
      -9.030731789673428
    ],
    "test_mae": [
      -5.302687837736948,
      -5.333287081037249,
      -6.952834228788103,
      -6.498720778731613,
      -6.466212813918657
    ]
  },
  "69": {
    "fit_time": [
      1.3148138523101807,
      1.2989630699157715,
      1.2928729057312012,
      1.2909822463989258,
      1.292456865310669
    ],
    "score_time": [
      0.01034402847290039,
      0.010818004608154297,
      0.01059722900390625,
      0.010589838027954102,
      0.012136220932006836
    ],
    "test_r": [
      0.5196678741403646,
      0.541483399033113,
      0.5573392126127081,
      0.5751220228118685,
      0.5923296212250478
    ],
    "test_r2": [
      0.23569226802870236,
      0.26170070855970784,
      0.2579639639633987,
      0.29053120646437913,
      0.2962439538368279
    ],
    "test_rmse": [
      -7.742446296537423,
      -8.809510513652576,
      -7.748666089290193,
      -8.9276001078173,
      -8.71361862447114
    ],
    "test_mae": [
      -5.794486500876291,
      -6.081897296905518,
      -5.870735440935407,
      -6.503262975194433,
      -6.609070871713999
    ]
  },
  "420": {
    "fit_time": [
      1.3174331188201904,
      1.3108859062194824,
      1.2923259735107422,
      1.3119759559631348,
      1.2963719367980957
    ],
    "score_time": [
      0.010947704315185547,
      0.010055780410766602,
      0.011164188385009766,
      0.01027679443359375,
      0.010297775268554688
    ],
    "test_r": [
      0.5173253009811016,
      0.4390960307834826,
      0.5772992567490095,
      0.6684024220031269,
      0.540945312306099
    ],
    "test_r2": [
      0.16018561561304723,
      0.11162288792372055,
      0.30010421146819743,
      0.4225247626165344,
      0.24302134910300188
    ],
    "test_rmse": [
      -8.838209278160605,
      -8.817779853231544,
      -7.94620073276354,
      -7.200538446763413,
      -9.681451408376386
    ],
    "test_mae": [
      -6.637125789097377,
      -6.188002986907959,
      -5.793336434364319,
      -5.364656377568976,
      -6.685437182177296
    ]
  },
  "1234567890": {
    "fit_time": [
      1.3114819526672363,
      1.2965281009674072,
      1.305670976638794,
      1.311370849609375,
      1.3122279644012451
    ],
    "score_time": [
      0.011462926864624023,
      0.011120796203613281,
      0.010406017303466797,
      0.011884212493896484,
      0.011816978454589844
    ],
    "test_r": [
      0.5508935462075069,
      0.6182588773160611,
      0.5596095030533346,
      0.6457591930952792,
      0.6287051788698016
    ],
    "test_r2": [
      0.20205791635750892,
      0.36468656998219007,
      0.2539970724922982,
      0.41309966997482783,
      0.3280486896753787
    ],
    "test_rmse": [
      -7.676325260126151,
      -8.697268814167659,
      -10.057239056151031,
      -7.1504107738397,
      -6.748837102717401
    ],
    "test_mae": [
      -5.7556106485639305,
      -6.362207913398742,
      -6.974424564497811,
      -5.087517415639517,
      -4.925016786042635
    ]
  },
  "473129": {
    "fit_time": [
      1.296325922012329,
      1.3033299446105957,
      1.300675868988037,
      1.2985970973968506,
      1.3045549392700195
    ],
    "score_time": [
      0.010213136672973633,
      0.012201070785522461,
      0.010380983352661133,
      0.010005950927734375,
      0.011497974395751953
    ],
    "test_r": [
      0.6421092338635921,
      0.5646785815870384,
      0.5320449466136546,
      0.5572104909797706,
      0.5166115403768374
    ],
    "test_r2": [
      0.3596840622734737,
      0.24644133220447428,
      0.24594697751746442,
      0.24949596392173234,
      0.23388225298548238
    ],
    "test_rmse": [
      -8.091974207505316,
      -7.8273004689672305,
      -9.500026589317807,
      -8.453101270087872,
      -7.928862621460386
    ],
    "test_mae": [
      -5.698862831933157,
      -5.9515855605261665,
      -6.937927609852381,
      -6.206975287360113,
      -5.668954695967941
    ]
  },
  "r_avg": 0.5616849410355664,
  "r_stdev": 0.06196898521694887,
  "r_stderr": 0.023422074840440673,
  "r2_avg": 0.26312875618996845,
  "r2_stdev": 0.09199343664831194,
  "r2_stderr": 0.034770250803086954,
  "rmse_avg": -8.384532287030927,
  "rmse_stdev": 0.8261411618245487,
  "rmse_stderr": 0.31225200886024623,
  "mae_avg": -6.090237788132171,
  "mae_stdev": 0.5156144053809745,
  "mae_stderr": 0.19488392700578605
}