Datatype,R_mean,R_std,RMSE_mean,RMSE_std,num_of_data
SMILES,0.2525867077346592,0.037576020888399016,0.12142777668278253,0.01622897051430125,447
