Datatype,R_mean,R_std,RMSE_mean,RMSE_std,num_of_data
FINGERPRINT,0.809430240732538,0.05914046031753879,2.7292982500485534,0.23982614809021668,456
