Datatype,R_mean,R_std,RMSE_mean,RMSE_std,num_of_data
SMILES,0.6563354398225923,0.05093256097167732,0.13704075275446284,0.007441541376848033,447
