Datatype,R_mean,R_std,RMSE_mean,RMSE_std,num_of_data
FINGERPRINT,0.4206020741228804,0.1934998906913161,2.280155570707288,0.6132065235359277,127
