Datatype,R_mean,R_std,RMSE_mean,RMSE_std,num_of_data
SMILES,0.6268484516173877,0.060966533086275934,2.4217868695645413,0.10609238878234754,555
BigSMILES,0.6329045370848548,0.05979010100749566,2.408899118030267,0.10830024316331116,555
SELFIES,0.6200702435632441,0.0739071648797191,2.431748668544189,0.14147431851246076,555
AUG_SMILES,0.5066528629046824,0.10262936516108993,2.683709785635026,0.1515535999180224,555
BRICS,0.6692657593845117,0.0468973993311565,2.3111136639701755,0.08295859910566707,555
MANUAL,0.6568692897298226,0.08404487157351588,2.3192449474359016,0.19849667838008223,555
AUG_MANUAL,0.6406376658420632,0.07915776328847464,2.418526633634682,0.22174422385654927,555
FINGERPRINT,0.7176751009091179,0.05444196687457379,2.1470942126205124,0.173629826988539,555
