Datatype,R_mean,R_std,RMSE_mean,RMSE_std,num_of_data
FINGERPRINT,0.4194578191836215,0.18116042288031386,2.2832996172340736,0.5888768190964051,127
