Datatype,R_mean,R_std,RMSE_mean,RMSE_std,num_of_data
FINGERPRINT,0.31638197552916925,0.13616119909296695,2.4654235755796647,0.38168020106864886,102
