Datatype,R_mean,R_std,RMSE_mean,RMSE_std,num_of_data
FINGERPRINT,0.7378696679355059,0.032132133681751586,2.1227681021350833,0.1085960703445996,456
