Datatype,R_mean,R_std,RMSE_mean,RMSE_std,num_of_data
FINGERPRINT,0.3385832221443469,0.12862656797177288,2.4266670474986194,0.43502945285903444,102
