Datatype,R_mean,R_std,RMSE_mean,RMSE_std,num_of_data
FINGERPRINT,0.7144101115897894,0.054284847472447974,2.1570414526859487,0.17293783130551615,555
