Datatype,R_mean,R_std,RMSE_mean,RMSE_std,num_of_data
FINGERPRINT,0.5715176955124581,0.05750618311511588,2.5548235393130447,0.12570157970619159,456
