Datatype,R_mean,R_std,RMSE_mean,RMSE_std,num_of_data
FINGERPRINT,0.3820631030345595,0.3437104668410022,2.3607931977253314,0.5850695237386051,102
