Datatype,R_mean,R_std,RMSE_mean,RMSE_std,num_of_data
SMILES,0.5532754829251472,0.026372827231206823,0.1692675656027987,0.010490016964374103,447
