Datatype,R_mean,R_std,RMSE_mean,RMSE_std,num_of_data
FINGERPRINT,0.713671879146739,0.05486764354315316,2.159005919472057,0.173640359249416,555
