Datatype,R_mean,R_std,RMSE_mean,RMSE_std,num_of_data
FINGERPRINT,0.38683109794834064,0.33549675345004104,2.357470321516266,0.5796422391805839,102
