Datatype,R_mean,R_std,RMSE_mean,RMSE_std,num_of_data
FINGERPRINT,0.48033824148472687,0.09213058799202621,2.6359472241749353,0.19072570032353553,170
