Datatype,R_mean,R_std,RMSE_mean,RMSE_std,num_of_data
FINGERPRINT,0.4133426877749448,0.19450474182524996,2.2761619723601725,0.5420983121501979,127
