Datatype,R_mean,R_std,RMSE_mean,RMSE_std,num_of_data
FINGERPRINT,0.4108379910492023,0.19692614174195588,2.280876204416973,0.5416726365428651,127
