Datatype,R_mean,R_std,RMSE_mean,RMSE_std,num_of_data
FINGERPRINT,0.7325301559697298,0.03914597387147024,0.07707801368245312,0.0074082689556611795,456
