Datatype,R_mean,R_std,RMSE_mean,RMSE_std,num_of_data
SMILES,0.665851829161984,0.04813323432925051,0.06366522103670581,0.008076947200281922,447
