fold,r,r2,rmse,mae
1.0,0.5712359260814125,0.1808347451475243,2.394381101002427,1.873277029400473
2.0,0.6653070629924802,0.4284030162290893,2.5496451745703475,1.8712702438624595
3.0,0.5280001308152116,0.2236165034598192,2.623353237781901,1.9411585069550121
4.0,0.6304932286556383,0.38765343760575943,2.4342106116315487,1.8246486574955083
5.0,0.6412875297825622,0.37257559782155336,2.387122576999111,1.8598931906039216
