{
  "6": {
    "fit_time": [
      1.8669703006744385,
      2.070354461669922,
      2.6496927738189697,
      2.241687774658203,
      0.9857163429260254
    ],
    "score_time": [
      0.03583073616027832,
      0.03557157516479492,
      0.027924060821533203,
      0.031554222106933594,
      0.025547027587890625
    ],
    "test_r": [
      0.5765205691152447,
      0.5865483002131883,
      0.5871493625099724,
      0.5321659233335442,
      0.45194842125876067
    ],
    "test_r2": [
      0.3298924871744858,
      0.3357389359935674,
      0.2703973683906956,
      0.27309405699932154,
      0.20078069901085382
    ],
    "test_rmse": [
      -0.08477382351133043,
      -0.08028726563166719,
      -0.07647569974397803,
      -0.09997602185605947,
      -0.07492770798865246
    ],
    "test_mae": [
      -0.06444929142793895,
      -0.05703448168574992,
      -0.054241631156030326,
      -0.07171106466517659,
      -0.06201161098218265
    ],
    "best_params": {
      "check_inverse": true,
      "func": null,
      "inverse_func": null,
      "regressor__activation": "tanh",
      "regressor__alpha": 1.7742655472558837e-05,
      "regressor__batch_size": "auto",
      "regressor__beta_1": 0.9,
      "regressor__beta_2": 0.999,
      "regressor__early_stopping": true,
      "regressor__epsilon": 1e-08,
      "regressor__learning_rate": "constant",
      "regressor__learning_rate_init": 0.002380132749147483,
      "regressor__max_fun": 15000,
      "regressor__max_iter": 200,
      "regressor__momentum": 0.9,
      "regressor__n_iter_no_change": 10,
      "regressor__n_layers": 4,
      "regressor__n_neurons": 62,
      "regressor__nesterovs_momentum": true,
      "regressor__power_t": 0.5,
      "regressor__random_state": null,
      "regressor__shuffle": true,
      "regressor__solver": "adam",
      "regressor__tol": 0.0001,
      "regressor__validation_fraction": 0.1,
      "regressor__verbose": false,
      "regressor__warm_start": false,
      "transformer__memory": null,
      "transformer__verbose": false,
      "transformer__MinMax__clip": false,
      "transformer__MinMax__copy": true,
      "transformer__Standard__copy": true,
      "transformer__Standard__with_mean": true,
      "transformer__Standard__with_std": true,
      "transformer__MinMax NN__clip": false,
      "transformer__MinMax NN__copy": true
    }
  },
  "13": {
    "fit_time": [
      0.6384296417236328,
      1.2408294677734375,
      0.6954512596130371,
      0.9526605606079102,
      0.4470038414001465
    ],
    "score_time": [
      0.03712320327758789,
      0.02555561065673828,
      0.0356900691986084,
      0.032438039779663086,
      0.0283358097076416
    ],
    "test_r": [
      0.4787444971145176,
      0.5444765717160414,
      0.5662205983664511,
      0.5622152773772522,
      0.4886264784530004
    ],
    "test_r2": [
      0.20873993462012652,
      0.21473588140130428,
      0.30736488435726705,
      0.29567841217973256,
      0.16388284799368424
    ],
    "test_rmse": [
      -0.0798560296909883,
      -0.09377283884260386,
      -0.0738951773179597,
      -0.08843733276471683,
      -0.09718575305330489
    ],
    "test_mae": [
      -0.06392688160268437,
      -0.06862943196443197,
      -0.05789884389150292,
      -0.060100323004599915,
      -0.0694532136188017
    ],
    "best_params": {
      "check_inverse": true,
      "func": null,
      "inverse_func": null,
      "regressor__activation": "relu",
      "regressor__alpha": 1.886219063252119e-05,
      "regressor__batch_size": "auto",
      "regressor__beta_1": 0.9,
      "regressor__beta_2": 0.999,
      "regressor__early_stopping": true,
      "regressor__epsilon": 1e-08,
      "regressor__learning_rate": "adaptive",
      "regressor__learning_rate_init": 0.0030640670392774417,
      "regressor__max_fun": 15000,
      "regressor__max_iter": 200,
      "regressor__momentum": 0.9,
      "regressor__n_iter_no_change": 10,
      "regressor__n_layers": 5,
      "regressor__n_neurons": 38,
      "regressor__nesterovs_momentum": true,
      "regressor__power_t": 0.5,
      "regressor__random_state": null,
      "regressor__shuffle": true,
      "regressor__solver": "adam",
      "regressor__tol": 0.0001,
      "regressor__validation_fraction": 0.1,
      "regressor__verbose": false,
      "regressor__warm_start": false,
      "transformer__memory": null,
      "transformer__verbose": false,
      "transformer__MinMax__clip": false,
      "transformer__MinMax__copy": true,
      "transformer__Standard__copy": true,
      "transformer__Standard__with_mean": true,
      "transformer__Standard__with_std": true,
      "transformer__MinMax NN__clip": false,
      "transformer__MinMax NN__copy": true
    }
  },
  "42": {
    "fit_time": [
      1.5305390357971191,
      3.1859617233276367,
      0.8978273868560791,
      2.6405012607574463,
      1.4348342418670654
    ],
    "score_time": [
      0.039780616760253906,
      0.026479721069335938,
      0.03910374641418457,
      0.02959442138671875,
      0.03464198112487793
    ],
    "test_r": [
      0.6724808591078666,
      0.6602890207537464,
      0.5354544129306165,
      0.6416818783291673,
      0.6734147191903033
    ],
    "test_r2": [
      0.41559711195549265,
      0.40318301153476144,
      0.26198526426343105,
      0.38102313937035204,
      0.4391365786819147
    ],
    "test_rmse": [
      -0.06629339736970837,
      -0.08056620947671127,
      -0.094773465877964,
      -0.07445061205224525,
      -0.07279470642162254
    ],
    "test_mae": [
      -0.0515742845266788,
      -0.06126494160463894,
      -0.0665032318807888,
      -0.056555616835238166,
      -0.05487624976967125
    ],
    "best_params": {
      "check_inverse": true,
      "func": null,
      "inverse_func": null,
      "regressor__activation": "relu",
      "regressor__alpha": 0.000355409275324941,
      "regressor__batch_size": "auto",
      "regressor__beta_1": 0.9,
      "regressor__beta_2": 0.999,
      "regressor__early_stopping": true,
      "regressor__epsilon": 1e-08,
      "regressor__learning_rate": "invscaling",
      "regressor__learning_rate_init": 0.001531931515055945,
      "regressor__max_fun": 15000,
      "regressor__max_iter": 200,
      "regressor__momentum": 0.9,
      "regressor__n_iter_no_change": 10,
      "regressor__n_layers": 4,
      "regressor__n_neurons": 65,
      "regressor__nesterovs_momentum": true,
      "regressor__power_t": 0.5,
      "regressor__random_state": null,
      "regressor__shuffle": true,
      "regressor__solver": "adam",
      "regressor__tol": 0.0001,
      "regressor__validation_fraction": 0.1,
      "regressor__verbose": false,
      "regressor__warm_start": false,
      "transformer__memory": null,
      "transformer__verbose": false,
      "transformer__MinMax__clip": false,
      "transformer__MinMax__copy": true,
      "transformer__Standard__copy": true,
      "transformer__Standard__with_mean": true,
      "transformer__Standard__with_std": true,
      "transformer__MinMax NN__clip": false,
      "transformer__MinMax NN__copy": true
    }
  },
  "69": {
    "fit_time": [
      1.8534278869628906,
      1.629298448562622,
      1.8962814807891846,
      0.8806025981903076,
      1.7868826389312744
    ],
    "score_time": [
      0.03722405433654785,
      0.04299354553222656,
      0.03136038780212402,
      0.04031991958618164,
      0.028043508529663086
    ],
    "test_r": [
      0.5941232772358931,
      0.6086585095761949,
      0.5760222842443948,
      0.5584920718081609,
      0.6312533725583811
    ],
    "test_r2": [
      0.3221033139642885,
      0.33174043606462267,
      0.2694810514612266,
      0.216315055001437,
      0.376839006383339
    ],
    "test_rmse": [
      -0.08417224579982223,
      -0.08063075487711628,
      -0.08743422684836948,
      -0.09090932513554481,
      -0.07178571745321789
    ],