fold,r,r2,rmse,mae
1.0,0.5040532502755247,0.24125396890578,2.960501464213387,2.2451713572309084
2.0,0.3953838081131899,0.0263171087615528,2.6593819710631523,2.0699211146245453
3.0,0.49840594683532097,0.2414188874199299,2.815764862341819,2.1930904302727274
4.0,0.5853434350859946,0.3070351274042432,2.4451520508589697,1.881721538605051
5.0,0.5738133498432034,0.3252344245554676,2.495624095354742,1.9101704805969704
