fold,r,r2,rmse,mae
1.0,0.688347155391466,0.47280774566602246,2.2570728185209266,1.6085607643638338
2.0,0.49265682275406975,0.16693083098326056,2.723648193167228,1.978793575678553
3.0,0.6571050012203252,0.4296949690995566,2.61170503771703,1.9769560251579628
4.0,0.7495401382054699,0.5605910262660885,1.8934319294218822,1.4396578245764378
5.0,0.6794029775971696,0.44869896065482084,2.207100253062607,1.6138764390859517
