fold,r,r2,rmse,mae
1.0,0.5787908173836247,0.32545118217003943,2.6441545560611277,1.8388461875915523
2.0,0.5774387358197106,0.3038100463406386,2.298971084106712,1.7259523848799976
3.0,0.6188216006092511,0.375166176193759,2.7102106148876826,2.0498615284653394
4.0,0.7198013519304766,0.49441781007697305,2.0847355008761608,1.6445783702747243
5.0,0.6729396761459083,0.45033637114383296,2.2639991853196184,1.6814900133631252
