Dataset,num_of_folds,Features,Targets,Model,r_mean,r_std,r2_mean,r2_std,rmse_mean,rmse_std,mae_mean,mae_std,num_of_data
OPV_Min,5,DA_SELFIES,calc_PCE_percent,XGBoost,0.5643920556149157,0.07364022960543633,0.28937469807419713,0.09994612319964105,2.573338414671058,0.28712569435946844,1.9147611092271717,0.23788204563501866,553
