fold,r,r2,rmse,mae
1.0,0.6066954653346458,0.3600091414265508,2.57553247046464,1.9115499791219461
2.0,0.6749801716475771,0.4116168191850025,2.113487860986931,1.6389177315409553
3.0,0.7217474759689416,0.4803008739583241,2.4717057602419037,1.8167034389315435
4.0,0.6433012869498294,0.4089037751559993,2.254157054666634,1.7512311292375446
5.0,0.7424692789169764,0.5479849268530543,2.053072210040138,1.5901726742852194
