Dataset,num_of_folds,Features,Targets,Model,r_mean,r_std,r2_mean,r2_std,rmse_mean,rmse_std,mae_mean,mae_std,num_of_data
OPV_Min,5,DA_mordred,calc_PCE_percent,SVM,0.6034865101327657,0.042531336882323946,0.3473232228562605,0.04499232422422572,2.4679954055606026,0.1746088090088967,1.9211050777249312,0.10435033322232276,553
